ISO-10303-21;
HEADER;
FILE_DESCRIPTION(('Open CASCADE Model'),'2;1');
FILE_NAME('Open CASCADE Shape Model','2026-08-27T22:53:03',('Author'),(
    'Open CASCADE'),'Open CASCADE STEP processor 7.9','Open CASCADE 7.9'
  ,'Unknown');
FILE_SCHEMA(('AUTOMOTIVE_DESIGN { 1 0 10303 214 1 1 1 1 }'));
ENDSEC;
DATA;
#1 = APPLICATION_PROTOCOL_DEFINITION('international standard',
  'automotive_design',2000,#2);
#2 = APPLICATION_CONTEXT(
  'core data for automotive mechanical design processes');
#3 = SHAPE_DEFINITION_REPRESENTATION(#4,#10);
#4 = PRODUCT_DEFINITION_SHAPE('','',#5);
#5 = PRODUCT_DEFINITION('design','',#6,#9);
#6 = PRODUCT_DEFINITION_FORMATION('','',#7);
#7 = PRODUCT('Open CASCADE STEP translator 7.9 1',
  'Open CASCADE STEP translator 7.9 1','',(#8));
#8 = PRODUCT_CONTEXT('',#2,'mechanical');
#9 = PRODUCT_DEFINITION_CONTEXT('part definition',#2,'design');
#10 = ADVANCED_BREP_SHAPE_REPRESENTATION('',(#11,#15),#1626);
#11 = AXIS2_PLACEMENT_3D('',#12,#13,#14);
#12 = CARTESIAN_POINT('',(0.,0.,0.));
#13 = DIRECTION('',(0.,0.,1.));
#14 = DIRECTION('',(1.,0.,-0.));
#15 = MANIFOLD_SOLID_BREP('',#16);
#16 = CLOSED_SHELL('',(#17,#582,#884,#1333,#1338,#1443,#1492,#1565,#1592
    ,#1619));
#17 = ADVANCED_FACE('',(#18),#76,.F.);
#18 = FACE_BOUND('',#19,.F.);
#19 = EDGE_LOOP('',(#20,#280,#445,#561));
#20 = ORIENTED_EDGE('',*,*,#21,.T.);
#21 = EDGE_CURVE('',#22,#24,#26,.T.);
#22 = VERTEX_POINT('',#23);
#23 = CARTESIAN_POINT('',(70.,0.,-1.163152258676E-15));
#24 = VERTEX_POINT('',#25);
#25 = CARTESIAN_POINT('',(0.,0.,0.));
#26 = SURFACE_CURVE('',#27,(#75,#224),.PCURVE_S1.);
#27 = B_SPLINE_CURVE_WITH_KNOTS('',3,(#28,#29,#30,#31,#32,#33,#34,#35,
    #36,#37,#38,#39,#40,#41,#42,#43,#44,#45,#46,#47,#48,#49,#50,#51,#52,
    #53,#54,#55,#56,#57,#58,#59,#60,#61,#62,#63,#64,#65,#66,#67,#68,#69,
    #70,#71,#72,#73,#74),.UNSPECIFIED.,.F.,.F.,(4,1,1,1,1,1,1,1,1,1,1,1,
    1,1,1,1,1,1,1,1,1,1,1,1,1,1,1,1,1,1,1,1,1,1,1,1,1,1,1,1,1,1,1,1,4),(
    0.,1.254956588655E-03,5.013258042861E-03,1.125524629923E-02,
    1.994831234723E-02,3.104712176402E-02,4.449391904138E-02,
    6.021890099618E-02,7.814064890659E-02,9.816660946618E-02,
    0.120193616026,0.144108443623,0.169788393653,0.19710190642,
    0.225909201994,0.256062951565,0.287408982857,0.319787023978,
    0.353031490349,0.386972319074,0.421435854087,0.456245783643,
    0.491224129199,0.526192281396,0.560972075084,0.595436158676,
    0.629586848814,0.663028746494,0.695594486647,0.727122299999,
    0.757457075469,0.786451400201,0.81396659126,0.839873754231,
    0.864054935332,0.886404482466,0.906830812748,0.925258934134,
    0.941634364655,0.955929713143,0.968156548194,0.978388219222,
    0.986805462839,0.993782843249,1.),.UNSPECIFIED.);
#28 = CARTESIAN_POINT('',(70.,0.,-1.163152258676E-15));
#29 = CARTESIAN_POINT('',(69.970562413364,0.,6.292622550817E-03));
#30 = CARTESIAN_POINT('',(69.852961392458,0.,3.140797387568E-02));
#31 = CARTESIAN_POINT('',(69.588893355164,0.,8.759551346569E-02));
#32 = CARTESIAN_POINT('',(69.150174902096,0.,0.180259264655));
#33 = CARTESIAN_POINT('',(68.538895797054,0.,0.307956630618));
#34 = CARTESIAN_POINT('',(67.75797604284,0.,0.468727151141));
#35 = CARTESIAN_POINT('',(66.811159399909,0.,0.660146998158));
#36 = CARTESIAN_POINT('',(65.703004008018,0.,0.879392802784));
#37 = CARTESIAN_POINT('',(64.43886951024,0.,1.123310860247));
#38 = CARTESIAN_POINT('',(63.024900122443,0.,1.388487622008));
#39 = CARTESIAN_POINT('',(61.468003198372,0.,1.671317583268));
#40 = CARTESIAN_POINT('',(59.775822999367,0.,1.968065200302));
#41 = CARTESIAN_POINT('',(57.95670956517,0.,2.274918275883));
#42 = CARTESIAN_POINT('',(56.019682774231,0.,2.588031263645));
#43 = CARTESIAN_POINT('',(53.974391853538,0.,2.903558068289));
#44 = CARTESIAN_POINT('',(51.831070729478,0.,3.217675075483));
#45 = CARTESIAN_POINT('',(49.6004896857,0.,3.526596149954));
#46 = CARTESIAN_POINT('',(47.293903815522,0.,3.826582407155));
#47 = CARTESIAN_POINT('',(44.922998687646,0.,4.113949373031));
#48 = CARTESIAN_POINT('',(42.499833652671,0.,4.385077473133));
#49 = CARTESIAN_POINT('',(40.036782713428,0.,4.636419860331));
#50 = CARTESIAN_POINT('',(37.546474224107,0.,4.864546440324));
#51 = CARTESIAN_POINT('',(35.041724982292,0.,5.066089971254));
#52 = CARTESIAN_POINT('',(32.535485267964,0.,5.238108216773));
#53 = CARTESIAN_POINT('',(30.039552568869,0.,5.37701176932));
#54 = CARTESIAN_POINT('',(27.561596276583,0.,5.483073972855));
#55 = CARTESIAN_POINT('',(25.114097270748,0.,5.541767833527));
#56 = CARTESIAN_POINT('',(22.711433060655,0.,5.549498277437));
#57 = CARTESIAN_POINT('',(20.372056129126,0.,5.506231291654));
#58 = CARTESIAN_POINT('',(18.108745716404,0.,5.412163564669));
#59 = CARTESIAN_POINT('',(15.933873373571,0.,5.268455728395));
#60 = CARTESIAN_POINT('',(13.859302620153,0.,5.077015567336));
#61 = CARTESIAN_POINT('',(11.89629274733,0.,4.840527436813));
#62 = CARTESIAN_POINT('',(10.05540708645,0.,4.562383927071));
#63 = CARTESIAN_POINT('',(8.34642760686,0.,4.246607026958));
#64 = CARTESIAN_POINT('',(6.778276426836,0.,3.897734832926));
#65 = CARTESIAN_POINT('',(5.358940618778,0.,3.520690913609));
#66 = CARTESIAN_POINT('',(4.095399004706,0.,3.120604931387));
#67 = CARTESIAN_POINT('',(2.99352061651,0.,2.702682453504));
#68 = CARTESIAN_POINT('',(2.057958986453,0.,2.271779739204));
#69 = CARTESIAN_POINT('',(1.29184440499,0.,1.832579038854));
#70 = CARTESIAN_POINT('',(0.696768229588,0.,1.387121955606));
#71 = CARTESIAN_POINT('',(0.272305998031,0.,0.93763587761));
#72 = CARTESIAN_POINT('',(2.269432840369E-02,0.,0.469895332869));
#73 = CARTESIAN_POINT('',(-1.603127355084E-02,0.,0.154326918711));
#74 = CARTESIAN_POINT('',(0.,0.,0.));
#75 = PCURVE('',#76,#218);
#76 = B_SPLINE_SURFACE_WITH_KNOTS('',3,2,(
    (#77,#78,#79)
    ,(#80,#81,#82)
    ,(#83,#84,#85)
    ,(#86,#87,#88)
    ,(#89,#90,#91)
    ,(#92,#93,#94)
    ,(#95,#96,#97)
    ,(#98,#99,#100)
    ,(#101,#102,#103)
    ,(#104,#105,#106)
    ,(#107,#108,#109)
    ,(#110,#111,#112)
    ,(#113,#114,#115)
    ,(#116,#117,#118)
    ,(#119,#120,#121)
    ,(#122,#123,#124)
    ,(#125,#126,#127)
    ,(#128,#129,#130)
    ,(#131,#132,#133)
    ,(#134,#135,#136)
    ,(#137,#138,#139)
    ,(#140,#141,#142)
    ,(#143,#144,#145)
    ,(#146,#147,#148)
    ,(#149,#150,#151)
    ,(#152,#153,#154)
    ,(#155,#156,#157)
    ,(#158,#159,#160)
    ,(#161,#162,#163)
    ,(#164,#165,#166)
    ,(#167,#168,#169)
    ,(#170,#171,#172)
    ,(#173,#174,#175)
    ,(#176,#177,#178)
    ,(#179,#180,#181)
    ,(#182,#183,#184)
    ,(#185,#186,#187)
    ,(#188,#189,#190)
    ,(#191,#192,#193)
    ,(#194,#195,#196)
    ,(#197,#198,#199)
    ,(#200,#201,#202)
    ,(#203,#204,#205)
    ,(#206,#207,#208)
    ,(#209,#210,#211)
    ,(#212,#213,#214)
    ,(#215,#216,#217
    )),.UNSPECIFIED.,.F.,.F.,.F.,(4,1,1,1,1,1,1,1,1,1,1,1,1,1,1,1,1,1,1,
    1,1,1,1,1,1,1,1,1,1,1,1,1,1,1,1,1,1,1,1,1,1,1,1,1,4),(3,3),(0.,
    1.254956588655E-03,5.013258042861E-03,1.125524629923E-02,
    1.994831234723E-02,3.104712176402E-02,4.449391904138E-02,
    6.021890099618E-02,7.814064890659E-02,9.816660946618E-02,
    0.120193616026,0.144108443623,0.169788393653,0.19710190642,
    0.225909201994,0.256062951565,0.287408982857,0.319787023978,
    0.353031490349,0.386972319074,0.421435854087,0.456245783643,
    0.491224129199,0.526192281396,0.560972075084,0.595436158676,
    0.629586848814,0.663028746494,0.695594486647,0.727122299999,
    0.757457075469,0.786451400201,0.81396659126,0.839873754231,
    0.864054935332,0.886404482466,0.906830812748,0.925258934134,
    0.941634364655,0.955929713143,0.968156548194,0.978388219222,
    0.986805462839,0.993782843249,1.),(0.,1.),.UNSPECIFIED.);
#77 = CARTESIAN_POINT('',(70.,0.,-1.163152258676E-15));
#78 = CARTESIAN_POINT('',(80.309997780075,65.,-8.308230419112E-16));
#79 = CARTESIAN_POINT('',(90.61999556015,130.,-4.984938251467E-16));
#80 = CARTESIAN_POINT('',(69.970562413364,0.,6.292622550817E-03));
#81 = CARTESIAN_POINT('',(80.288970932478,65.,4.494730393441E-03));
#82 = CARTESIAN_POINT('',(90.607379451592,130.,2.696838236065E-03));
#83 = CARTESIAN_POINT('',(69.852961392458,0.,3.140797387568E-02));
#84 = CARTESIAN_POINT('',(80.20497020326,65.,2.243426705406E-02));
#85 = CARTESIAN_POINT('',(90.556979014061,130.,1.346056023244E-02));
#86 = CARTESIAN_POINT('',(69.588893355164,0.,8.759551346569E-02));
#87 = CARTESIAN_POINT('',(80.016350176621,65.,6.256822390406E-02));
#88 = CARTESIAN_POINT('',(90.443806998077,130.,3.754093434244E-02));
#89 = CARTESIAN_POINT('',(69.150174902096,0.,0.180259264655));
#90 = CARTESIAN_POINT('',(79.702979853,65.,0.12875661761));
#91 = CARTESIAN_POINT('',(90.255784803905,130.,7.725397056629E-02));
#92 = CARTESIAN_POINT('',(68.538895797054,0.,0.307956630618));
#93 = CARTESIAN_POINT('',(79.266351920828,65.,0.21996902187));
#94 = CARTESIAN_POINT('',(89.993808044601,130.,0.131981413122));
#95 = CARTESIAN_POINT('',(67.75797604284,0.,0.468727151141));
#96 = CARTESIAN_POINT('',(78.708552096389,65.,0.334805107958));
#97 = CARTESIAN_POINT('',(89.659128149939,130.,0.200883064775));
#98 = CARTESIAN_POINT('',(66.811159399909,0.,0.660146998158));
#99 = CARTESIAN_POINT('',(78.032254494296,65.,0.471533570113));
#100 = CARTESIAN_POINT('',(89.253349588682,130.,0.282920142068));
#101 = CARTESIAN_POINT('',(65.703004008018,0.,0.879392802784));
#102 = CARTESIAN_POINT('',(77.240714928659,65.,0.628137716274));
#103 = CARTESIAN_POINT('',(88.7784258493,130.,0.376882629764));
#104 = CARTESIAN_POINT('',(64.43886951024,0.,1.123310860247));
#105 = CARTESIAN_POINT('',(76.337761715961,65.,0.802364900176));
#106 = CARTESIAN_POINT('',(88.236653921681,130.,0.481418940106));
#107 = CARTESIAN_POINT('',(63.024900122443,0.,1.388487622008));
#108 = CARTESIAN_POINT('',(75.32778358182,65.,0.991776872863));
#109 = CARTESIAN_POINT('',(87.630667041197,130.,0.595066123718));
#110 = CARTESIAN_POINT('',(61.468003198372,0.,1.671317583268));
#111 = CARTESIAN_POINT('',(74.215714350341,65.,1.193798273763));
#112 = CARTESIAN_POINT('',(86.963425502309,130.,0.716278964258));
#113 = CARTESIAN_POINT('',(59.775822999367,0.,1.968065200302));
#114 = CARTESIAN_POINT('',(73.007014208194,65.,1.405760857359));
#115 = CARTESIAN_POINT('',(86.238205417021,130.,0.843456514415));
#116 = CARTESIAN_POINT('',(57.95670956517,0.,2.274918275883));
#117 = CARTESIAN_POINT('',(71.707647469482,65.,1.62494162563));
#118 = CARTESIAN_POINT('',(85.458585373794,130.,0.974964975378));
#119 = CARTESIAN_POINT('',(56.019682774231,0.,2.588031263645));
#120 = CARTESIAN_POINT('',(70.324056904525,65.,1.848593759747));
#121 = CARTESIAN_POINT('',(84.62843103482,130.,1.109156255848));
#122 = CARTESIAN_POINT('',(53.974391853538,0.,2.903558068289));
#123 = CARTESIAN_POINT('',(68.863134818316,65.,2.073970048778));
#124 = CARTESIAN_POINT('',(83.751877783095,130.,1.244382029267));
#125 = CARTESIAN_POINT('',(51.831070729478,0.,3.217675075483));
#126 = CARTESIAN_POINT('',(67.332191158273,65.,2.298339339631));
#127 = CARTESIAN_POINT('',(82.833311587069,130.,1.379003603778));
#128 = CARTESIAN_POINT('',(49.6004896857,0.,3.526596149954));
#129 = CARTESIAN_POINT('',(65.738918984146,65.,2.518997249967));
#130 = CARTESIAN_POINT('',(81.877348282593,130.,1.51139834998));
#131 = CARTESIAN_POINT('',(47.293903815522,0.,3.826582407155));
#132 = CARTESIAN_POINT('',(64.091357648305,65.,2.733273147968));
#133 = CARTESIAN_POINT('',(80.888811481088,130.,1.639963888781));
#134 = CARTESIAN_POINT('',(44.922998687646,0.,4.113949373031));
#135 = CARTESIAN_POINT('',(62.397853985536,65.,2.938535266451));
#136 = CARTESIAN_POINT('',(79.872709283427,130.,1.76312115987));
#137 = CARTESIAN_POINT('',(42.499833652671,0.,4.385077473133));
#138 = CARTESIAN_POINT('',(60.667021817697,65.,3.132198195095));
#139 = CARTESIAN_POINT('',(78.834209982723,130.,1.879318917057));
#140 = CARTESIAN_POINT('',(40.036782713428,0.,4.636419860331));
#141 = CARTESIAN_POINT('',(58.907699718237,65.,3.311728471665));
#142 = CARTESIAN_POINT('',(77.778616723047,130.,1.987037082999));
#143 = CARTESIAN_POINT('',(37.546474224107,0.,4.864546440324));
#144 = CARTESIAN_POINT('',(57.128907940151,65.,3.474676028803));
#145 = CARTESIAN_POINT('',(76.711341656195,130.,2.084805617282));
#146 = CARTESIAN_POINT('',(35.041724982292,0.,5.066089971254));
#147 = CARTESIAN_POINT('',(55.339801338855,65.,3.618635693753));
#148 = CARTESIAN_POINT('',(75.637877695418,130.,2.171181416252));
#149 = CARTESIAN_POINT('',(32.535485267964,0.,5.238108216773));
#150 = CARTESIAN_POINT('',(53.549630114335,65.,3.741505869124));
#151 = CARTESIAN_POINT('',(74.563774960706,130.,2.244903521474));
#152 = CARTESIAN_POINT('',(30.039552568869,0.,5.37701176932));
#153 = CARTESIAN_POINT('',(51.766821043553,65.,3.840722692372));
#154 = CARTESIAN_POINT('',(73.494089518236,130.,2.304433615423));
#155 = CARTESIAN_POINT('',(27.561596276583,0.,5.483073972855));
#156 = CARTESIAN_POINT('',(49.996852263349,65.,3.916481409182));
#157 = CARTESIAN_POINT('',(72.432108250114,130.,2.349888845509));
#158 = CARTESIAN_POINT('',(25.114097270748,0.,5.541767833527));
#159 = CARTESIAN_POINT('',(48.248638687752,65.,3.958405595376));
#160 = CARTESIAN_POINT('',(71.383180104756,130.,2.375043357226));
#161 = CARTESIAN_POINT('',(22.711433060655,0.,5.549498277437));
#162 = CARTESIAN_POINT('',(46.532449966257,65.,3.963927341027));
#163 = CARTESIAN_POINT('',(70.353466871859,130.,2.378356404616));
#164 = CARTESIAN_POINT('',(20.372056129126,0.,5.506231291654));
#165 = CARTESIAN_POINT('',(44.861466443736,65.,3.933022351182));
#166 = CARTESIAN_POINT('',(69.350876758347,130.,2.359813410709));
#167 = CARTESIAN_POINT('',(18.108745716404,0.,5.412163564669));
#168 = CARTESIAN_POINT('',(43.244816148935,65.,3.865831117621));
#169 = CARTESIAN_POINT('',(68.380886581466,130.,2.319498670572));
#170 = CARTESIAN_POINT('',(15.933873373571,0.,5.268455728395));
#171 = CARTESIAN_POINT('',(41.691335904054,65.,3.763182663139));
#172 = CARTESIAN_POINT('',(67.448798434537,130.,2.257909597884));
#173 = CARTESIAN_POINT('',(13.859302620153,0.,5.077015567336));
#174 = CARTESIAN_POINT('',(40.209499651613,65.,3.626439690954));
#175 = CARTESIAN_POINT('',(66.559696683073,130.,2.175863814573));
#176 = CARTESIAN_POINT('',(11.89629274733,0.,4.840527436813));
#177 = CARTESIAN_POINT('',(38.807349742453,65.,3.457519597723));
#178 = CARTESIAN_POINT('',(65.718406737577,130.,2.074511758634));
#179 = CARTESIAN_POINT('',(10.05540708645,0.,4.562383927071));
#180 = CARTESIAN_POINT('',(37.492431413253,65.,3.258845662194));
#181 = CARTESIAN_POINT('',(64.929455740057,130.,1.955307397316));
#182 = CARTESIAN_POINT('',(8.34642760686,0.,4.246607026958));
#183 = CARTESIAN_POINT('',(36.271731784975,65.,3.033290733541));
#184 = CARTESIAN_POINT('',(64.19703596309,130.,1.819974440125));
#185 = CARTESIAN_POINT('',(6.778276426836,0.,3.897734832926));
#186 = CARTESIAN_POINT('',(35.151623799244,65.,2.784096309233));
#187 = CARTESIAN_POINT('',(63.524971171651,130.,1.67045778554));
#188 = CARTESIAN_POINT('',(5.358940618778,0.,3.520690913609));
#189 = CARTESIAN_POINT('',(34.137812507774,65.,2.514779224007));
#190 = CARTESIAN_POINT('',(62.916684396769,130.,1.508867534404));
#191 = CARTESIAN_POINT('',(4.095399004706,0.,3.120604931387));
#192 = CARTESIAN_POINT('',(33.235282783437,65.,2.229003522419));
#193 = CARTESIAN_POINT('',(62.375166562167,130.,1.337402113451));
#194 = CARTESIAN_POINT('',(2.99352061651,0.,2.702682453504));
#195 = CARTESIAN_POINT('',(32.448226791867,65.,1.930487466789));
#196 = CARTESIAN_POINT('',(61.902932967225,130.,1.158292480073));
#197 = CARTESIAN_POINT('',(2.057958986453,0.,2.271779739204));
#198 = CARTESIAN_POINT('',(31.779968484684,65.,1.622699813717));
#199 = CARTESIAN_POINT('',(61.501977982915,130.,0.97361988823));
#200 = CARTESIAN_POINT('',(1.29184440499,0.,1.832579038854));
#201 = CARTESIAN_POINT('',(31.23274378364,65.,1.308985027753));
#202 = CARTESIAN_POINT('',(61.173643162289,130.,0.785391016652));
#203 = CARTESIAN_POINT('',(0.696768229588,0.,1.387121955606));
#204 = CARTESIAN_POINT('',(30.807689372638,65.,0.990801396862));
#205 = CARTESIAN_POINT('',(60.918610515688,130.,0.594480838117));
#206 = CARTESIAN_POINT('',(0.272305998031,0.,0.93763587761));
#207 = CARTESIAN_POINT('',(30.504502064383,65.,0.669739912578));
#208 = CARTESIAN_POINT('',(60.736698130735,130.,0.401843947547));
#209 = CARTESIAN_POINT('',(2.269432840369E-02,0.,0.469895332869));
#210 = CARTESIAN_POINT('',(30.326208014649,65.,0.335639523478));
#211 = CARTESIAN_POINT('',(60.629721700894,130.,0.201383714087));
#212 = CARTESIAN_POINT('',(-1.603127355084E-02,-0.,0.154326918711));
#213 = CARTESIAN_POINT('',(30.298546870396,65.,0.110233513365));
#214 = CARTESIAN_POINT('',(60.613125014342,130.,6.614010801914E-02));
#215 = CARTESIAN_POINT('',(0.,0.,0.));
#216 = CARTESIAN_POINT('',(30.309997780075,65.,0.));
#217 = CARTESIAN_POINT('',(60.61999556015,130.,0.));
#218 = DEFINITIONAL_REPRESENTATION('',(#219),#223);
#219 = LINE('',#220,#221);
#220 = CARTESIAN_POINT('',(0.,0.));
#221 = VECTOR('',#222,1.);
#222 = DIRECTION('',(1.,0.));
#223 = ( GEOMETRIC_REPRESENTATION_CONTEXT(2) 
PARAMETRIC_REPRESENTATION_CONTEXT() REPRESENTATION_CONTEXT('2D SPACE',''
  ) );
#224 = PCURVE('',#225,#230);
#225 = PLANE('',#226);
#226 = AXIS2_PLACEMENT_3D('',#227,#228,#229);
#227 = CARTESIAN_POINT('',(70.,0.,-1.163152258676E-15));
#228 = DIRECTION('',(0.,1.,0.));
#229 = DIRECTION('',(-1.,0.,1.661646083822E-17));
#230 = DEFINITIONAL_REPRESENTATION('',(#231),#279);
#231 = B_SPLINE_CURVE_WITH_KNOTS('',3,(#232,#233,#234,#235,#236,#237,
    #238,#239,#240,#241,#242,#243,#244,#245,#246,#247,#248,#249,#250,
    #251,#252,#253,#254,#255,#256,#257,#258,#259,#260,#261,#262,#263,
    #264,#265,#266,#267,#268,#269,#270,#271,#272,#273,#274,#275,#276,
    #277,#278),.UNSPECIFIED.,.F.,.F.,(4,1,1,1,1,1,1,1,1,1,1,1,1,1,1,1,1,
    1,1,1,1,1,1,1,1,1,1,1,1,1,1,1,1,1,1,1,1,1,1,1,1,1,1,1,4),(0.,
    1.254956588655E-03,5.013258042861E-03,1.125524629923E-02,
    1.994831234723E-02,3.104712176402E-02,4.449391904138E-02,
    6.021890099618E-02,7.814064890659E-02,9.816660946618E-02,
    0.120193616026,0.144108443623,0.169788393653,0.19710190642,
    0.225909201994,0.256062951565,0.287408982857,0.319787023978,
    0.353031490349,0.386972319074,0.421435854087,0.456245783643,
    0.491224129199,0.526192281396,0.560972075084,0.595436158676,
    0.629586848814,0.663028746494,0.695594486647,0.727122299999,
    0.757457075469,0.786451400201,0.81396659126,0.839873754231,
    0.864054935332,0.886404482466,0.906830812748,0.925258934134,
    0.941634364655,0.955929713143,0.968156548194,0.978388219222,
    0.986805462839,0.993782843249,1.),.UNSPECIFIED.);
#232 = CARTESIAN_POINT('',(0.,0.));
#233 = CARTESIAN_POINT('',(2.943758663594E-02,6.292622550819E-03));
#234 = CARTESIAN_POINT('',(0.147038607542,3.140797387568E-02));
#235 = CARTESIAN_POINT('',(0.411106644836,8.759551346569E-02));
#236 = CARTESIAN_POINT('',(0.849825097904,0.180259264655));
#237 = CARTESIAN_POINT('',(1.461104202946,0.307956630618));
#238 = CARTESIAN_POINT('',(2.24202395716,0.468727151141));
#239 = CARTESIAN_POINT('',(3.188840600091,0.660146998158));
#240 = CARTESIAN_POINT('',(4.296995991982,0.879392802784));
#241 = CARTESIAN_POINT('',(5.56113048976,1.123310860247));
#242 = CARTESIAN_POINT('',(6.975099877557,1.388487622008));
#243 = CARTESIAN_POINT('',(8.531996801628,1.671317583268));
#244 = CARTESIAN_POINT('',(10.224177000633,1.968065200302));
#245 = CARTESIAN_POINT('',(12.04329043483,2.274918275883));
#246 = CARTESIAN_POINT('',(13.980317225769,2.588031263645));
#247 = CARTESIAN_POINT('',(16.025608146462,2.903558068289));
#248 = CARTESIAN_POINT('',(18.168929270522,3.217675075483));
#249 = CARTESIAN_POINT('',(20.3995103143,3.526596149954));
#250 = CARTESIAN_POINT('',(22.706096184478,3.826582407155));
#251 = CARTESIAN_POINT('',(25.077001312354,4.113949373031));
#252 = CARTESIAN_POINT('',(27.500166347329,4.385077473133));
#253 = CARTESIAN_POINT('',(29.963217286572,4.636419860331));
#254 = CARTESIAN_POINT('',(32.453525775893,4.864546440324));
#255 = CARTESIAN_POINT('',(34.958275017708,5.066089971254));
#256 = CARTESIAN_POINT('',(37.464514732036,5.238108216773));
#257 = CARTESIAN_POINT('',(39.960447431131,5.37701176932));
#258 = CARTESIAN_POINT('',(42.438403723417,5.483073972855));
#259 = CARTESIAN_POINT('',(44.885902729252,5.541767833527));
#260 = CARTESIAN_POINT('',(47.288566939345,5.549498277437));
#261 = CARTESIAN_POINT('',(49.627943870874,5.506231291654));
#262 = CARTESIAN_POINT('',(51.891254283596,5.412163564669));
#263 = CARTESIAN_POINT('',(54.066126626429,5.268455728395));
#264 = CARTESIAN_POINT('',(56.140697379847,5.077015567336));
#265 = CARTESIAN_POINT('',(58.10370725267,4.840527436813));
#266 = CARTESIAN_POINT('',(59.94459291355,4.562383927071));
#267 = CARTESIAN_POINT('',(61.65357239314,4.246607026958));
#268 = CARTESIAN_POINT('',(63.221723573164,3.897734832926));
#269 = CARTESIAN_POINT('',(64.641059381222,3.520690913609));
#270 = CARTESIAN_POINT('',(65.904600995294,3.120604931387));
#271 = CARTESIAN_POINT('',(67.00647938349,2.702682453504));
#272 = CARTESIAN_POINT('',(67.942041013547,2.271779739204));
#273 = CARTESIAN_POINT('',(68.70815559501,1.832579038854));
#274 = CARTESIAN_POINT('',(69.303231770412,1.387121955606));
#275 = CARTESIAN_POINT('',(69.727694001969,0.93763587761));
#276 = CARTESIAN_POINT('',(69.977305671596,0.469895332869));
#277 = CARTESIAN_POINT('',(70.016031273551,0.154326918711));
#278 = CARTESIAN_POINT('',(70.,0.));
#279 = ( GEOMETRIC_REPRESENTATION_CONTEXT(2) 
PARAMETRIC_REPRESENTATION_CONTEXT() REPRESENTATION_CONTEXT('2D SPACE',''
  ) );
#280 = ORIENTED_EDGE('',*,*,#281,.T.);
#281 = EDGE_CURVE('',#24,#282,#284,.T.);
#282 = VERTEX_POINT('',#283);
#283 = CARTESIAN_POINT('',(60.61999556015,130.,0.));
#284 = SURFACE_CURVE('',#285,(#289,#296),.PCURVE_S1.);
#285 = B_SPLINE_CURVE_WITH_KNOTS('',2,(#286,#287,#288),.UNSPECIFIED.,.F.
  ,.F.,(3,3),(0.,1.),.PIECEWISE_BEZIER_KNOTS.);
#286 = CARTESIAN_POINT('',(0.,0.,0.));
#287 = CARTESIAN_POINT('',(30.309997780075,65.,0.));
#288 = CARTESIAN_POINT('',(60.61999556015,130.,0.));
#289 = PCURVE('',#76,#290);
#290 = DEFINITIONAL_REPRESENTATION('',(#291),#295);
#291 = LINE('',#292,#293);
#292 = CARTESIAN_POINT('',(1.,0.));
#293 = VECTOR('',#294,1.);
#294 = DIRECTION('',(0.,1.));
#295 = ( GEOMETRIC_REPRESENTATION_CONTEXT(2) 
PARAMETRIC_REPRESENTATION_CONTEXT() REPRESENTATION_CONTEXT('2D SPACE',''
  ) );
#296 = PCURVE('',#297,#439);
#297 = B_SPLINE_SURFACE_WITH_KNOTS('',3,2,(
    (#298,#299,#300)
    ,(#301,#302,#303)
    ,(#304,#305,#306)
    ,(#307,#308,#309)
    ,(#310,#311,#312)
    ,(#313,#314,#315)
    ,(#316,#317,#318)
    ,(#319,#320,#321)
    ,(#322,#323,#324)
    ,(#325,#326,#327)
    ,(#328,#329,#330)
    ,(#331,#332,#333)
    ,(#334,#335,#336)
    ,(#337,#338,#339)
    ,(#340,#341,#342)
    ,(#343,#344,#345)
    ,(#346,#347,#348)
    ,(#349,#350,#351)
    ,(#352,#353,#354)
    ,(#355,#356,#357)
    ,(#358,#359,#360)
    ,(#361,#362,#363)
    ,(#364,#365,#366)
    ,(#367,#368,#369)
    ,(#370,#371,#372)
    ,(#373,#374,#375)
    ,(#376,#377,#378)
    ,(#379,#380,#381)
    ,(#382,#383,#384)
    ,(#385,#386,#387)
    ,(#388,#389,#390)
    ,(#391,#392,#393)
    ,(#394,#395,#396)
    ,(#397,#398,#399)
    ,(#400,#401,#402)
    ,(#403,#404,#405)
    ,(#406,#407,#408)
    ,(#409,#410,#411)
    ,(#412,#413,#414)
    ,(#415,#416,#417)
    ,(#418,#419,#420)
    ,(#421,#422,#423)
    ,(#424,#425,#426)
    ,(#427,#428,#429)
    ,(#430,#431,#432)
    ,(#433,#434,#435)
    ,(#436,#437,#438
    )),.UNSPECIFIED.,.F.,.F.,.F.,(4,1,1,1,1,1,1,1,1,1,1,1,1,1,1,1,1,1,1,
    1,1,1,1,1,1,1,1,1,1,1,1,1,1,1,1,1,1,1,1,1,1,1,1,1,4),(3,3),(1.,
    1.006306272119,1.013374840337,1.021878472168,1.032180969574,
    1.044452099658,1.058755159554,1.075093119796,1.093431814394,
    1.113712075531,1.13585648416,1.159773361275,1.185359262256,
    1.212500620141,1.241074892928,1.270951425024,1.301992155141,
    1.334052256939,1.36698076855,1.400621245402,1.435038952021,
    1.469885112111,1.504935691107,1.540014560117,1.574944533616,
    1.609548394557,1.643649903707,1.677074783173,1.709651667609,
    1.74121301989,1.771596010901,1.800643365189,1.828204175673,
    1.854134691185,1.878299080448,1.900570175159,1.920830193118,
    1.93897144,1.954896985468,1.968521306216,1.979770885524,
    1.988584756409,1.994914973922,1.998727001814,2.),(0.,1.),
  .UNSPECIFIED.);
#298 = CARTESIAN_POINT('',(0.,0.,0.));
#299 = CARTESIAN_POINT('',(30.309997780075,65.,0.));
#300 = CARTESIAN_POINT('',(60.61999556015,130.,0.));
#301 = CARTESIAN_POINT('',(1.493403238416E-02,0.,-0.154371627608));
#302 = CARTESIAN_POINT('',(30.320664946064,65.,-0.110265448291));
#303 = CARTESIAN_POINT('',(60.626395859743,130.,-6.615926897476E-02));
#304 = CARTESIAN_POINT('',(0.115098205847,0.,-0.455826733376));
#305 = CARTESIAN_POINT('',(30.392210784251,65.,-0.32559052384));
#306 = CARTESIAN_POINT('',(60.669323362656,130.,-0.195354314304));
#307 = CARTESIAN_POINT('',(0.450112593306,0.,-0.865066108194));
#308 = CARTESIAN_POINT('',(30.631506775293,65.,-0.617904362996));
#309 = CARTESIAN_POINT('',(60.812900957281,130.,-0.370742617797));
#310 = CARTESIAN_POINT('',(0.949779966747,0.,-1.223888152442));
#311 = CARTESIAN_POINT('',(30.988412042037,65.,-0.874205823173));
#312 = CARTESIAN_POINT('',(61.027044117327,130.,-0.524523493904));
#313 = CARTESIAN_POINT('',(1.6118882884,0.,-1.548514682247));
#314 = CARTESIAN_POINT('',(31.461346557503,65.,-1.10608191589));
#315 = CARTESIAN_POINT('',(61.310804826607,130.,-0.663649149534));
#316 = CARTESIAN_POINT('',(2.435440345684,0.,-1.839008249463));
#317 = CARTESIAN_POINT('',(32.049598026992,65.,-1.313577321045));
#318 = CARTESIAN_POINT('',(61.6637557083,130.,-0.788146392627));
#319 = CARTESIAN_POINT('',(3.417843736274,0.,-2.096488886987));
#320 = CARTESIAN_POINT('',(32.751314734556,65.,-1.497492062134));
#321 = CARTESIAN_POINT('',(62.084785732839,130.,-0.89849523728));
#322 = CARTESIAN_POINT('',(4.554779742372,0.,-2.320289671435));
#323 = CARTESIAN_POINT('',(33.563411881769,65.,-1.65734976531));
#324 = CARTESIAN_POINT('',(62.572044021166,130.,-0.994409859186));
#325 = CARTESIAN_POINT('',(5.840757539497,0.,-2.510217141616));
#326 = CARTESIAN_POINT('',(34.481967451144,65.,-1.793012244011));
#327 = CARTESIAN_POINT('',(63.123177362792,130.,-1.075807346407));
#328 = CARTESIAN_POINT('',(7.269381026195,0.,-2.66623764007));
#329 = CARTESIAN_POINT('',(35.502412798785,65.,-1.904455457193));
#330 = CARTESIAN_POINT('',(63.735444571376,130.,-1.142673274316));
#331 = CARTESIAN_POINT('',(8.83353801119,0.,-2.788759599027));
#332 = CARTESIAN_POINT('',(36.619667788068,65.,-1.991971142162));
#333 = CARTESIAN_POINT('',(64.405797564946,130.,-1.195182685297));
#334 = CARTESIAN_POINT('',(10.52550825699,0.,-2.87863322949));
#335 = CARTESIAN_POINT('',(37.828217963639,65.,-2.056166592493));
#336 = CARTESIAN_POINT('',(65.130927670288,130.,-1.233699955496));
#337 = CARTESIAN_POINT('',(12.337039260854,0.,-2.937198027128));
#338 = CARTESIAN_POINT('',(39.122168680685,65.,-2.097998590806));
#339 = CARTESIAN_POINT('',(65.907298100516,130.,-1.258799154484));
#340 = CARTESIAN_POINT('',(14.259398780794,0.,-2.966283665234));
#341 = CARTESIAN_POINT('',(40.495282623499,65.,-2.118774046596));
#342 = CARTESIAN_POINT('',(66.731166466204,130.,-1.271264427958));
#343 = CARTESIAN_POINT('',(16.283413614804,0.,-2.968192882475));
#344 = CARTESIAN_POINT('',(41.941007504935,65.,-2.120137773196));
#345 = CARTESIAN_POINT('',(67.598601395066,130.,-1.272082663918));
#346 = CARTESIAN_POINT('',(18.399498899046,0.,-2.945662472947));
#347 = CARTESIAN_POINT('',(43.452496993679,65.,-2.104044623534));
#348 = CARTESIAN_POINT('',(68.505495088312,130.,-1.26242677412));
#349 = CARTESIAN_POINT('',(20.597680853768,0.,-2.901784447325));
#350 = CARTESIAN_POINT('',(45.022626961338,65.,-2.072703176661));
#351 = CARTESIAN_POINT('',(69.447573068907,130.,-1.243621905996));
#352 = CARTESIAN_POINT('',(22.867618575184,0.,-2.839976327623));
#353 = CARTESIAN_POINT('',(46.644011048064,65.,-2.028554519731));
#354 = CARTESIAN_POINT('',(70.420403520943,130.,-1.217132711838));
#355 = CARTESIAN_POINT('',(25.198617085881,0.,-2.763664276834));
#356 = CARTESIAN_POINT('',(48.309009984276,65.,-1.974045912024));
#357 = CARTESIAN_POINT('',(71.41940288267,130.,-1.184427547214));
#358 = CARTESIAN_POINT('',(27.585027328757,0.,-2.676815790028));
#359 = CARTESIAN_POINT('',(50.013588729187,65.,-1.912011278592));
#360 = CARTESIAN_POINT('',(72.442150129617,130.,-1.147206767155));
#361 = CARTESIAN_POINT('',(30.016481872554,0.,-2.580893189715));
#362 = CARTESIAN_POINT('',(51.750341974756,65.,-1.843495135511));
#363 = CARTESIAN_POINT('',(73.484202076959,130.,-1.106097081307));
#364 = CARTESIAN_POINT('',(32.480538884146,0.,-2.466856131139));
#365 = CARTESIAN_POINT('',(53.510382697322,65.,-1.762040093671));
#366 = CARTESIAN_POINT('',(74.540226510498,130.,-1.057224056203));
#367 = CARTESIAN_POINT('',(34.959644330532,0.,-2.340596188121));
#368 = CARTESIAN_POINT('',(55.281172301883,65.,-1.671854420086));
#369 = CARTESIAN_POINT('',(75.602700273235,130.,-1.003112652052));
#370 = CARTESIAN_POINT('',(37.440200184542,0.,-2.204252711969));
#371 = CARTESIAN_POINT('',(57.052997911891,65.,-1.574466222835));
#372 = CARTESIAN_POINT('',(76.665795639239,130.,-0.944679733701));
#373 = CARTESIAN_POINT('',(39.909764662348,0.,-2.060686227632));
#374 = CARTESIAN_POINT('',(58.816972538895,65.,-1.471918734023));
#375 = CARTESIAN_POINT('',(77.724180415442,130.,-0.883151240414));
#376 = CARTESIAN_POINT('',(42.355888533109,0.,-1.912276743957));
#377 = CARTESIAN_POINT('',(60.564203875153,65.,-1.365911959969));
#378 = CARTESIAN_POINT('',(78.772519217197,130.,-0.819547175981));
#379 = CARTESIAN_POINT('',(44.766190382341,0.,-1.761219937012));
#380 = CARTESIAN_POINT('',(62.285848053176,65.,-1.258014240723));
#381 = CARTESIAN_POINT('',(79.80550572401,130.,-0.754808544434));
#382 = CARTESIAN_POINT('',(47.128417845756,0.,-1.609430575983));
#383 = CARTESIAN_POINT('',(63.973153384187,65.,-1.149593268559));
#384 = CARTESIAN_POINT('',(80.817888922617,130.,-0.689755961135));
#385 = CARTESIAN_POINT('',(49.430513176287,0.,-1.458572865689));
#386 = CARTESIAN_POINT('',(65.617507191709,65.,-1.041837761206));
#387 = CARTESIAN_POINT('',(81.80450120713,130.,-0.625102656724));
#388 = CARTESIAN_POINT('',(51.660677367957,0.,-1.310076424279));
#389 = CARTESIAN_POINT('',(67.21048161433,65.,-0.935768874485));
#390 = CARTESIAN_POINT('',(82.760285860703,130.,-0.561461324691));
#391 = CARTESIAN_POINT('',(53.807433608796,0.,-1.165170815044));
#392 = CARTESIAN_POINT('',(68.743878929215,65.,-0.832264867888));
#393 = CARTESIAN_POINT('',(83.680324249634,130.,-0.499358920733));
#394 = CARTESIAN_POINT('',(55.85968928762,0.,-1.024924823031));
#395 = CARTESIAN_POINT('',(70.209775842661,65.,-0.732089159308));
#396 = CARTESIAN_POINT('',(84.559862397701,130.,-0.439253495585));
#397 = CARTESIAN_POINT('',(57.806796365166,0.,-0.890288513875));
#398 = CARTESIAN_POINT('',(71.600566612336,65.,-0.635920367053));
#399 = CARTESIAN_POINT('',(85.394336859507,130.,-0.381552220232));
#400 = CARTESIAN_POINT('',(59.638609921489,0.,-0.762133160003));
#401 = CARTESIAN_POINT('',(72.909004866853,65.,-0.544380828573));
#402 = CARTESIAN_POINT('',(86.179399812217,130.,-0.326628497144));
#403 = CARTESIAN_POINT('',(61.345544791447,0.,-0.64128544855));
#404 = CARTESIAN_POINT('',(74.12824405968,65.,-0.458061034679));
#405 = CARTESIAN_POINT('',(86.910943327913,130.,-0.274836620807));
#406 = CARTESIAN_POINT('',(62.918630206809,0.,-0.528553000713));
#407 = CARTESIAN_POINT('',(75.251876499225,65.,-0.377537857652));
#408 = CARTESIAN_POINT('',(87.58512279164,130.,-0.226522714591));
#409 = CARTESIAN_POINT('',(64.34956232256,0.,-0.424739315164));
#410 = CARTESIAN_POINT('',(76.273970867618,65.,-0.303385225117));
#411 = CARTESIAN_POINT('',(88.198379412676,130.,-0.18203113507));
#412 = CARTESIAN_POINT('',(65.630754412489,0.,-0.330647380138));
#413 = CARTESIAN_POINT('',(77.18910807471,65.,-0.236176700099));
#414 = CARTESIAN_POINT('',(88.747461736931,130.,-0.141706020059));
#415 = CARTESIAN_POINT('',(66.755384393873,0.,-0.247072355625));
#416 = CARTESIAN_POINT('',(77.99241520427,65.,-0.176480254018));
#417 = CARTESIAN_POINT('',(89.229446014667,130.,-0.105888152411));
#418 = CARTESIAN_POINT('',(67.717439202841,0.,-0.174784786602));
#419 = CARTESIAN_POINT('',(78.679597210675,65.,-0.124846276144));
#420 = CARTESIAN_POINT('',(89.64175521851,130.,-7.490776568639E-02));
#421 = CARTESIAN_POINT('',(68.511755413734,0.,-0.114506683588));
#422 = CARTESIAN_POINT('',(79.246965932742,65.,-8.17904882768E-02));
#423 = CARTESIAN_POINT('',(89.98217645175,130.,-4.907429296608E-02));
#424 = CARTESIAN_POINT('',(69.134055399076,0.,-6.688342535841E-02));
#425 = CARTESIAN_POINT('',(79.691465922272,65.,-4.7773875256E-02));
#426 = CARTESIAN_POINT('',(90.248876445468,130.,-2.86643251536E-02));
#427 = CARTESIAN_POINT('',(69.580978278853,0.,-3.245474898384E-02));
#428 = CARTESIAN_POINT('',(80.010696550684,65.,-2.318196355988E-02));
#429 = CARTESIAN_POINT('',(90.440414822515,130.,-1.390917813593E-02));
#430 = CARTESIAN_POINT('',(69.85010492132,0.,-1.162808309903E-02));
#431 = CARTESIAN_POINT('',(80.202929866732,65.,-8.305773642167E-03));
#432 = CARTESIAN_POINT('',(90.555754812144,130.,-4.9834641853E-03));
#433 = CARTESIAN_POINT('',(69.969988219237,-0.,-2.32924480964E-03));
#434 = CARTESIAN_POINT('',(80.288560793815,65.,-1.6637462926E-03));
#435 = CARTESIAN_POINT('',(90.607133368394,130.,-9.9824777556E-04));
#436 = CARTESIAN_POINT('',(70.,0.,-1.163152258676E-15));
#437 = CARTESIAN_POINT('',(80.309997780075,65.,-8.308230419112E-16));
#438 = CARTESIAN_POINT('',(90.61999556015,130.,-4.984938251467E-16));
#439 = DEFINITIONAL_REPRESENTATION('',(#440),#444);
#440 = LINE('',#441,#442);
#441 = CARTESIAN_POINT('',(1.,0.));
#442 = VECTOR('',#443,1.);
#443 = DIRECTION('',(0.,1.));
#444 = ( GEOMETRIC_REPRESENTATION_CONTEXT(2) 
PARAMETRIC_REPRESENTATION_CONTEXT() REPRESENTATION_CONTEXT('2D SPACE',''
  ) );
#445 = ORIENTED_EDGE('',*,*,#446,.F.);
#446 = EDGE_CURVE('',#447,#282,#449,.T.);
#447 = VERTEX_POINT('',#448);
#448 = CARTESIAN_POINT('',(90.61999556015,130.,-4.984938251467E-16));
#449 = SURFACE_CURVE('',#450,(#498,#505),.PCURVE_S1.);
#450 = B_SPLINE_CURVE_WITH_KNOTS('',3,(#451,#452,#453,#454,#455,#456,
    #457,#458,#459,#460,#461,#462,#463,#464,#465,#466,#467,#468,#469,
    #470,#471,#472,#473,#474,#475,#476,#477,#478,#479,#480,#481,#482,
    #483,#484,#485,#486,#487,#488,#489,#490,#491,#492,#493,#494,#495,
    #496,#497),.UNSPECIFIED.,.F.,.F.,(4,1,1,1,1,1,1,1,1,1,1,1,1,1,1,1,1,
    1,1,1,1,1,1,1,1,1,1,1,1,1,1,1,1,1,1,1,1,1,1,1,1,1,1,1,4),(0.,
    1.254956588655E-03,5.013258042861E-03,1.125524629923E-02,
    1.994831234723E-02,3.104712176402E-02,4.449391904138E-02,
    6.021890099618E-02,7.814064890659E-02,9.816660946618E-02,
    0.120193616026,0.144108443623,0.169788393653,0.19710190642,
    0.225909201994,0.256062951565,0.287408982857,0.319787023978,
    0.353031490349,0.386972319074,0.421435854087,0.456245783643,
    0.491224129199,0.526192281396,0.560972075084,0.595436158676,
    0.629586848814,0.663028746494,0.695594486647,0.727122299999,
    0.757457075469,0.786451400201,0.81396659126,0.839873754231,
    0.864054935332,0.886404482466,0.906830812748,0.925258934134,
    0.941634364655,0.955929713143,0.968156548194,0.978388219222,
    0.986805462839,0.993782843249,1.),.UNSPECIFIED.);
#451 = CARTESIAN_POINT('',(90.61999556015,130.,-4.984938251467E-16));
#452 = CARTESIAN_POINT('',(90.607379451592,130.,2.696838236065E-03));
#453 = CARTESIAN_POINT('',(90.556979014061,130.,1.346056023244E-02));
#454 = CARTESIAN_POINT('',(90.443806998077,130.,3.754093434244E-02));
#455 = CARTESIAN_POINT('',(90.255784803905,130.,7.725397056629E-02));
#456 = CARTESIAN_POINT('',(89.993808044601,130.,0.131981413122));
#457 = CARTESIAN_POINT('',(89.659128149939,130.,0.200883064775));
#458 = CARTESIAN_POINT('',(89.253349588682,130.,0.282920142068));
#459 = CARTESIAN_POINT('',(88.7784258493,130.,0.376882629764));
#460 = CARTESIAN_POINT('',(88.236653921681,130.,0.481418940106));
#461 = CARTESIAN_POINT('',(87.630667041197,130.,0.595066123718));
#462 = CARTESIAN_POINT('',(86.963425502309,130.,0.716278964258));
#463 = CARTESIAN_POINT('',(86.238205417021,130.,0.843456514415));
#464 = CARTESIAN_POINT('',(85.458585373794,130.,0.974964975378));
#465 = CARTESIAN_POINT('',(84.62843103482,130.,1.109156255848));
#466 = CARTESIAN_POINT('',(83.751877783095,130.,1.244382029267));
#467 = CARTESIAN_POINT('',(82.833311587069,130.,1.379003603778));
#468 = CARTESIAN_POINT('',(81.877348282593,130.,1.51139834998));
#469 = CARTESIAN_POINT('',(80.888811481088,130.,1.639963888781));
#470 = CARTESIAN_POINT('',(79.872709283427,130.,1.76312115987));
#471 = CARTESIAN_POINT('',(78.834209982723,130.,1.879318917057));
#472 = CARTESIAN_POINT('',(77.778616723047,130.,1.987037082999));
#473 = CARTESIAN_POINT('',(76.711341656195,130.,2.084805617282));
#474 = CARTESIAN_POINT('',(75.637877695418,130.,2.171181416252));
#475 = CARTESIAN_POINT('',(74.563774960706,130.,2.244903521474));
#476 = CARTESIAN_POINT('',(73.494089518236,130.,2.304433615423));
#477 = CARTESIAN_POINT('',(72.432108250114,130.,2.349888845509));
#478 = CARTESIAN_POINT('',(71.383180104756,130.,2.375043357226));
#479 = CARTESIAN_POINT('',(70.353466871859,130.,2.378356404616));
#480 = CARTESIAN_POINT('',(69.350876758347,130.,2.359813410709));
#481 = CARTESIAN_POINT('',(68.380886581466,130.,2.319498670572));
#482 = CARTESIAN_POINT('',(67.448798434537,130.,2.257909597884));
#483 = CARTESIAN_POINT('',(66.559696683073,130.,2.175863814573));
#484 = CARTESIAN_POINT('',(65.718406737577,130.,2.074511758634));
#485 = CARTESIAN_POINT('',(64.929455740057,130.,1.955307397316));
#486 = CARTESIAN_POINT('',(64.19703596309,130.,1.819974440125));
#487 = CARTESIAN_POINT('',(63.524971171651,130.,1.67045778554));
#488 = CARTESIAN_POINT('',(62.916684396769,130.,1.508867534404));
#489 = CARTESIAN_POINT('',(62.375166562167,130.,1.337402113451));
#490 = CARTESIAN_POINT('',(61.902932967225,130.,1.158292480073));
#491 = CARTESIAN_POINT('',(61.501977982915,130.,0.97361988823));
#492 = CARTESIAN_POINT('',(61.173643162289,130.,0.785391016652));
#493 = CARTESIAN_POINT('',(60.918610515688,130.,0.594480838117));
#494 = CARTESIAN_POINT('',(60.736698130735,130.,0.401843947547));
#495 = CARTESIAN_POINT('',(60.629721700894,130.,0.201383714087));
#496 = CARTESIAN_POINT('',(60.613125014342,130.,6.614010801914E-02));
#497 = CARTESIAN_POINT('',(60.61999556015,130.,0.));
#498 = PCURVE('',#76,#499);
#499 = DEFINITIONAL_REPRESENTATION('',(#500),#504);
#500 = LINE('',#501,#502);
#501 = CARTESIAN_POINT('',(0.,1.));
#502 = VECTOR('',#503,1.);
#503 = DIRECTION('',(1.,0.));
#504 = ( GEOMETRIC_REPRESENTATION_CONTEXT(2) 
PARAMETRIC_REPRESENTATION_CONTEXT() REPRESENTATION_CONTEXT('2D SPACE',''
  ) );
#505 = PCURVE('',#506,#511);
#506 = PLANE('',#507);
#507 = AXIS2_PLACEMENT_3D('',#508,#509,#510);
#508 = CARTESIAN_POINT('',(90.61999556015,130.,-4.984938251467E-16));
#509 = DIRECTION('',(0.,1.,0.));
#510 = DIRECTION('',(-1.,0.,1.661646083822E-17));
#511 = DEFINITIONAL_REPRESENTATION('',(#512),#560);
#512 = B_SPLINE_CURVE_WITH_KNOTS('',3,(#513,#514,#515,#516,#517,#518,
    #519,#520,#521,#522,#523,#524,#525,#526,#527,#528,#529,#530,#531,
    #532,#533,#534,#535,#536,#537,#538,#539,#540,#541,#542,#543,#544,
    #545,#546,#547,#548,#549,#550,#551,#552,#553,#554,#555,#556,#557,
    #558,#559),.UNSPECIFIED.,.F.,.F.,(4,1,1,1,1,1,1,1,1,1,1,1,1,1,1,1,1,
    1,1,1,1,1,1,1,1,1,1,1,1,1,1,1,1,1,1,1,1,1,1,1,1,1,1,1,4),(0.,
    1.254956588655E-03,5.013258042861E-03,1.125524629923E-02,
    1.994831234723E-02,3.104712176402E-02,4.449391904138E-02,
    6.021890099618E-02,7.814064890659E-02,9.816660946618E-02,
    0.120193616026,0.144108443623,0.169788393653,0.19710190642,
    0.225909201994,0.256062951565,0.287408982857,0.319787023978,
    0.353031490349,0.386972319074,0.421435854087,0.456245783643,
    0.491224129199,0.526192281396,0.560972075084,0.595436158676,
    0.629586848814,0.663028746494,0.695594486647,0.727122299999,
    0.757457075469,0.786451400201,0.81396659126,0.839873754231,
    0.864054935332,0.886404482466,0.906830812748,0.925258934134,
    0.941634364655,0.955929713143,0.968156548194,0.978388219222,
    0.986805462839,0.993782843249,1.),.UNSPECIFIED.);
#513 = CARTESIAN_POINT('',(0.,0.));
#514 = CARTESIAN_POINT('',(1.261610855825E-02,2.696838236065E-03));
#515 = CARTESIAN_POINT('',(6.301654608927E-02,1.346056023244E-02));
#516 = CARTESIAN_POINT('',(0.176188562072,3.754093434244E-02));
#517 = CARTESIAN_POINT('',(0.364210756245,7.725397056629E-02));
#518 = CARTESIAN_POINT('',(0.626187515548,0.131981413122));
#519 = CARTESIAN_POINT('',(0.960867410211,0.200883064775));
#520 = CARTESIAN_POINT('',(1.366645971468,0.282920142068));
#521 = CARTESIAN_POINT('',(1.84156971085,0.376882629764));
#522 = CARTESIAN_POINT('',(2.383341638469,0.481418940106));
#523 = CARTESIAN_POINT('',(2.989328518953,0.595066123718));
#524 = CARTESIAN_POINT('',(3.65657005784,0.716278964258));
#525 = CARTESIAN_POINT('',(4.381790143128,0.843456514415));
#526 = CARTESIAN_POINT('',(5.161410186356,0.974964975378));
#527 = CARTESIAN_POINT('',(5.99156452533,1.109156255848));
#528 = CARTESIAN_POINT('',(6.868117777055,1.244382029267));
#529 = CARTESIAN_POINT('',(7.786683973081,1.379003603778));
#530 = CARTESIAN_POINT('',(8.742647277557,1.51139834998));
#531 = CARTESIAN_POINT('',(9.731184079062,1.639963888781));
#532 = CARTESIAN_POINT('',(10.747286276723,1.76312115987));
#533 = CARTESIAN_POINT('',(11.785785577427,1.879318917057));
#534 = CARTESIAN_POINT('',(12.841378837102,1.987037082999));
#535 = CARTESIAN_POINT('',(13.908653903954,2.084805617282));
#536 = CARTESIAN_POINT('',(14.982117864732,2.171181416252));
#537 = CARTESIAN_POINT('',(16.056220599444,2.244903521474));
#538 = CARTESIAN_POINT('',(17.125906041913,2.304433615423));
#539 = CARTESIAN_POINT('',(18.187887310036,2.349888845509));
#540 = CARTESIAN_POINT('',(19.236815455394,2.375043357226));
#541 = CARTESIAN_POINT('',(20.266528688291,2.378356404616));
#542 = CARTESIAN_POINT('',(21.269118801803,2.359813410709));
#543 = CARTESIAN_POINT('',(22.239108978684,2.319498670572));
#544 = CARTESIAN_POINT('',(23.171197125612,2.257909597884));
#545 = CARTESIAN_POINT('',(24.060298877077,2.175863814573));
#546 = CARTESIAN_POINT('',(24.901588822573,2.074511758634));
#547 = CARTESIAN_POINT('',(25.690539820093,1.955307397316));
#548 = CARTESIAN_POINT('',(26.42295959706,1.819974440125));
#549 = CARTESIAN_POINT('',(27.095024388499,1.67045778554));
#550 = CARTESIAN_POINT('',(27.703311163381,1.508867534404));
#551 = CARTESIAN_POINT('',(28.244828997983,1.337402113451));
#552 = CARTESIAN_POINT('',(28.717062592924,1.158292480073));
#553 = CARTESIAN_POINT('',(29.118017577235,0.97361988823));
#554 = CARTESIAN_POINT('',(29.446352397861,0.785391016652));
#555 = CARTESIAN_POINT('',(29.701385044462,0.594480838117));
#556 = CARTESIAN_POINT('',(29.883297429415,0.401843947547));
#557 = CARTESIAN_POINT('',(29.990273859256,0.201383714087));
#558 = CARTESIAN_POINT('',(30.006870545808,6.614010801914E-02));
#559 = CARTESIAN_POINT('',(30.,1.972152263053E-31));
#560 = ( GEOMETRIC_REPRESENTATION_CONTEXT(2) 
PARAMETRIC_REPRESENTATION_CONTEXT() REPRESENTATION_CONTEXT('2D SPACE',''
  ) );
#561 = ORIENTED_EDGE('',*,*,#562,.F.);
#562 = EDGE_CURVE('',#22,#447,#563,.T.);
#563 = SURFACE_CURVE('',#564,(#568,#575),.PCURVE_S1.);
#564 = B_SPLINE_CURVE_WITH_KNOTS('',2,(#565,#566,#567),.UNSPECIFIED.,.F.
  ,.F.,(3,3),(0.,1.),.PIECEWISE_BEZIER_KNOTS.);
#565 = CARTESIAN_POINT('',(70.,0.,-1.163152258676E-15));
#566 = CARTESIAN_POINT('',(80.309997780075,65.,-8.308230419112E-16));
#567 = CARTESIAN_POINT('',(90.61999556015,130.,-4.984938251467E-16));
#568 = PCURVE('',#76,#569);
#569 = DEFINITIONAL_REPRESENTATION('',(#570),#574);
#570 = LINE('',#571,#572);
#571 = CARTESIAN_POINT('',(0.,0.));
#572 = VECTOR('',#573,1.);
#573 = DIRECTION('',(0.,1.));
#574 = ( GEOMETRIC_REPRESENTATION_CONTEXT(2) 
PARAMETRIC_REPRESENTATION_CONTEXT() REPRESENTATION_CONTEXT('2D SPACE',''
  ) );
#575 = PCURVE('',#297,#576);
#576 = DEFINITIONAL_REPRESENTATION('',(#577),#581);
#577 = LINE('',#578,#579);
#578 = CARTESIAN_POINT('',(2.,0.));
#579 = VECTOR('',#580,1.);
#580 = DIRECTION('',(0.,1.));
#581 = ( GEOMETRIC_REPRESENTATION_CONTEXT(2) 
PARAMETRIC_REPRESENTATION_CONTEXT() REPRESENTATION_CONTEXT('2D SPACE',''
  ) );
#582 = ADVANCED_FACE('',(#583),#225,.F.);
#583 = FACE_BOUND('',#584,.F.);
#584 = EDGE_LOOP('',(#585,#586,#697,#723,#749,#775));
#585 = ORIENTED_EDGE('',*,*,#21,.F.);
#586 = ORIENTED_EDGE('',*,*,#587,.F.);
#587 = EDGE_CURVE('',#588,#22,#590,.T.);
#588 = VERTEX_POINT('',#589);
#589 = CARTESIAN_POINT('',(46.,0.,-1.681799052744));
#590 = SURFACE_CURVE('',#591,(#639,#690),.PCURVE_S1.);
#591 = B_SPLINE_CURVE_WITH_KNOTS('',3,(#592,#593,#594,#595,#596,#597,
    #598,#599,#600,#601,#602,#603,#604,#605,#606,#607,#608,#609,#610,
    #611,#612,#613,#614,#615,#616,#617,#618,#619,#620,#621,#622,#623,
    #624,#625,#626,#627,#628,#629,#630,#631,#632,#633,#634,#635,#636,
    #637,#638),.UNSPECIFIED.,.F.,.F.,(4,1,1,1,1,1,1,1,1,1,1,1,1,1,1,1,1,
    1,1,1,1,1,1,1,1,1,1,1,1,1,1,1,1,1,1,1,1,1,1,1,1,1,1,1,4),(1.,
    1.006306272119,1.013374840337,1.021878472168,1.032180969574,
    1.044452099658,1.058755159554,1.075093119796,1.093431814394,
    1.113712075531,1.13585648416,1.159773361275,1.185359262256,
    1.212500620141,1.241074892928,1.270951425024,1.301992155141,
    1.334052256939,1.36698076855,1.400621245402,1.435038952021,
    1.469885112111,1.504935691107,1.540014560117,1.574944533616,
    1.609548394557,1.643649903707,1.677074783173,1.709651667609,
    1.74121301989,1.771596010901,1.800643365189,1.828204175673,
    1.854134691185,1.878299080448,1.900570175159,1.920830193118,
    1.93897144,1.954896985468,1.968521306216,1.979770885524,
    1.988584756409,1.994914973922,1.998727001814,2.),.UNSPECIFIED.);
#592 = CARTESIAN_POINT('',(0.,0.,0.));
#593 = CARTESIAN_POINT('',(1.493403238416E-02,0.,-0.154371627608));
#594 = CARTESIAN_POINT('',(0.115098205847,0.,-0.455826733376));
#595 = CARTESIAN_POINT('',(0.450112593306,0.,-0.865066108194));
#596 = CARTESIAN_POINT('',(0.949779966747,0.,-1.223888152442));
#597 = CARTESIAN_POINT('',(1.6118882884,0.,-1.548514682247));
#598 = CARTESIAN_POINT('',(2.435440345684,0.,-1.839008249463));
#599 = CARTESIAN_POINT('',(3.417843736274,0.,-2.096488886987));
#600 = CARTESIAN_POINT('',(4.554779742372,0.,-2.320289671435));
#601 = CARTESIAN_POINT('',(5.840757539497,0.,-2.510217141616));
#602 = CARTESIAN_POINT('',(7.269381026195,0.,-2.66623764007));
#603 = CARTESIAN_POINT('',(8.83353801119,0.,-2.788759599027));
#604 = CARTESIAN_POINT('',(10.52550825699,0.,-2.87863322949));
#605 = CARTESIAN_POINT('',(12.337039260854,0.,-2.937198027128));
#606 = CARTESIAN_POINT('',(14.259398780794,0.,-2.966283665234));
#607 = CARTESIAN_POINT('',(16.283413614804,0.,-2.968192882475));
#608 = CARTESIAN_POINT('',(18.399498899046,0.,-2.945662472947));
#609 = CARTESIAN_POINT('',(20.597680853768,0.,-2.901784447325));
#610 = CARTESIAN_POINT('',(22.867618575184,0.,-2.839976327623));
#611 = CARTESIAN_POINT('',(25.198617085881,0.,-2.763664276834));
#612 = CARTESIAN_POINT('',(27.585027328757,0.,-2.676815790028));
#613 = CARTESIAN_POINT('',(30.016481872554,0.,-2.580893189715));
#614 = CARTESIAN_POINT('',(32.480538884146,0.,-2.466856131139));
#615 = CARTESIAN_POINT('',(34.959644330532,0.,-2.340596188121));
#616 = CARTESIAN_POINT('',(37.440200184542,0.,-2.204252711969));
#617 = CARTESIAN_POINT('',(39.909764662348,0.,-2.060686227632));
#618 = CARTESIAN_POINT('',(42.355888533109,0.,-1.912276743957));
#619 = CARTESIAN_POINT('',(44.766190382341,0.,-1.761219937012));
#620 = CARTESIAN_POINT('',(47.128417845756,0.,-1.609430575983));
#621 = CARTESIAN_POINT('',(49.430513176287,0.,-1.458572865689));
#622 = CARTESIAN_POINT('',(51.660677367957,0.,-1.310076424279));
#623 = CARTESIAN_POINT('',(53.807433608796,0.,-1.165170815044));
#624 = CARTESIAN_POINT('',(55.85968928762,0.,-1.024924823031));
#625 = CARTESIAN_POINT('',(57.806796365166,0.,-0.890288513875));
#626 = CARTESIAN_POINT('',(59.638609921489,0.,-0.762133160003));
#627 = CARTESIAN_POINT('',(61.345544791447,0.,-0.64128544855));
#628 = CARTESIAN_POINT('',(62.918630206809,0.,-0.528553000713));
#629 = CARTESIAN_POINT('',(64.34956232256,0.,-0.424739315164));
#630 = CARTESIAN_POINT('',(65.630754412489,0.,-0.330647380138));
#631 = CARTESIAN_POINT('',(66.755384393873,0.,-0.247072355625));
#632 = CARTESIAN_POINT('',(67.717439202841,0.,-0.174784786602));
#633 = CARTESIAN_POINT('',(68.511755413734,0.,-0.114506683588));
#634 = CARTESIAN_POINT('',(69.134055399076,0.,-6.688342535841E-02));
#635 = CARTESIAN_POINT('',(69.580978278853,0.,-3.245474898384E-02));
#636 = CARTESIAN_POINT('',(69.85010492132,0.,-1.162808309903E-02));
#637 = CARTESIAN_POINT('',(69.969988219237,0.,-2.32924480964E-03));
#638 = CARTESIAN_POINT('',(70.,0.,-1.163152258676E-15));
#639 = PCURVE('',#225,#640);
#640 = DEFINITIONAL_REPRESENTATION('',(#641),#689);
#641 = B_SPLINE_CURVE_WITH_KNOTS('',3,(#642,#643,#644,#645,#646,#647,
    #648,#649,#650,#651,#652,#653,#654,#655,#656,#657,#658,#659,#660,
    #661,#662,#663,#664,#665,#666,#667,#668,#669,#670,#671,#672,#673,
    #674,#675,#676,#677,#678,#679,#680,#681,#682,#683,#684,#685,#686,
    #687,#688),.UNSPECIFIED.,.F.,.F.,(4,1,1,1,1,1,1,1,1,1,1,1,1,1,1,1,1,
    1,1,1,1,1,1,1,1,1,1,1,1,1,1,1,1,1,1,1,1,1,1,1,1,1,1,1,4),(1.,
    1.006306272119,1.013374840337,1.021878472168,1.032180969574,
    1.044452099658,1.058755159554,1.075093119796,1.093431814394,
    1.113712075531,1.13585648416,1.159773361275,1.185359262256,
    1.212500620141,1.241074892928,1.270951425024,1.301992155141,
    1.334052256939,1.36698076855,1.400621245402,1.435038952021,
    1.469885112111,1.504935691107,1.540014560117,1.574944533616,
    1.609548394557,1.643649903707,1.677074783173,1.709651667609,
    1.74121301989,1.771596010901,1.800643365189,1.828204175673,
    1.854134691185,1.878299080448,1.900570175159,1.920830193118,
    1.93897144,1.954896985468,1.968521306216,1.979770885524,
    1.988584756409,1.994914973922,1.998727001814,2.),.UNSPECIFIED.);
#642 = CARTESIAN_POINT('',(70.,0.));
#643 = CARTESIAN_POINT('',(69.985065967616,-0.154371627608));
#644 = CARTESIAN_POINT('',(69.884901794153,-0.455826733376));
#645 = CARTESIAN_POINT('',(69.549887406694,-0.865066108194));
#646 = CARTESIAN_POINT('',(69.050220033253,-1.223888152442));
#647 = CARTESIAN_POINT('',(68.3881117116,-1.548514682247));
#648 = CARTESIAN_POINT('',(67.564559654316,-1.839008249463));
#649 = CARTESIAN_POINT('',(66.582156263726,-2.096488886987));
#650 = CARTESIAN_POINT('',(65.445220257628,-2.320289671435));
#651 = CARTESIAN_POINT('',(64.159242460503,-2.510217141616));
#652 = CARTESIAN_POINT('',(62.730618973805,-2.66623764007));
#653 = CARTESIAN_POINT('',(61.16646198881,-2.788759599027));
#654 = CARTESIAN_POINT('',(59.47449174301,-2.87863322949));
#655 = CARTESIAN_POINT('',(57.662960739146,-2.937198027128));
#656 = CARTESIAN_POINT('',(55.740601219206,-2.966283665234));
#657 = CARTESIAN_POINT('',(53.716586385196,-2.968192882475));
#658 = CARTESIAN_POINT('',(51.600501100954,-2.945662472947));
#659 = CARTESIAN_POINT('',(49.402319146232,-2.901784447325));
#660 = CARTESIAN_POINT('',(47.132381424816,-2.839976327623));
#661 = CARTESIAN_POINT('',(44.801382914119,-2.763664276834));
#662 = CARTESIAN_POINT('',(42.414972671243,-2.676815790028));
#663 = CARTESIAN_POINT('',(39.983518127446,-2.580893189715));
#664 = CARTESIAN_POINT('',(37.519461115854,-2.466856131139));
#665 = CARTESIAN_POINT('',(35.040355669468,-2.340596188121));
#666 = CARTESIAN_POINT('',(32.559799815458,-2.204252711969));
#667 = CARTESIAN_POINT('',(30.090235337652,-2.060686227632));
#668 = CARTESIAN_POINT('',(27.644111466891,-1.912276743957));
#669 = CARTESIAN_POINT('',(25.233809617659,-1.761219937012));
#670 = CARTESIAN_POINT('',(22.871582154244,-1.609430575983));
#671 = CARTESIAN_POINT('',(20.569486823713,-1.458572865689));
#672 = CARTESIAN_POINT('',(18.339322632043,-1.310076424279));
#673 = CARTESIAN_POINT('',(16.192566391204,-1.165170815044));
#674 = CARTESIAN_POINT('',(14.14031071238,-1.024924823031));
#675 = CARTESIAN_POINT('',(12.193203634834,-0.890288513875));
#676 = CARTESIAN_POINT('',(10.361390078511,-0.762133160003));
#677 = CARTESIAN_POINT('',(8.654455208553,-0.64128544855));
#678 = CARTESIAN_POINT('',(7.081369793191,-0.528553000713));
#679 = CARTESIAN_POINT('',(5.65043767744,-0.424739315164));
#680 = CARTESIAN_POINT('',(4.369245587511,-0.330647380138));
#681 = CARTESIAN_POINT('',(3.244615606127,-0.247072355625));
#682 = CARTESIAN_POINT('',(2.282560797159,-0.174784786602));
#683 = CARTESIAN_POINT('',(1.488244586266,-0.114506683588));
#684 = CARTESIAN_POINT('',(0.865944600924,-6.68834253584E-02));
#685 = CARTESIAN_POINT('',(0.419021721147,-3.245474898383E-02));
#686 = CARTESIAN_POINT('',(0.14989507868,-1.162808309903E-02));
#687 = CARTESIAN_POINT('',(3.001178076347E-02,-2.329244809639E-03));
#688 = CARTESIAN_POINT('',(0.,0.));
#689 = ( GEOMETRIC_REPRESENTATION_CONTEXT(2) 
PARAMETRIC_REPRESENTATION_CONTEXT() REPRESENTATION_CONTEXT('2D SPACE',''
  ) );
#690 = PCURVE('',#297,#691);
#691 = DEFINITIONAL_REPRESENTATION('',(#692),#696);
#692 = LINE('',#693,#694);
#693 = CARTESIAN_POINT('',(0.,0.));
#694 = VECTOR('',#695,1.);
#695 = DIRECTION('',(1.,0.));
#696 = ( GEOMETRIC_REPRESENTATION_CONTEXT(2) 
PARAMETRIC_REPRESENTATION_CONTEXT() REPRESENTATION_CONTEXT('2D SPACE',''
  ) );
#697 = ORIENTED_EDGE('',*,*,#698,.F.);
#698 = EDGE_CURVE('',#699,#588,#701,.T.);
#699 = VERTEX_POINT('',#700);
#700 = CARTESIAN_POINT('',(46.,0.,3.));
#701 = SURFACE_CURVE('',#702,(#706,#712),.PCURVE_S1.);
#702 = LINE('',#703,#704);
#703 = CARTESIAN_POINT('',(46.,0.,-1.5));
#704 = VECTOR('',#705,1.);
#705 = DIRECTION('',(-0.,0.,-1.));
#706 = PCURVE('',#225,#707);
#707 = DEFINITIONAL_REPRESENTATION('',(#708),#711);
#708 = B_SPLINE_CURVE_WITH_KNOTS('',1,(#709,#710),.UNSPECIFIED.,.F.,.F.,
  (2,2),(-4.5,1.468192882475),.PIECEWISE_BEZIER_KNOTS.);
#709 = CARTESIAN_POINT('',(24.,3.));
#710 = CARTESIAN_POINT('',(24.,-2.968192882475));
#711 = ( GEOMETRIC_REPRESENTATION_CONTEXT(2) 
PARAMETRIC_REPRESENTATION_CONTEXT() REPRESENTATION_CONTEXT('2D SPACE',''
  ) );
#712 = PCURVE('',#713,#718);
#713 = PLANE('',#714);
#714 = AXIS2_PLACEMENT_3D('',#715,#716,#717);
#715 = CARTESIAN_POINT('',(46.,-16.,-3.));
#716 = DIRECTION('',(1.,0.,-0.));
#717 = DIRECTION('',(0.,0.,1.));
#718 = DEFINITIONAL_REPRESENTATION('',(#719),#722);
#719 = B_SPLINE_CURVE_WITH_KNOTS('',1,(#720,#721),.UNSPECIFIED.,.F.,.F.,
  (2,2),(-4.5,1.468192882475),.PIECEWISE_BEZIER_KNOTS.);
#720 = CARTESIAN_POINT('',(6.,-16.));
#721 = CARTESIAN_POINT('',(3.180711752549E-02,-16.));
#722 = ( GEOMETRIC_REPRESENTATION_CONTEXT(2) 
PARAMETRIC_REPRESENTATION_CONTEXT() REPRESENTATION_CONTEXT('2D SPACE',''
  ) );
#723 = ORIENTED_EDGE('',*,*,#724,.F.);
#724 = EDGE_CURVE('',#725,#699,#727,.T.);
#725 = VERTEX_POINT('',#726);
#726 = CARTESIAN_POINT('',(16.,0.,3.));
#727 = SURFACE_CURVE('',#728,(#732,#738),.PCURVE_S1.);
#728 = LINE('',#729,#730);
#729 = CARTESIAN_POINT('',(43.,0.,3.));
#730 = VECTOR('',#731,1.);
#731 = DIRECTION('',(1.,0.,0.));
#732 = PCURVE('',#225,#733);
#733 = DEFINITIONAL_REPRESENTATION('',(#734),#737);
#734 = B_SPLINE_CURVE_WITH_KNOTS('',1,(#735,#736),.UNSPECIFIED.,.F.,.F.,
  (2,2),(-27.,3.),.PIECEWISE_BEZIER_KNOTS.);
#735 = CARTESIAN_POINT('',(54.,3.));
#736 = CARTESIAN_POINT('',(24.,3.));
#737 = ( GEOMETRIC_REPRESENTATION_CONTEXT(2) 
PARAMETRIC_REPRESENTATION_CONTEXT() REPRESENTATION_CONTEXT('2D SPACE',''
  ) );
#738 = PCURVE('',#739,#744);
#739 = PLANE('',#740);
#740 = AXIS2_PLACEMENT_3D('',#741,#742,#743);
#741 = CARTESIAN_POINT('',(16.,-16.,3.));
#742 = DIRECTION('',(0.,0.,1.));
#743 = DIRECTION('',(1.,0.,-0.));
#744 = DEFINITIONAL_REPRESENTATION('',(#745),#748);
#745 = B_SPLINE_CURVE_WITH_KNOTS('',1,(#746,#747),.UNSPECIFIED.,.F.,.F.,
  (2,2),(-27.,3.),.PIECEWISE_BEZIER_KNOTS.);
#746 = CARTESIAN_POINT('',(0.,16.));
#747 = CARTESIAN_POINT('',(30.,16.));
#748 = ( GEOMETRIC_REPRESENTATION_CONTEXT(2) 
PARAMETRIC_REPRESENTATION_CONTEXT() REPRESENTATION_CONTEXT('2D SPACE',''
  ) );
#749 = ORIENTED_EDGE('',*,*,#750,.T.);
#750 = EDGE_CURVE('',#725,#751,#753,.T.);
#751 = VERTEX_POINT('',#752);
#752 = CARTESIAN_POINT('',(16.,0.,-2.965347926186));
#753 = SURFACE_CURVE('',#754,(#758,#764),.PCURVE_S1.);
#754 = LINE('',#755,#756);
#755 = CARTESIAN_POINT('',(16.,0.,-1.5));
#756 = VECTOR('',#757,1.);
#757 = DIRECTION('',(-0.,0.,-1.));
#758 = PCURVE('',#225,#759);
#759 = DEFINITIONAL_REPRESENTATION('',(#760),#763);
#760 = B_SPLINE_CURVE_WITH_KNOTS('',1,(#761,#762),.UNSPECIFIED.,.F.,.F.,
  (2,2),(-4.5,1.468192882475),.PIECEWISE_BEZIER_KNOTS.);
#761 = CARTESIAN_POINT('',(54.,3.));
#762 = CARTESIAN_POINT('',(54.,-2.968192882475));
#763 = ( GEOMETRIC_REPRESENTATION_CONTEXT(2) 
PARAMETRIC_REPRESENTATION_CONTEXT() REPRESENTATION_CONTEXT('2D SPACE',''
  ) );
#764 = PCURVE('',#765,#770);
#765 = PLANE('',#766);
#766 = AXIS2_PLACEMENT_3D('',#767,#768,#769);
#767 = CARTESIAN_POINT('',(16.,-16.,-3.));
#768 = DIRECTION('',(1.,0.,-0.));
#769 = DIRECTION('',(0.,0.,1.));
#770 = DEFINITIONAL_REPRESENTATION('',(#771),#774);
#771 = B_SPLINE_CURVE_WITH_KNOTS('',1,(#772,#773),.UNSPECIFIED.,.F.,.F.,
  (2,2),(-4.5,1.468192882475),.PIECEWISE_BEZIER_KNOTS.);
#772 = CARTESIAN_POINT('',(6.,-16.));
#773 = CARTESIAN_POINT('',(3.180711752549E-02,-16.));
#774 = ( GEOMETRIC_REPRESENTATION_CONTEXT(2) 
PARAMETRIC_REPRESENTATION_CONTEXT() REPRESENTATION_CONTEXT('2D SPACE',''
  ) );
#775 = ORIENTED_EDGE('',*,*,#776,.F.);
#776 = EDGE_CURVE('',#24,#751,#777,.T.);
#777 = SURFACE_CURVE('',#778,(#826,#877),.PCURVE_S1.);
#778 = B_SPLINE_CURVE_WITH_KNOTS('',3,(#779,#780,#781,#782,#783,#784,
    #785,#786,#787,#788,#789,#790,#791,#792,#793,#794,#795,#796,#797,
    #798,#799,#800,#801,#802,#803,#804,#805,#806,#807,#808,#809,#810,
    #811,#812,#813,#814,#815,#816,#817,#818,#819,#820,#821,#822,#823,
    #824,#825),.UNSPECIFIED.,.F.,.F.,(4,1,1,1,1,1,1,1,1,1,1,1,1,1,1,1,1,
    1,1,1,1,1,1,1,1,1,1,1,1,1,1,1,1,1,1,1,1,1,1,1,1,1,1,1,4),(1.,
    1.006306272119,1.013374840337,1.021878472168,1.032180969574,
    1.044452099658,1.058755159554,1.075093119796,1.093431814394,
    1.113712075531,1.13585648416,1.159773361275,1.185359262256,
    1.212500620141,1.241074892928,1.270951425024,1.301992155141,
    1.334052256939,1.36698076855,1.400621245402,1.435038952021,
    1.469885112111,1.504935691107,1.540014560117,1.574944533616,
    1.609548394557,1.643649903707,1.677074783173,1.709651667609,
    1.74121301989,1.771596010901,1.800643365189,1.828204175673,
    1.854134691185,1.878299080448,1.900570175159,1.920830193118,
    1.93897144,1.954896985468,1.968521306216,1.979770885524,
    1.988584756409,1.994914973922,1.998727001814,2.),.UNSPECIFIED.);
#779 = CARTESIAN_POINT('',(0.,0.,0.));
#780 = CARTESIAN_POINT('',(1.493403238416E-02,0.,-0.154371627608));
#781 = CARTESIAN_POINT('',(0.115098205847,0.,-0.455826733376));
#782 = CARTESIAN_POINT('',(0.450112593306,0.,-0.865066108194));
#783 = CARTESIAN_POINT('',(0.949779966747,0.,-1.223888152442));
#784 = CARTESIAN_POINT('',(1.6118882884,0.,-1.548514682247));
#785 = CARTESIAN_POINT('',(2.435440345684,0.,-1.839008249463));
#786 = CARTESIAN_POINT('',(3.417843736274,0.,-2.096488886987));
#787 = CARTESIAN_POINT('',(4.554779742372,0.,-2.320289671435));
#788 = CARTESIAN_POINT('',(5.840757539497,0.,-2.510217141616));
#789 = CARTESIAN_POINT('',(7.269381026195,0.,-2.66623764007));
#790 = CARTESIAN_POINT('',(8.83353801119,0.,-2.788759599027));
#791 = CARTESIAN_POINT('',(10.52550825699,0.,-2.87863322949));
#792 = CARTESIAN_POINT('',(12.337039260854,0.,-2.937198027128));
#793 = CARTESIAN_POINT('',(14.259398780794,0.,-2.966283665234));
#794 = CARTESIAN_POINT('',(16.283413614804,0.,-2.968192882475));
#795 = CARTESIAN_POINT('',(18.399498899046,0.,-2.945662472947));
#796 = CARTESIAN_POINT('',(20.597680853768,0.,-2.901784447325));
#797 = CARTESIAN_POINT('',(22.867618575184,0.,-2.839976327623));
#798 = CARTESIAN_POINT('',(25.198617085881,0.,-2.763664276834));
#799 = CARTESIAN_POINT('',(27.585027328757,0.,-2.676815790028));
#800 = CARTESIAN_POINT('',(30.016481872554,0.,-2.580893189715));
#801 = CARTESIAN_POINT('',(32.480538884146,0.,-2.466856131139));
#802 = CARTESIAN_POINT('',(34.959644330532,0.,-2.340596188121));
#803 = CARTESIAN_POINT('',(37.440200184542,0.,-2.204252711969));
#804 = CARTESIAN_POINT('',(39.909764662348,0.,-2.060686227632));
#805 = CARTESIAN_POINT('',(42.355888533109,0.,-1.912276743957));
#806 = CARTESIAN_POINT('',(44.766190382341,0.,-1.761219937012));
#807 = CARTESIAN_POINT('',(47.128417845756,0.,-1.609430575983));
#808 = CARTESIAN_POINT('',(49.430513176287,0.,-1.458572865689));
#809 = CARTESIAN_POINT('',(51.660677367957,0.,-1.310076424279));
#810 = CARTESIAN_POINT('',(53.807433608796,0.,-1.165170815044));
#811 = CARTESIAN_POINT('',(55.85968928762,0.,-1.024924823031));
#812 = CARTESIAN_POINT('',(57.806796365166,0.,-0.890288513875));
#813 = CARTESIAN_POINT('',(59.638609921489,0.,-0.762133160003));
#814 = CARTESIAN_POINT('',(61.345544791447,0.,-0.64128544855));
#815 = CARTESIAN_POINT('',(62.918630206809,0.,-0.528553000713));
#816 = CARTESIAN_POINT('',(64.34956232256,0.,-0.424739315164));
#817 = CARTESIAN_POINT('',(65.630754412489,0.,-0.330647380138));
#818 = CARTESIAN_POINT('',(66.755384393873,0.,-0.247072355625));
#819 = CARTESIAN_POINT('',(67.717439202841,0.,-0.174784786602));
#820 = CARTESIAN_POINT('',(68.511755413734,0.,-0.114506683588));
#821 = CARTESIAN_POINT('',(69.134055399076,0.,-6.688342535841E-02));
#822 = CARTESIAN_POINT('',(69.580978278853,0.,-3.245474898384E-02));
#823 = CARTESIAN_POINT('',(69.85010492132,0.,-1.162808309903E-02));
#824 = CARTESIAN_POINT('',(69.969988219237,0.,-2.32924480964E-03));
#825 = CARTESIAN_POINT('',(70.,0.,-1.163152258676E-15));
#826 = PCURVE('',#225,#827);
#827 = DEFINITIONAL_REPRESENTATION('',(#828),#876);
#828 = B_SPLINE_CURVE_WITH_KNOTS('',3,(#829,#830,#831,#832,#833,#834,
    #835,#836,#837,#838,#839,#840,#841,#842,#843,#844,#845,#846,#847,
    #848,#849,#850,#851,#852,#853,#854,#855,#856,#857,#858,#859,#860,
    #861,#862,#863,#864,#865,#866,#867,#868,#869,#870,#871,#872,#873,
    #874,#875),.UNSPECIFIED.,.F.,.F.,(4,1,1,1,1,1,1,1,1,1,1,1,1,1,1,1,1,
    1,1,1,1,1,1,1,1,1,1,1,1,1,1,1,1,1,1,1,1,1,1,1,1,1,1,1,4),(1.,
    1.006306272119,1.013374840337,1.021878472168,1.032180969574,
    1.044452099658,1.058755159554,1.075093119796,1.093431814394,
    1.113712075531,1.13585648416,1.159773361275,1.185359262256,
    1.212500620141,1.241074892928,1.270951425024,1.301992155141,
    1.334052256939,1.36698076855,1.400621245402,1.435038952021,
    1.469885112111,1.504935691107,1.540014560117,1.574944533616,
    1.609548394557,1.643649903707,1.677074783173,1.709651667609,
    1.74121301989,1.771596010901,1.800643365189,1.828204175673,
    1.854134691185,1.878299080448,1.900570175159,1.920830193118,
    1.93897144,1.954896985468,1.968521306216,1.979770885524,
    1.988584756409,1.994914973922,1.998727001814,2.),.UNSPECIFIED.);
#829 = CARTESIAN_POINT('',(70.,0.));
#830 = CARTESIAN_POINT('',(69.985065967616,-0.154371627608));
#831 = CARTESIAN_POINT('',(69.884901794153,-0.455826733376));
#832 = CARTESIAN_POINT('',(69.549887406694,-0.865066108194));
#833 = CARTESIAN_POINT('',(69.050220033253,-1.223888152442));
#834 = CARTESIAN_POINT('',(68.3881117116,-1.548514682247));
#835 = CARTESIAN_POINT('',(67.564559654316,-1.839008249463));
#836 = CARTESIAN_POINT('',(66.582156263726,-2.096488886987));
#837 = CARTESIAN_POINT('',(65.445220257628,-2.320289671435));
#838 = CARTESIAN_POINT('',(64.159242460503,-2.510217141616));
#839 = CARTESIAN_POINT('',(62.730618973805,-2.66623764007));
#840 = CARTESIAN_POINT('',(61.16646198881,-2.788759599027));
#841 = CARTESIAN_POINT('',(59.47449174301,-2.87863322949));
#842 = CARTESIAN_POINT('',(57.662960739146,-2.937198027128));
#843 = CARTESIAN_POINT('',(55.740601219206,-2.966283665234));
#844 = CARTESIAN_POINT('',(53.716586385196,-2.968192882475));
#845 = CARTESIAN_POINT('',(51.600501100954,-2.945662472947));
#846 = CARTESIAN_POINT('',(49.402319146232,-2.901784447325));
#847 = CARTESIAN_POINT('',(47.132381424816,-2.839976327623));
#848 = CARTESIAN_POINT('',(44.801382914119,-2.763664276834));
#849 = CARTESIAN_POINT('',(42.414972671243,-2.676815790028));
#850 = CARTESIAN_POINT('',(39.983518127446,-2.580893189715));
#851 = CARTESIAN_POINT('',(37.519461115854,-2.466856131139));
#852 = CARTESIAN_POINT('',(35.040355669468,-2.340596188121));
#853 = CARTESIAN_POINT('',(32.559799815458,-2.204252711969));
#854 = CARTESIAN_POINT('',(30.090235337652,-2.060686227632));
#855 = CARTESIAN_POINT('',(27.644111466891,-1.912276743957));
#856 = CARTESIAN_POINT('',(25.233809617659,-1.761219937012));
#857 = CARTESIAN_POINT('',(22.871582154244,-1.609430575983));
#858 = CARTESIAN_POINT('',(20.569486823713,-1.458572865689));
#859 = CARTESIAN_POINT('',(18.339322632043,-1.310076424279));
#860 = CARTESIAN_POINT('',(16.192566391204,-1.165170815044));
#861 = CARTESIAN_POINT('',(14.14031071238,-1.024924823031));
#862 = CARTESIAN_POINT('',(12.193203634834,-0.890288513875));
#863 = CARTESIAN_POINT('',(10.361390078511,-0.762133160003));
#864 = CARTESIAN_POINT('',(8.654455208553,-0.64128544855));
#865 = CARTESIAN_POINT('',(7.081369793191,-0.528553000713));
#866 = CARTESIAN_POINT('',(5.65043767744,-0.424739315164));
#867 = CARTESIAN_POINT('',(4.369245587511,-0.330647380138));
#868 = CARTESIAN_POINT('',(3.244615606127,-0.247072355625));
#869 = CARTESIAN_POINT('',(2.282560797159,-0.174784786602));
#870 = CARTESIAN_POINT('',(1.488244586266,-0.114506683588));
#871 = CARTESIAN_POINT('',(0.865944600924,-6.68834253584E-02));
#872 = CARTESIAN_POINT('',(0.419021721147,-3.245474898383E-02));
#873 = CARTESIAN_POINT('',(0.14989507868,-1.162808309903E-02));
#874 = CARTESIAN_POINT('',(3.001178076347E-02,-2.329244809639E-03));
#875 = CARTESIAN_POINT('',(0.,0.));
#876 = ( GEOMETRIC_REPRESENTATION_CONTEXT(2) 
PARAMETRIC_REPRESENTATION_CONTEXT() REPRESENTATION_CONTEXT('2D SPACE',''
  ) );
#877 = PCURVE('',#297,#878);
#878 = DEFINITIONAL_REPRESENTATION('',(#879),#883);
#879 = LINE('',#880,#881);
#880 = CARTESIAN_POINT('',(0.,0.));
#881 = VECTOR('',#882,1.);
#882 = DIRECTION('',(1.,0.));
#883 = ( GEOMETRIC_REPRESENTATION_CONTEXT(2) 
PARAMETRIC_REPRESENTATION_CONTEXT() REPRESENTATION_CONTEXT('2D SPACE',''
  ) );
#884 = ADVANCED_FACE('',(#885),#297,.F.);
#885 = FACE_BOUND('',#886,.F.);
#886 = EDGE_LOOP('',(#887,#888,#889,#918,#1195,#1222,#1223,#1224));
#887 = ORIENTED_EDGE('',*,*,#281,.F.);
#888 = ORIENTED_EDGE('',*,*,#776,.T.);
#889 = ORIENTED_EDGE('',*,*,#890,.T.);
#890 = EDGE_CURVE('',#751,#891,#893,.T.);
#891 = VERTEX_POINT('',#892);
#892 = CARTESIAN_POINT('',(16.,0.6,-2.958142270576));
#893 = SURFACE_CURVE('',#894,(#900,#909),.PCURVE_S1.);
#894 = B_SPLINE_CURVE_WITH_KNOTS('',4,(#895,#896,#897,#898,#899),
  .UNSPECIFIED.,.F.,.F.,(5,5),(0.,1.),.PIECEWISE_BEZIER_KNOTS.);
#895 = CARTESIAN_POINT('',(16.,0.,-2.965347926186));
#896 = CARTESIAN_POINT('',(16.,0.150000505559,-2.963587895705));
#897 = CARTESIAN_POINT('',(16.,0.300000683416,-2.961800641174));
#898 = CARTESIAN_POINT('',(16.,0.450000519985,-2.959985617874));
#899 = CARTESIAN_POINT('',(16.,0.6,-2.958142270576));
#900 = PCURVE('',#297,#901);
#901 = DEFINITIONAL_REPRESENTATION('',(#902),#908);
#902 = B_SPLINE_CURVE_WITH_KNOTS('',4,(#903,#904,#905,#906,#907),
  .UNSPECIFIED.,.F.,.F.,(5,5),(0.,1.),.PIECEWISE_BEZIER_KNOTS.);
#903 = CARTESIAN_POINT('',(1.237514155827,0.));
#904 = CARTESIAN_POINT('',(1.236676869808,1.15385004276E-03));
#905 = CARTESIAN_POINT('',(1.235838114875,2.307697564741E-03));
#906 = CARTESIAN_POINT('',(1.234997884986,3.461542461423E-03));
#907 = CARTESIAN_POINT('',(1.234156174037,4.615384615385E-03));
#908 = ( GEOMETRIC_REPRESENTATION_CONTEXT(2) 
PARAMETRIC_REPRESENTATION_CONTEXT() REPRESENTATION_CONTEXT('2D SPACE',''
  ) );
#909 = PCURVE('',#765,#910);
#910 = DEFINITIONAL_REPRESENTATION('',(#911),#917);
#911 = B_SPLINE_CURVE_WITH_KNOTS('',4,(#912,#913,#914,#915,#916),
  .UNSPECIFIED.,.F.,.F.,(5,5),(0.,1.),.PIECEWISE_BEZIER_KNOTS.);
#912 = CARTESIAN_POINT('',(3.465207381403E-02,-16.));
#913 = CARTESIAN_POINT('',(3.641210429454E-02,-16.15000050555));
#914 = CARTESIAN_POINT('',(3.819935882553E-02,-16.30000068341));
#915 = CARTESIAN_POINT('',(4.001438212576E-02,-16.45000051998));
#916 = CARTESIAN_POINT('',(4.185772942387E-02,-16.6));
#917 = ( GEOMETRIC_REPRESENTATION_CONTEXT(2) 
PARAMETRIC_REPRESENTATION_CONTEXT() REPRESENTATION_CONTEXT('2D SPACE',''
  ) );
#918 = ORIENTED_EDGE('',*,*,#919,.F.);
#919 = EDGE_CURVE('',#920,#891,#922,.T.);
#920 = VERTEX_POINT('',#921);
#921 = CARTESIAN_POINT('',(46.,0.6,-1.687536221409));
#922 = SURFACE_CURVE('',#923,(#1010,#1100),.PCURVE_S1.);
#923 = B_SPLINE_CURVE_WITH_KNOTS('',8,(#924,#925,#926,#927,#928,#929,
    #930,#931,#932,#933,#934,#935,#936,#937,#938,#939,#940,#941,#942,
    #943,#944,#945,#946,#947,#948,#949,#950,#951,#952,#953,#954,#955,
    #956,#957,#958,#959,#960,#961,#962,#963,#964,#965,#966,#967,#968,
    #969,#970,#971,#972,#973,#974,#975,#976,#977,#978,#979,#980,#981,
    #982,#983,#984,#985,#986,#987,#988,#989,#990,#991,#992,#993,#994,
    #995,#996,#997,#998,#999,#1000,#1001,#1002,#1003,#1004,#1005,#1006,
    #1007,#1008,#1009),.UNSPECIFIED.,.F.,.F.,(9,7,7,7,7,7,7,7,7,7,7,7,9)
  ,(0.,0.107452252258,0.270014572338,0.350117766653,0.432576941856,
    0.526816069956,0.609275274278,0.675242599174,0.776549601258,
    0.828381128407,0.880212705423,0.939112283299,1.),.UNSPECIFIED.);
#924 = CARTESIAN_POINT('',(46.,0.6,-1.687536221409));
#925 = CARTESIAN_POINT('',(45.597463221168,0.6,-1.713357539049));
#926 = CARTESIAN_POINT('',(45.194919179771,0.6,-1.739065619356));
#927 = CARTESIAN_POINT('',(44.792367666023,0.6,-1.76465666615));
#928 = CARTESIAN_POINT('',(44.38980837256,0.6,-1.790125211459));
#929 = CARTESIAN_POINT('',(43.987240932418,0.6,-1.815464718684));
#930 = CARTESIAN_POINT('',(43.584664957014,0.6,-1.840668185779));
#931 = CARTESIAN_POINT('',(43.182080074126,0.6,-1.865728748418));
#932 = CARTESIAN_POINT('',(42.170409553668,0.6,-1.928328435826));
#933 = CARTESIAN_POINT('',(41.561312035858,0.6,-1.965674882564));
#934 = CARTESIAN_POINT('',(40.952192400833,0.6,-2.002660830362));
#935 = CARTESIAN_POINT('',(40.343047566796,0.6,-2.039230454103));
#936 = CARTESIAN_POINT('',(39.733878487488,0.6,-2.075395943396));
#937 = CARTESIAN_POINT('',(39.124681807552,0.6,-2.111092186743));
#938 = CARTESIAN_POINT('',(38.51545648772,0.6,-2.14629487602));
#939 = CARTESIAN_POINT('',(37.605988026995,0.6,-2.198052456207));
#940 = CARTESIAN_POINT('',(37.305767765271,0.6,-2.21500895029));
#941 = CARTESIAN_POINT('',(37.005540013369,0.6,-2.231832700195));
#942 = CARTESIAN_POINT('',(36.705304494458,0.6,-2.24851755689));
#943 = CARTESIAN_POINT('',(36.405060935446,0.6,-2.265057234778));
#944 = CARTESIAN_POINT('',(36.104809112282,0.6,-2.281446082037));
#945 = CARTESIAN_POINT('',(35.804548833862,0.6,-2.297678817444));
#946 = CARTESIAN_POINT('',(35.195179437793,0.6,-2.330292310153));
#947 = CARTESIAN_POINT('',(34.886069813459,0.6,-2.34666345774));
#948 = CARTESIAN_POINT('',(34.576950736825,0.6,-2.362855903075));
#949 = CARTESIAN_POINT('',(34.267822108281,0.6,-2.378865452735));
#950 = CARTESIAN_POINT('',(33.958683852675,0.6,-2.394688140089));
#951 = CARTESIAN_POINT('',(33.649535862825,0.6,-2.410319201968));
#952 = CARTESIAN_POINT('',(33.340378017214,0.6,-2.425753385178));
#953 = CARTESIAN_POINT('',(32.67787544056,0.6,-2.458395964654));
#954 = CARTESIAN_POINT('',(32.32452754289,0.6,-2.475540489831));
#955 = CARTESIAN_POINT('',(31.971167385998,0.6,-2.492432421957));
#956 = CARTESIAN_POINT('',(31.617792012464,0.6,-2.50900482101));
#957 = CARTESIAN_POINT('',(31.264402288724,0.6,-2.525269036111));
#958 = CARTESIAN_POINT('',(30.910996382471,0.6,-2.541177613506));
#959 = CARTESIAN_POINT('',(30.557574091634,0.6,-2.556715633325));
#960 = CARTESIAN_POINT('',(29.894875370366,0.6,-2.58510309973));
#961 = CARTESIAN_POINT('',(29.585603025645,0.6,-2.598046291783));
#962 = CARTESIAN_POINT('',(29.276319200495,0.6,-2.610713639485));
#963 = CARTESIAN_POINT('',(28.967025313716,0.6,-2.623132784343));
#964 = CARTESIAN_POINT('',(28.657722710442,0.6,-2.635331657215));
#965 = CARTESIAN_POINT('',(28.348412669499,0.6,-2.64733873195));
#966 = CARTESIAN_POINT('',(28.039096384039,0.6,-2.659182439717));
#967 = CARTESIAN_POINT('',(27.482317885199,0.6,-2.680255581969));
#968 = CARTESIAN_POINT('',(27.234857479946,0.6,-2.689532239648));
#969 = CARTESIAN_POINT('',(26.987393633058,0.6,-2.698716975897));
#970 = CARTESIAN_POINT('',(26.739926282448,0.6,-2.707807049458));
#971 = CARTESIAN_POINT('',(26.492455370562,0.6,-2.71679971896));
#972 = CARTESIAN_POINT('',(26.244980844374,0.6,-2.725692242919));
#973 = CARTESIAN_POINT('',(25.997502655391,0.6,-2.734481879741));
#974 = CARTESIAN_POINT('',(25.369959131144,0.6,-2.756502047942));
#975 = CARTESIAN_POINT('',(24.989888676901,0.6,-2.769587081979));
#976 = CARTESIAN_POINT('',(24.609809931042,0.6,-2.78243113368));
#977 = CARTESIAN_POINT('',(24.229720314663,0.6,-2.794953044869));
#978 = CARTESIAN_POINT('',(23.849620784285,0.6,-2.807170579619));
#979 = CARTESIAN_POINT('',(23.469509552421,0.6,-2.819019446353));
#980 = CARTESIAN_POINT('',(23.089386735372,0.6,-2.830486922319));
#981 = CARTESIAN_POINT('',(22.514763868018,0.6,-2.847188719143));
#982 = CARTESIAN_POINT('',(22.320272855889,0.6,-2.852732241984));
#983 = CARTESIAN_POINT('',(22.125778611844,0.6,-2.85816211337));
#984 = CARTESIAN_POINT('',(21.931281093992,0.6,-2.863474077286));
#985 = CARTESIAN_POINT('',(21.736780271659,0.6,-2.868663877423));
#986 = CARTESIAN_POINT('',(21.542276125393,0.6,-2.873727257186));
#987 = CARTESIAN_POINT('',(21.34776864696,0.6,-2.878659959686));
#988 = CARTESIAN_POINT('',(20.958746844596,0.6,-2.888255500421));
#989 = CARTESIAN_POINT('',(20.764232519249,0.6,-2.892918342337));
#990 = CARTESIAN_POINT('',(20.569714876765,0.6,-2.897442356067));
#991 = CARTESIAN_POINT('',(20.375193918459,0.6,-2.901822572129));
#992 = CARTESIAN_POINT('',(20.180669645209,0.6,-2.906053376166));
#993 = CARTESIAN_POINT('',(19.986142069154,0.6,-2.910128936119));
#994 = CARTESIAN_POINT('',(19.791611225392,0.6,-2.914043629404));
#995 = CARTESIAN_POINT('',(19.376015552947,0.6,-2.922052520558));
#996 = CARTESIAN_POINT('',(19.154949807381,0.6,-2.926098558784));
#997 = CARTESIAN_POINT('',(18.933880005425,0.6,-2.929921052996));
#998 = CARTESIAN_POINT('',(18.712806280667,0.6,-2.933513728292));
#999 = CARTESIAN_POINT('',(18.491728799818,0.6,-2.93686939136));
#1000 = CARTESIAN_POINT('',(18.270647742748,0.6,-2.939978302108));
#1001 = CARTESIAN_POINT('',(18.049563304572,0.6,-2.942829092228));
#1002 = CARTESIAN_POINT('',(17.599925385256,0.6,-2.94808256223));
#1003 = CARTESIAN_POINT('',(17.371371743618,0.6,-2.95046651308));
#1004 = CARTESIAN_POINT('',(17.142815032714,0.6,-2.952554646108));
#1005 = CARTESIAN_POINT('',(16.914255621702,0.6,-2.954332800959));
#1006 = CARTESIAN_POINT('',(16.685693895939,0.6,-2.955791722539));
#1007 = CARTESIAN_POINT('',(16.45713032541,0.6,-2.956922734666));
#1008 = CARTESIAN_POINT('',(16.228565510641,0.6,-2.957711545402));
#1009 = CARTESIAN_POINT('',(16.,0.6,-2.958142270576));
#1010 = PCURVE('',#297,#1011);
#1011 = DEFINITIONAL_REPRESENTATION('',(#1012),#1099);
#1012 = B_SPLINE_CURVE_WITH_KNOTS('',8,(#1013,#1014,#1015,#1016,#1017,
    #1018,#1019,#1020,#1021,#1022,#1023,#1024,#1025,#1026,#1027,#1028,
    #1029,#1030,#1031,#1032,#1033,#1034,#1035,#1036,#1037,#1038,#1039,
    #1040,#1041,#1042,#1043,#1044,#1045,#1046,#1047,#1048,#1049,#1050,
    #1051,#1052,#1053,#1054,#1055,#1056,#1057,#1058,#1059,#1060,#1061,
    #1062,#1063,#1064,#1065,#1066,#1067,#1068,#1069,#1070,#1071,#1072,
    #1073,#1074,#1075,#1076,#1077,#1078,#1079,#1080,#1081,#1082,#1083,
    #1084,#1085,#1086,#1087,#1088,#1089,#1090,#1091,#1092,#1093,#1094,
    #1095,#1096,#1097,#1098),.UNSPECIFIED.,.F.,.F.,(9,7,7,7,7,7,7,7,7,7,
    7,7,9),(0.,0.107452252258,0.270014572338,0.350117766653,
    0.432576941856,0.526816069956,0.609275274278,0.675242599174,
    0.776549601258,0.828381128407,0.880212705423,0.939112283299,1.),
  .UNSPECIFIED.);
#1013 = CARTESIAN_POINT('',(1.658608395966,4.615384615385E-03));
#1014 = CARTESIAN_POINT('',(1.65290734632,4.615384615385E-03));
#1015 = CARTESIAN_POINT('',(1.647206296176,4.615384615385E-03));
#1016 = CARTESIAN_POINT('',(1.641505246459,4.615384615385E-03));
#1017 = CARTESIAN_POINT('',(1.635804197251,4.615384615385E-03));
#1018 = CARTESIAN_POINT('',(1.630103148193,4.615384615385E-03));
#1019 = CARTESIAN_POINT('',(1.624402098878,4.615384615385E-03));
#1020 = CARTESIAN_POINT('',(1.618701049252,4.615384615385E-03));
#1021 = CARTESIAN_POINT('',(1.604374998907,4.615384615385E-03));
#1022 = CARTESIAN_POINT('',(1.59574999857,4.615384615385E-03));
#1023 = CARTESIAN_POINT('',(1.587125001652,4.615384615385E-03));
#1024 = CARTESIAN_POINT('',(1.57849999472,4.615384615385E-03));
#1025 = CARTESIAN_POINT('',(1.569874998693,4.615384615385E-03));
#1026 = CARTESIAN_POINT('',(1.561249998609,4.615384615385E-03));
#1027 = CARTESIAN_POINT('',(1.552624998626,4.615384615385E-03));
#1028 = CARTESIAN_POINT('',(1.539749999505,4.615384615385E-03));
#1029 = CARTESIAN_POINT('',(1.535499999496,4.615384615385E-03));
#1030 = CARTESIAN_POINT('',(1.531250000223,4.615384615385E-03));
#1031 = CARTESIAN_POINT('',(1.52700000103,4.615384615384E-03));
#1032 = CARTESIAN_POINT('',(1.522750001354,4.615384615384E-03));
#1033 = CARTESIAN_POINT('',(1.518500001145,4.615384615385E-03));
#1034 = CARTESIAN_POINT('',(1.514250000712,4.615384615385E-03));
#1035 = CARTESIAN_POINT('',(1.505624999024,4.615384615385E-03));
#1036 = CARTESIAN_POINT('',(1.501249997925,4.615384615385E-03));
#1037 = CARTESIAN_POINT('',(1.496874997008,4.615384615385E-03));
#1038 = CARTESIAN_POINT('',(1.492499996215,4.615384615385E-03));
#1039 = CARTESIAN_POINT('',(1.48812499561,4.615384615385E-03));
#1040 = CARTESIAN_POINT('',(1.483749995592,4.615384615385E-03));
#1041 = CARTESIAN_POINT('',(1.479374996842,4.615384615385E-03));
#1042 = CARTESIAN_POINT('',(1.469999999857,4.615384615385E-03));
#1043 = CARTESIAN_POINT('',(1.46500000134,4.615384615386E-03));
#1044 = CARTESIAN_POINT('',(1.460000010703,4.615384615383E-03));
#1045 = CARTESIAN_POINT('',(1.455000013259,4.615384615387E-03));
#1046 = CARTESIAN_POINT('',(1.450000016481,4.615384615382E-03));
#1047 = CARTESIAN_POINT('',(1.445000013638,4.615384615386E-03));
#1048 = CARTESIAN_POINT('',(1.440000007803,4.615384615385E-03));
#1049 = CARTESIAN_POINT('',(1.430624994911,4.615384615385E-03));
#1050 = CARTESIAN_POINT('',(1.426249989229,4.615384615384E-03));
#1051 = CARTESIAN_POINT('',(1.421874985377,4.615384615385E-03));
#1052 = CARTESIAN_POINT('',(1.417499984765,4.615384615385E-03));
#1053 = CARTESIAN_POINT('',(1.413124987581,4.615384615384E-03));
#1054 = CARTESIAN_POINT('',(1.408749992731,4.615384615384E-03));
#1055 = CARTESIAN_POINT('',(1.40437499794,4.615384615385E-03));
#1056 = CARTESIAN_POINT('',(1.396500003694,4.615384615385E-03));
#1057 = CARTESIAN_POINT('',(1.393000005747,4.615384615385E-03));
#1058 = CARTESIAN_POINT('',(1.389500006372,4.615384615385E-03));
#1059 = CARTESIAN_POINT('',(1.386000005845,4.615384615385E-03));
#1060 = CARTESIAN_POINT('',(1.382500004508,4.615384615385E-03));
#1061 = CARTESIAN_POINT('',(1.379000002765,4.615384615385E-03));
#1062 = CARTESIAN_POINT('',(1.375500001084,4.615384615385E-03));
#1063 = CARTESIAN_POINT('',(1.366624996274,4.615384615385E-03));
#1064 = CARTESIAN_POINT('',(1.361249993102,4.615384615385E-03));
#1065 = CARTESIAN_POINT('',(1.355874998464,4.615384615384E-03));
#1066 = CARTESIAN_POINT('',(1.350499993448,4.615384615386E-03));
#1067 = CARTESIAN_POINT('',(1.345124998785,4.615384615384E-03));
#1068 = CARTESIAN_POINT('',(1.339749992072,4.615384615385E-03));
#1069 = CARTESIAN_POINT('',(1.334374996188,4.615384615385E-03));
#1070 = CARTESIAN_POINT('',(1.32624999995,4.615384615385E-03));
#1071 = CARTESIAN_POINT('',(1.323500000219,4.615384615385E-03));
#1072 = CARTESIAN_POINT('',(1.320750000456,4.615384615385E-03));
#1073 = CARTESIAN_POINT('',(1.31800000047,4.615384615385E-03));
#1074 = CARTESIAN_POINT('',(1.315250000227,4.615384615385E-03));
#1075 = CARTESIAN_POINT('',(1.312499999852,4.615384615385E-03));
#1076 = CARTESIAN_POINT('',(1.309749999629,4.615384615385E-03));
#1077 = CARTESIAN_POINT('',(1.304249997725,4.615384615385E-03));
#1078 = CARTESIAN_POINT('',(1.301499996028,4.615384615385E-03));
#1079 = CARTESIAN_POINT('',(1.298749995828,4.615384615385E-03));
#1080 = CARTESIAN_POINT('',(1.295999996892,4.615384615385E-03));
#1081 = CARTESIAN_POINT('',(1.293249998394,4.615384615385E-03));
#1082 = CARTESIAN_POINT('',(1.290499999467,4.615384615385E-03));
#1083 = CARTESIAN_POINT('',(1.287749999762,4.615384615385E-03));
#1084 = CARTESIAN_POINT('',(1.281874997165,4.615384615385E-03));
#1085 = CARTESIAN_POINT('',(1.278749994853,4.615384615385E-03));
#1086 = CARTESIAN_POINT('',(1.275624990499,4.615384615385E-03));
#1087 = CARTESIAN_POINT('',(1.272499987665,4.615384615385E-03));
#1088 = CARTESIAN_POINT('',(1.269374988956,4.615384615385E-03));
#1089 = CARTESIAN_POINT('',(1.266249993199,4.615384615385E-03));
#1090 = CARTESIAN_POINT('',(1.263124996904,4.615384615385E-03));
#1091 = CARTESIAN_POINT('',(1.256769519697,4.615384615385E-03));
#1092 = CARTESIAN_POINT('',(1.253539038968,4.615384615385E-03));
#1093 = CARTESIAN_POINT('',(1.250308559172,4.615384615385E-03));
#1094 = CARTESIAN_POINT('',(1.247078076099,4.615384615385E-03));
#1095 = CARTESIAN_POINT('',(1.243847593321,4.615384615385E-03));
#1096 = CARTESIAN_POINT('',(1.240617116901,4.615384615384E-03));
#1097 = CARTESIAN_POINT('',(1.237386646025,4.615384615385E-03));
#1098 = CARTESIAN_POINT('',(1.234156174094,4.615384615385E-03));
#1099 = ( GEOMETRIC_REPRESENTATION_CONTEXT(2) 
PARAMETRIC_REPRESENTATION_CONTEXT() REPRESENTATION_CONTEXT('2D SPACE',''
  ) );
#1100 = PCURVE('',#1101,#1106);
#1101 = PLANE('',#1102);
#1102 = AXIS2_PLACEMENT_3D('',#1103,#1104,#1105);
#1103 = CARTESIAN_POINT('',(16.,0.6,-3.));
#1104 = DIRECTION('',(-0.,1.,0.));
#1105 = DIRECTION('',(0.,0.,1.));
#1106 = DEFINITIONAL_REPRESENTATION('',(#1107),#1194);
#1107 = B_SPLINE_CURVE_WITH_KNOTS('',8,(#1108,#1109,#1110,#1111,#1112,
    #1113,#1114,#1115,#1116,#1117,#1118,#1119,#1120,#1121,#1122,#1123,
    #1124,#1125,#1126,#1127,#1128,#1129,#1130,#1131,#1132,#1133,#1134,
    #1135,#1136,#1137,#1138,#1139,#1140,#1141,#1142,#1143,#1144,#1145,
    #1146,#1147,#1148,#1149,#1150,#1151,#1152,#1153,#1154,#1155,#1156,
    #1157,#1158,#1159,#1160,#1161,#1162,#1163,#1164,#1165,#1166,#1167,
    #1168,#1169,#1170,#1171,#1172,#1173,#1174,#1175,#1176,#1177,#1178,
    #1179,#1180,#1181,#1182,#1183,#1184,#1185,#1186,#1187,#1188,#1189,
    #1190,#1191,#1192,#1193),.UNSPECIFIED.,.F.,.F.,(9,7,7,7,7,7,7,7,7,7,
    7,7,9),(0.,0.107452252258,0.270014572338,0.350117766653,
    0.432576941856,0.526816069956,0.609275274278,0.675242599174,
    0.776549601258,0.828381128407,0.880212705423,0.939112283299,1.),
  .UNSPECIFIED.);
#1108 = CARTESIAN_POINT('',(1.312463778591,30.));
#1109 = CARTESIAN_POINT('',(1.286642460951,29.597463221168));
#1110 = CARTESIAN_POINT('',(1.260934380644,29.194919179771));
#1111 = CARTESIAN_POINT('',(1.23534333385,28.792367666023));
#1112 = CARTESIAN_POINT('',(1.209874788541,28.38980837256));
#1113 = CARTESIAN_POINT('',(1.184535281316,27.987240932418));
#1114 = CARTESIAN_POINT('',(1.159331814221,27.584664957014));
#1115 = CARTESIAN_POINT('',(1.134271251582,27.182080074126));
#1116 = CARTESIAN_POINT('',(1.071671564174,26.170409553668));
#1117 = CARTESIAN_POINT('',(1.034325117436,25.561312035858));
#1118 = CARTESIAN_POINT('',(0.997339169638,24.952192400833));
#1119 = CARTESIAN_POINT('',(0.960769545897,24.343047566796));
#1120 = CARTESIAN_POINT('',(0.924604056604,23.733878487488));
#1121 = CARTESIAN_POINT('',(0.888907813257,23.124681807552));
#1122 = CARTESIAN_POINT('',(0.85370512398,22.51545648772));
#1123 = CARTESIAN_POINT('',(0.801947543793,21.605988026995));
#1124 = CARTESIAN_POINT('',(0.78499104971,21.305767765271));
#1125 = CARTESIAN_POINT('',(0.768167299805,21.005540013369));
#1126 = CARTESIAN_POINT('',(0.75148244311,20.705304494458));
#1127 = CARTESIAN_POINT('',(0.734942765222,20.405060935446));
#1128 = CARTESIAN_POINT('',(0.718553917963,20.104809112282));
#1129 = CARTESIAN_POINT('',(0.702321182556,19.804548833862));
#1130 = CARTESIAN_POINT('',(0.669707689847,19.195179437793));
#1131 = CARTESIAN_POINT('',(0.65333654226,18.886069813459));
#1132 = CARTESIAN_POINT('',(0.637144096925,18.576950736825));
#1133 = CARTESIAN_POINT('',(0.621134547265,18.267822108281));
#1134 = CARTESIAN_POINT('',(0.605311859911,17.958683852675));
#1135 = CARTESIAN_POINT('',(0.589680798032,17.649535862825));
#1136 = CARTESIAN_POINT('',(0.574246614822,17.340378017214));
#1137 = CARTESIAN_POINT('',(0.541604035346,16.67787544056));
#1138 = CARTESIAN_POINT('',(0.524459510169,16.32452754289));
#1139 = CARTESIAN_POINT('',(0.507567578043,15.971167385998));
#1140 = CARTESIAN_POINT('',(0.49099517899,15.617792012464));
#1141 = CARTESIAN_POINT('',(0.474730963889,15.264402288724));
#1142 = CARTESIAN_POINT('',(0.458822386494,14.910996382471));
#1143 = CARTESIAN_POINT('',(0.443284366675,14.557574091634));
#1144 = CARTESIAN_POINT('',(0.41489690027,13.894875370366));
#1145 = CARTESIAN_POINT('',(0.401953708217,13.585603025645));
#1146 = CARTESIAN_POINT('',(0.389286360515,13.276319200495));
#1147 = CARTESIAN_POINT('',(0.376867215657,12.967025313716));
#1148 = CARTESIAN_POINT('',(0.364668342785,12.657722710442));
#1149 = CARTESIAN_POINT('',(0.35266126805,12.348412669499));
#1150 = CARTESIAN_POINT('',(0.340817560283,12.039096384039));
#1151 = CARTESIAN_POINT('',(0.319744418031,11.482317885199));
#1152 = CARTESIAN_POINT('',(0.310467760352,11.234857479946));
#1153 = CARTESIAN_POINT('',(0.301283024103,10.987393633058));
#1154 = CARTESIAN_POINT('',(0.292192950542,10.739926282448));
#1155 = CARTESIAN_POINT('',(0.28320028104,10.492455370562));
#1156 = CARTESIAN_POINT('',(0.274307757081,10.244980844374));
#1157 = CARTESIAN_POINT('',(0.265518120259,9.997502655391));
#1158 = CARTESIAN_POINT('',(0.243497952058,9.369959131144));
#1159 = CARTESIAN_POINT('',(0.230412918021,8.989888676901));
#1160 = CARTESIAN_POINT('',(0.21756886632,8.609809931042));
#1161 = CARTESIAN_POINT('',(0.205046955131,8.229720314663));
#1162 = CARTESIAN_POINT('',(0.192829420381,7.849620784285));
#1163 = CARTESIAN_POINT('',(0.180980553647,7.469509552421));
#1164 = CARTESIAN_POINT('',(0.169513077681,7.089386735372));
#1165 = CARTESIAN_POINT('',(0.152811280857,6.514763868018));
#1166 = CARTESIAN_POINT('',(0.147267758016,6.320272855889));
#1167 = CARTESIAN_POINT('',(0.14183788663,6.125778611844));
#1168 = CARTESIAN_POINT('',(0.136525922714,5.931281093992));
#1169 = CARTESIAN_POINT('',(0.131336122577,5.736780271659));
#1170 = CARTESIAN_POINT('',(0.126272742814,5.542276125393));
#1171 = CARTESIAN_POINT('',(0.121340040314,5.34776864696));
#1172 = CARTESIAN_POINT('',(0.111744499579,4.958746844596));
#1173 = CARTESIAN_POINT('',(0.107081657663,4.764232519249));
#1174 = CARTESIAN_POINT('',(0.102557643933,4.569714876765));
#1175 = CARTESIAN_POINT('',(9.817742787115E-02,4.375193918459));
#1176 = CARTESIAN_POINT('',(9.394662383412E-02,4.180669645209));
#1177 = CARTESIAN_POINT('',(8.987106388143E-02,3.986142069154));
#1178 = CARTESIAN_POINT('',(8.595637059646E-02,3.791611225392));
#1179 = CARTESIAN_POINT('',(7.794747944196E-02,3.376015552947));
#1180 = CARTESIAN_POINT('',(7.39014412157E-02,3.154949807381));
#1181 = CARTESIAN_POINT('',(7.007894700403E-02,2.933880005425));
#1182 = CARTESIAN_POINT('',(6.648627170768E-02,2.712806280667));
#1183 = CARTESIAN_POINT('',(6.313060864034E-02,2.491728799818));
#1184 = CARTESIAN_POINT('',(6.002169789216E-02,2.270647742748));
#1185 = CARTESIAN_POINT('',(5.717090777223E-02,2.049563304572));
#1186 = CARTESIAN_POINT('',(5.191743776968E-02,1.599925385256));
#1187 = CARTESIAN_POINT('',(4.953348692E-02,1.371371743618));
#1188 = CARTESIAN_POINT('',(4.744535389217E-02,1.142815032714));
#1189 = CARTESIAN_POINT('',(4.566719904061E-02,0.914255621702));
#1190 = CARTESIAN_POINT('',(4.420827746083E-02,0.685693895939));
#1191 = CARTESIAN_POINT('',(4.307726533392E-02,0.45713032541));
#1192 = CARTESIAN_POINT('',(4.228845459751E-02,0.228565510641));
#1193 = CARTESIAN_POINT('',(4.185772942387E-02,0.));
#1194 = ( GEOMETRIC_REPRESENTATION_CONTEXT(2) 
PARAMETRIC_REPRESENTATION_CONTEXT() REPRESENTATION_CONTEXT('2D SPACE',''
  ) );
#1195 = ORIENTED_EDGE('',*,*,#1196,.F.);
#1196 = EDGE_CURVE('',#588,#920,#1197,.T.);
#1197 = SURFACE_CURVE('',#1198,(#1204,#1213),.PCURVE_S1.);
#1198 = B_SPLINE_CURVE_WITH_KNOTS('',4,(#1199,#1200,#1201,#1202,#1203),
  .UNSPECIFIED.,.F.,.F.,(5,5),(0.,1.),.PIECEWISE_BEZIER_KNOTS.);
#1199 = CARTESIAN_POINT('',(46.,0.,-1.681799052744));
#1200 = CARTESIAN_POINT('',(46.,0.149999987306,-1.683235249474));
#1201 = CARTESIAN_POINT('',(46.,0.299999983016,-1.684670185374));
#1202 = CARTESIAN_POINT('',(46.,0.449999987218,-1.686103847183));
#1203 = CARTESIAN_POINT('',(46.,0.6,-1.687536221409));
#1204 = PCURVE('',#297,#1205);
#1205 = DEFINITIONAL_REPRESENTATION('',(#1206),#1212);
#1206 = B_SPLINE_CURVE_WITH_KNOTS('',4,(#1207,#1208,#1209,#1210,#1211),
  .UNSPECIFIED.,.F.,.F.,(5,5),(0.,1.),.PIECEWISE_BEZIER_KNOTS.);
#1207 = CARTESIAN_POINT('',(1.660852724295,0.));
#1208 = CARTESIAN_POINT('',(1.660293120235,1.153846056196E-03));
#1209 = CARTESIAN_POINT('',(1.659732533363,2.307692177044E-03));
#1210 = CARTESIAN_POINT('',(1.659170959804,3.461538363218E-03));
#1211 = CARTESIAN_POINT('',(1.658608395637,4.615384615385E-03));
#1212 = ( GEOMETRIC_REPRESENTATION_CONTEXT(2) 
PARAMETRIC_REPRESENTATION_CONTEXT() REPRESENTATION_CONTEXT('2D SPACE',''
  ) );
#1213 = PCURVE('',#713,#1214);
#1214 = DEFINITIONAL_REPRESENTATION('',(#1215),#1221);
#1215 = B_SPLINE_CURVE_WITH_KNOTS('',4,(#1216,#1217,#1218,#1219,#1220),
  .UNSPECIFIED.,.F.,.F.,(5,5),(0.,1.),.PIECEWISE_BEZIER_KNOTS.);
#1216 = CARTESIAN_POINT('',(1.318200947256,-16.));
#1217 = CARTESIAN_POINT('',(1.316764750526,-16.1499999873));
#1218 = CARTESIAN_POINT('',(1.315329814626,-16.29999998301));
#1219 = CARTESIAN_POINT('',(1.313896152817,-16.44999998721));
#1220 = CARTESIAN_POINT('',(1.312463778591,-16.6));
#1221 = ( GEOMETRIC_REPRESENTATION_CONTEXT(2) 
PARAMETRIC_REPRESENTATION_CONTEXT() REPRESENTATION_CONTEXT('2D SPACE',''
  ) );
#1222 = ORIENTED_EDGE('',*,*,#587,.T.);
#1223 = ORIENTED_EDGE('',*,*,#562,.T.);
#1224 = ORIENTED_EDGE('',*,*,#1225,.F.);
#1225 = EDGE_CURVE('',#282,#447,#1226,.T.);
#1226 = SURFACE_CURVE('',#1227,(#1275,#1282),.PCURVE_S1.);
#1227 = B_SPLINE_CURVE_WITH_KNOTS('',3,(#1228,#1229,#1230,#1231,#1232,
    #1233,#1234,#1235,#1236,#1237,#1238,#1239,#1240,#1241,#1242,#1243,
    #1244,#1245,#1246,#1247,#1248,#1249,#1250,#1251,#1252,#1253,#1254,
    #1255,#1256,#1257,#1258,#1259,#1260,#1261,#1262,#1263,#1264,#1265,
    #1266,#1267,#1268,#1269,#1270,#1271,#1272,#1273,#1274),
  .UNSPECIFIED.,.F.,.F.,(4,1,1,1,1,1,1,1,1,1,1,1,1,1,1,1,1,1,1,1,1,1,1,1
    ,1,1,1,1,1,1,1,1,1,1,1,1,1,1,1,1,1,1,1,1,4),(1.,1.006306272119,
    1.013374840337,1.021878472168,1.032180969574,1.044452099658,
    1.058755159554,1.075093119796,1.093431814394,1.113712075531,
    1.13585648416,1.159773361275,1.185359262256,1.212500620141,
    1.241074892928,1.270951425024,1.301992155141,1.334052256939,
    1.36698076855,1.400621245402,1.435038952021,1.469885112111,
    1.504935691107,1.540014560117,1.574944533616,1.609548394557,
    1.643649903707,1.677074783173,1.709651667609,1.74121301989,
    1.771596010901,1.800643365189,1.828204175673,1.854134691185,
    1.878299080448,1.900570175159,1.920830193118,1.93897144,
    1.954896985468,1.968521306216,1.979770885524,1.988584756409,
    1.994914973922,1.998727001814,2.),.UNSPECIFIED.);
#1228 = CARTESIAN_POINT('',(60.61999556015,130.,0.));
#1229 = CARTESIAN_POINT('',(60.626395859743,130.,-6.615926897476E-02));
#1230 = CARTESIAN_POINT('',(60.669323362656,130.,-0.195354314304));
#1231 = CARTESIAN_POINT('',(60.812900957281,130.,-0.370742617797));
#1232 = CARTESIAN_POINT('',(61.027044117327,130.,-0.524523493904));
#1233 = CARTESIAN_POINT('',(61.310804826607,130.,-0.663649149534));
#1234 = CARTESIAN_POINT('',(61.6637557083,130.,-0.788146392627));
#1235 = CARTESIAN_POINT('',(62.084785732839,130.,-0.89849523728));
#1236 = CARTESIAN_POINT('',(62.572044021166,130.,-0.994409859186));
#1237 = CARTESIAN_POINT('',(63.123177362792,130.,-1.075807346407));
#1238 = CARTESIAN_POINT('',(63.735444571376,130.,-1.142673274316));
#1239 = CARTESIAN_POINT('',(64.405797564946,130.,-1.195182685297));
#1240 = CARTESIAN_POINT('',(65.130927670288,130.,-1.233699955496));
#1241 = CARTESIAN_POINT('',(65.907298100516,130.,-1.258799154484));
#1242 = CARTESIAN_POINT('',(66.731166466204,130.,-1.271264427958));
#1243 = CARTESIAN_POINT('',(67.598601395066,130.,-1.272082663918));
#1244 = CARTESIAN_POINT('',(68.505495088312,130.,-1.26242677412));
#1245 = CARTESIAN_POINT('',(69.447573068907,130.,-1.243621905996));
#1246 = CARTESIAN_POINT('',(70.420403520943,130.,-1.217132711838));
#1247 = CARTESIAN_POINT('',(71.41940288267,130.,-1.184427547214));
#1248 = CARTESIAN_POINT('',(72.442150129617,130.,-1.147206767155));
#1249 = CARTESIAN_POINT('',(73.484202076959,130.,-1.106097081307));
#1250 = CARTESIAN_POINT('',(74.540226510498,130.,-1.057224056203));
#1251 = CARTESIAN_POINT('',(75.602700273235,130.,-1.003112652052));
#1252 = CARTESIAN_POINT('',(76.665795639239,130.,-0.944679733701));
#1253 = CARTESIAN_POINT('',(77.724180415442,130.,-0.883151240414));
#1254 = CARTESIAN_POINT('',(78.772519217197,130.,-0.819547175981));
#1255 = CARTESIAN_POINT('',(79.80550572401,130.,-0.754808544434));
#1256 = CARTESIAN_POINT('',(80.817888922617,130.,-0.689755961135));
#1257 = CARTESIAN_POINT('',(81.80450120713,130.,-0.625102656724));
#1258 = CARTESIAN_POINT('',(82.760285860703,130.,-0.561461324691));
#1259 = CARTESIAN_POINT('',(83.680324249634,130.,-0.499358920733));
#1260 = CARTESIAN_POINT('',(84.559862397701,130.,-0.439253495585));
#1261 = CARTESIAN_POINT('',(85.394336859507,130.,-0.381552220232));
#1262 = CARTESIAN_POINT('',(86.179399812217,130.,-0.326628497144));
#1263 = CARTESIAN_POINT('',(86.910943327913,130.,-0.274836620807));
#1264 = CARTESIAN_POINT('',(87.58512279164,130.,-0.226522714591));
#1265 = CARTESIAN_POINT('',(88.198379412676,130.,-0.18203113507));
#1266 = CARTESIAN_POINT('',(88.747461736931,130.,-0.141706020059));
#1267 = CARTESIAN_POINT('',(89.229446014667,130.,-0.105888152411));
#1268 = CARTESIAN_POINT('',(89.64175521851,130.,-7.490776568639E-02));
#1269 = CARTESIAN_POINT('',(89.98217645175,130.,-4.907429296608E-02));
#1270 = CARTESIAN_POINT('',(90.248876445468,130.,-2.86643251536E-02));
#1271 = CARTESIAN_POINT('',(90.440414822515,130.,-1.390917813593E-02));
#1272 = CARTESIAN_POINT('',(90.555754812144,130.,-4.9834641853E-03));
#1273 = CARTESIAN_POINT('',(90.607133368394,130.,-9.9824777556E-04));
#1274 = CARTESIAN_POINT('',(90.61999556015,130.,-4.984938251467E-16));
#1275 = PCURVE('',#297,#1276);
#1276 = DEFINITIONAL_REPRESENTATION('',(#1277),#1281);
#1277 = LINE('',#1278,#1279);
#1278 = CARTESIAN_POINT('',(0.,1.));
#1279 = VECTOR('',#1280,1.);
#1280 = DIRECTION('',(1.,0.));
#1281 = ( GEOMETRIC_REPRESENTATION_CONTEXT(2) 
PARAMETRIC_REPRESENTATION_CONTEXT() REPRESENTATION_CONTEXT('2D SPACE',''
  ) );
#1282 = PCURVE('',#506,#1283);
#1283 = DEFINITIONAL_REPRESENTATION('',(#1284),#1332);
#1284 = B_SPLINE_CURVE_WITH_KNOTS('',3,(#1285,#1286,#1287,#1288,#1289,
    #1290,#1291,#1292,#1293,#1294,#1295,#1296,#1297,#1298,#1299,#1300,
    #1301,#1302,#1303,#1304,#1305,#1306,#1307,#1308,#1309,#1310,#1311,
    #1312,#1313,#1314,#1315,#1316,#1317,#1318,#1319,#1320,#1321,#1322,
    #1323,#1324,#1325,#1326,#1327,#1328,#1329,#1330,#1331),
  .UNSPECIFIED.,.F.,.F.,(4,1,1,1,1,1,1,1,1,1,1,1,1,1,1,1,1,1,1,1,1,1,1,1
    ,1,1,1,1,1,1,1,1,1,1,1,1,1,1,1,1,1,1,1,1,4),(1.,1.006306272119,
    1.013374840337,1.021878472168,1.032180969574,1.044452099658,
    1.058755159554,1.075093119796,1.093431814394,1.113712075531,
    1.13585648416,1.159773361275,1.185359262256,1.212500620141,
    1.241074892928,1.270951425024,1.301992155141,1.334052256939,
    1.36698076855,1.400621245402,1.435038952021,1.469885112111,
    1.504935691107,1.540014560117,1.574944533616,1.609548394557,
    1.643649903707,1.677074783173,1.709651667609,1.74121301989,
    1.771596010901,1.800643365189,1.828204175673,1.854134691185,
    1.878299080448,1.900570175159,1.920830193118,1.93897144,
    1.954896985468,1.968521306216,1.979770885524,1.988584756409,
    1.994914973922,1.998727001814,2.),.UNSPECIFIED.);
#1285 = CARTESIAN_POINT('',(30.,1.972152263053E-31));
#1286 = CARTESIAN_POINT('',(29.993599700407,-6.615926897476E-02));
#1287 = CARTESIAN_POINT('',(29.950672197494,-0.195354314304));
#1288 = CARTESIAN_POINT('',(29.807094602869,-0.370742617797));
#1289 = CARTESIAN_POINT('',(29.592951442823,-0.524523493904));
#1290 = CARTESIAN_POINT('',(29.309190733543,-0.663649149534));
#1291 = CARTESIAN_POINT('',(28.95623985185,-0.788146392627));
#1292 = CARTESIAN_POINT('',(28.535209827311,-0.89849523728));
#1293 = CARTESIAN_POINT('',(28.047951538984,-0.994409859186));
#1294 = CARTESIAN_POINT('',(27.496818197358,-1.075807346407));
#1295 = CARTESIAN_POINT('',(26.884550988774,-1.142673274316));
#1296 = CARTESIAN_POINT('',(26.214197995204,-1.195182685297));
#1297 = CARTESIAN_POINT('',(25.489067889862,-1.233699955496));
#1298 = CARTESIAN_POINT('',(24.712697459634,-1.258799154484));
#1299 = CARTESIAN_POINT('',(23.888829093946,-1.271264427958));
#1300 = CARTESIAN_POINT('',(23.021394165084,-1.272082663918));
#1301 = CARTESIAN_POINT('',(22.114500471837,-1.26242677412));
#1302 = CARTESIAN_POINT('',(21.172422491242,-1.243621905996));
#1303 = CARTESIAN_POINT('',(20.199592039207,-1.217132711838));
#1304 = CARTESIAN_POINT('',(19.200592677479,-1.184427547214));
#1305 = CARTESIAN_POINT('',(18.177845430533,-1.147206767155));
#1306 = CARTESIAN_POINT('',(17.135793483191,-1.106097081307));
#1307 = CARTESIAN_POINT('',(16.079769049652,-1.057224056203));
#1308 = CARTESIAN_POINT('',(15.017295286915,-1.003112652052));
#1309 = CARTESIAN_POINT('',(13.954199920911,-0.944679733701));
#1310 = CARTESIAN_POINT('',(12.895815144708,-0.883151240414));
#1311 = CARTESIAN_POINT('',(11.847476342953,-0.819547175981));
#1312 = CARTESIAN_POINT('',(10.814489836139,-0.754808544434));
#1313 = CARTESIAN_POINT('',(9.802106637533,-0.689755961135));
#1314 = CARTESIAN_POINT('',(8.81549435302,-0.625102656724));
#1315 = CARTESIAN_POINT('',(7.859709699447,-0.561461324691));
#1316 = CARTESIAN_POINT('',(6.939671310516,-0.499358920733));
#1317 = CARTESIAN_POINT('',(6.060133162449,-0.439253495585));
#1318 = CARTESIAN_POINT('',(5.225658700643,-0.381552220232));
#1319 = CARTESIAN_POINT('',(4.440595747933,-0.326628497144));
#1320 = CARTESIAN_POINT('',(3.709052232237,-0.274836620807));
#1321 = CARTESIAN_POINT('',(3.03487276851,-0.226522714591));
#1322 = CARTESIAN_POINT('',(2.421616147474,-0.18203113507));
#1323 = CARTESIAN_POINT('',(1.872533823219,-0.141706020059));
#1324 = CARTESIAN_POINT('',(1.390549545483,-0.105888152411));
#1325 = CARTESIAN_POINT('',(0.97824034164,-7.490776568639E-02));
#1326 = CARTESIAN_POINT('',(0.6378191084,-4.907429296608E-02));
#1327 = CARTESIAN_POINT('',(0.371119114682,-2.86643251536E-02));
#1328 = CARTESIAN_POINT('',(0.179580737634,-1.390917813593E-02));
#1329 = CARTESIAN_POINT('',(6.424074800552E-02,-4.9834641853E-03));
#1330 = CARTESIAN_POINT('',(1.286219175577E-02,-9.982477755595E-04));
#1331 = CARTESIAN_POINT('',(0.,0.));
#1332 = ( GEOMETRIC_REPRESENTATION_CONTEXT(2) 
PARAMETRIC_REPRESENTATION_CONTEXT() REPRESENTATION_CONTEXT('2D SPACE',''
  ) );
#1333 = ADVANCED_FACE('',(#1334),#506,.T.);
#1334 = FACE_BOUND('',#1335,.F.);
#1335 = EDGE_LOOP('',(#1336,#1337));
#1336 = ORIENTED_EDGE('',*,*,#446,.T.);
#1337 = ORIENTED_EDGE('',*,*,#1225,.T.);
#1338 = ADVANCED_FACE('',(#1339),#765,.F.);
#1339 = FACE_BOUND('',#1340,.F.);
#1340 = EDGE_LOOP('',(#1341,#1364,#1392,#1420,#1441,#1442));
#1341 = ORIENTED_EDGE('',*,*,#1342,.F.);
#1342 = EDGE_CURVE('',#1343,#725,#1345,.T.);
#1343 = VERTEX_POINT('',#1344);
#1344 = CARTESIAN_POINT('',(16.,-16.,3.));
#1345 = SURFACE_CURVE('',#1346,(#1350,#1357),.PCURVE_S1.);
#1346 = LINE('',#1347,#1348);
#1347 = CARTESIAN_POINT('',(16.,-16.,3.));
#1348 = VECTOR('',#1349,1.);
#1349 = DIRECTION('',(-0.,1.,0.));
#1350 = PCURVE('',#765,#1351);
#1351 = DEFINITIONAL_REPRESENTATION('',(#1352),#1356);
#1352 = LINE('',#1353,#1354);
#1353 = CARTESIAN_POINT('',(6.,0.));
#1354 = VECTOR('',#1355,1.);
#1355 = DIRECTION('',(0.,-1.));
#1356 = ( GEOMETRIC_REPRESENTATION_CONTEXT(2) 
PARAMETRIC_REPRESENTATION_CONTEXT() REPRESENTATION_CONTEXT('2D SPACE',''
  ) );
#1357 = PCURVE('',#739,#1358);
#1358 = DEFINITIONAL_REPRESENTATION('',(#1359),#1363);
#1359 = LINE('',#1360,#1361);
#1360 = CARTESIAN_POINT('',(0.,0.));
#1361 = VECTOR('',#1362,1.);
#1362 = DIRECTION('',(0.,1.));
#1363 = ( GEOMETRIC_REPRESENTATION_CONTEXT(2) 
PARAMETRIC_REPRESENTATION_CONTEXT() REPRESENTATION_CONTEXT('2D SPACE',''
  ) );
#1364 = ORIENTED_EDGE('',*,*,#1365,.F.);
#1365 = EDGE_CURVE('',#1366,#1343,#1368,.T.);
#1366 = VERTEX_POINT('',#1367);
#1367 = CARTESIAN_POINT('',(16.,-16.,-3.));
#1368 = SURFACE_CURVE('',#1369,(#1373,#1380),.PCURVE_S1.);
#1369 = LINE('',#1370,#1371);
#1370 = CARTESIAN_POINT('',(16.,-16.,-3.));
#1371 = VECTOR('',#1372,1.);
#1372 = DIRECTION('',(0.,0.,1.));
#1373 = PCURVE('',#765,#1374);
#1374 = DEFINITIONAL_REPRESENTATION('',(#1375),#1379);
#1375 = LINE('',#1376,#1377);
#1376 = CARTESIAN_POINT('',(0.,0.));
#1377 = VECTOR('',#1378,1.);
#1378 = DIRECTION('',(1.,0.));
#1379 = ( GEOMETRIC_REPRESENTATION_CONTEXT(2) 
PARAMETRIC_REPRESENTATION_CONTEXT() REPRESENTATION_CONTEXT('2D SPACE',''
  ) );
#1380 = PCURVE('',#1381,#1386);
#1381 = PLANE('',#1382);
#1382 = AXIS2_PLACEMENT_3D('',#1383,#1384,#1385);
#1383 = CARTESIAN_POINT('',(16.,-16.,-3.));
#1384 = DIRECTION('',(-0.,1.,0.));
#1385 = DIRECTION('',(0.,0.,1.));
#1386 = DEFINITIONAL_REPRESENTATION('',(#1387),#1391);
#1387 = LINE('',#1388,#1389);
#1388 = CARTESIAN_POINT('',(0.,0.));
#1389 = VECTOR('',#1390,1.);
#1390 = DIRECTION('',(1.,0.));
#1391 = ( GEOMETRIC_REPRESENTATION_CONTEXT(2) 
PARAMETRIC_REPRESENTATION_CONTEXT() REPRESENTATION_CONTEXT('2D SPACE',''
  ) );
#1392 = ORIENTED_EDGE('',*,*,#1393,.T.);
#1393 = EDGE_CURVE('',#1366,#1394,#1396,.T.);
#1394 = VERTEX_POINT('',#1395);
#1395 = CARTESIAN_POINT('',(16.,0.6,-3.));
#1396 = SURFACE_CURVE('',#1397,(#1401,#1408),.PCURVE_S1.);
#1397 = LINE('',#1398,#1399);
#1398 = CARTESIAN_POINT('',(16.,-16.,-3.));
#1399 = VECTOR('',#1400,1.);
#1400 = DIRECTION('',(-0.,1.,0.));
#1401 = PCURVE('',#765,#1402);
#1402 = DEFINITIONAL_REPRESENTATION('',(#1403),#1407);
#1403 = LINE('',#1404,#1405);
#1404 = CARTESIAN_POINT('',(0.,0.));
#1405 = VECTOR('',#1406,1.);
#1406 = DIRECTION('',(0.,-1.));
#1407 = ( GEOMETRIC_REPRESENTATION_CONTEXT(2) 
PARAMETRIC_REPRESENTATION_CONTEXT() REPRESENTATION_CONTEXT('2D SPACE',''
  ) );
#1408 = PCURVE('',#1409,#1414);
#1409 = PLANE('',#1410);
#1410 = AXIS2_PLACEMENT_3D('',#1411,#1412,#1413);
#1411 = CARTESIAN_POINT('',(16.,-16.,-3.));
#1412 = DIRECTION('',(0.,0.,1.));
#1413 = DIRECTION('',(1.,0.,-0.));
#1414 = DEFINITIONAL_REPRESENTATION('',(#1415),#1419);
#1415 = LINE('',#1416,#1417);
#1416 = CARTESIAN_POINT('',(0.,0.));
#1417 = VECTOR('',#1418,1.);
#1418 = DIRECTION('',(0.,1.));
#1419 = ( GEOMETRIC_REPRESENTATION_CONTEXT(2) 
PARAMETRIC_REPRESENTATION_CONTEXT() REPRESENTATION_CONTEXT('2D SPACE',''
  ) );
#1420 = ORIENTED_EDGE('',*,*,#1421,.T.);
#1421 = EDGE_CURVE('',#1394,#891,#1422,.T.);
#1422 = SURFACE_CURVE('',#1423,(#1427,#1434),.PCURVE_S1.);
#1423 = LINE('',#1424,#1425);
#1424 = CARTESIAN_POINT('',(16.,0.6,-3.));
#1425 = VECTOR('',#1426,1.);
#1426 = DIRECTION('',(0.,0.,1.));
#1427 = PCURVE('',#765,#1428);
#1428 = DEFINITIONAL_REPRESENTATION('',(#1429),#1433);
#1429 = LINE('',#1430,#1431);
#1430 = CARTESIAN_POINT('',(0.,-16.6));
#1431 = VECTOR('',#1432,1.);
#1432 = DIRECTION('',(1.,0.));
#1433 = ( GEOMETRIC_REPRESENTATION_CONTEXT(2) 
PARAMETRIC_REPRESENTATION_CONTEXT() REPRESENTATION_CONTEXT('2D SPACE',''
  ) );
#1434 = PCURVE('',#1101,#1435);
#1435 = DEFINITIONAL_REPRESENTATION('',(#1436),#1440);
#1436 = LINE('',#1437,#1438);
#1437 = CARTESIAN_POINT('',(0.,0.));
#1438 = VECTOR('',#1439,1.);
#1439 = DIRECTION('',(1.,0.));
#1440 = ( GEOMETRIC_REPRESENTATION_CONTEXT(2) 
PARAMETRIC_REPRESENTATION_CONTEXT() REPRESENTATION_CONTEXT('2D SPACE',''
  ) );
#1441 = ORIENTED_EDGE('',*,*,#890,.F.);
#1442 = ORIENTED_EDGE('',*,*,#750,.F.);
#1443 = ADVANCED_FACE('',(#1444),#739,.T.);
#1444 = FACE_BOUND('',#1445,.T.);
#1445 = EDGE_LOOP('',(#1446,#1447,#1470,#1491));
#1446 = ORIENTED_EDGE('',*,*,#1342,.F.);
#1447 = ORIENTED_EDGE('',*,*,#1448,.T.);
#1448 = EDGE_CURVE('',#1343,#1449,#1451,.T.);
#1449 = VERTEX_POINT('',#1450);
#1450 = CARTESIAN_POINT('',(46.,-16.,3.));
#1451 = SURFACE_CURVE('',#1452,(#1456,#1463),.PCURVE_S1.);
#1452 = LINE('',#1453,#1454);
#1453 = CARTESIAN_POINT('',(16.,-16.,3.));
#1454 = VECTOR('',#1455,1.);
#1455 = DIRECTION('',(1.,0.,-0.));
#1456 = PCURVE('',#739,#1457);
#1457 = DEFINITIONAL_REPRESENTATION('',(#1458),#1462);
#1458 = LINE('',#1459,#1460);
#1459 = CARTESIAN_POINT('',(0.,0.));
#1460 = VECTOR('',#1461,1.);
#1461 = DIRECTION('',(1.,0.));
#1462 = ( GEOMETRIC_REPRESENTATION_CONTEXT(2) 
PARAMETRIC_REPRESENTATION_CONTEXT() REPRESENTATION_CONTEXT('2D SPACE',''
  ) );
#1463 = PCURVE('',#1381,#1464);
#1464 = DEFINITIONAL_REPRESENTATION('',(#1465),#1469);
#1465 = LINE('',#1466,#1467);
#1466 = CARTESIAN_POINT('',(6.,0.));
#1467 = VECTOR('',#1468,1.);
#1468 = DIRECTION('',(0.,1.));
#1469 = ( GEOMETRIC_REPRESENTATION_CONTEXT(2) 
PARAMETRIC_REPRESENTATION_CONTEXT() REPRESENTATION_CONTEXT('2D SPACE',''
  ) );
#1470 = ORIENTED_EDGE('',*,*,#1471,.T.);
#1471 = EDGE_CURVE('',#1449,#699,#1472,.T.);
#1472 = SURFACE_CURVE('',#1473,(#1477,#1484),.PCURVE_S1.);
#1473 = LINE('',#1474,#1475);
#1474 = CARTESIAN_POINT('',(46.,-16.,3.));
#1475 = VECTOR('',#1476,1.);
#1476 = DIRECTION('',(-0.,1.,0.));
#1477 = PCURVE('',#739,#1478);
#1478 = DEFINITIONAL_REPRESENTATION('',(#1479),#1483);
#1479 = LINE('',#1480,#1481);
#1480 = CARTESIAN_POINT('',(30.,0.));
#1481 = VECTOR('',#1482,1.);
#1482 = DIRECTION('',(0.,1.));
#1483 = ( GEOMETRIC_REPRESENTATION_CONTEXT(2) 
PARAMETRIC_REPRESENTATION_CONTEXT() REPRESENTATION_CONTEXT('2D SPACE',''
  ) );
#1484 = PCURVE('',#713,#1485);
#1485 = DEFINITIONAL_REPRESENTATION('',(#1486),#1490);
#1486 = LINE('',#1487,#1488);
#1487 = CARTESIAN_POINT('',(6.,0.));
#1488 = VECTOR('',#1489,1.);
#1489 = DIRECTION('',(0.,-1.));
#1490 = ( GEOMETRIC_REPRESENTATION_CONTEXT(2) 
PARAMETRIC_REPRESENTATION_CONTEXT() REPRESENTATION_CONTEXT('2D SPACE',''
  ) );
#1491 = ORIENTED_EDGE('',*,*,#724,.F.);
#1492 = ADVANCED_FACE('',(#1493),#713,.T.);
#1493 = FACE_BOUND('',#1494,.T.);
#1494 = EDGE_LOOP('',(#1495,#1496,#1519,#1542,#1563,#1564));
#1495 = ORIENTED_EDGE('',*,*,#1471,.F.);
#1496 = ORIENTED_EDGE('',*,*,#1497,.F.);
#1497 = EDGE_CURVE('',#1498,#1449,#1500,.T.);
#1498 = VERTEX_POINT('',#1499);
#1499 = CARTESIAN_POINT('',(46.,-16.,-3.));
#1500 = SURFACE_CURVE('',#1501,(#1505,#1512),.PCURVE_S1.);
#1501 = LINE('',#1502,#1503);
#1502 = CARTESIAN_POINT('',(46.,-16.,-3.));
#1503 = VECTOR('',#1504,1.);
#1504 = DIRECTION('',(0.,0.,1.));
#1505 = PCURVE('',#713,#1506);
#1506 = DEFINITIONAL_REPRESENTATION('',(#1507),#1511);
#1507 = LINE('',#1508,#1509);
#1508 = CARTESIAN_POINT('',(0.,0.));
#1509 = VECTOR('',#1510,1.);
#1510 = DIRECTION('',(1.,0.));
#1511 = ( GEOMETRIC_REPRESENTATION_CONTEXT(2) 
PARAMETRIC_REPRESENTATION_CONTEXT() REPRESENTATION_CONTEXT('2D SPACE',''
  ) );
#1512 = PCURVE('',#1381,#1513);
#1513 = DEFINITIONAL_REPRESENTATION('',(#1514),#1518);
#1514 = LINE('',#1515,#1516);
#1515 = CARTESIAN_POINT('',(0.,30.));
#1516 = VECTOR('',#1517,1.);
#1517 = DIRECTION('',(1.,0.));
#1518 = ( GEOMETRIC_REPRESENTATION_CONTEXT(2) 
PARAMETRIC_REPRESENTATION_CONTEXT() REPRESENTATION_CONTEXT('2D SPACE',''
  ) );
#1519 = ORIENTED_EDGE('',*,*,#1520,.T.);
#1520 = EDGE_CURVE('',#1498,#1521,#1523,.T.);
#1521 = VERTEX_POINT('',#1522);
#1522 = CARTESIAN_POINT('',(46.,0.6,-3.));
#1523 = SURFACE_CURVE('',#1524,(#1528,#1535),.PCURVE_S1.);
#1524 = LINE('',#1525,#1526);
#1525 = CARTESIAN_POINT('',(46.,-16.,-3.));
#1526 = VECTOR('',#1527,1.);
#1527 = DIRECTION('',(-0.,1.,0.));
#1528 = PCURVE('',#713,#1529);
#1529 = DEFINITIONAL_REPRESENTATION('',(#1530),#1534);
#1530 = LINE('',#1531,#1532);
#1531 = CARTESIAN_POINT('',(0.,0.));
#1532 = VECTOR('',#1533,1.);
#1533 = DIRECTION('',(0.,-1.));
#1534 = ( GEOMETRIC_REPRESENTATION_CONTEXT(2) 
PARAMETRIC_REPRESENTATION_CONTEXT() REPRESENTATION_CONTEXT('2D SPACE',''
  ) );
#1535 = PCURVE('',#1409,#1536);
#1536 = DEFINITIONAL_REPRESENTATION('',(#1537),#1541);
#1537 = LINE('',#1538,#1539);
#1538 = CARTESIAN_POINT('',(30.,0.));
#1539 = VECTOR('',#1540,1.);
#1540 = DIRECTION('',(0.,1.));
#1541 = ( GEOMETRIC_REPRESENTATION_CONTEXT(2) 
PARAMETRIC_REPRESENTATION_CONTEXT() REPRESENTATION_CONTEXT('2D SPACE',''
  ) );
#1542 = ORIENTED_EDGE('',*,*,#1543,.T.);
#1543 = EDGE_CURVE('',#1521,#920,#1544,.T.);
#1544 = SURFACE_CURVE('',#1545,(#1549,#1556),.PCURVE_S1.);
#1545 = LINE('',#1546,#1547);
#1546 = CARTESIAN_POINT('',(46.,0.6,-3.));
#1547 = VECTOR('',#1548,1.);
#1548 = DIRECTION('',(0.,0.,1.));
#1549 = PCURVE('',#713,#1550);
#1550 = DEFINITIONAL_REPRESENTATION('',(#1551),#1555);
#1551 = LINE('',#1552,#1553);
#1552 = CARTESIAN_POINT('',(0.,-16.6));
#1553 = VECTOR('',#1554,1.);
#1554 = DIRECTION('',(1.,0.));
#1555 = ( GEOMETRIC_REPRESENTATION_CONTEXT(2) 
PARAMETRIC_REPRESENTATION_CONTEXT() REPRESENTATION_CONTEXT('2D SPACE',''
  ) );
#1556 = PCURVE('',#1101,#1557);
#1557 = DEFINITIONAL_REPRESENTATION('',(#1558),#1562);
#1558 = LINE('',#1559,#1560);
#1559 = CARTESIAN_POINT('',(0.,30.));
#1560 = VECTOR('',#1561,1.);
#1561 = DIRECTION('',(1.,0.));
#1562 = ( GEOMETRIC_REPRESENTATION_CONTEXT(2) 
PARAMETRIC_REPRESENTATION_CONTEXT() REPRESENTATION_CONTEXT('2D SPACE',''
  ) );
#1563 = ORIENTED_EDGE('',*,*,#1196,.F.);
#1564 = ORIENTED_EDGE('',*,*,#698,.F.);
#1565 = ADVANCED_FACE('',(#1566),#1101,.T.);
#1566 = FACE_BOUND('',#1567,.T.);
#1567 = EDGE_LOOP('',(#1568,#1569,#1590,#1591));
#1568 = ORIENTED_EDGE('',*,*,#1543,.F.);
#1569 = ORIENTED_EDGE('',*,*,#1570,.F.);
#1570 = EDGE_CURVE('',#1394,#1521,#1571,.T.);
#1571 = SURFACE_CURVE('',#1572,(#1576,#1583),.PCURVE_S1.);
#1572 = LINE('',#1573,#1574);
#1573 = CARTESIAN_POINT('',(16.,0.6,-3.));
#1574 = VECTOR('',#1575,1.);
#1575 = DIRECTION('',(1.,0.,-0.));
#1576 = PCURVE('',#1101,#1577);
#1577 = DEFINITIONAL_REPRESENTATION('',(#1578),#1582);
#1578 = LINE('',#1579,#1580);
#1579 = CARTESIAN_POINT('',(0.,0.));
#1580 = VECTOR('',#1581,1.);
#1581 = DIRECTION('',(0.,1.));
#1582 = ( GEOMETRIC_REPRESENTATION_CONTEXT(2) 
PARAMETRIC_REPRESENTATION_CONTEXT() REPRESENTATION_CONTEXT('2D SPACE',''
  ) );
#1583 = PCURVE('',#1409,#1584);
#1584 = DEFINITIONAL_REPRESENTATION('',(#1585),#1589);
#1585 = LINE('',#1586,#1587);
#1586 = CARTESIAN_POINT('',(0.,16.6));
#1587 = VECTOR('',#1588,1.);
#1588 = DIRECTION('',(1.,0.));
#1589 = ( GEOMETRIC_REPRESENTATION_CONTEXT(2) 
PARAMETRIC_REPRESENTATION_CONTEXT() REPRESENTATION_CONTEXT('2D SPACE',''
  ) );
#1590 = ORIENTED_EDGE('',*,*,#1421,.T.);
#1591 = ORIENTED_EDGE('',*,*,#919,.F.);
#1592 = ADVANCED_FACE('',(#1593),#1409,.F.);
#1593 = FACE_BOUND('',#1594,.F.);
#1594 = EDGE_LOOP('',(#1595,#1596,#1617,#1618));
#1595 = ORIENTED_EDGE('',*,*,#1393,.F.);
#1596 = ORIENTED_EDGE('',*,*,#1597,.T.);
#1597 = EDGE_CURVE('',#1366,#1498,#1598,.T.);
#1598 = SURFACE_CURVE('',#1599,(#1603,#1610),.PCURVE_S1.);
#1599 = LINE('',#1600,#1601);
#1600 = CARTESIAN_POINT('',(16.,-16.,-3.));
#1601 = VECTOR('',#1602,1.);
#1602 = DIRECTION('',(1.,0.,-0.));
#1603 = PCURVE('',#1409,#1604);
#1604 = DEFINITIONAL_REPRESENTATION('',(#1605),#1609);
#1605 = LINE('',#1606,#1607);
#1606 = CARTESIAN_POINT('',(0.,0.));
#1607 = VECTOR('',#1608,1.);
#1608 = DIRECTION('',(1.,0.));
#1609 = ( GEOMETRIC_REPRESENTATION_CONTEXT(2) 
PARAMETRIC_REPRESENTATION_CONTEXT() REPRESENTATION_CONTEXT('2D SPACE',''
  ) );
#1610 = PCURVE('',#1381,#1611);
#1611 = DEFINITIONAL_REPRESENTATION('',(#1612),#1616);
#1612 = LINE('',#1613,#1614);
#1613 = CARTESIAN_POINT('',(0.,0.));
#1614 = VECTOR('',#1615,1.);
#1615 = DIRECTION('',(0.,1.));
#1616 = ( GEOMETRIC_REPRESENTATION_CONTEXT(2) 
PARAMETRIC_REPRESENTATION_CONTEXT() REPRESENTATION_CONTEXT('2D SPACE',''
  ) );
#1617 = ORIENTED_EDGE('',*,*,#1520,.T.);
#1618 = ORIENTED_EDGE('',*,*,#1570,.F.);
#1619 = ADVANCED_FACE('',(#1620),#1381,.F.);
#1620 = FACE_BOUND('',#1621,.F.);
#1621 = EDGE_LOOP('',(#1622,#1623,#1624,#1625));
#1622 = ORIENTED_EDGE('',*,*,#1597,.F.);
#1623 = ORIENTED_EDGE('',*,*,#1365,.T.);
#1624 = ORIENTED_EDGE('',*,*,#1448,.T.);
#1625 = ORIENTED_EDGE('',*,*,#1497,.F.);
#1626 = ( GEOMETRIC_REPRESENTATION_CONTEXT(3) 
GLOBAL_UNCERTAINTY_ASSIGNED_CONTEXT((#1630)) 
GLOBAL_UNIT_ASSIGNED_CONTEXT((#1627,#1628,#1629)) REPRESENTATION_CONTEXT
('Context #1','3D Context with UNIT and UNCERTAINTY') );
#1627 = ( LENGTH_UNIT() NAMED_UNIT(*) SI_UNIT(.MILLI.,.METRE.) );
#1628 = ( NAMED_UNIT(*) PLANE_ANGLE_UNIT() SI_UNIT($,.RADIAN.) );
#1629 = ( NAMED_UNIT(*) SI_UNIT($,.STERADIAN.) SOLID_ANGLE_UNIT() );
#1630 = UNCERTAINTY_MEASURE_WITH_UNIT(LENGTH_MEASURE(1.E-06),#1627,
  'distance_accuracy_value','confusion accuracy');
#1631 = PRODUCT_RELATED_PRODUCT_CATEGORY('part',$,(#7));
ENDSEC;
END-ISO-10303-21;
