ISO-10303-21;
HEADER;
FILE_DESCRIPTION(('Open CASCADE Model'),'2;1');
FILE_NAME('Open CASCADE Shape Model','2026-08-27T22:53:06',('Author'),(
    'Open CASCADE'),'Open CASCADE STEP processor 7.9','Open CASCADE 7.9'
  ,'Unknown');
FILE_SCHEMA(('AUTOMOTIVE_DESIGN { 1 0 10303 214 1 1 1 1 }'));
ENDSEC;
DATA;
#1 = APPLICATION_PROTOCOL_DEFINITION('international standard',
  'automotive_design',2000,#2);
#2 = APPLICATION_CONTEXT(
  'core data for automotive mechanical design processes');
#3 = SHAPE_DEFINITION_REPRESENTATION(#4,#10);
#4 = PRODUCT_DEFINITION_SHAPE('','',#5);
#5 = PRODUCT_DEFINITION('design','',#6,#9);
#6 = PRODUCT_DEFINITION_FORMATION('','',#7);
#7 = PRODUCT('Open CASCADE STEP translator 7.9 3',
  'Open CASCADE STEP translator 7.9 3','',(#8));
#8 = PRODUCT_CONTEXT('',#2,'mechanical');
#9 = PRODUCT_DEFINITION_CONTEXT('part definition',#2,'design');
#10 = ADVANCED_BREP_SHAPE_REPRESENTATION('',(#11,#15),#10028);
#11 = AXIS2_PLACEMENT_3D('',#12,#13,#14);
#12 = CARTESIAN_POINT('',(0.,0.,0.));
#13 = DIRECTION('',(0.,0.,1.));
#14 = DIRECTION('',(1.,0.,-0.));
#15 = MANIFOLD_SOLID_BREP('',#16);
#16 = CLOSED_SHELL('',(#17,#6152,#9125,#9350,#9542,#9547,#9619,#9735,
    #9840,#9889,#9962,#9967,#9994,#10021));
#17 = ADVANCED_FACE('',(#18),#74,.F.);
#18 = FACE_BOUND('',#19,.F.);
#19 = EDGE_LOOP('',(#20,#4319,#4435,#4500,#4616,#4681,#5814));
#20 = ORIENTED_EDGE('',*,*,#21,.F.);
#21 = EDGE_CURVE('',#22,#24,#26,.T.);
#22 = VERTEX_POINT('',#23);
#23 = CARTESIAN_POINT('',(70.,0.,-1.163152258676E-15));
#24 = VERTEX_POINT('',#25);
#25 = CARTESIAN_POINT('',(88.695004838315,118.,-1.858756031071E-04));
#26 = SURFACE_CURVE('',#27,(#73,#2196),.PCURVE_S1.);
#27 = ( BOUNDED_CURVE() B_SPLINE_CURVE(3,(#28,#29,#30,#31,#32,#33,#34,
    #35,#36,#37,#38,#39,#40,#41,#42,#43,#44,#45,#46,#47,#48,#49,#50,#51,
    #52,#53,#54,#55,#56,#57,#58,#59,#60,#61,#62,#63,#64,#65,#66,#67,#68,
#69,#70,#71,#72),.UNSPECIFIED.,.F.,.F.) B_SPLINE_CURVE_WITH_KNOTS((4,1,1
    ,1,1,1,1,1,1,1,1,1,1,1,1,1,1,1,1,1,1,1,1,1,1,1,1,1,1,1,1,1,1,1,1,1,1
    ,1,1,1,1,1,4),(0.,2.900131297246E-02,5.800262594491E-02,
    8.700393891737E-02,0.11600525189,0.145006564862,0.174007877835,
    0.203009190807,0.23201050378,0.261011816752,0.290013129725,
    0.319014442697,0.348015755669,0.377017068642,0.406018381614,
    0.435019694587,0.464021007559,0.493022320532,0.522023633504,
    0.551024946477,0.580026259449,0.609027572422,0.638028885394,
    0.667030198367,0.696031511339,0.725032824311,0.742335061381,
    0.759117460833,0.775491457371,0.791553830909,0.807387784336,
    0.823065100639,0.838648773393,0.85419567035,0.869758995487,
    0.885390500132,0.901135554835,0.916996390613,0.933015065352,
0.949250630528,0.96577175721,0.982657916868,1.),.UNSPECIFIED.) CURVE() 
GEOMETRIC_REPRESENTATION_ITEM() RATIONAL_B_SPLINE_CURVE((1.,
    0.999999999982,1.000000000008,0.999999999998,1.000000000001,1.,1.,1.
    ,1.,1.,1.,1.,1.,1.,1.,1.,1.,1.,1.,1.,1.,1.,1.,1.,1.,1.,1.,1.,1.,1.,
    1.,1.,1.,1.,1.,1.,1.,1.,1.,1.,1.000000000001,0.999999999998,
1.000000000008,0.999999999982,1.)) REPRESENTATION_ITEM('') );
#28 = CARTESIAN_POINT('',(70.,0.,-1.163152258676E-15));
#29 = CARTESIAN_POINT('',(70.274933317067,1.733333612002,
    -1.154290144809E-15));
#30 = CARTESIAN_POINT('',(70.824799802477,5.199999870641,
    -1.318441620011E-15));
#31 = CARTESIAN_POINT('',(71.649599650154,10.400000034673,
    -4.73414640751E-16));
#32 = CARTESIAN_POINT('',(72.474399465786,15.599999990706,
    -3.447777320937E-15));
#33 = CARTESIAN_POINT('',(73.299199290009,20.800000002491,
    7.764164444594E-15));
#34 = CARTESIAN_POINT('',(74.123999111924,25.999999999334,
    -3.39497219133E-14));
#35 = CARTESIAN_POINT('',(74.948798934477,31.200000000174,
    1.218533997768E-13));
#36 = CARTESIAN_POINT('',(75.773598756784,36.399999999972,
    -4.594856826016E-13));
#37 = CARTESIAN_POINT('',(76.598398579437,41.599999999938,
    1.710227043246E-12));
#38 = CARTESIAN_POINT('',(77.423198400955,46.800000000274,
    -6.387125259742E-12));
#39 = CARTESIAN_POINT('',(78.247998226666,51.999999998964,
    2.383273074439E-11));
#40 = CARTESIAN_POINT('',(79.07279803674,57.200000003869,
    -8.894918145112E-11));
#41 = CARTESIAN_POINT('',(79.897597905169,62.39999998556,
    3.319587708448E-10));
#42 = CARTESIAN_POINT('',(80.722397555815,67.600000053889,
    -1.238890966625E-09));
#43 = CARTESIAN_POINT('',(81.547198019239,72.799999798882,
    4.623600190477E-09));
#44 = CARTESIAN_POINT('',(82.371995449332,78.000000750584,
    -1.725551454094E-08));
#45 = CARTESIAN_POINT('',(83.196804199973,83.199997198784,
    6.439845338716E-08));
#46 = CARTESIAN_POINT('',(84.021570701752,88.40001045428,
    -2.403383034343E-07));
#47 = CARTESIAN_POINT('',(84.84649487843,93.599960984096,
    8.96954756083E-07));
#48 = CARTESIAN_POINT('',(85.670830604376,98.800145609334,
    -3.347480725005E-06));
#49 = CARTESIAN_POINT('',(86.497362458351,103.99945657856,
    1.249296813999E-05));
#50 = CARTESIAN_POINT('',(87.315698250941,109.20202807639,
    -4.662439183874E-05));
#51 = CARTESIAN_POINT('',(88.16462216104,114.39243111585,
    1.740045992114E-04));
#52 = CARTESIAN_POINT('',(88.89938966249,119.62824746019,
    -6.493940050101E-04));
#53 = CARTESIAN_POINT('',(90.060194681026,124.69457904336,
    2.423571420826E-03));
#54 = CARTESIAN_POINT('',(89.688717340668,129.62713353898,
    -7.502772758628E-03));
#55 = CARTESIAN_POINT('',(92.812330267779,132.39290926177,
    1.559492740213E-02));
#56 = CARTESIAN_POINT('',(94.4883278245,134.91809502386,0.20029891799));
#57 = CARTESIAN_POINT('',(96.083571315601,137.34176272617,0.694510829124
    ));
#58 = CARTESIAN_POINT('',(97.434286750895,139.67042123132,1.585598398526
    ));
#59 = CARTESIAN_POINT('',(98.629516022805,141.7837976199,2.905767742994)
  );
#60 = CARTESIAN_POINT('',(99.692736440566,143.58782725545,4.626200538485
    ));
#61 = CARTESIAN_POINT('',(100.66448433523,145.01216423312,6.669195776075
    ));
#62 = CARTESIAN_POINT('',(101.58075400932,146.04123610093,8.932628610311
    ));
#63 = CARTESIAN_POINT('',(102.47862903643,146.72138729748,
    11.318866371663));
#64 = CARTESIAN_POINT('',(103.39496155292,147.1531397963,13.75730563148)
  );
#65 = CARTESIAN_POINT('',(104.36466718904,147.49464874835,
    16.203417306818));
#66 = CARTESIAN_POINT('',(105.42790633252,147.83959230198,
    18.653422266615));
#67 = CARTESIAN_POINT('',(106.62036767342,148.18386137147,
    21.104291378217));
#68 = CARTESIAN_POINT('',(107.97886470995,148.52847560592,
    23.555727921588));
#69 = CARTESIAN_POINT('',(109.54034464564,148.87290557219,
    26.007698748129));
#70 = CARTESIAN_POINT('',(111.34182262822,149.21818728104,
    28.460100538202));
#71 = CARTESIAN_POINT('',(112.70640880448,149.44296302147,
    30.070650351195));
#72 = CARTESIAN_POINT('',(113.43696542065,149.55695291582,
    30.874028799033));
#73 = PCURVE('',#74,#2190);
#74 = ( BOUNDED_SURFACE() B_SPLINE_SURFACE(3,3,(
    (#75,#76,#77,#78,#79,#80,#81,#82,#83,#84,#85,#86,#87,#88,#89,#90,#91
      ,#92,#93,#94,#95,#96,#97,#98,#99,#100,#101,#102,#103,#104,#105
      ,#106,#107,#108,#109,#110,#111,#112,#113,#114,#115,#116,#117,#118
      ,#119)
    ,(#120,#121,#122,#123,#124,#125,#126,#127,#128,#129,#130,#131,#132
      ,#133,#134,#135,#136,#137,#138,#139,#140,#141,#142,#143,#144,#145
      ,#146,#147,#148,#149,#150,#151,#152,#153,#154,#155,#156,#157,#158
      ,#159,#160,#161,#162,#163,#164)
    ,(#165,#166,#167,#168,#169,#170,#171,#172,#173,#174,#175,#176,#177
      ,#178,#179,#180,#181,#182,#183,#184,#185,#186,#187,#188,#189,#190
      ,#191,#192,#193,#194,#195,#196,#197,#198,#199,#200,#201,#202,#203
      ,#204,#205,#206,#207,#208,#209)
    ,(#210,#211,#212,#213,#214,#215,#216,#217,#218,#219,#220,#221,#222
      ,#223,#224,#225,#226,#227,#228,#229,#230,#231,#232,#233,#234,#235
      ,#236,#237,#238,#239,#240,#241,#242,#243,#244,#245,#246,#247,#248
      ,#249,#250,#251,#252,#253,#254)
    ,(#255,#256,#257,#258,#259,#260,#261,#262,#263,#264,#265,#266,#267
      ,#268,#269,#270,#271,#272,#273,#274,#275,#276,#277,#278,#279,#280
      ,#281,#282,#283,#284,#285,#286,#287,#288,#289,#290,#291,#292,#293
      ,#294,#295,#296,#297,#298,#299)
    ,(#300,#301,#302,#303,#304,#305,#306,#307,#308,#309,#310,#311,#312
      ,#313,#314,#315,#316,#317,#318,#319,#320,#321,#322,#323,#324,#325
      ,#326,#327,#328,#329,#330,#331,#332,#333,#334,#335,#336,#337,#338
      ,#339,#340,#341,#342,#343,#344)
    ,(#345,#346,#347,#348,#349,#350,#351,#352,#353,#354,#355,#356,#357
      ,#358,#359,#360,#361,#362,#363,#364,#365,#366,#367,#368,#369,#370
      ,#371,#372,#373,#374,#375,#376,#377,#378,#379,#380,#381,#382,#383
      ,#384,#385,#386,#387,#388,#389)
    ,(#390,#391,#392,#393,#394,#395,#396,#397,#398,#399,#400,#401,#402
      ,#403,#404,#405,#406,#407,#408,#409,#410,#411,#412,#413,#414,#415
      ,#416,#417,#418,#419,#420,#421,#422,#423,#424,#425,#426,#427,#428
      ,#429,#430,#431,#432,#433,#434)
    ,(#435,#436,#437,#438,#439,#440,#441,#442,#443,#444,#445,#446,#447
      ,#448,#449,#450,#451,#452,#453,#454,#455,#456,#457,#458,#459,#460
      ,#461,#462,#463,#464,#465,#466,#467,#468,#469,#470,#471,#472,#473
      ,#474,#475,#476,#477,#478,#479)
    ,(#480,#481,#482,#483,#484,#485,#486,#487,#488,#489,#490,#491,#492
      ,#493,#494,#495,#496,#497,#498,#499,#500,#501,#502,#503,#504,#505
      ,#506,#507,#508,#509,#510,#511,#512,#513,#514,#515,#516,#517,#518
      ,#519,#520,#521,#522,#523,#524)
    ,(#525,#526,#527,#528,#529,#530,#531,#532,#533,#534,#535,#536,#537
      ,#538,#539,#540,#541,#542,#543,#544,#545,#546,#547,#548,#549,#550
      ,#551,#552,#553,#554,#555,#556,#557,#558,#559,#560,#561,#562,#563
      ,#564,#565,#566,#567,#568,#569)
    ,(#570,#571,#572,#573,#574,#575,#576,#577,#578,#579,#580,#581,#582
      ,#583,#584,#585,#586,#587,#588,#589,#590,#591,#592,#593,#594,#595
      ,#596,#597,#598,#599,#600,#601,#602,#603,#604,#605,#606,#607,#608
      ,#609,#610,#611,#612,#613,#614)
    ,(#615,#616,#617,#618,#619,#620,#621,#622,#623,#624,#625,#626,#627
      ,#628,#629,#630,#631,#632,#633,#634,#635,#636,#637,#638,#639,#640
      ,#641,#642,#643,#644,#645,#646,#647,#648,#649,#650,#651,#652,#653
      ,#654,#655,#656,#657,#658,#659)
    ,(#660,#661,#662,#663,#664,#665,#666,#667,#668,#669,#670,#671,#672
      ,#673,#674,#675,#676,#677,#678,#679,#680,#681,#682,#683,#684,#685
      ,#686,#687,#688,#689,#690,#691,#692,#693,#694,#695,#696,#697,#698
      ,#699,#700,#701,#702,#703,#704)
    ,(#705,#706,#707,#708,#709,#710,#711,#712,#713,#714,#715,#716,#717
      ,#718,#719,#720,#721,#722,#723,#724,#725,#726,#727,#728,#729,#730
      ,#731,#732,#733,#734,#735,#736,#737,#738,#739,#740,#741,#742,#743
      ,#744,#745,#746,#747,#748,#749)
    ,(#750,#751,#752,#753,#754,#755,#756,#757,#758,#759,#760,#761,#762
      ,#763,#764,#765,#766,#767,#768,#769,#770,#771,#772,#773,#774,#775
      ,#776,#777,#778,#779,#780,#781,#782,#783,#784,#785,#786,#787,#788
      ,#789,#790,#791,#792,#793,#794)
    ,(#795,#796,#797,#798,#799,#800,#801,#802,#803,#804,#805,#806,#807
      ,#808,#809,#810,#811,#812,#813,#814,#815,#816,#817,#818,#819,#820
      ,#821,#822,#823,#824,#825,#826,#827,#828,#829,#830,#831,#832,#833
      ,#834,#835,#836,#837,#838,#839)
    ,(#840,#841,#842,#843,#844,#845,#846,#847,#848,#849,#850,#851,#852
      ,#853,#854,#855,#856,#857,#858,#859,#860,#861,#862,#863,#864,#865
      ,#866,#867,#868,#869,#870,#871,#872,#873,#874,#875,#876,#877,#878
      ,#879,#880,#881,#882,#883,#884)
    ,(#885,#886,#887,#888,#889,#890,#891,#892,#893,#894,#895,#896,#897
      ,#898,#899,#900,#901,#902,#903,#904,#905,#906,#907,#908,#909,#910
      ,#911,#912,#913,#914,#915,#916,#917,#918,#919,#920,#921,#922,#923
      ,#924,#925,#926,#927,#928,#929)
    ,(#930,#931,#932,#933,#934,#935,#936,#937,#938,#939,#940,#941,#942
      ,#943,#944,#945,#946,#947,#948,#949,#950,#951,#952,#953,#954,#955
      ,#956,#957,#958,#959,#960,#961,#962,#963,#964,#965,#966,#967,#968
      ,#969,#970,#971,#972,#973,#974)
    ,(#975,#976,#977,#978,#979,#980,#981,#982,#983,#984,#985,#986,#987
      ,#988,#989,#990,#991,#992,#993,#994,#995,#996,#997,#998,#999,#1000
      ,#1001,#1002,#1003,#1004,#1005,#1006,#1007,#1008,#1009,#1010,#1011
      ,#1012,#1013,#1014,#1015,#1016,#1017,#1018,#1019)
    ,(#1020,#1021,#1022,#1023,#1024,#1025,#1026,#1027,#1028,#1029,#1030
      ,#1031,#1032,#1033,#1034,#1035,#1036,#1037,#1038,#1039,#1040,#1041
      ,#1042,#1043,#1044,#1045,#1046,#1047,#1048,#1049,#1050,#1051,#1052
      ,#1053,#1054,#1055,#1056,#1057,#1058,#1059,#1060,#1061,#1062,#1063
      ,#1064)
    ,(#1065,#1066,#1067,#1068,#1069,#1070,#1071,#1072,#1073,#1074,#1075
      ,#1076,#1077,#1078,#1079,#1080,#1081,#1082,#1083,#1084,#1085,#1086
      ,#1087,#1088,#1089,#1090,#1091,#1092,#1093,#1094,#1095,#1096,#1097
      ,#1098,#1099,#1100,#1101,#1102,#1103,#1104,#1105,#1106,#1107,#1108
      ,#1109)
    ,(#1110,#1111,#1112,#1113,#1114,#1115,#1116,#1117,#1118,#1119,#1120
      ,#1121,#1122,#1123,#1124,#1125,#1126,#1127,#1128,#1129,#1130,#1131
      ,#1132,#1133,#1134,#1135,#1136,#1137,#1138,#1139,#1140,#1141,#1142
      ,#1143,#1144,#1145,#1146,#1147,#1148,#1149,#1150,#1151,#1152,#1153
      ,#1154)
    ,(#1155,#1156,#1157,#1158,#1159,#1160,#1161,#1162,#1163,#1164,#1165
      ,#1166,#1167,#1168,#1169,#1170,#1171,#1172,#1173,#1174,#1175,#1176
      ,#1177,#1178,#1179,#1180,#1181,#1182,#1183,#1184,#1185,#1186,#1187
      ,#1188,#1189,#1190,#1191,#1192,#1193,#1194,#1195,#1196,#1197,#1198
      ,#1199)
    ,(#1200,#1201,#1202,#1203,#1204,#1205,#1206,#1207,#1208,#1209,#1210
      ,#1211,#1212,#1213,#1214,#1215,#1216,#1217,#1218,#1219,#1220,#1221
      ,#1222,#1223,#1224,#1225,#1226,#1227,#1228,#1229,#1230,#1231,#1232
      ,#1233,#1234,#1235,#1236,#1237,#1238,#1239,#1240,#1241,#1242,#1243
      ,#1244)
    ,(#1245,#1246,#1247,#1248,#1249,#1250,#1251,#1252,#1253,#1254,#1255
      ,#1256,#1257,#1258,#1259,#1260,#1261,#1262,#1263,#1264,#1265,#1266
      ,#1267,#1268,#1269,#1270,#1271,#1272,#1273,#1274,#1275,#1276,#1277
      ,#1278,#1279,#1280,#1281,#1282,#1283,#1284,#1285,#1286,#1287,#1288
      ,#1289)
    ,(#1290,#1291,#1292,#1293,#1294,#1295,#1296,#1297,#1298,#1299,#1300
      ,#1301,#1302,#1303,#1304,#1305,#1306,#1307,#1308,#1309,#1310,#1311
      ,#1312,#1313,#1314,#1315,#1316,#1317,#1318,#1319,#1320,#1321,#1322
      ,#1323,#1324,#1325,#1326,#1327,#1328,#1329,#1330,#1331,#1332,#1333
      ,#1334)
    ,(#1335,#1336,#1337,#1338,#1339,#1340,#1341,#1342,#1343,#1344,#1345
      ,#1346,#1347,#1348,#1349,#1350,#1351,#1352,#1353,#1354,#1355,#1356
      ,#1357,#1358,#1359,#1360,#1361,#1362,#1363,#1364,#1365,#1366,#1367
      ,#1368,#1369,#1370,#1371,#1372,#1373,#1374,#1375,#1376,#1377,#1378
      ,#1379)
    ,(#1380,#1381,#1382,#1383,#1384,#1385,#1386,#1387,#1388,#1389,#1390
      ,#1391,#1392,#1393,#1394,#1395,#1396,#1397,#1398,#1399,#1400,#1401
      ,#1402,#1403,#1404,#1405,#1406,#1407,#1408,#1409,#1410,#1411,#1412
      ,#1413,#1414,#1415,#1416,#1417,#1418,#1419,#1420,#1421,#1422,#1423
      ,#1424)
    ,(#1425,#1426,#1427,#1428,#1429,#1430,#1431,#1432,#1433,#1434,#1435
      ,#1436,#1437,#1438,#1439,#1440,#1441,#1442,#1443,#1444,#1445,#1446
      ,#1447,#1448,#1449,#1450,#1451,#1452,#1453,#1454,#1455,#1456,#1457
      ,#1458,#1459,#1460,#1461,#1462,#1463,#1464,#1465,#1466,#1467,#1468
      ,#1469)
    ,(#1470,#1471,#1472,#1473,#1474,#1475,#1476,#1477,#1478,#1479,#1480
      ,#1481,#1482,#1483,#1484,#1485,#1486,#1487,#1488,#1489,#1490,#1491
      ,#1492,#1493,#1494,#1495,#1496,#1497,#1498,#1499,#1500,#1501,#1502
      ,#1503,#1504,#1505,#1506,#1507,#1508,#1509,#1510,#1511,#1512,#1513
      ,#1514)
    ,(#1515,#1516,#1517,#1518,#1519,#1520,#1521,#1522,#1523,#1524,#1525
      ,#1526,#1527,#1528,#1529,#1530,#1531,#1532,#1533,#1534,#1535,#1536
      ,#1537,#1538,#1539,#1540,#1541,#1542,#1543,#1544,#1545,#1546,#1547
      ,#1548,#1549,#1550,#1551,#1552,#1553,#1554,#1555,#1556,#1557,#1558
      ,#1559)
    ,(#1560,#1561,#1562,#1563,#1564,#1565,#1566,#1567,#1568,#1569,#1570
      ,#1571,#1572,#1573,#1574,#1575,#1576,#1577,#1578,#1579,#1580,#1581
      ,#1582,#1583,#1584,#1585,#1586,#1587,#1588,#1589,#1590,#1591,#1592
      ,#1593,#1594,#1595,#1596,#1597,#1598,#1599,#1600,#1601,#1602,#1603
      ,#1604)
    ,(#1605,#1606,#1607,#1608,#1609,#1610,#1611,#1612,#1613,#1614,#1615
      ,#1616,#1617,#1618,#1619,#1620,#1621,#1622,#1623,#1624,#1625,#1626
      ,#1627,#1628,#1629,#1630,#1631,#1632,#1633,#1634,#1635,#1636,#1637
      ,#1638,#1639,#1640,#1641,#1642,#1643,#1644,#1645,#1646,#1647,#1648
      ,#1649)
    ,(#1650,#1651,#1652,#1653,#1654,#1655,#1656,#1657,#1658,#1659,#1660
      ,#1661,#1662,#1663,#1664,#1665,#1666,#1667,#1668,#1669,#1670,#1671
      ,#1672,#1673,#1674,#1675,#1676,#1677,#1678,#1679,#1680,#1681,#1682
      ,#1683,#1684,#1685,#1686,#1687,#1688,#1689,#1690,#1691,#1692,#1693
      ,#1694)
    ,(#1695,#1696,#1697,#1698,#1699,#1700,#1701,#1702,#1703,#1704,#1705
      ,#1706,#1707,#1708,#1709,#1710,#1711,#1712,#1713,#1714,#1715,#1716
      ,#1717,#1718,#1719,#1720,#1721,#1722,#1723,#1724,#1725,#1726,#1727
      ,#1728,#1729,#1730,#1731,#1732,#1733,#1734,#1735,#1736,#1737,#1738
      ,#1739)
    ,(#1740,#1741,#1742,#1743,#1744,#1745,#1746,#1747,#1748,#1749,#1750
      ,#1751,#1752,#1753,#1754,#1755,#1756,#1757,#1758,#1759,#1760,#1761
      ,#1762,#1763,#1764,#1765,#1766,#1767,#1768,#1769,#1770,#1771,#1772
      ,#1773,#1774,#1775,#1776,#1777,#1778,#1779,#1780,#1781,#1782,#1783
      ,#1784)
    ,(#1785,#1786,#1787,#1788,#1789,#1790,#1791,#1792,#1793,#1794,#1795
      ,#1796,#1797,#1798,#1799,#1800,#1801,#1802,#1803,#1804,#1805,#1806
      ,#1807,#1808,#1809,#1810,#1811,#1812,#1813,#1814,#1815,#1816,#1817
      ,#1818,#1819,#1820,#1821,#1822,#1823,#1824,#1825,#1826,#1827,#1828
      ,#1829)
    ,(#1830,#1831,#1832,#1833,#1834,#1835,#1836,#1837,#1838,#1839,#1840
      ,#1841,#1842,#1843,#1844,#1845,#1846,#1847,#1848,#1849,#1850,#1851
      ,#1852,#1853,#1854,#1855,#1856,#1857,#1858,#1859,#1860,#1861,#1862
      ,#1863,#1864,#1865,#1866,#1867,#1868,#1869,#1870,#1871,#1872,#1873
      ,#1874)
    ,(#1875,#1876,#1877,#1878,#1879,#1880,#1881,#1882,#1883,#1884,#1885
      ,#1886,#1887,#1888,#1889,#1890,#1891,#1892,#1893,#1894,#1895,#1896
      ,#1897,#1898,#1899,#1900,#1901,#1902,#1903,#1904,#1905,#1906,#1907
      ,#1908,#1909,#1910,#1911,#1912,#1913,#1914,#1915,#1916,#1917,#1918
      ,#1919)
    ,(#1920,#1921,#1922,#1923,#1924,#1925,#1926,#1927,#1928,#1929,#1930
      ,#1931,#1932,#1933,#1934,#1935,#1936,#1937,#1938,#1939,#1940,#1941
      ,#1942,#1943,#1944,#1945,#1946,#1947,#1948,#1949,#1950,#1951,#1952
      ,#1953,#1954,#1955,#1956,#1957,#1958,#1959,#1960,#1961,#1962,#1963
      ,#1964)
    ,(#1965,#1966,#1967,#1968,#1969,#1970,#1971,#1972,#1973,#1974,#1975
      ,#1976,#1977,#1978,#1979,#1980,#1981,#1982,#1983,#1984,#1985,#1986
      ,#1987,#1988,#1989,#1990,#1991,#1992,#1993,#1994,#1995,#1996,#1997
      ,#1998,#1999,#2000,#2001,#2002,#2003,#2004,#2005,#2006,#2007,#2008
      ,#2009)
    ,(#2010,#2011,#2012,#2013,#2014,#2015,#2016,#2017,#2018,#2019,#2020
      ,#2021,#2022,#2023,#2024,#2025,#2026,#2027,#2028,#2029,#2030,#2031
      ,#2032,#2033,#2034,#2035,#2036,#2037,#2038,#2039,#2040,#2041,#2042
      ,#2043,#2044,#2045,#2046,#2047,#2048,#2049,#2050,#2051,#2052,#2053
      ,#2054)
    ,(#2055,#2056,#2057,#2058,#2059,#2060,#2061,#2062,#2063,#2064,#2065
      ,#2066,#2067,#2068,#2069,#2070,#2071,#2072,#2073,#2074,#2075,#2076
      ,#2077,#2078,#2079,#2080,#2081,#2082,#2083,#2084,#2085,#2086,#2087
      ,#2088,#2089,#2090,#2091,#2092,#2093,#2094,#2095,#2096,#2097,#2098
      ,#2099)
    ,(#2100,#2101,#2102,#2103,#2104,#2105,#2106,#2107,#2108,#2109,#2110
      ,#2111,#2112,#2113,#2114,#2115,#2116,#2117,#2118,#2119,#2120,#2121
      ,#2122,#2123,#2124,#2125,#2126,#2127,#2128,#2129,#2130,#2131,#2132
      ,#2133,#2134,#2135,#2136,#2137,#2138,#2139,#2140,#2141,#2142,#2143
      ,#2144)
    ,(#2145,#2146,#2147,#2148,#2149,#2150,#2151,#2152,#2153,#2154,#2155
      ,#2156,#2157,#2158,#2159,#2160,#2161,#2162,#2163,#2164,#2165,#2166
      ,#2167,#2168,#2169,#2170,#2171,#2172,#2173,#2174,#2175,#2176,#2177
      ,#2178,#2179,#2180,#2181,#2182,#2183,#2184,#2185,#2186,#2187,#2188
,#2189
    )),.UNSPECIFIED.,.F.,.F.,.F.) B_SPLINE_SURFACE_WITH_KNOTS((4,1,1,1,1
    ,1,1,1,1,1,1,1,1,1,1,1,1,1,1,1,1,1,1,1,1,1,1,1,1,1,1,1,1,1,1,1,1,1,1
    ,1,1,1,1,1,4),(4,1,1,1,1,1,1,1,1,1,1,1,1,1,1,1,1,1,1,1,1,1,1,1,1,1,1
    ,1,1,1,1,1,1,1,1,1,1,1,1,1,1,1,4),(0.,1.254956588655E-03,
    5.013258042861E-03,1.125524629923E-02,1.994831234723E-02,
    3.104712176402E-02,4.449391904138E-02,6.021890099618E-02,
    7.814064890659E-02,9.816660946618E-02,0.120193616026,0.144108443623,
    0.169788393653,0.19710190642,0.225909201994,0.256062951565,
    0.287408982857,0.319787023978,0.353031490349,0.386972319074,
    0.421435854087,0.456245783643,0.491224129199,0.526192281396,
    0.560972075084,0.595436158676,0.629586848814,0.663028746494,
    0.695594486647,0.727122299999,0.757457075469,0.786451400201,
    0.81396659126,0.839873754231,0.864054935332,0.886404482466,
    0.906830812748,0.925258934134,0.941634364655,0.955929713143,
    0.968156548194,0.978388219222,0.986805462839,0.993782843249,1.),(0.,
    2.900131297246E-02,5.800262594491E-02,8.700393891737E-02,
    0.11600525189,0.145006564862,0.174007877835,0.203009190807,
    0.23201050378,0.261011816752,0.290013129725,0.319014442697,
    0.348015755669,0.377017068642,0.406018381614,0.435019694587,
    0.464021007559,0.493022320532,0.522023633504,0.551024946477,
    0.580026259449,0.609027572422,0.638028885394,0.667030198367,
    0.696031511339,0.725032824311,0.742335061381,0.759117460833,
    0.775491457371,0.791553830909,0.807387784336,0.823065100639,
    0.838648773393,0.85419567035,0.869758995487,0.885390500132,
    0.901135554835,0.916996390613,0.933015065352,0.949250630528,
    0.96577175721,0.982657916868,1.),.UNSPECIFIED.) 
GEOMETRIC_REPRESENTATION_ITEM() RATIONAL_B_SPLINE_SURFACE((
    (1.,0.999999999982,1.000000000008,0.999999999998,1.000000000001,1.
      ,1.,1.,1.,1.,1.,1.,1.,1.,1.,1.,1.,1.,1.,1.,1.,1.,1.,1.,1.,1.,1.,1.
      ,1.,1.,1.,1.,1.,1.,1.,1.,1.,1.,1.,1.,1.000000000001,0.999999999998
      ,1.000000000008,0.999999999982,1.)
    ,(1.,0.999999999982,1.000000000008,0.999999999998,1.000000000001,1.
      ,1.,1.,1.,1.,1.,1.,1.,1.,1.,1.,1.,1.,1.,1.,1.,1.,1.,1.,1.,1.,1.,1.
      ,1.,1.,1.,1.,1.,1.,1.,1.,1.,1.,1.,1.,1.000000000001,0.999999999998
      ,1.000000000008,0.999999999982,1.)
    ,(1.,0.999999999982,1.000000000008,0.999999999998,1.000000000001,1.
      ,1.,1.,1.,1.,1.,1.,1.,1.,1.,1.,1.,1.,1.,1.,1.,1.,1.,1.,1.,1.,1.,1.
      ,1.,1.,1.,1.,1.,1.,1.,1.,1.,1.,1.,1.,1.000000000001,0.999999999998
      ,1.000000000008,0.999999999982,1.)
    ,(1.,0.999999999982,1.000000000008,0.999999999998,1.000000000001,1.
      ,1.,1.,1.,1.,1.,1.,1.,1.,1.,1.,1.,1.,1.,1.,1.,1.,1.,1.,1.,1.,1.,1.
      ,1.,1.,1.,1.,1.,1.,1.,1.,1.,1.,1.,1.,1.000000000001,0.999999999998
      ,1.000000000008,0.999999999982,1.)
    ,(1.,0.999999999982,1.000000000008,0.999999999998,1.000000000001,1.
      ,1.,1.,1.,1.,1.,1.,1.,1.,1.,1.,1.,1.,1.,1.,1.,1.,1.,1.,1.,1.,1.,1.
      ,1.,1.,1.,1.,1.,1.,1.,1.,1.,1.,1.,1.,1.000000000001,0.999999999998
      ,1.000000000008,0.999999999982,1.)
    ,(1.,0.999999999982,1.000000000008,0.999999999998,1.000000000001,1.
      ,1.,1.,1.,1.,1.,1.,1.,1.,1.,1.,1.,1.,1.,1.,1.,1.,1.,1.,1.,1.,1.,1.
      ,1.,1.,1.,1.,1.,1.,1.,1.,1.,1.,1.,1.,1.000000000001,0.999999999998
      ,1.000000000008,0.999999999982,1.)
    ,(1.,0.999999999982,1.000000000008,0.999999999998,1.000000000001,1.
      ,1.,1.,1.,1.,1.,1.,1.,1.,1.,1.,1.,1.,1.,1.,1.,1.,1.,1.,1.,1.,1.,1.
      ,1.,1.,1.,1.,1.,1.,1.,1.,1.,1.,1.,1.,1.000000000001,0.999999999998
      ,1.000000000008,0.999999999982,1.)
    ,(1.,0.999999999982,1.000000000008,0.999999999998,1.000000000001,1.
      ,1.,1.,1.,1.,1.,1.,1.,1.,1.,1.,1.,1.,1.,1.,1.,1.,1.,1.,1.,1.,1.,1.
      ,1.,1.,1.,1.,1.,1.,1.,1.,1.,1.,1.,1.,1.000000000001,0.999999999998
      ,1.000000000008,0.999999999982,1.)
    ,(1.,0.999999999982,1.000000000008,0.999999999998,1.000000000001,1.
      ,1.,1.,1.,1.,1.,1.,1.,1.,1.,1.,1.,1.,1.,1.,1.,1.,1.,1.,1.,1.,1.,1.
      ,1.,1.,1.,1.,1.,1.,1.,1.,1.,1.,1.,1.,1.000000000001,0.999999999998
      ,1.000000000008,0.999999999982,1.)
    ,(1.,0.999999999982,1.000000000008,0.999999999998,1.000000000001,1.
      ,1.,1.,1.,1.,1.,1.,1.,1.,1.,1.,1.,1.,1.,1.,1.,1.,1.,1.,1.,1.,1.,1.
      ,1.,1.,1.,1.,1.,1.,1.,1.,1.,1.,1.,1.,1.000000000001,0.999999999998
      ,1.000000000008,0.999999999982,1.)
    ,(1.,0.999999999982,1.000000000008,0.999999999998,1.000000000001,1.
      ,1.,1.,1.,1.,1.,1.,1.,1.,1.,1.,1.,1.,1.,1.,1.,1.,1.,1.,1.,1.,1.,1.
      ,1.,1.,1.,1.,1.,1.,1.,1.,1.,1.,1.,1.,1.000000000001,0.999999999998
      ,1.000000000008,0.999999999982,1.)
    ,(1.,0.999999999982,1.000000000008,0.999999999998,1.000000000001,1.
      ,1.,1.,1.,1.,1.,1.,1.,1.,1.,1.,1.,1.,1.,1.,1.,1.,1.,1.,1.,1.,1.,1.
      ,1.,1.,1.,1.,1.,1.,1.,1.,1.,1.,1.,1.,1.000000000001,0.999999999998
      ,1.000000000008,0.999999999982,1.)
    ,(1.,0.999999999982,1.000000000008,0.999999999998,1.000000000001,1.
      ,1.,1.,1.,1.,1.,1.,1.,1.,1.,1.,1.,1.,1.,1.,1.,1.,1.,1.,1.,1.,1.,1.
      ,1.,1.,1.,1.,1.,1.,1.,1.,1.,1.,1.,1.,1.000000000001,0.999999999998
      ,1.000000000008,0.999999999982,1.)
    ,(1.,0.999999999982,1.000000000008,0.999999999998,1.000000000001,1.
      ,1.,1.,1.,1.,1.,1.,1.,1.,1.,1.,1.,1.,1.,1.,1.,1.,1.,1.,1.,1.,1.,1.
      ,1.,1.,1.,1.,1.,1.,1.,1.,1.,1.,1.,1.,1.000000000001,0.999999999998
      ,1.000000000008,0.999999999982,1.)
    ,(1.,0.999999999982,1.000000000008,0.999999999998,1.000000000001,1.
      ,1.,1.,1.,1.,1.,1.,1.,1.,1.,1.,1.,1.,1.,1.,1.,1.,1.,1.,1.,1.,1.,1.
      ,1.,1.,1.,1.,1.,1.,1.,1.,1.,1.,1.,1.,1.000000000001,0.999999999998
      ,1.000000000008,0.999999999982,1.)
    ,(1.,0.999999999982,1.000000000008,0.999999999998,1.000000000001,1.
      ,1.,1.,1.,1.,1.,1.,1.,1.,1.,1.,1.,1.,1.,1.,1.,1.,1.,1.,1.,1.,1.,1.
      ,1.,1.,1.,1.,1.,1.,1.,1.,1.,1.,1.,1.,1.000000000001,0.999999999998
      ,1.000000000008,0.999999999982,1.)
    ,(1.,0.999999999982,1.000000000008,0.999999999998,1.000000000001,1.
      ,1.,1.,1.,1.,1.,1.,1.,1.,1.,1.,1.,1.,1.,1.,1.,1.,1.,1.,1.,1.,1.,1.
      ,1.,1.,1.,1.,1.,1.,1.,1.,1.,1.,1.,1.,1.000000000001,0.999999999998
      ,1.000000000008,0.999999999982,1.)
    ,(1.,0.999999999982,1.000000000008,0.999999999998,1.000000000001,1.
      ,1.,1.,1.,1.,1.,1.,1.,1.,1.,1.,1.,1.,1.,1.,1.,1.,1.,1.,1.,1.,1.,1.
      ,1.,1.,1.,1.,1.,1.,1.,1.,1.,1.,1.,1.,1.000000000001,0.999999999998
      ,1.000000000008,0.999999999982,1.)
    ,(1.,0.999999999982,1.000000000008,0.999999999998,1.000000000001,1.
      ,1.,1.,1.,1.,1.,1.,1.,1.,1.,1.,1.,1.,1.,1.,1.,1.,1.,1.,1.,1.,1.,1.
      ,1.,1.,1.,1.,1.,1.,1.,1.,1.,1.,1.,1.,1.000000000001,0.999999999998
      ,1.000000000008,0.999999999982,1.)
    ,(1.,0.999999999982,1.000000000008,0.999999999998,1.000000000001,1.
      ,1.,1.,1.,1.,1.,1.,1.,1.,1.,1.,1.,1.,1.,1.,1.,1.,1.,1.,1.,1.,1.,1.
      ,1.,1.,1.,1.,1.,1.,1.,1.,1.,1.,1.,1.,1.000000000001,0.999999999998
      ,1.000000000008,0.999999999982,1.)
    ,(1.,0.999999999982,1.000000000008,0.999999999998,1.000000000001,1.
      ,1.,1.,1.,1.,1.,1.,1.,1.,1.,1.,1.,1.,1.,1.,1.,1.,1.,1.,1.,1.,1.,1.
      ,1.,1.,1.,1.,1.,1.,1.,1.,1.,1.,1.,1.,1.000000000001,0.999999999998
      ,1.000000000008,0.999999999982,1.)
    ,(1.,0.999999999982,1.000000000008,0.999999999998,1.000000000001,1.
      ,1.,1.,1.,1.,1.,1.,1.,1.,1.,1.,1.,1.,1.,1.,1.,1.,1.,1.,1.,1.,1.,1.
      ,1.,1.,1.,1.,1.,1.,1.,1.,1.,1.,1.,1.,1.000000000001,0.999999999998
      ,1.000000000008,0.999999999982,1.)
    ,(1.,0.999999999982,1.000000000008,0.999999999998,1.000000000001,1.
      ,1.,1.,1.,1.,1.,1.,1.,1.,1.,1.,1.,1.,1.,1.,1.,1.,1.,1.,1.,1.,1.,1.
      ,1.,1.,1.,1.,1.,1.,1.,1.,1.,1.,1.,1.,1.000000000001,0.999999999998
      ,1.000000000008,0.999999999982,1.)
    ,(1.,0.999999999982,1.000000000008,0.999999999998,1.000000000001,1.
      ,1.,1.,1.,1.,1.,1.,1.,1.,1.,1.,1.,1.,1.,1.,1.,1.,1.,1.,1.,1.,1.,1.
      ,1.,1.,1.,1.,1.,1.,1.,1.,1.,1.,1.,1.,1.000000000001,0.999999999998
      ,1.000000000008,0.999999999982,1.)
    ,(1.,0.999999999982,1.000000000008,0.999999999998,1.000000000001,1.
      ,1.,1.,1.,1.,1.,1.,1.,1.,1.,1.,1.,1.,1.,1.,1.,1.,1.,1.,1.,1.,1.,1.
      ,1.,1.,1.,1.,1.,1.,1.,1.,1.,1.,1.,1.,1.000000000001,0.999999999998
      ,1.000000000008,0.999999999982,1.)
    ,(1.,0.999999999982,1.000000000008,0.999999999998,1.000000000001,1.
      ,1.,1.,1.,1.,1.,1.,1.,1.,1.,1.,1.,1.,1.,1.,1.,1.,1.,1.,1.,1.,1.,1.
      ,1.,1.,1.,1.,1.,1.,1.,1.,1.,1.,1.,1.,1.000000000001,0.999999999998
      ,1.000000000008,0.999999999982,1.)
    ,(1.,0.999999999982,1.000000000008,0.999999999998,1.000000000001,1.
      ,1.,1.,1.,1.,1.,1.,1.,1.,1.,1.,1.,1.,1.,1.,1.,1.,1.,1.,1.,1.,1.,1.
      ,1.,1.,1.,1.,1.,1.,1.,1.,1.,1.,1.,1.,1.000000000001,0.999999999998
      ,1.000000000008,0.999999999982,1.)
    ,(1.,0.999999999982,1.000000000008,0.999999999998,1.000000000001,1.
      ,1.,1.,1.,1.,1.,1.,1.,1.,1.,1.,1.,1.,1.,1.,1.,1.,1.,1.,1.,1.,1.,1.
      ,1.,1.,1.,1.,1.,1.,1.,1.,1.,1.,1.,1.,1.000000000001,0.999999999998
      ,1.000000000008,0.999999999982,1.)
    ,(1.,0.999999999982,1.000000000008,0.999999999998,1.000000000001,1.
      ,1.,1.,1.,1.,1.,1.,1.,1.,1.,1.,1.,1.,1.,1.,1.,1.,1.,1.,1.,1.,1.,1.
      ,1.,1.,1.,1.,1.,1.,1.,1.,1.,1.,1.,1.,1.000000000001,0.999999999998
      ,1.000000000008,0.999999999982,1.)
    ,(1.,0.999999999982,1.000000000008,0.999999999998,1.000000000001,1.
      ,1.,1.,1.,1.,1.,1.,1.,1.,1.,1.,1.,1.,1.,1.,1.,1.,1.,1.,1.,1.,1.,1.
      ,1.,1.,1.,1.,1.,1.,1.,1.,1.,1.,1.,1.,1.000000000001,0.999999999998
      ,1.000000000008,0.999999999982,1.)
    ,(1.,0.999999999982,1.000000000008,0.999999999998,1.000000000001,1.
      ,1.,1.,1.,1.,1.,1.,1.,1.,1.,1.,1.,1.,1.,1.,1.,1.,1.,1.,1.,1.,1.,1.
      ,1.,1.,1.,1.,1.,1.,1.,1.,1.,1.,1.,1.,1.000000000001,0.999999999998
      ,1.000000000008,0.999999999982,1.)
    ,(1.,0.999999999982,1.000000000008,0.999999999998,1.000000000001,1.
      ,1.,1.,1.,1.,1.,1.,1.,1.,1.,1.,1.,1.,1.,1.,1.,1.,1.,1.,1.,1.,1.,1.
      ,1.,1.,1.,1.,1.,1.,1.,1.,1.,1.,1.,1.,1.000000000001,0.999999999998
      ,1.000000000008,0.999999999982,1.)
    ,(1.,0.999999999982,1.000000000008,0.999999999998,1.000000000001,1.
      ,1.,1.,1.,1.,1.,1.,1.,1.,1.,1.,1.,1.,1.,1.,1.,1.,1.,1.,1.,1.,1.,1.
      ,1.,1.,1.,1.,1.,1.,1.,1.,1.,1.,1.,1.,1.000000000001,0.999999999998
      ,1.000000000008,0.999999999982,1.)
    ,(1.,0.999999999982,1.000000000008,0.999999999998,1.000000000001,1.
      ,1.,1.,1.,1.,1.,1.,1.,1.,1.,1.,1.,1.,1.,1.,1.,1.,1.,1.,1.,1.,1.,1.
      ,1.,1.,1.,1.,1.,1.,1.,1.,1.,1.,1.,1.,1.000000000001,0.999999999998
      ,1.000000000008,0.999999999982,1.)
    ,(1.,0.999999999982,1.000000000008,0.999999999998,1.000000000001,1.
      ,1.,1.,1.,1.,1.,1.,1.,1.,1.,1.,1.,1.,1.,1.,1.,1.,1.,1.,1.,1.,1.,1.
      ,1.,1.,1.,1.,1.,1.,1.,1.,1.,1.,1.,1.,1.000000000001,0.999999999998
      ,1.000000000008,0.999999999982,1.)
    ,(1.,0.999999999982,1.000000000008,0.999999999998,1.000000000001,1.
      ,1.,1.,1.,1.,1.,1.,1.,1.,1.,1.,1.,1.,1.,1.,1.,1.,1.,1.,1.,1.,1.,1.
      ,1.,1.,1.,1.,1.,1.,1.,1.,1.,1.,1.,1.,1.000000000001,0.999999999998
      ,1.000000000008,0.999999999982,1.)
    ,(1.,0.999999999982,1.000000000008,0.999999999998,1.000000000001,1.
      ,1.,1.,1.,1.,1.,1.,1.,1.,1.,1.,1.,1.,1.,1.,1.,1.,1.,1.,1.,1.,1.,1.
      ,1.,1.,1.,1.,1.,1.,1.,1.,1.,1.,1.,1.,1.000000000001,0.999999999998
      ,1.000000000008,0.999999999982,1.)
    ,(1.,0.999999999982,1.000000000008,0.999999999998,1.000000000001,1.
      ,1.,1.,1.,1.,1.,1.,1.,1.,1.,1.,1.,1.,1.,1.,1.,1.,1.,1.,1.,1.,1.,1.
      ,1.,1.,1.,1.,1.,1.,1.,1.,1.,1.,1.,1.,1.000000000001,0.999999999998
      ,1.000000000008,0.999999999982,1.)
    ,(1.,0.999999999982,1.000000000008,0.999999999998,1.000000000001,1.
      ,1.,1.,1.,1.,1.,1.,1.,1.,1.,1.,1.,1.,1.,1.,1.,1.,1.,1.,1.,1.,1.,1.
      ,1.,1.,1.,1.,1.,1.,1.,1.,1.,1.,1.,1.,1.000000000001,0.999999999998
      ,1.000000000008,0.999999999982,1.)
    ,(1.,0.999999999982,1.000000000008,0.999999999998,1.000000000001,1.
      ,1.,1.,1.,1.,1.,1.,1.,1.,1.,1.,1.,1.,1.,1.,1.,1.,1.,1.,1.,1.,1.,1.
      ,1.,1.,1.,1.,1.,1.,1.,1.,1.,1.,1.,1.,1.000000000001,0.999999999998
      ,1.000000000008,0.999999999982,1.)
    ,(1.,0.999999999982,1.000000000008,0.999999999998,1.000000000001,1.
      ,1.,1.,1.,1.,1.,1.,1.,1.,1.,1.,1.,1.,1.,1.,1.,1.,1.,1.,1.,1.,1.,1.
      ,1.,1.,1.,1.,1.,1.,1.,1.,1.,1.,1.,1.,1.000000000001,0.999999999998
      ,1.000000000008,0.999999999982,1.)
    ,(1.,0.999999999982,1.000000000008,0.999999999998,1.000000000001,1.
      ,1.,1.,1.,1.,1.,1.,1.,1.,1.,1.,1.,1.,1.,1.,1.,1.,1.,1.,1.,1.,1.,1.
      ,1.,1.,1.,1.,1.,1.,1.,1.,1.,1.,1.,1.,1.000000000001,0.999999999998
      ,1.000000000008,0.999999999982,1.)
    ,(1.,0.999999999982,1.000000000008,0.999999999998,1.000000000001,1.
      ,1.,1.,1.,1.,1.,1.,1.,1.,1.,1.,1.,1.,1.,1.,1.,1.,1.,1.,1.,1.,1.,1.
      ,1.,1.,1.,1.,1.,1.,1.,1.,1.,1.,1.,1.,1.000000000001,0.999999999998
      ,1.000000000008,0.999999999982,1.)
    ,(1.,0.999999999982,1.000000000008,0.999999999998,1.000000000001,1.
      ,1.,1.,1.,1.,1.,1.,1.,1.,1.,1.,1.,1.,1.,1.,1.,1.,1.,1.,1.,1.,1.,1.
      ,1.,1.,1.,1.,1.,1.,1.,1.,1.,1.,1.,1.,1.000000000001,0.999999999998
      ,1.000000000008,0.999999999982,1.)
    ,(1.,0.999999999982,1.000000000008,0.999999999998,1.000000000001,1.
      ,1.,1.,1.,1.,1.,1.,1.,1.,1.,1.,1.,1.,1.,1.,1.,1.,1.,1.,1.,1.,1.,1.
      ,1.,1.,1.,1.,1.,1.,1.,1.,1.,1.,1.,1.,1.000000000001,0.999999999998
      ,1.000000000008,0.999999999982,1.)
    ,(1.,0.999999999982,1.000000000008,0.999999999998,1.000000000001,1.
      ,1.,1.,1.,1.,1.,1.,1.,1.,1.,1.,1.,1.,1.,1.,1.,1.,1.,1.,1.,1.,1.,1.
      ,1.,1.,1.,1.,1.,1.,1.,1.,1.,1.,1.,1.,1.000000000001,0.999999999998
      ,1.000000000008,0.999999999982,1.)
    ,(1.,0.999999999982,1.000000000008,0.999999999998,1.000000000001,1.
      ,1.,1.,1.,1.,1.,1.,1.,1.,1.,1.,1.,1.,1.,1.,1.,1.,1.,1.,1.,1.,1.,1.
      ,1.,1.,1.,1.,1.,1.,1.,1.,1.,1.,1.,1.,1.000000000001,0.999999999998
,1.000000000008,0.999999999982,1.
  ))) REPRESENTATION_ITEM('') SURFACE() );
#75 = CARTESIAN_POINT('',(70.,0.,-1.163152258676E-15));
#76 = CARTESIAN_POINT('',(70.274933317067,1.733333612002,
    -1.154290144809E-15));
#77 = CARTESIAN_POINT('',(70.824799802477,5.199999870641,
    -1.318441620011E-15));
#78 = CARTESIAN_POINT('',(71.649599650154,10.400000034673,
    -4.73414640751E-16));
#79 = CARTESIAN_POINT('',(72.474399465786,15.599999990706,
    -3.447777320937E-15));
#80 = CARTESIAN_POINT('',(73.299199290009,20.800000002491,
    7.764164444594E-15));
#81 = CARTESIAN_POINT('',(74.123999111924,25.999999999334,
    -3.39497219133E-14));
#82 = CARTESIAN_POINT('',(74.948798934477,31.200000000174,
    1.218533997768E-13));
#83 = CARTESIAN_POINT('',(75.773598756784,36.399999999972,
    -4.594856826016E-13));
#84 = CARTESIAN_POINT('',(76.598398579437,41.599999999938,
    1.710227043246E-12));
#85 = CARTESIAN_POINT('',(77.423198400955,46.800000000274,
    -6.387125259742E-12));
#86 = CARTESIAN_POINT('',(78.247998226666,51.999999998964,
    2.383273074439E-11));
#87 = CARTESIAN_POINT('',(79.07279803674,57.200000003869,
    -8.894918145112E-11));
#88 = CARTESIAN_POINT('',(79.897597905169,62.39999998556,
    3.319587708448E-10));
#89 = CARTESIAN_POINT('',(80.722397555815,67.600000053889,
    -1.238890966625E-09));
#90 = CARTESIAN_POINT('',(81.547198019239,72.799999798882,
    4.623600190477E-09));
#91 = CARTESIAN_POINT('',(82.371995449332,78.000000750584,
    -1.725551454094E-08));
#92 = CARTESIAN_POINT('',(83.196804199973,83.199997198784,
    6.439845338716E-08));
#93 = CARTESIAN_POINT('',(84.021570701752,88.40001045428,
    -2.403383034343E-07));
#94 = CARTESIAN_POINT('',(84.84649487843,93.599960984096,
    8.96954756083E-07));
#95 = CARTESIAN_POINT('',(85.670830604376,98.800145609334,
    -3.347480725005E-06));
#96 = CARTESIAN_POINT('',(86.497362458351,103.99945657856,
    1.249296813999E-05));
#97 = CARTESIAN_POINT('',(87.315698250941,109.20202807639,
    -4.662439183874E-05));
#98 = CARTESIAN_POINT('',(88.16462216104,114.39243111585,
    1.740045992114E-04));
#99 = CARTESIAN_POINT('',(88.89938966249,119.62824746019,
    -6.493940050101E-04));
#100 = CARTESIAN_POINT('',(90.060194681026,124.69457904336,
    2.423571420826E-03));
#101 = CARTESIAN_POINT('',(89.688717340668,129.62713353898,
    -7.502772758628E-03));
#102 = CARTESIAN_POINT('',(92.812330267779,132.39290926177,
    1.559492740213E-02));
#103 = CARTESIAN_POINT('',(94.4883278245,134.91809502386,0.20029891799)
  );
#104 = CARTESIAN_POINT('',(96.083571315601,137.34176272617,
    0.694510829124));
#105 = CARTESIAN_POINT('',(97.434286750895,139.67042123132,
    1.585598398526));
#106 = CARTESIAN_POINT('',(98.629516022805,141.7837976199,2.905767742994
    ));
#107 = CARTESIAN_POINT('',(99.692736440566,143.58782725545,
    4.626200538485));
#108 = CARTESIAN_POINT('',(100.66448433523,145.01216423312,
    6.669195776075));
#109 = CARTESIAN_POINT('',(101.58075400932,146.04123610093,
    8.932628610311));
#110 = CARTESIAN_POINT('',(102.47862903643,146.72138729748,
    11.318866371663));
#111 = CARTESIAN_POINT('',(103.39496155292,147.1531397963,13.75730563148
    ));
#112 = CARTESIAN_POINT('',(104.36466718904,147.49464874835,
    16.203417306818));
#113 = CARTESIAN_POINT('',(105.42790633252,147.83959230198,
    18.653422266615));
#114 = CARTESIAN_POINT('',(106.62036767342,148.18386137147,
    21.104291378217));
#115 = CARTESIAN_POINT('',(107.97886470995,148.52847560592,
    23.555727921588));
#116 = CARTESIAN_POINT('',(109.54034464564,148.87290557219,
    26.007698748129));
#117 = CARTESIAN_POINT('',(111.34182262822,149.21818728104,
    28.460100538202));
#118 = CARTESIAN_POINT('',(112.70640880448,149.44296302147,
    30.070650351195));
#119 = CARTESIAN_POINT('',(113.43696542065,149.55695291582,
    30.874028799033));
#120 = CARTESIAN_POINT('',(69.970562413364,0.,6.292622550817E-03));
#121 = CARTESIAN_POINT('',(70.245720019484,1.73333361225,
    6.244678751984E-03));
#122 = CARTESIAN_POINT('',(70.796035073721,5.199999870526,
    6.148791181927E-03));
#123 = CARTESIAN_POINT('',(71.621507782097,10.400000034704,
    6.004959804646E-03));
#124 = CARTESIAN_POINT('',(72.44698045643,15.599999990698,
    5.861128433311E-03));
#125 = CARTESIAN_POINT('',(73.272453139889,20.800000002493,
    5.717297060395E-03));
#126 = CARTESIAN_POINT('',(74.097925820897,25.999999999333,
    5.573465687853E-03));
#127 = CARTESIAN_POINT('',(74.923398502581,31.200000000174,
    5.429634315395E-03));
#128 = CARTESIAN_POINT('',(75.74887118401,36.399999999972,
    5.285802942227E-03));
#129 = CARTESIAN_POINT('',(76.574343865786,41.599999999938,
    5.141971571817E-03));
#130 = CARTESIAN_POINT('',(77.399816546427,46.800000000274,
    4.998140191087E-03));
#131 = CARTESIAN_POINT('',(78.225289231261,51.999999998964,
    4.854308848876E-03));
#132 = CARTESIAN_POINT('',(79.05076190046,57.200000003869,
    4.710477362906E-03));
#133 = CARTESIAN_POINT('',(79.876234628002,62.399999985559,
    4.566646413455E-03));
#134 = CARTESIAN_POINT('',(80.70170713781,67.600000053894,
    4.422813461689E-03));
#135 = CARTESIAN_POINT('',(81.527180460214,72.799999798864,
    4.278987982666E-03));
#136 = CARTESIAN_POINT('',(82.352650749965,78.000000750651,
    4.135134614985E-03));
#137 = CARTESIAN_POINT('',(83.178132357731,83.199997198531,
    3.991385329188E-03));
#138 = CARTESIAN_POINT('',(84.003571726091,88.400010455223,
    3.847247604516E-03));
#139 = CARTESIAN_POINT('',(84.829168734059,93.599960980575,
    3.704559553462E-03));
#140 = CARTESIAN_POINT('',(85.654177423,98.800145622477,
    3.556461246809E-03));
#141 = CARTESIAN_POINT('',(86.481381748442,103.99945652951,
    3.428554288935E-03));
#142 = CARTESIAN_POINT('',(87.300391846907,109.20202825944,
    3.225292191543E-03));
#143 = CARTESIAN_POINT('',(88.149983216782,114.39243043268,
    3.303259303445E-03));
#144 = CARTESIAN_POINT('',(88.885443727989,119.62825000981,
    2.331664717687E-03));
#145 = CARTESIAN_POINT('',(90.04684640246,124.69456952806,
    5.277087713275E-03));
#146 = CARTESIAN_POINT('',(89.676194367112,129.62716299599,
    -4.826364215664E-03));
#147 = CARTESIAN_POINT('',(92.799729920895,132.39284803376,
    1.828947935894E-02));
#148 = CARTESIAN_POINT('',(94.475940141925,134.9177593116,0.202932893958
    ));
#149 = CARTESIAN_POINT('',(96.071456172873,137.34105389612,
    0.697014292017));
#150 = CARTESIAN_POINT('',(97.422539978561,139.66930017546,
    1.587863102956));
#151 = CARTESIAN_POINT('',(98.618204524958,141.78230123306,2.90768885238
    ));
#152 = CARTESIAN_POINT('',(99.681915067857,143.58605050893,
    4.627706414232));
#153 = CARTESIAN_POINT('',(100.65419152316,145.01023123236,6.67027249559
    ));
#154 = CARTESIAN_POINT('',(101.57101296679,146.03926507071,
    8.933323862667));
#155 = CARTESIAN_POINT('',(102.46944742602,146.7194649551,
    11.319278512759));
#156 = CARTESIAN_POINT('',(103.38633159336,147.1513119209,
    13.757556725778));
#157 = CARTESIAN_POINT('',(104.35656468919,147.49293389298,
    16.203659885049));
#158 = CARTESIAN_POINT('',(105.42029354066,147.83798073762,
    18.653648327334));
#159 = CARTESIAN_POINT('',(106.61319055117,148.18234213305,
    21.104505022555));
#160 = CARTESIAN_POINT('',(107.97205365964,148.52703382223,
    23.555930469923));
#161 = CARTESIAN_POINT('',(109.53381449798,148.87152328966,
    26.007893212935));
#162 = CARTESIAN_POINT('',(111.33547265858,149.21684301402,
    28.460288730254));
#163 = CARTESIAN_POINT('',(112.70010073166,149.44162793682,
    30.070839600217));
#164 = CARTESIAN_POINT('',(113.43065736638,149.55561761943,
    30.874216462703));
#165 = CARTESIAN_POINT('',(69.852961392458,0.,3.140797387568E-02));
#166 = CARTESIAN_POINT('',(70.129015008346,1.733333611485,
    3.116867498904E-02));
#167 = CARTESIAN_POINT('',(70.681122075227,5.199999870881,
    3.069007734762E-02));
#168 = CARTESIAN_POINT('',(71.509282808109,10.400000034609,
    2.997218077948E-02));
#169 = CARTESIAN_POINT('',(72.337443505463,15.599999990724,
    2.925428423976E-02));
#170 = CARTESIAN_POINT('',(73.165604212341,20.800000002486,
    2.853638769243E-02));
#171 = CARTESIAN_POINT('',(73.993764916661,25.999999999335,
    2.781849114709E-02));
#172 = CARTESIAN_POINT('',(74.821925621687,31.200000000173,
    2.71005946014E-02));
#173 = CARTESIAN_POINT('',(75.650086326449,36.399999999972,
    2.638269805511E-02));
#174 = CARTESIAN_POINT('',(76.47824703156,41.599999999938,
    2.56648015116E-02));
#175 = CARTESIAN_POINT('',(77.306407735537,46.800000000274,
    2.494690495756E-02));
#176 = CARTESIAN_POINT('',(78.134568443703,51.999999998964,
    2.422900844284E-02));
#177 = CARTESIAN_POINT('',(78.962729136248,57.200000003871,
    2.351111178135E-02));
#178 = CARTESIAN_POINT('',(79.790889887084,62.399999985554,
    2.279321566767E-02));
#179 = CARTESIAN_POINT('',(80.61905042038,67.600000053914,
    2.207531750953E-02));
#180 = CARTESIAN_POINT('',(81.447211765546,72.799999798791,
    2.135742698139E-02));
#181 = CARTESIAN_POINT('',(82.275370080771,78.000000750922,
    2.063950797769E-02));
#182 = CARTESIAN_POINT('',(83.103539703889,83.199997197522,
    1.992169524626E-02));
#183 = CARTESIAN_POINT('',(83.931667125377,88.40001045899,
    1.92034859013E-02));
#184 = CARTESIAN_POINT('',(84.759952045492,93.599960966519,
    1.848675673819E-02));
#185 = CARTESIAN_POINT('',(85.587649172729,98.800145674932,
    1.776450346121E-02));
#186 = CARTESIAN_POINT('',(86.41753997285,103.99945633375,
    1.706286645785E-02));
#187 = CARTESIAN_POINT('',(87.239243874312,109.20202899006,
    1.628428847388E-02));
#188 = CARTESIAN_POINT('',(88.091501697528,114.39242770599,
    1.579285813876E-02));
#189 = CARTESIAN_POINT('',(88.829730732388,119.62826018594,
    1.422977818881E-02));
#190 = CARTESIAN_POINT('',(89.993520998915,124.69453155022,
    1.666614904936E-02));
#191 = CARTESIAN_POINT('',(89.626165997152,129.6272805659,
    5.855818022758E-03));
#192 = CARTESIAN_POINT('',(92.74939245011,132.39260365821,
    2.904407627173E-02));
#193 = CARTESIAN_POINT('',(94.426452249609,134.91641940425,
    0.213445717708));
#194 = CARTESIAN_POINT('',(96.023057057455,137.33822478701,
    0.707006207087));
#195 = CARTESIAN_POINT('',(97.375612476117,139.66482577521,
    1.596902076285));
#196 = CARTESIAN_POINT('',(98.573015912481,141.77632879774,2.91535645627
    ));
#197 = CARTESIAN_POINT('',(99.63868446971,143.57895909155,4.63371672204)
  );
#198 = CARTESIAN_POINT('',(100.61307248641,145.00251616715,
    6.674569938932));
#199 = CARTESIAN_POINT('',(101.53209820927,146.03139822089,8.93609877997
    ));
#200 = CARTESIAN_POINT('',(102.43276755916,146.71179243003,
    11.320923465773));
#201 = CARTESIAN_POINT('',(103.3518555316,147.14401643595,
    13.758558902764));
#202 = CARTESIAN_POINT('',(104.3241957907,147.48608949792,
    16.204628072389));
#203 = CARTESIAN_POINT('',(105.38988099004,147.83154860132,
    18.654550589359));
#204 = CARTESIAN_POINT('',(106.5845184688,148.17627849211,
    21.105357727867));
#205 = CARTESIAN_POINT('',(107.94484400893,148.52127931934,
    23.556738888405));
#206 = CARTESIAN_POINT('',(109.50772702965,148.86600627833,
    26.008669368313));
#207 = CARTESIAN_POINT('',(111.31010500103,149.21147769958,
    28.461039848864));
#208 = CARTESIAN_POINT('',(112.67490041659,149.43629935319,
    30.071594939283));
#209 = CARTESIAN_POINT('',(113.40545714761,149.55028813433,
    30.874965472987));
#210 = CARTESIAN_POINT('',(69.588893355164,0.,8.759551346569E-02));
#211 = CARTESIAN_POINT('',(69.866958916364,1.733333608586,
    8.692811897296E-02));
#212 = CARTESIAN_POINT('',(70.423089879545,5.199999872226,
    8.559333034923E-02));
#213 = CARTESIAN_POINT('',(71.257286452316,10.400000034248,
    8.359114712284E-02));
#214 = CARTESIAN_POINT('',(72.091482990781,15.59999999082,
    8.158896397437E-02));
#215 = CARTESIAN_POINT('',(72.925679538442,20.80000000246,
    7.958678080504E-02));
#216 = CARTESIAN_POINT('',(73.759876083633,25.999999999342,
    7.758459764125E-02));
#217 = CARTESIAN_POINT('',(74.594072629506,31.200000000171,
    7.558241447618E-02));
#218 = CARTESIAN_POINT('',(75.428269175122,36.399999999973,
    7.358023131071E-02));
#219 = CARTESIAN_POINT('',(76.262465721085,41.599999999938,
    7.157804814808E-02));
#220 = CARTESIAN_POINT('',(77.096662265916,46.800000000275,
    6.957586497446E-02));
#221 = CARTESIAN_POINT('',(77.930858814927,51.999999998963,
    6.757368184198E-02));
#222 = CARTESIAN_POINT('',(78.76505534835,57.200000003874,
    6.557149855595E-02));
#223 = CARTESIAN_POINT('',(79.599251939946,62.399999985542,
    6.356931584298E-02));
#224 = CARTESIAN_POINT('',(80.433448314439,67.600000053957,
    6.156713099129E-02));
#225 = CARTESIAN_POINT('',(81.267645499171,72.799999798629,
    5.956495412143E-02));
#226 = CARTESIAN_POINT('',(82.101839660051,78.000000751527,
    5.756274746298E-02));
#227 = CARTESIAN_POINT('',(82.936045106096,83.199997195265,
    5.55606519771E-02));
#228 = CARTESIAN_POINT('',(83.770208435335,88.400010467415,
    5.35581415895E-02));
#229 = CARTESIAN_POINT('',(84.604528946634,93.599960935075,
    5.155717963615E-02));
#230 = CARTESIAN_POINT('',(85.4382628465,98.800145792285,
    4.955043884758E-02));
#231 = CARTESIAN_POINT('',(86.274186010034,103.99945589578,
    4.756526496563E-02));
#232 = CARTESIAN_POINT('',(87.101938730333,109.20203062457,
    4.549960229244E-02));
#233 = CARTESIAN_POINT('',(87.960183959903,114.39242160591,
    4.373432787756E-02));
#234 = CARTESIAN_POINT('',(88.704629595621,119.62828295177,
    4.08479892207E-02));
#235 = CARTESIAN_POINT('',(89.873781097479,124.694446587,
    4.214551927343E-02));
#236 = CARTESIAN_POINT('',(89.513829442905,129.62754359085,
    2.975377308877E-02));
#237 = CARTESIAN_POINT('',(92.636361823249,132.39205694632,
    5.310403593529E-02));
#238 = CARTESIAN_POINT('',(94.31532931468,134.91342179149,0.2369647875)
  );
#239 = CARTESIAN_POINT('',(95.914378924249,137.33189556318,
    0.729359910855));
#240 = CARTESIAN_POINT('',(97.270238786584,139.65481574041,
    1.617123878688));
#241 = CARTESIAN_POINT('',(98.471546825622,141.76296739014,2.9325102596)
  );
#242 = CARTESIAN_POINT('',(99.541612019866,143.56309432066,
    4.647162857174));
#243 = CARTESIAN_POINT('',(100.5207414569,144.98525618437,6.684184089448
    ));
#244 = CARTESIAN_POINT('',(101.44471679402,146.01379866872,
    8.942306767021));
#245 = CARTESIAN_POINT('',(102.35040449484,146.69462761715,
    11.324603520312));
#246 = CARTESIAN_POINT('',(103.27444101688,147.12769512935,
    13.760800952193));
#247 = CARTESIAN_POINT('',(104.25151282053,147.47077736019,
    16.206794080892));
#248 = CARTESIAN_POINT('',(105.32159091493,147.8171587603,18.65656911112
    ));
#249 = CARTESIAN_POINT('',(106.52013654033,148.16271304127,
    21.107265382394));
#250 = CARTESIAN_POINT('',(107.88374590785,148.50840546539,
    23.558547465331));
#251 = CARTESIAN_POINT('',(109.44914874108,148.85366373664,
    26.010405767004));
#252 = CARTESIAN_POINT('',(111.25314301582,149.19947452672,
    28.462720235414));
#253 = CARTESIAN_POINT('',(112.6183141937,149.4243783647,30.073284768782
    ));
#254 = CARTESIAN_POINT('',(113.34887113962,149.53836512155,
    30.876641143155));
#255 = CARTESIAN_POINT('',(69.150174902096,0.,0.180259264655));
#256 = CARTESIAN_POINT('',(69.431583080968,1.733333612532,0.178885860508
    ));
#257 = CARTESIAN_POINT('',(69.994399276421,5.199999870395,0.176139052996
    ));
#258 = CARTESIAN_POINT('',(70.83862370007,10.400000034739,0.1720188411)
  );
#259 = CARTESIAN_POINT('',(71.68284808875,15.599999990689,0.167898629372
    ));
#260 = CARTESIAN_POINT('',(72.527072486805,20.800000002495,
    0.163778417599));
#261 = CARTESIAN_POINT('',(73.371296882342,25.999999999332,
    0.159658205837));
#262 = CARTESIAN_POINT('',(74.215521278573,31.200000000174,
    0.155537994073));
#263 = CARTESIAN_POINT('',(75.059745674545,36.399999999972,
    0.151417782309));
#264 = CARTESIAN_POINT('',(75.903970070863,41.599999999938,
    0.147297570548));
#265 = CARTESIAN_POINT('',(76.748194466053,46.800000000275,
    0.143177358775));
#266 = CARTESIAN_POINT('',(77.592418865409,51.999999998962,
    0.139057147047));
#267 = CARTESIAN_POINT('',(78.436643249229,57.200000003879,
    0.134936935153));
#268 = CARTESIAN_POINT('',(79.280867691027,62.399999985523,
    0.130816723875));
#269 = CARTESIAN_POINT('',(80.125091916449,67.600000054029,
    0.126696510302));
#270 = CARTESIAN_POINT('',(80.969316949398,72.799999798362,
    0.122576305291));
#271 = CARTESIAN_POINT('',(81.813538968614,78.000000752524,
    0.118456068326));
#272 = CARTESIAN_POINT('',(82.657772235234,83.199997191541,
    0.114335950615));
#273 = CARTESIAN_POINT('',(83.501963525973,88.40001048131,0.110215387842
    ));
#274 = CARTESIAN_POINT('',(84.346311472831,93.599960883217,
    0.106096486064));
#275 = CARTESIAN_POINT('',(85.190074771094,98.800145985822,
    0.101971385368));
#276 = CARTESIAN_POINT('',(86.036020007619,103.99945517349,
    9.78694193496E-02));
#277 = CARTESIAN_POINT('',(86.873822139691,109.20203332019,
    9.368111353755E-02));
#278 = CARTESIAN_POINT('',(87.742014751311,114.39241154573,
    8.981503222273E-02));
#279 = CARTESIAN_POINT('',(88.496788549192,119.62832049687,
    8.474639271287E-02));
#280 = CARTESIAN_POINT('',(89.674847122483,124.69430646677,
    8.416576148592E-02));
#281 = CARTESIAN_POINT('',(89.327195271624,129.62797736814,
    6.916596622485E-02));
#282 = CARTESIAN_POINT('',(92.448574530723,132.39115531628,
    9.278340492258E-02));
#283 = CARTESIAN_POINT('',(94.130711431303,134.90847816797,
    0.275752128027));
#284 = CARTESIAN_POINT('',(95.733822795718,137.3214574905,0.766225345064
    ));
#285 = CARTESIAN_POINT('',(97.095172608415,139.63830732269,
    1.650473409208));
#286 = CARTESIAN_POINT('',(98.302967692468,141.74093193249,
    2.960800086406));
#287 = CARTESIAN_POINT('',(99.380337389782,143.53693034919,
    4.669338046364));
#288 = CARTESIAN_POINT('',(100.36734414744,144.95679124779,
    6.700039620013));
#289 = CARTESIAN_POINT('',(101.29954269526,145.98477371881,
    8.952544897605));
#290 = CARTESIAN_POINT('',(102.21356780479,146.66631963354,
    11.330672617848));
#291 = CARTESIAN_POINT('',(103.14582576875,147.10077824519,
    13.764498510618));
#292 = CARTESIAN_POINT('',(104.13075848553,147.44552478407,
    16.210366233622));
#293 = CARTESIAN_POINT('',(105.20813486616,147.79342722373,
    18.65989803066));
#294 = CARTESIAN_POINT('',(106.41317342458,148.14034107828,
    21.110411461138));
#295 = CARTESIAN_POINT('',(107.78223849046,148.48717407441,
    23.561530146635));
#296 = CARTESIAN_POINT('',(109.35182770193,148.83330858075,
    26.013269412771));
#297 = CARTESIAN_POINT('',(111.15850727105,149.17967904609,
    28.46549150724));
#298 = CARTESIAN_POINT('',(112.52430275089,149.4047184402,
    30.076071612409));
#299 = CARTESIAN_POINT('',(113.25486004253,149.51870184571,
    30.879404636355));
#300 = CARTESIAN_POINT('',(68.538895797054,0.,0.307956630618));
#301 = CARTESIAN_POINT('',(68.824961339866,1.733333611718,0.305610294027
    ));
#302 = CARTESIAN_POINT('',(69.39709226552,5.199999870773,0.300917622084)
  );
#303 = CARTESIAN_POINT('',(70.255288782603,10.400000034638,
    0.293878613174));
#304 = CARTESIAN_POINT('',(71.113485265219,15.599999990716,0.28683960453
    ));
#305 = CARTESIAN_POINT('',(71.971681757075,20.800000002488,
    0.279800595816));
#306 = CARTESIAN_POINT('',(72.829878246449,25.999999999334,0.27276158712
    ));
#307 = CARTESIAN_POINT('',(73.688074736508,31.200000000173,
    0.265722578419));
#308 = CARTESIAN_POINT('',(74.54627122631,36.399999999972,0.258683569719
    ));
#309 = CARTESIAN_POINT('',(75.404467716456,41.599999999938,
    0.251644561021));
#310 = CARTESIAN_POINT('',(76.26266420548,46.800000000276,0.244605552311
    ));
#311 = CARTESIAN_POINT('',(77.12086069865,51.99999999896,0.23756654365)
  );
#312 = CARTESIAN_POINT('',(77.979057176357,57.200000003886,
    0.230527534808));
#313 = CARTESIAN_POINT('',(78.837253711771,62.399999985497,
    0.223488526638));
#314 = CARTESIAN_POINT('',(79.69545003182,67.600000054128,0.21644951596)
  );
#315 = CARTESIAN_POINT('',(80.55364715562,72.799999797993,0.209410514643
    ));
#316 = CARTESIAN_POINT('',(81.411841279784,78.000000753899,
    0.202371478389));
#317 = CARTESIAN_POINT('',(82.270046598739,83.19999718641,0.195332572525
    ));
#318 = CARTESIAN_POINT('',(83.128210138168,88.400010500459,
    0.188293180035));
#319 = CARTESIAN_POINT('',(83.986529600908,93.599960811753,
    0.181255603658));
#320 = CARTESIAN_POINT('',(84.844267149929,98.800146252529,
    0.174211249458));
#321 = CARTESIAN_POINT('',(85.704176430515,103.99945417813,
    0.167192190438));
#322 = CARTESIAN_POINT('',(86.555980698563,109.20203703494,
    0.160078728519));
#323 = CARTESIAN_POINT('',(87.438033285195,114.39239768207,
    0.153317583016));
#324 = CARTESIAN_POINT('',(88.20719761003,119.62837223674,0.145241574745
    ));
#325 = CARTESIAN_POINT('',(89.397666663471,124.69411337094,
    0.142072701134));
#326 = CARTESIAN_POINT('',(89.067152484746,129.62857514468,
    0.123478825199));
#327 = CARTESIAN_POINT('',(92.186925066675,132.38991280473,
    0.147464451586));
#328 = CARTESIAN_POINT('',(93.873477996658,134.90166549642,
    0.329203894813));
#329 = CARTESIAN_POINT('',(95.482248721534,137.30707306972,
    0.817028585633));
#330 = CARTESIAN_POINT('',(96.851247840797,139.61555752644,1.69643147964
    ));
#331 = CARTESIAN_POINT('',(98.068081512226,141.71056547459,
    2.999785518361));
#332 = CARTESIAN_POINT('',(99.155628784859,143.50087449999,
    4.699897064459));
#333 = CARTESIAN_POINT('',(100.15361124109,144.91756450189,
    6.721889690436));
#334 = CARTESIAN_POINT('',(101.09726742614,145.94477523392,
    8.966653783671));
#335 = CARTESIAN_POINT('',(102.02290928828,146.6273091802,
    11.339036274177));
#336 = CARTESIAN_POINT('',(102.96662242496,147.06368482774,
    13.76959401415));
#337 = CARTESIAN_POINT('',(103.96250797928,147.41072490371,
    16.215288919016));
#338 = CARTESIAN_POINT('',(105.05005327314,147.76072344618,
    18.664485523083));
#339 = CARTESIAN_POINT('',(106.26413862278,148.10951089145,
    21.114746985699));
#340 = CARTESIAN_POINT('',(107.64080527122,148.45791567934,
    23.565640497653));
#341 = CARTESIAN_POINT('',(109.21622748338,148.80525769785,
    26.017215724301));
#342 = CARTESIAN_POINT('',(111.02664855524,149.152399449,28.469310520357
    ));
#343 = CARTESIAN_POINT('',(112.39331388174,149.37762561681,
    30.079912085681));
#344 = CARTESIAN_POINT('',(113.12387166288,149.49160442628,
    30.883212930299));
#345 = CARTESIAN_POINT('',(67.75797604284,0.,0.468727151141));
#346 = CARTESIAN_POINT('',(68.04999145012,1.733333612532,0.465155896079)
  );
#347 = CARTESIAN_POINT('',(68.634022105839,5.199999870395,0.458013387954
    ));
#348 = CARTESIAN_POINT('',(69.510068217113,10.400000034739,0.44729962416
    ));
#349 = CARTESIAN_POINT('',(70.386114294163,15.599999990689,
    0.436585860796));
#350 = CARTESIAN_POINT('',(71.262160380387,20.800000002495,
    0.425872097317));
#351 = CARTESIAN_POINT('',(72.138206464147,25.999999999332,
    0.415158333869));
#352 = CARTESIAN_POINT('',(73.014252548587,31.200000000174,
    0.404444570413));
#353 = CARTESIAN_POINT('',(73.890298632771,36.399999999972,
    0.393730806958));
#354 = CARTESIAN_POINT('',(74.766344717298,41.599999999938,
    0.383017043506));
#355 = CARTESIAN_POINT('',(75.642390800709,46.800000000276,0.37230328004
    ));
#356 = CARTESIAN_POINT('',(76.518436888241,51.999999998957,
    0.361589516627));
#357 = CARTESIAN_POINT('',(77.394482960403,57.200000003895,
    0.350875753015));
#358 = CARTESIAN_POINT('',(78.270529089926,62.399999985463,
    0.340161990148));
#359 = CARTESIAN_POINT('',(79.146575005377,67.600000054252,
    0.329448224502));
#360 = CARTESIAN_POINT('',(80.022621719753,72.79999979753,0.318734469225
    ));
#361 = CARTESIAN_POINT('',(80.898665452503,78.00000075563,0.308020675252
    ));
#362 = CARTESIAN_POINT('',(81.77472031283,83.199997179951,0.297307025692
    ));
#363 = CARTESIAN_POINT('',(82.650733644478,88.400010524567,
    0.286592837178));
#364 = CARTESIAN_POINT('',(83.526901963262,93.59996072178,0.275880660067
    ));
#365 = CARTESIAN_POINT('',(84.40249186218,98.800146588313,0.265160976295
    ));
#366 = CARTESIAN_POINT('',(85.280240453427,103.99945292496,
    0.254469307768));
#367 = CARTESIAN_POINT('',(86.149932695226,109.20204171181,
    0.243673084921));
#368 = CARTESIAN_POINT('',(87.049691642488,114.39238022778,
    0.233267064109));
#369 = CARTESIAN_POINT('',(87.837240117343,119.62843737705,
    0.221404789475));
#370 = CARTESIAN_POINT('',(89.043563776363,124.69387026399,
    0.214977328092));
#371 = CARTESIAN_POINT('',(88.734943273701,129.62932774319,
    0.191858517626));
#372 = CARTESIAN_POINT('',(91.852663297429,132.38834848719,
    0.216307690978));
#373 = CARTESIAN_POINT('',(93.544857782255,134.89308836764,
    0.396499475298));
#374 = CARTESIAN_POINT('',(95.16085843916,137.28896313615,0.880989681218
    ));
#375 = CARTESIAN_POINT('',(96.539629681426,139.58691561548,1.7542925236)
  );
#376 = CARTESIAN_POINT('',(97.768010306405,141.67233421425,
    3.048868035772));
#377 = CARTESIAN_POINT('',(98.868559609617,143.45548031663,
    4.738370757387));
#378 = CARTESIAN_POINT('',(99.880563712852,144.86817817109,
    6.749398849836));
#379 = CARTESIAN_POINT('',(100.83885722997,145.89441728655,
    8.984416820047));
#380 = CARTESIAN_POINT('',(101.77933969688,146.57819516094,
    11.349566087157));
#381 = CARTESIAN_POINT('',(102.73768701716,147.01698434971,
    13.776009234612));
#382 = CARTESIAN_POINT('',(103.74756501313,147.36691198058,
    16.221486562069));
#383 = CARTESIAN_POINT('',(104.84810127159,147.71954950886,
    18.670261159403));
#384 = CARTESIAN_POINT('',(106.07374405535,148.07069579817,
    21.120205395394));
#385 = CARTESIAN_POINT('',(107.46012185854,148.42107946567,
    23.570815414679));
#386 = CARTESIAN_POINT('',(109.04299583115,148.76994173962,
    26.022184116183));
#387 = CARTESIAN_POINT('',(110.85819673826,149.11805452911,
    28.474118644089));
#388 = CARTESIAN_POINT('',(112.225973309,149.34351586397,30.084747227442
    ));
#389 = CARTESIAN_POINT('',(112.95653171555,149.45748887352,
    30.88800755856));
#390 = CARTESIAN_POINT('',(66.811159399909,0.,0.660146998158));
#391 = CARTESIAN_POINT('',(67.110388646555,1.733333612532,0.655117305939
    ));
#392 = CARTESIAN_POINT('',(67.708846986975,5.199999870395,0.645057924288
    ));
#393 = CARTESIAN_POINT('',(68.606534620502,10.400000034739,
    0.629968849571));
#394 = CARTESIAN_POINT('',(69.50422222109,15.599999990689,0.614879775454
    ));
#395 = CARTESIAN_POINT('',(70.401909830508,20.800000002495,
    0.599790701177));
#396 = CARTESIAN_POINT('',(71.299597437554,25.999999999332,
    0.584701626942));
#397 = CARTESIAN_POINT('',(72.197285045256,31.200000000174,
    0.569612552696));
#398 = CARTESIAN_POINT('',(73.094972652709,36.399999999972,
    0.554523478452));
#399 = CARTESIAN_POINT('',(73.992660260501,41.599999999938,
    0.539434404212));
#400 = CARTESIAN_POINT('',(74.890347867185,46.800000000277,
    0.524345329956));
#401 = CARTESIAN_POINT('',(75.788035477961,51.999999998954,
    0.509256255759));
#402 = CARTESIAN_POINT('',(76.685723073479,57.200000003905,0.49416718134
    ));
#403 = CARTESIAN_POINT('',(77.583410725937,62.399999985424,
    0.479078107751));
#404 = CARTESIAN_POINT('',(78.481098165892,67.6000000544,0.463989031063)
  );
#405 = CARTESIAN_POINT('',(79.37878639892,72.799999796977,0.448899965942
    ));
#406 = CARTESIAN_POINT('',(80.276471672159,78.000000757691,
    0.433810857653));
#407 = CARTESIAN_POINT('',(81.174167991481,83.199997172259,0.41872191047
    ));
#408 = CARTESIAN_POINT('',(82.071823086261,88.400010553272,
    0.403632362029));
#409 = CARTESIAN_POINT('',(82.969632033124,93.599960614654,
    0.388545057514));
#410 = CARTESIAN_POINT('',(83.866866796199,98.80014698811,0.373449378552
    ));
#411 = CARTESIAN_POINT('',(84.766244442341,103.9994514329,0.358384953454
    ));
#412 = CARTESIAN_POINT('',(85.657624740004,109.20204728027,
    0.343203887346));
#413 = CARTESIAN_POINT('',(86.578851548516,114.39235944599,
    0.328458131414));
#414 = CARTESIAN_POINT('',(87.388689662111,119.62851493573,
    0.312087775789));
#415 = CARTESIAN_POINT('',(88.614236044525,124.69358081107,
    0.301780508762));
#416 = CARTESIAN_POINT('',(88.332160262701,129.63022381723,
    0.273274129275));
#417 = CARTESIAN_POINT('',(91.447391687241,132.38648594782,
    0.298275220286));
#418 = CARTESIAN_POINT('',(93.146426206511,134.8828760932,0.476624299672
    ));
#419 = CARTESIAN_POINT('',(94.771192706432,137.26740072095,
    0.957144333776));
#420 = CARTESIAN_POINT('',(96.16181204019,139.55281340448,1.823184209383
    ));
#421 = CARTESIAN_POINT('',(97.404192628337,141.62681453823,
    3.107307654823));
#422 = CARTESIAN_POINT('',(98.520506085136,143.40143217643,
    4.784179083381));
#423 = CARTESIAN_POINT('',(99.549510563472,144.8093768196,6.782152361282
    ));
#424 = CARTESIAN_POINT('',(100.52555093555,145.83445908929,
    9.005566205485));
#425 = CARTESIAN_POINT('',(101.48402671291,146.51971803453,
    11.362103305939));
#426 = CARTESIAN_POINT('',(102.46011707084,146.96138088255,
    13.783647454078));
#427 = CARTESIAN_POINT('',(103.48696003224,147.31474655238,
    16.228865725123));
#428 = CARTESIAN_POINT('',(104.60324702743,147.67052616337,
    18.677137864269));
#429 = CARTESIAN_POINT('',(105.84290248156,148.02448098692,
    21.126704397482));
#430 = CARTESIAN_POINT('',(107.24105445536,148.37722078938,
    23.576976878998));
#431 = CARTESIAN_POINT('',(108.83296322671,148.7278931355,26.02809968335
    ));
#432 = CARTESIAN_POINT('',(110.65395937702,149.07716210198,
    28.479843389588));
#433 = CARTESIAN_POINT('',(112.02308328738,149.30290338589,30.0905041416
    ));
#434 = CARTESIAN_POINT('',(112.75364243492,149.41686952448,
    30.893716235781));
#435 = CARTESIAN_POINT('',(65.703004008018,0.,0.879392802784));
#436 = CARTESIAN_POINT('',(66.010676350604,1.73333361172,0.872692666061)
  );
#437 = CARTESIAN_POINT('',(66.626020857823,5.199999870772,0.859292396365
    ));
#438 = CARTESIAN_POINT('',(67.549037761712,10.400000034638,
    0.839191988808));
#439 = CARTESIAN_POINT('',(68.472054627258,15.599999990716,
    0.819091582058));
#440 = CARTESIAN_POINT('',(69.395071503083,20.800000002488,
    0.798991175091));
#441 = CARTESIAN_POINT('',(70.318088376148,25.999999999334,
    0.778890768182));
#442 = CARTESIAN_POINT('',(71.241105249971,31.200000000173,
    0.758790361259));
#443 = CARTESIAN_POINT('',(72.164122123519,36.399999999972,
    0.738689954338));
#444 = CARTESIAN_POINT('',(73.087138997411,41.599999999937,0.71858954742
    ));
#445 = CARTESIAN_POINT('',(74.010155870203,46.800000000278,
    0.698489140486));
#446 = CARTESIAN_POINT('',(74.933172747052,51.999999998951,
    0.678388733618));
#447 = CARTESIAN_POINT('',(75.856189608774,57.200000003918,0.6582883265)
  );
#448 = CARTESIAN_POINT('',(76.779206526945,62.399999985378,
    0.638187920312));
#449 = CARTESIAN_POINT('',(77.702223234447,67.600000054569,
    0.618087510657));
#450 = CARTESIAN_POINT('',(78.625240728175,72.799999796345,
    0.597987113942));
#451 = CARTESIAN_POINT('',(79.54825528767,78.000000760051,0.577886668934
    ));
#452 = CARTESIAN_POINT('',(80.471280797868,83.19999716345,0.557786404155
    ));
#453 = CARTESIAN_POINT('',(81.394265439488,88.400010586148,
    0.537685466756));
#454 = CARTESIAN_POINT('',(82.31740260472,93.599960491957,0.517587039606
    ));
#455 = CARTESIAN_POINT('',(83.239970544078,98.800147446025,
    0.497479244078));
#456 = CARTESIAN_POINT('',(84.164662863322,103.99944972394,
    0.477406411817));
#457 = CARTESIAN_POINT('',(85.081426888896,109.2020536582,0.457203094862
    ));
#458 = CARTESIAN_POINT('',(86.027779709264,114.39233564324,
    0.437486753418));
#459 = CARTESIAN_POINT('',(86.863705644125,119.6286037688,0.415952994625
    ));
#460 = CARTESIAN_POINT('',(88.111750326221,124.69324928151,
    0.401201929719));
#461 = CARTESIAN_POINT('',(87.860742519112,129.63125015007,
    0.366524811287));
#462 = CARTESIAN_POINT('',(90.973061284028,132.38435265835,
    0.392158050076));
#463 = CARTESIAN_POINT('',(92.680101388231,134.87117930019,
    0.568396557691));
#464 = CARTESIAN_POINT('',(94.315127441861,137.24270386145,
    1.044369291566));
#465 = CARTESIAN_POINT('',(95.719613796831,139.5137538879,1.902090411205
    ));
#466 = CARTESIAN_POINT('',(96.97837995951,141.57467784421,3.174242413682
    ));
#467 = CARTESIAN_POINT('',(98.11314380153,143.3395272686,4.836646387309)
  );
#468 = CARTESIAN_POINT('',(99.162045540304,144.74202774466,
    6.819667123116));
#469 = CARTESIAN_POINT('',(100.15885685379,145.76578500242,
    9.029789994711));
#470 = CARTESIAN_POINT('',(101.13839202437,146.45274031602,
    11.376463011386));
#471 = CARTESIAN_POINT('',(102.13524885593,146.89769455594,
    13.792396011759));
#472 = CARTESIAN_POINT('',(103.18194763422,147.25499803907,
    16.237317568369));
#473 = CARTESIAN_POINT('',(104.3166693116,147.61437648502,
    18.685014208939));
#474 = CARTESIAN_POINT('',(105.57272521251,147.97154810882,
    21.134148134188));
#475 = CARTESIAN_POINT('',(106.98465769149,148.32698654716,
    23.584034011401));
#476 = CARTESIAN_POINT('',(108.58714079863,148.67973209334,
    26.034875173425));
#477 = CARTESIAN_POINT('',(110.41491972441,149.0303252874,
    28.486400319247));
#478 = CARTESIAN_POINT('',(111.78562052314,149.25638726236,30.0970979155
    ));
#479 = CARTESIAN_POINT('',(112.51618056523,149.37034549886,
    30.900254761174));
#480 = CARTESIAN_POINT('',(64.43886951024,0.,1.123310860247));
#481 = CARTESIAN_POINT('',(64.756173352449,1.733333612752,1.114752299933
    ));
#482 = CARTESIAN_POINT('',(65.390780863461,5.199999870293,1.097635184081
    ));
#483 = CARTESIAN_POINT('',(66.342692269384,10.400000034766,
    1.071959506464));
#484 = CARTESIAN_POINT('',(67.294603637943,15.599999990681,
    1.046283829876));
#485 = CARTESIAN_POINT('',(68.246515016519,20.800000002497,
    1.020608153012));
#486 = CARTESIAN_POINT('',(69.198426392405,25.999999999332,
    0.994932476222));
#487 = CARTESIAN_POINT('',(70.150337769031,31.200000000174,
    0.969256799412));
#488 = CARTESIAN_POINT('',(71.102249145387,36.399999999972,
    0.943581122606));
#489 = CARTESIAN_POINT('',(72.054160522083,41.599999999937,
    0.917905445805));
#490 = CARTESIAN_POINT('',(73.006071897689,46.800000000279,
    0.892229768983));
#491 = CARTESIAN_POINT('',(73.957983277313,51.999999998947,
    0.866554092237));
#492 = CARTESIAN_POINT('',(74.909894641959,57.200000003931,
    0.840878415211));
#493 = CARTESIAN_POINT('',(75.861806062494,62.399999985328,
    0.815202739225));
#494 = CARTESIAN_POINT('',(76.813717274454,67.600000054758,
    0.789527059362));
#495 = CARTESIAN_POINT('',(77.765629264827,72.799999795641,
    0.763851393966));
#496 = CARTESIAN_POINT('',(78.717538350122,78.000000762677,
    0.738175674579));
#497 = CARTESIAN_POINT('',(79.669458277315,83.19999715365,0.712500156692
    ));
#498 = CARTESIAN_POINT('',(80.621337741994,88.400010622725,
    0.686823886794));
#499 = CARTESIAN_POINT('',(81.573368214829,93.599960355451,
    0.661150423439));
#500 = CARTESIAN_POINT('',(82.524835117555,98.80014795547,0.635466485923
    ));
#501 = CARTESIAN_POINT('',(83.478405292561,103.99944782266,
    0.609821638508));
#502 = CARTESIAN_POINT('',(84.424125948558,109.20206075385,0.58403090485
    ));
#503 = CARTESIAN_POINT('',(85.39914140831,114.39230916191,0.558784626062
    ));
#504 = CARTESIAN_POINT('',(86.26482717205,119.62870259848,0.531506414038
    ));
#505 = CARTESIAN_POINT('',(87.538536916084,124.69288044414,
    0.511811480089));
#506 = CARTESIAN_POINT('',(87.32297007592,129.63239197858,0.470269214754
    ));
#507 = CARTESIAN_POINT('',(90.431966207982,132.38197930474,
    0.496605738418));
#508 = CARTESIAN_POINT('',(92.148138728236,134.8581662392,0.670496166589
    ));
#509 = CARTESIAN_POINT('',(93.794868425481,137.21522780549,
    1.141409881704));
#510 = CARTESIAN_POINT('',(95.215173662913,139.47029891083,
    1.989876115944));
#511 = CARTESIAN_POINT('',(96.492631761924,141.51667408377,
    3.248709500454));
#512 = CARTESIAN_POINT('',(97.648442984689,143.27065605397,
    4.895017961973));
#513 = CARTESIAN_POINT('',(98.720042635249,144.66709971784,
    6.861403510493));
#514 = CARTESIAN_POINT('',(99.740548517004,145.68938285692,
    9.056739744662));
#515 = CARTESIAN_POINT('',(100.74410730888,146.37822543523,
    11.392438648705));
#516 = CARTESIAN_POINT('',(101.76465361206,146.82684145523,
    13.802129065482));
#517 = CARTESIAN_POINT('',(102.8340030252,147.18852588318,
    16.246720517675));
#518 = CARTESIAN_POINT('',(103.98975416995,147.55190814958,
    18.693776897441));
#519 = CARTESIAN_POINT('',(105.26451897298,147.91265856775,
    21.14242953233));
#520 = CARTESIAN_POINT('',(106.69217164005,148.27109932615,
    23.591885299702));
#521 = CARTESIAN_POINT('',(108.30671748297,148.62615137364,
    26.042413125647));
#522 = CARTESIAN_POINT('',(110.14223388749,148.97821781721,
    28.493695115418));
#523 = CARTESIAN_POINT('',(111.51473355738,149.20463656252,
    30.104433703386));
#524 = CARTESIAN_POINT('',(112.24529460142,149.31858601379,
    30.90752908241));
#525 = CARTESIAN_POINT('',(63.024900122443,0.,1.388487622008));
#526 = CARTESIAN_POINT('',(63.352977063324,1.733333612548,1.377908667055
    ));
#527 = CARTESIAN_POINT('',(64.009130776618,5.199999870388,1.356750762839
    ));
#528 = CARTESIAN_POINT('',(64.993361481994,10.400000034741,1.32501390194
    ));
#529 = CARTESIAN_POINT('',(65.977592151071,15.599999990688,
    1.293277042268));
#530 = CARTESIAN_POINT('',(66.961822829879,20.800000002496,
    1.261540182267));
#531 = CARTESIAN_POINT('',(67.946053506074,25.999999999332,
    1.229803322354));
#532 = CARTESIAN_POINT('',(68.930284182988,31.200000000174,
    1.198066462418));
#533 = CARTESIAN_POINT('',(69.914514859638,36.399999999972,
    1.166329602486));
#534 = CARTESIAN_POINT('',(70.898745536623,41.599999999937,
    1.134592742559));
#535 = CARTESIAN_POINT('',(71.882976212532,46.80000000028,1.10285588261)
  );
#536 = CARTESIAN_POINT('',(72.867206892412,51.999999998944,
    1.071119022744));
#537 = CARTESIAN_POINT('',(73.851437557484,57.200000003946,
    1.039382162567));
#538 = CARTESIAN_POINT('',(74.835668277817,62.399999985273,
    1.007645303549));
#539 = CARTESIAN_POINT('',(75.819898791916,67.600000054963,
    0.975908440209));
#540 = CARTESIAN_POINT('',(76.80413007569,72.799999794876,0.944171592997
    ));
#541 = CARTESIAN_POINT('',(77.788358486996,78.000000765532,
    0.912434685596));
#542 = CARTESIAN_POINT('',(78.772597618498,83.199997142995,
    0.880698002823));
#543 = CARTESIAN_POINT('',(79.756796741683,88.400010662489,
    0.848960481727));
#544 = CARTESIAN_POINT('',(80.741145177942,93.599960207049,
    0.817226089292));
#545 = CARTESIAN_POINT('',(81.724936370223,98.800148509315,
    0.785480020539));
#546 = CARTESIAN_POINT('',(82.710807225341,103.99944575568,
    0.753777528395));
#547 = CARTESIAN_POINT('',(83.688916673088,109.20206846792,
    0.721912406136));
#548 = CARTESIAN_POINT('',(84.695992087484,114.3922803726,0.690654227726
    ));
#549 = CARTESIAN_POINT('',(85.594965042654,119.62881004167,
    0.657130904037));
#550 = CARTESIAN_POINT('',(86.897381868078,124.69247946072,
    0.632061217611));
#551 = CARTESIAN_POINT('',(86.721456729348,129.63363332329,
    0.583055472763));
#552 = CARTESIAN_POINT('',(89.826736404696,132.37939910124,0.61015657617
    ));
#553 = CARTESIAN_POINT('',(91.553123784805,134.84401902349,
    0.781494277785));
#554 = CARTESIAN_POINT('',(93.212944331027,137.18535707094,1.24690805482
    ));
#555 = CARTESIAN_POINT('',(94.65094342587,139.42305661061,2.085312793137
    ));
#556 = CARTESIAN_POINT('',(95.949308972482,141.45361499941,
    3.329666774112));
#557 = CARTESIAN_POINT('',(97.128662272546,143.1957823613,4.958476917448
    ));
#558 = CARTESIAN_POINT('',(98.225650165014,144.58564133086,
    6.906777437161));
#559 = CARTESIAN_POINT('',(99.272659076505,145.60632187427,
    9.086038302942));
#560 = CARTESIAN_POINT('',(100.30308895304,146.29721620207,
    11.409806644397));
#561 = CARTESIAN_POINT('',(101.35013258521,146.74981314497,
    13.812710404539));
#562 = CARTESIAN_POINT('',(102.44481735968,147.11626033946,
    16.256942982031));
#563 = CARTESIAN_POINT('',(103.62409054516,147.48399537971,
    18.703303298995));
#564 = CARTESIAN_POINT('',(104.91978177239,147.84863650243,
    21.151432696606));
#565 = CARTESIAN_POINT('',(106.36501790492,148.21034124854,
    23.600420867887));
#566 = CARTESIAN_POINT('',(107.99305624969,148.56790082016,
    26.050608048841));
#567 = CARTESIAN_POINT('',(109.83722724443,148.92156891659,
    28.501625690552));
#568 = CARTESIAN_POINT('',(111.21173898533,149.14837552117,
    30.11240884215));
#569 = CARTESIAN_POINT('',(111.94230116118,149.26231542527,
    30.91543739789));
#570 = CARTESIAN_POINT('',(61.468003198372,0.,1.671317583268));
#571 = CARTESIAN_POINT('',(61.807942216147,1.733333613816,1.65858373295)
  );
#572 = CARTESIAN_POINT('',(62.487820065592,5.199999869799,1.633116039466
    ));
#573 = CARTESIAN_POINT('',(63.507636989372,10.400000034899,1.59491449349
    ));
#574 = CARTESIAN_POINT('',(64.527453873053,15.599999990646,
    1.556712949055));
#575 = CARTESIAN_POINT('',(65.547270767483,20.800000002507,
    1.518511404208));
#576 = CARTESIAN_POINT('',(66.567087659028,25.999999999329,1.48030985947
    ));
#577 = CARTESIAN_POINT('',(67.586904551364,31.200000000175,
    1.442108314704));
#578 = CARTESIAN_POINT('',(68.606721443419,36.399999999972,
    1.403906769944));
#579 = CARTESIAN_POINT('',(69.62653833581,41.599999999937,1.365705225188
    ));
#580 = CARTESIAN_POINT('',(70.646355227136,46.800000000281,
    1.327503680409));
#581 = CARTESIAN_POINT('',(71.666172122384,51.999999998939,
    1.289302135721));
#582 = CARTESIAN_POINT('',(72.68598900301,57.200000003962,1.251100590689
    ));
#583 = CARTESIAN_POINT('',(73.705805938205,62.399999985214,
    1.212899046942));
#584 = CARTESIAN_POINT('',(74.725622669744,67.600000055181,
    1.174697498399));
#585 = CARTESIAN_POINT('',(75.745440161337,72.79999979406,1.136495967755
    ));
#586 = CARTESIAN_POINT('',(76.765254816369,78.000000768577,
    1.098294370313));
#587 = CARTESIAN_POINT('',(77.785080057594,83.199997131631,
    1.060093022164));
#588 = CARTESIAN_POINT('',(78.804865790608,88.400010704901,
    1.021890743637));
#589 = CARTESIAN_POINT('',(79.824798970271,93.599960048767,
    0.983691937331));
#590 = CARTESIAN_POINT('',(80.844181871549,98.800149100031,
    0.945480172522));
#591 = CARTESIAN_POINT('',(81.865618439721,103.9994435511,0.907316769501
    ));
#592 = CARTESIAN_POINT('',(82.879390618701,109.20207669553,
    0.868972877831));
#593 = CARTESIAN_POINT('',(83.921766687553,114.39224966674,
    0.831302578969));
#594 = CARTESIAN_POINT('',(84.857391586108,119.6289246375,0.791118397526
    ));
#595 = CARTESIAN_POINT('',(86.191417275982,124.69205178324,
    0.760316153599));
#596 = CARTESIAN_POINT('',(86.059140920288,129.6349573061,0.703350074642
    ));
#597 = CARTESIAN_POINT('',(89.16032847025,132.37664712988,0.731266656968
    ));
#598 = CARTESIAN_POINT('',(90.89796325361,134.82893000722,0.899881693336
    ));
#599 = CARTESIAN_POINT('',(92.572197904325,137.15349779851,
    1.359429393482));
#600 = CARTESIAN_POINT('',(94.029679395615,139.37266932232,
    2.187102827581));
#601 = CARTESIAN_POINT('',(95.351065766539,141.38635798085,
    3.416013490244));
#602 = CARTESIAN_POINT('',(96.556340835526,143.11592421891,
    5.026160427117));
#603 = CARTESIAN_POINT('',(97.681283276426,144.49876014156,
    6.955171971571));
#604 = CARTESIAN_POINT('',(98.7574742097,145.51773140222,9.117287308505)
  );
#605 = CARTESIAN_POINT('',(99.817491366845,146.21081406742,
    11.428330852612));
#606 = CARTESIAN_POINT('',(100.89371074381,146.66765694901,13.8239961586
    ));
#607 = CARTESIAN_POINT('',(102.01629184084,147.03918397426,
    16.267845970582));
#608 = CARTESIAN_POINT('',(103.22146473332,147.41156155878,
    18.713463886841));
#609 = CARTESIAN_POINT('',(104.54019767967,147.78035239595,
    21.161035214511));
#610 = CARTESIAN_POINT('',(106.00479465795,148.14553841782,
    23.609524661164));
#611 = CARTESIAN_POINT('',(107.64768936032,148.50577244433,
    26.059348519864));
#612 = CARTESIAN_POINT('',(109.50138977215,148.86114881302,
    28.510084215618));
#613 = CARTESIAN_POINT('',(110.87811697072,149.08836910986,
    30.12091489717));
#614 = CARTESIAN_POINT('',(111.60868039173,149.20229882252,
    30.923872181337));
#615 = CARTESIAN_POINT('',(59.775822999367,0.,1.968065200302));
#616 = CARTESIAN_POINT('',(60.128654823328,1.733333612281,1.953070415519
    ));
#617 = CARTESIAN_POINT('',(60.834318268967,5.199999870511,1.923080853937
    ));
#618 = CARTESIAN_POINT('',(61.892813600045,10.400000034708,
    1.878096505144));
#619 = CARTESIAN_POINT('',(62.951308887538,15.599999990697,
    1.833112158073));
#620 = CARTESIAN_POINT('',(64.009804186714,20.800000002493,1.78812781054
    ));
#621 = CARTESIAN_POINT('',(65.068299482755,25.999999999333,1.74314346313
    ));
#622 = CARTESIAN_POINT('',(66.126794779654,31.200000000174,
    1.698159115688));
#623 = CARTESIAN_POINT('',(67.185290076254,36.399999999973,
    1.653174768253));
#624 = CARTESIAN_POINT('',(68.243785373192,41.599999999936,
    1.608190420823));
#625 = CARTESIAN_POINT('',(69.302280669078,46.800000000282,
    1.563206073366));
#626 = CARTESIAN_POINT('',(70.360775968832,51.999999998935,
    1.518221726011));
#627 = CARTESIAN_POINT('',(71.419271254165,57.200000003978,
    1.473237378275));
#628 = CARTESIAN_POINT('',(72.477766593317,62.399999985153,
    1.428253031959));
#629 = CARTESIAN_POINT('',(73.536261731614,67.600000055411,
    1.383268680348));
#630 = CARTESIAN_POINT('',(74.594757619509,72.799999793204,
    1.338284348494));
#631 = CARTESIAN_POINT('',(75.653250709869,78.000000771772,
    1.293299942908));
#632 = CARTESIAN_POINT('',(76.711754240774,83.199997119707,
    1.248315812495));
#633 = CARTESIAN_POINT('',(77.770218807031,88.400010749399,
    1.203330655118));
#634 = CARTESIAN_POINT('',(78.828828791334,93.599959882696,
    1.158349330427));
#635 = CARTESIAN_POINT('',(79.886896068103,98.800149719816,
    1.113353701955));
#636 = CARTESIAN_POINT('',(80.946988756961,103.99944123804,
    1.068411455922));
#637 = CARTESIAN_POINT('',(81.999522504997,109.20208532801,
    1.023269983913));
#638 = CARTESIAN_POINT('',(83.080266604231,114.39221744988,0.97887203337
    ));
#639 = CARTESIAN_POINT('',(84.055728239496,119.62904487243,
    0.931699222938));
#640 = CARTESIAN_POINT('',(85.424109379438,124.69160306037,
    0.894882330596));
#641 = CARTESIAN_POINT('',(85.339274575733,129.6363464402,0.829564200933
    ));
#642 = CARTESIAN_POINT('',(88.436014423704,132.37375973796,
    0.858336390724));
#643 = CARTESIAN_POINT('',(90.185873929701,134.81309848216,
    1.024094783404));
#644 = CARTESIAN_POINT('',(91.875775168121,137.1200707771,1.47748774545)
  );
#645 = CARTESIAN_POINT('',(93.354431937611,139.31980254802,
    2.293901803278));
#646 = CARTESIAN_POINT('',(94.700839478829,141.31579134111,
    3.506609204137));
#647 = CARTESIAN_POINT('',(95.934288734184,143.03213637214,5.09717454499
    ));
#648 = CARTESIAN_POINT('',(97.089614775051,144.40760365384,
    7.005947931443));
#649 = CARTESIAN_POINT('',(98.197523440349,145.4247815204,9.150074032705
    ));
#650 = CARTESIAN_POINT('',(99.289698802454,146.12016020793,
    11.447766610481));
#651 = CARTESIAN_POINT('',(100.39762908903,146.58145796475,
    13.835837268392));
#652 = CARTESIAN_POINT('',(101.55053050074,146.95831479194,
    16.279285479525));
#653 = CARTESIAN_POINT('',(102.78385360062,147.33556337369,
    18.724124462606));
#654 = CARTESIAN_POINT('',(104.12763042779,147.70870812663,
    21.17111025852));
#655 = CARTESIAN_POINT('',(105.61327057126,148.07754673345,
    23.61907643901));
#656 = CARTESIAN_POINT('',(107.27231254475,148.44058681857,
    26.068519096942));
#657 = CARTESIAN_POINT('',(109.13637040587,148.7977555303,28.51895897238
    ));
#658 = CARTESIAN_POINT('',(110.51550558598,149.0254098532,
    30.129839523283));
#659 = CARTESIAN_POINT('',(111.24607034909,149.13932888902,
    30.932722028351));
#660 = CARTESIAN_POINT('',(57.95670956517,0.,2.274918275883));
#661 = CARTESIAN_POINT('',(58.323401301768,1.733333612532,2.257585562483
    ));
#662 = CARTESIAN_POINT('',(59.056784570057,5.199999870395,2.222920145128
    ));
#663 = CARTESIAN_POINT('',(60.156859637219,10.400000034739,
    2.170922011503));
#664 = CARTESIAN_POINT('',(61.256934660232,15.599999990689,
    2.118923879913));
#665 = CARTESIAN_POINT('',(62.357009695079,20.800000002495,
    2.066925747778));
#666 = CARTESIAN_POINT('',(63.457084726749,25.999999999333,
    2.014927615788));
#667 = CARTESIAN_POINT('',(64.55715975929,31.200000000174,1.96292948376)
  );
#668 = CARTESIAN_POINT('',(65.657234791529,36.399999999973,
    1.910931351741));
#669 = CARTESIAN_POINT('',(66.757309824102,41.599999999936,
    1.858933219726));
#670 = CARTESIAN_POINT('',(67.857384855639,46.800000000283,
    1.806935087683));
#671 = CARTESIAN_POINT('',(68.957459890987,51.99999999893,1.75493695575)
  );
#672 = CARTESIAN_POINT('',(70.057534912129,57.200000003995,
    1.702938823401));
#673 = CARTESIAN_POINT('',(71.157609986283,62.399999985089,
    1.650940692609));
#674 = CARTESIAN_POINT('',(72.257684862595,67.600000055648,
    1.598942556007));
#675 = CARTESIAN_POINT('',(73.357760477263,72.799999792319,
    1.546944441084));
#676 = CARTESIAN_POINT('',(74.457833336349,78.000000775076,
    1.494946245257));
#677 = CARTESIAN_POINT('',(75.557916479408,83.199997107378,
    1.442948351367));
#678 = CARTESIAN_POINT('',(76.657961242155,88.400010795413,
    1.390949330635));
#679 = CARTESIAN_POINT('',(77.758149242176,93.59995971097,1.338954515332
    ));
#680 = CARTESIAN_POINT('',(78.857802673417,98.800150360706,
    1.286944005155));
#681 = CARTESIAN_POINT('',(79.959451142502,103.9994388462,1.234992069044
    ));
#682 = CARTESIAN_POINT('',(81.053654028991,109.20209425446,
    1.182821531546));
#683 = CARTESIAN_POINT('',(82.175644208017,114.39218413592,
    1.131466825528));
#684 = CARTESIAN_POINT('',(83.193930799494,119.62916920185,
    1.077067394977));
#685 = CARTESIAN_POINT('',(84.599244448629,124.69113905668,
    1.034031031076));
#686 = CARTESIAN_POINT('',(84.565409866184,129.63778287994,
    0.960076429545));
#687 = CARTESIAN_POINT('',(87.657368382682,132.37077401864,0.9897333637)
  );
#688 = CARTESIAN_POINT('',(89.420369607978,134.79672782953,
    1.152537832402));
#689 = CARTESIAN_POINT('',(91.127112610756,137.08550543018,
    1.599566462581));
#690 = CARTESIAN_POINT('',(92.628533051084,139.26513544587,
    2.404337716763));
#691 = CARTESIAN_POINT('',(94.001838641958,141.2428216214,3.60029006911)
  );
#692 = CARTESIAN_POINT('',(95.265575475994,142.94549520975,
    5.170606981269));
#693 = CARTESIAN_POINT('',(96.453564240908,144.31334291843,
    7.058453018453));
#694 = CARTESIAN_POINT('',(97.595569837762,145.32866631854,
    9.183977277691));
#695 = CARTESIAN_POINT('',(98.722315644963,146.02641921728,
    11.467864234645));
#696 = CARTESIAN_POINT('',(99.864335528922,146.49232355587,
    13.848081615944));
#697 = CARTESIAN_POINT('',(101.04983163226,146.87469168635,
    16.291114550092));
#698 = CARTESIAN_POINT('',(102.31341653316,147.25697714251,
    18.735148074165));
#699 = CARTESIAN_POINT('',(103.68411582401,147.63462407973,
    21.181528398592));
#700 = CARTESIAN_POINT('',(105.19237761554,148.00723965665,
    23.628953493593));
#701 = CARTESIAN_POINT('',(106.8687780927,148.37318135864,
    26.078001969299));
#702 = CARTESIAN_POINT('',(108.74397033622,148.7322034477,28.52813595065
    ));
#703 = CARTESIAN_POINT('',(110.12569411507,148.96030658275,
    30.13906806888));
#704 = CARTESIAN_POINT('',(110.85626032748,149.07421457419,
    30.941873248508));
#705 = CARTESIAN_POINT('',(56.019682774231,0.,2.588031263645));
#706 = CARTESIAN_POINT('',(56.401132812899,1.733333611767,2.568312927099
    ));
#707 = CARTESIAN_POINT('',(57.164032675938,5.19999987075,2.528876264777)
  );
#708 = CARTESIAN_POINT('',(58.308382642775,10.400000034644,
    2.469721262635));
#709 = CARTESIAN_POINT('',(59.452732563438,15.599999990714,
    2.410566262813));
#710 = CARTESIAN_POINT('',(60.597082496479,20.800000002489,2.35141126237
    ));
#711 = CARTESIAN_POINT('',(61.741432426197,25.999999999334,
    2.292256262093));
#712 = CARTESIAN_POINT('',(62.885782356824,31.200000000173,
    2.233101261772));
#713 = CARTESIAN_POINT('',(64.03013228714,36.399999999973,2.173946261461
    ));
#714 = CARTESIAN_POINT('',(65.174482217789,41.599999999936,
    2.114791261156));
#715 = CARTESIAN_POINT('',(66.318832147418,46.800000000285,
    2.055636260818));
#716 = CARTESIAN_POINT('',(67.463182080796,51.999999998926,
    1.996481260602));
#717 = CARTESIAN_POINT('',(68.607532000198,57.200000004012,
    1.937326259932));
#718 = CARTESIAN_POINT('',(69.751881971753,62.399999985024,
    1.878171260958));
#719 = CARTESIAN_POINT('',(70.896231748673,67.60000005589,1.819016255651
    ));
#720 = CARTESIAN_POINT('',(72.040582251979,72.799999791416,
    1.759861273982));
#721 = CARTESIAN_POINT('',(73.184930044376,78.000000778447,
    1.700706204093));
#722 = CARTESIAN_POINT('',(74.329287954024,83.199997094797,
    1.641551463448));
#723 = CARTESIAN_POINT('',(75.473608105574,88.400010842366,
    1.582395494047));
#724 = CARTESIAN_POINT('',(76.618069172268,93.599959535741,
    1.523244110422));
#725 = CARTESIAN_POINT('',(77.762004336484,98.800151014671,
    1.464075612453));
#726 = CARTESIAN_POINT('',(78.907902195467,103.99943640557,
    1.404970986084));
#727 = CARTESIAN_POINT('',(80.046475177863,109.20210336302,
    1.345627987655));
#728 = CARTESIAN_POINT('',(81.212384971837,114.39215014233,
    1.287174605869));
#729 = CARTESIAN_POINT('',(82.276272396085,119.62929606763,
    1.225401129572));
#730 = CARTESIAN_POINT('',(83.720912487661,124.69066558714,
    1.176018414674));
#731 = CARTESIAN_POINT('',(83.741383916632,129.63924862357,
    1.093251154168));
#732 = CARTESIAN_POINT('',(86.828251179893,132.36772738959,
    1.123810881788));
#733 = CARTESIAN_POINT('',(88.605245959347,134.78002320975,
    1.283601165409));
#734 = CARTESIAN_POINT('',(90.329922395057,137.05023493785,
    1.724135629081));
#735 = CARTESIAN_POINT('',(91.855582027644,139.20935311535,2.51702656227
    ));
#736 = CARTESIAN_POINT('',(93.257529176449,141.16836329338,3.69588205714
    ));
#737 = CARTESIAN_POINT('',(94.553516803775,142.85708653674,
    5.245537465439));
#738 = CARTESIAN_POINT('',(95.77628546221,144.21715923039,7.112029227965
    ));
#739 = CARTESIAN_POINT('',(96.954598124184,145.23059033229,
    9.218572160965));
#740 = CARTESIAN_POINT('',(98.11815520278,145.93076587698,
    11.488371857509));
#741 = CARTESIAN_POINT('',(99.29647434229,146.40137077326,
    13.860575752553));
#742 = CARTESIAN_POINT('',(100.51667789693,146.78936263958,
    16.303184937917));
#743 = CARTESIAN_POINT('',(101.81248614258,147.17678772415,
    18.74639657133));
#744 = CARTESIAN_POINT('',(103.21185298786,147.55902869197,
    21.192159072442));
#745 = CARTESIAN_POINT('',(104.74420274313,147.93549828997,
    23.639032043596));
#746 = CARTESIAN_POINT('',(106.43908688692,148.30440080501,
    26.087678295694));
#747 = CARTESIAN_POINT('',(108.32613523465,148.66531407252,
    28.537500142318));
#748 = CARTESIAN_POINT('',(109.71061540094,148.8938751972,
    30.148484880613));
#749 = CARTESIAN_POINT('',(110.44118315799,149.00777190412,
    30.951211156821));
#750 = CARTESIAN_POINT('',(53.974391853538,0.,2.903558068289));
#751 = CARTESIAN_POINT('',(54.371425064215,1.733333612532,2.881435717626
    ));
#752 = CARTESIAN_POINT('',(55.16549126057,5.199999870395,2.837191028342)
  );
#753 = CARTESIAN_POINT('',(56.356590735984,10.400000034739,
    2.770823984735));
#754 = CARTESIAN_POINT('',(57.547690162918,15.599999990689,
    2.704456943723));
#755 = CARTESIAN_POINT('',(58.738789602848,20.800000002495,
    2.638089902015));
#756 = CARTESIAN_POINT('',(59.92988903929,25.999999999333,2.571722860493
    ));
#757 = CARTESIAN_POINT('',(61.120988476685,31.200000000174,
    2.505355818922));
#758 = CARTESIAN_POINT('',(62.312087913759,36.399999999973,
    2.438988777362));
#759 = CARTESIAN_POINT('',(63.503187351163,41.599999999935,
    2.372621735808));
#760 = CARTESIAN_POINT('',(64.694286787564,46.800000000286,
    2.306254694219));
#761 = CARTESIAN_POINT('',(65.885386227649,51.999999998921,
    2.239887652762));
#762 = CARTESIAN_POINT('',(67.076485654002,57.20000000403,2.173520610813
    ));
#763 = CARTESIAN_POINT('',(68.2675851316,62.399999984959,2.107153570702)
  );
#764 = CARTESIAN_POINT('',(69.458684417949,67.600000056134,
    2.040786523729));
#765 = CARTESIAN_POINT('',(70.649784418046,72.799999790506,
    1.974419502369));
#766 = CARTESIAN_POINT('',(71.840881754403,78.000000781844,
    1.908052385415));
#767 = CARTESIAN_POINT('',(73.031989031972,83.199997082119,
    1.841685625224));
#768 = CARTESIAN_POINT('',(74.223059208432,88.40001088968,1.775317533579
    ));
#769 = CARTESIAN_POINT('',(75.414267848119,93.599959359161,
    1.708954410986));
#770 = CARTESIAN_POINT('',(76.604959736006,98.800151673677,
    1.642572743636));
#771 = CARTESIAN_POINT('',(77.797580167865,103.99943394613,
    1.576260286263));
#772 = CARTESIAN_POINT('',(78.983003175636,109.20211254179,1.50968953374
    ));
#773 = CARTESIAN_POINT('',(80.195287335786,114.39211588669,1.44408275184
    ));
#774 = CARTESIAN_POINT('',(81.307324310508,119.62942391143,
    1.374878382598));
#775 = CARTESIAN_POINT('',(82.793488874561,124.69018846758,
    1.319100392098));
#776 = CARTESIAN_POINT('',(82.871301581727,129.64072566675,
    1.227452535017));
#777 = CARTESIAN_POINT('',(85.952793031876,132.36465727379,1.25892201582
    ));
#778 = CARTESIAN_POINT('',(87.744563491976,134.76318981251,
    1.415674877729));
#779 = CARTESIAN_POINT('',(89.488175694463,137.01469254205,
    1.849665110767));
#780 = CARTESIAN_POINT('',(91.039429294095,139.1531407537,2.630584136473
    ));
#781 = CARTESIAN_POINT('',(92.471618832249,141.09333095925,
    3.792210972616));
#782 = CARTESIAN_POINT('',(93.801659811345,142.76799631313,
    5.321045595616));
#783 = CARTESIAN_POINT('',(95.061152278028,144.12023405344,
    7.166018461413));
#784 = CARTESIAN_POINT('',(96.277801276388,145.13175826922,
    9.253433739383));
#785 = CARTESIAN_POINT('',(97.480227078698,145.83437513627,
    11.509037575528));
#786 = CARTESIAN_POINT('',(98.696874308535,146.30971682726,
    13.873166207612));
#787 = CARTESIAN_POINT('',(99.953725180267,146.70337578332,
    16.315348377474));
#788 = CARTESIAN_POINT('',(101.28355779501,147.0959801182,
    18.757731784199));
#789 = CARTESIAN_POINT('',(102.71319447905,147.4828505323,
    21.202871699126));
#790 = CARTESIAN_POINT('',(104.27097852071,147.86320386282,
    23.649188290107));
#791 = CARTESIAN_POINT('',(105.98537941743,148.23509001442,
    26.097429217641));
#792 = CARTESIAN_POINT('',(107.88494653415,148.59790904619,
    28.546936523943));
#793 = CARTESIAN_POINT('',(109.27233713628,148.82693167448,
    30.157974286219));
#794 = CARTESIAN_POINT('',(110.00290653213,148.94081702137,
    30.960621051929));
#795 = CARTESIAN_POINT('',(51.831070729478,0.,3.217675075483));
#796 = CARTESIAN_POINT('',(52.24443400754,1.733333613299,3.193159452086)
  );
#797 = CARTESIAN_POINT('',(53.071160332853,5.199999870039,3.144128218367
    ));
#798 = CARTESIAN_POINT('',(54.311250006375,10.400000034834,
    3.070581357277));
#799 = CARTESIAN_POINT('',(55.551339630166,15.599999990663,
    2.997034499004));
#800 = CARTESIAN_POINT('',(56.791429267289,20.800000002502,
    2.923487639976));
#801 = CARTESIAN_POINT('',(58.031518900833,25.999999999331,
    2.849940781151));
#802 = CARTESIAN_POINT('',(59.271608535354,31.200000000174,
    2.776393922272));
#803 = CARTESIAN_POINT('',(60.511698169548,36.399999999973,
    2.702847063405));
#804 = CARTESIAN_POINT('',(61.751787804071,41.599999999935,
    2.629300204544));
#805 = CARTESIAN_POINT('',(62.991877437608,46.800000000287,
    2.555753345646));
#806 = CARTESIAN_POINT('',(64.23196707476,51.999999998916,2.482206486889
    ));
#807 = CARTESIAN_POINT('',(65.472056698435,57.200000004047,
    2.408659627603));
#808 = CARTESIAN_POINT('',(66.712146372405,62.399999984894,
    2.335112770296));
#809 = CARTESIAN_POINT('',(67.952235858675,67.600000056377,2.2615659056)
  );
#810 = CARTESIAN_POINT('',(69.192326045447,72.799999789599,
    2.188019068484));
#811 = CARTESIAN_POINT('',(70.43241361791,78.000000785226,2.114472128434
    ));
#812 = CARTESIAN_POINT('',(71.672510947108,83.199997069498,
    2.040925572541));
#813 = CARTESIAN_POINT('',(72.912571863674,88.400010936783,
    1.967377582954));
#814 = CARTESIAN_POINT('',(74.152768674032,93.59995918337,1.893834943986
    ));
#815 = CARTESIAN_POINT('',(75.392458321857,98.800152329738,
    1.820272336237));
#816 = CARTESIAN_POINT('',(76.634040726022,103.99943149767,
    1.746784252989));
#817 = CARTESIAN_POINT('',(77.868559267359,109.20212167955,
    1.673018040521));
#818 = CARTESIAN_POINT('',(79.129440503667,114.3920817841,1.600289820435
    ));
#819 = CARTESIAN_POINT('',(80.291934822919,119.62955118401,
    1.523687760037));
#820 = CARTESIAN_POINT('',(81.821614115427,124.68971347982,
    1.461543068506));
#821 = CARTESIAN_POINT('',(81.959516451697,129.64219611039,
    1.361054294022));
#822 = CARTESIAN_POINT('',(85.035374427564,132.3616008755,1.393429463163
    ));
#823 = CARTESIAN_POINT('',(86.842628762419,134.74643162816,
    1.547158474788));
#824 = CARTESIAN_POINT('',(88.606084317517,136.97930895235,
    1.974633717305));
#825 = CARTESIAN_POINT('',(90.184158595645,139.0971795531,2.743634326909
    ));
#826 = CARTESIAN_POINT('',(91.648040032138,141.01863387522,
    3.888109483267));
#827 = CARTESIAN_POINT('',(93.013766530325,142.67930415133,5.3962163498)
  );
#828 = CARTESIAN_POINT('',(94.311742966783,144.02374194546,
    7.219766466913));
#829 = CARTESIAN_POINT('',(95.568565751063,145.03336779523,
    9.288139553652));
#830 = CARTESIAN_POINT('',(96.811723243795,145.73841507662,
    11.529610957567));
#831 = CARTESIAN_POINT('',(98.06853561826,146.21847239798,
    13.885700407573));
#832 = CARTESIAN_POINT('',(99.363790302419,146.61777312279,
    16.32745746987));
#833 = CARTESIAN_POINT('',(100.72927806441,147.0155335667,
    18.769016350484));
#834 = CARTESIAN_POINT('',(102.19063541201,147.40701274238,
    21.213536460994));
#835 = CARTESIAN_POINT('',(103.77507279741,147.79123245257,
    23.659299157729));
#836 = CARTESIAN_POINT('',(105.50992588185,148.16608890978,
    26.107136571801));
#837 = CARTESIAN_POINT('',(107.4226117791,148.53080519,28.556330742856)
  );
#838 = CARTESIAN_POINT('',(108.81305233754,148.76028726171,
    30.167421293001));
#839 = CARTESIAN_POINT('',(109.54362343411,148.87416129807,
    30.969988902919));
#840 = CARTESIAN_POINT('',(49.6004896857,0.,3.526596149954));
#841 = CARTESIAN_POINT('',(50.030847869422,1.733333612799,3.499726841599
    ));
#842 = CARTESIAN_POINT('',(50.8915639975,5.199999870271,3.445988239976)
  );
#843 = CARTESIAN_POINT('',(52.182638382049,10.400000034772,
    3.365380325414));
#844 = CARTESIAN_POINT('',(53.473712715022,15.59999999068,3.284772414102
    ));
#845 = CARTESIAN_POINT('',(54.764787061821,20.800000002498,
    3.204164501919));
#846 = CARTESIAN_POINT('',(56.05586140491,25.999999999332,3.123556589969
    ));
#847 = CARTESIAN_POINT('',(57.34693574901,31.200000000174,3.042948677958
    ));
#848 = CARTESIAN_POINT('',(58.638010092775,36.399999999973,2.96234076596
    ));
#849 = CARTESIAN_POINT('',(59.929084436867,41.599999999935,
    2.881732853969));
#850 = CARTESIAN_POINT('',(61.22015877999,46.800000000288,2.801124941938
    ));
#851 = CARTESIAN_POINT('',(62.511233126659,51.999999998912,
    2.720517030059));
#852 = CARTESIAN_POINT('',(63.802307460115,57.200000004065,
    2.639909117612));
#853 = CARTESIAN_POINT('',(65.093381842876,62.39999998483,2.559301207284
    ));
#854 = CARTESIAN_POINT('',(66.384456041631,67.600000056615,
    2.478693289048));
#855 = CARTESIAN_POINT('',(67.675530927104,72.799999788708,
    2.398085400327));
#856 = CARTESIAN_POINT('',(68.966603249711,78.000000788552,
    2.317477401453));
#857 = CARTESIAN_POINT('',(70.257685137065,83.199997057085,
    2.236869813678));
#858 = CARTESIAN_POINT('',(71.548731328296,88.400010983107,2.15626069166
    ));
#859 = CARTESIAN_POINT('',(72.839910739273,93.599959010486,
    2.075657295514));
#860 = CARTESIAN_POINT('',(74.130592967387,98.800152974948,
    1.995032530121));
#861 = CARTESIAN_POINT('',(75.423130707207,103.99942908972,
    1.914487515843));
#862 = CARTESIAN_POINT('',(76.708743583069,109.20213066616,
    1.833644866356));
#863 = CARTESIAN_POINT('',(78.020200403057,114.39204824562,1.75391300659
    ));
#864 = CARTESIAN_POINT('',(79.235206310498,119.62967635133,
    1.670035623148));
#865 = CARTESIAN_POINT('',(80.810171924,124.68924634903,1.601629544687)
  );
#866 = CARTESIAN_POINT('',(81.010610287234,129.64364223084,
    1.492446093886));
#867 = CARTESIAN_POINT('',(84.080605436106,132.3585950343,1.525711970018
    ));
#868 = CARTESIAN_POINT('',(85.903974032666,134.72995064751,
    1.676467150054));
#869 = CARTESIAN_POINT('',(87.688080812484,136.94451065649,
    2.097535169066));
#870 = CARTESIAN_POINT('',(89.294067705462,139.04214402869,
    2.854814509768));
#871 = CARTESIAN_POINT('',(90.790931296092,140.94517238498,
    3.982421699008));
#872 = CARTESIAN_POINT('',(92.193796159373,142.59207908138,5.47014367503
    ));
#873 = CARTESIAN_POINT('',(93.53182334348,143.92884595131,7.272625405555
    ));
#874 = CARTESIAN_POINT('',(94.830455488162,144.93660483669,
    9.322271285423));
#875 = CARTESIAN_POINT('',(96.116002959471,145.64404232999,
    11.549844027218));
#876 = CARTESIAN_POINT('',(97.414615701237,146.12873727862,
    13.898027274412));
#877 = CARTESIAN_POINT('',(98.749837712288,146.53358644947,
    16.339366261015));
#878 = CARTESIAN_POINT('',(100.15243223103,146.9364177132,
    18.780114254328));
#879 = CARTESIAN_POINT('',(101.64680166903,147.33242941508,
    21.224024812854));
#880 = CARTESIAN_POINT('',(103.25897752215,147.72045154979,
    23.669242777503));
#881 = CARTESIAN_POINT('',(105.01511545271,148.09822917902,
    26.116683352872));
#882 = CARTESIAN_POINT('',(106.94145423201,148.46481132692,
    28.565569568053));
#883 = CARTESIAN_POINT('',(108.33506890931,148.69474523615,
    30.176712033697));
#884 = CARTESIAN_POINT('',(109.06564178188,148.80860815326,
    30.979201796609));
#885 = CARTESIAN_POINT('',(47.293903815522,0.,3.826582407155));
#886 = CARTESIAN_POINT('',(47.741835990189,1.733333614348,3.797427489094
    ));
#887 = CARTESIAN_POINT('',(48.637700088509,5.199999869552,3.739117668501
    ));
#888 = CARTESIAN_POINT('',(49.981496437783,10.400000034965,
    3.651652925127));
#889 = CARTESIAN_POINT('',(51.325292732973,15.599999990628,3.5641881851)
  );
#890 = CARTESIAN_POINT('',(52.669089042661,20.800000002512,
    3.476723444175));
#891 = CARTESIAN_POINT('',(54.012885348459,25.999999999328,
    3.389258703491));
#892 = CARTESIAN_POINT('',(55.356681655315,31.200000000175,
    3.301793962743));
#893 = CARTESIAN_POINT('',(56.700477961826,36.399999999973,
    3.214329222009));
#894 = CARTESIAN_POINT('',(58.044274268661,41.599999999934,
    3.126864481282));
#895 = CARTESIAN_POINT('',(59.388070574547,46.80000000029,3.039399740513
    ));
#896 = CARTESIAN_POINT('',(60.731866883905,51.999999998907,
    2.951934999906));
#897 = CARTESIAN_POINT('',(62.075663180324,57.200000004081,
    2.864470258695));
#898 = CARTESIAN_POINT('',(63.419459525025,62.399999984768,
    2.777005519737));
#899 = CARTESIAN_POINT('',(64.763255689539,67.600000056847,
    2.689540772368));
#900 = CARTESIAN_POINT('',(66.107052526517,72.799999787843,
    2.602076056393));
#901 = CARTESIAN_POINT('',(67.450846853825,78.000000791781,
    2.514611223254));
#902 = CARTESIAN_POINT('',(68.794650547351,83.199997045032,
    2.427146827376));
#903 = CARTESIAN_POINT('',(70.138419285676,88.400011028091,
    2.339680799615));
#904 = CARTESIAN_POINT('',(71.482318478587,93.599958842603,
    2.252220862127));
#905 = CARTESIAN_POINT('',(72.825730808353,98.800153601496,
    2.164738195431));
#906 = CARTESIAN_POINT('',(74.170960136115,103.99942675141,
    2.077340355294));
#907 = CARTESIAN_POINT('',(75.509408335037,109.20213939285,
    1.989625938126));
#908 = CARTESIAN_POINT('',(76.873164051322,114.39201567716,
    1.903093002525));
#909 = CARTESIAN_POINT('',(78.142470826995,119.62979789848,
    1.812150717689));
#910 = CARTESIAN_POINT('',(79.764265847753,124.68879272889,
    1.737664348225));
#911 = CARTESIAN_POINT('',(80.029371090756,129.64504652566,
    1.620037694218));
#912 = CARTESIAN_POINT('',(83.093303642646,132.35567613,1.654168515732)
  );
#913 = CARTESIAN_POINT('',(84.933335578322,134.71394634056,1.80203587528
    ));
#914 = CARTESIAN_POINT('',(86.738797252765,136.91071881969,
    2.216881984694));
#915 = CARTESIAN_POINT('',(88.37364785513,138.98870027769,2.962779066695
    ));
#916 = CARTESIAN_POINT('',(89.904617433932,140.87383559598,
    4.074006155189));
#917 = CARTESIAN_POINT('',(91.345886115092,142.50737679194,
    5.541932825831));
#918 = CARTESIAN_POINT('',(92.725328736165,143.83669460114,
    7.323955523418));
#919 = CARTESIAN_POINT('',(94.067194853543,144.84264051969,
    9.355415836935));
#920 = CARTESIAN_POINT('',(95.396576699711,145.55239909363,
    11.569491902802));
#921 = CARTESIAN_POINT('',(96.738414114642,146.04159753704,
    13.90999761555));
#922 = CARTESIAN_POINT('',(98.114965299422,146.45183467816,
    16.350930618318));
#923 = CARTESIAN_POINT('',(99.555930950678,146.85959010011,
    18.790891177342));
#924 = CARTESIAN_POINT('',(101.08443733316,147.26000323561,
    21.234209813744));
#925 = CARTESIAN_POINT('',(102.72529681467,147.65171781826,
    23.678898801413));
#926 = CARTESIAN_POINT('',(104.50344485118,148.03233213288,
    26.125954015674));
#927 = CARTESIAN_POINT('',(106.44390172125,148.40072617717,
    28.574541182004));
#928 = CARTESIAN_POINT('',(107.84079867139,148.63109886949,
    30.185734061304));
#929 = CARTESIAN_POINT('',(108.57137338112,148.74495097935,
    30.988148228965));
#930 = CARTESIAN_POINT('',(44.922998687646,0.,4.113949373031));
#931 = CARTESIAN_POINT('',(45.388994904295,1.73333361225,4.082604991833)
  );
#932 = CARTESIAN_POINT('',(46.320987076489,5.199999870526,4.019916246836
    ));
#933 = CARTESIAN_POINT('',(47.718975544686,10.400000034704,
    3.925883115353));
#934 = CARTESIAN_POINT('',(49.116963956625,15.599999990698,
    3.831849987619));
#935 = CARTESIAN_POINT('',(50.514952383645,20.800000002493,3.73781685888
    ));
#936 = CARTESIAN_POINT('',(51.912940806618,25.999999999333,
    3.643783730411));
#937 = CARTESIAN_POINT('',(53.310929230692,31.200000000173,3.54975060187
    ));
#938 = CARTESIAN_POINT('',(54.708917654411,36.399999999973,
    3.455717473345));
#939 = CARTESIAN_POINT('',(56.106906078451,41.599999999934,
    3.361684344827));
#940 = CARTESIAN_POINT('',(57.504894501561,46.800000000291,
    3.267651216265));
#941 = CARTESIAN_POINT('',(58.902882928067,51.999999998903,
    3.173618087873));
#942 = CARTESIAN_POINT('',(60.300871341918,57.200000004097,
    3.079584958843));
#943 = CARTESIAN_POINT('',(61.698859802997,62.399999984708,
    2.985551832196));
#944 = CARTESIAN_POINT('',(63.096848087816,67.600000057069,
    2.891518696655));
#945 = CARTESIAN_POINT('',(64.494837030448,72.799999787014,
    2.797485594307));
#946 = CARTESIAN_POINT('',(65.892823518089,78.000000794875,2.70345236808
    ));
#947 = CARTESIAN_POINT('',(67.290819167882,83.199997033485,
    2.609419604178));
#948 = CARTESIAN_POINT('',(68.688780624057,88.400011071183,
    2.515385114858));
#949 = CARTESIAN_POINT('',(70.086869692552,93.599958681782,
    2.421357064882));
#950 = CARTESIAN_POINT('',(71.484482505384,98.800154201688,
    2.327304982945));
#951 = CARTESIAN_POINT('',(72.883872728547,103.99942451146,2.23334258951
    ));
#952 = CARTESIAN_POINT('',(74.276629566049,109.20214775244,
    2.139045474031));
#953 = CARTESIAN_POINT('',(75.694142535865,114.39198447873,
    2.045997558224));
#954 = CARTESIAN_POINT('',(77.019264362087,119.6299143326,1.948287565771
    ));
#955 = CARTESIAN_POINT('',(78.689194630371,124.68835819085,
    1.867976680232));
#956 = CARTESIAN_POINT('',(79.020769992188,129.64639174708,1.74226199676
    ));
#957 = CARTESIAN_POINT('',(82.078470891288,132.352880013,1.777221378663)
  );
#958 = CARTESIAN_POINT('',(83.935630824091,134.69861527449,
    1.922322397448));
#959 = CARTESIAN_POINT('',(85.76304287542,136.87834847812,2.331208329553
    ));
#960 = CARTESIAN_POINT('',(87.427562053093,138.93750470389,
    3.066201961583));
#961 = CARTESIAN_POINT('',(88.993588667187,140.80549967687,4.16173799844
    ));
#962 = CARTESIAN_POINT('',(90.47433205853,142.4262376086,5.610702077599)
  );
#963 = CARTESIAN_POINT('',(91.896344988017,143.74841971099,
    7.373126376663));
#964 = CARTESIAN_POINT('',(93.282650659495,144.7526289274,9.387166122072
    ));
#965 = CARTESIAN_POINT('',(94.657089204167,145.46461094286,
    11.588313266304));
#966 = CARTESIAN_POINT('',(96.04335661435,145.95812343601,
    13.921464409547));
#967 = CARTESIAN_POINT('',(97.462389438848,146.37352189577,
    16.362008506689));
#968 = CARTESIAN_POINT('',(98.942796203504,146.78599433518,
    18.80121475582));
#969 = CARTESIAN_POINT('',(100.50639144075,147.19062375253,
    21.243966370023));
#970 = CARTESIAN_POINT('',(102.17673439521,147.58587545593,
    23.688148632807));
#971 = CARTESIAN_POINT('',(103.97750628973,147.9692071266,
    26.134834696547));
#972 = CARTESIAN_POINT('',(105.9324749373,148.33933685017,
    28.583135394283));
#973 = CARTESIAN_POINT('',(107.33274567875,148.57012986116,
    30.194376565509));
#974 = CARTESIAN_POINT('',(108.06332228229,148.68397162285,
    30.996718318626));
#975 = CARTESIAN_POINT('',(42.499833652671,0.,4.385077473133));
#976 = CARTESIAN_POINT('',(42.984292080544,1.733333608586,4.351667353678
    ));
#977 = CARTESIAN_POINT('',(43.95320867022,5.199999872226,4.284847133385)
  );
#978 = CARTESIAN_POINT('',(45.406583768632,10.400000034248,
    4.184616787978));
#979 = CARTESIAN_POINT('',(46.859958809716,15.59999999082,4.084386446583
    ));
#980 = CARTESIAN_POINT('',(48.313333866167,20.80000000246,3.984156104113
    ));
#981 = CARTESIAN_POINT('',(49.766708918495,25.999999999342,
    3.883925761931));
#982 = CARTESIAN_POINT('',(51.220083971944,31.200000000171,
    3.783695419672));
#983 = CARTESIAN_POINT('',(52.673459025033,36.399999999974,3.68346507743
    ));
#984 = CARTESIAN_POINT('',(54.126834078439,41.599999999934,
    3.583234735196));
#985 = CARTESIAN_POINT('',(55.580209130937,46.800000000292,
    3.483004392916));
#986 = CARTESIAN_POINT('',(57.033584186754,51.999999998899,
    3.382774050814));
#987 = CARTESIAN_POINT('',(58.486959230202,57.200000004112,
    3.282543708042));
#988 = CARTESIAN_POINT('',(59.940334319804,62.399999984652,
    3.182313367775));
#989 = CARTESIAN_POINT('',(61.393709237158,67.600000057279,
    3.082083018158));
#990 = CARTESIAN_POINT('',(62.847084797352,72.799999786232,
    2.981852703433));
#991 = CARTESIAN_POINT('',(64.300457958438,78.000000797794,
    2.881622258492));
#992 = CARTESIAN_POINT('',(65.753840073113,83.199997022591,
    2.781392299522));
#993 = CARTESIAN_POINT('',(67.207188772539,88.40001111184,2.681160526886
    ));
#994 = CARTESIAN_POINT('',(68.66066217937,93.599958530049,2.580935522941
    ));
#995 = CARTESIAN_POINT('',(70.113670171833,98.800154767964,
    2.480685257899));
#996 = CARTESIAN_POINT('',(71.568415114363,103.99942239809,
    2.380529268555));
#997 = CARTESIAN_POINT('',(73.016677670992,109.20215563964,
    2.280021437515));
#998 = CARTESIAN_POINT('',(74.489132821159,114.3919550433,2.18082669756)
  );
#999 = CARTESIAN_POINT('',(75.871299983074,119.63002418712,
    2.076731434961));
#1000 = CARTESIAN_POINT('',(77.59042650446,124.68794820819,
    1.990925171856));
#1001 = CARTESIAN_POINT('',(77.989937131122,129.64766095117,
    1.857579506668));
#1002 = CARTESIAN_POINT('',(81.041269018246,132.35024190223,
    1.893320627708));
#1003 = CARTESIAN_POINT('',(82.915934486496,134.68415055408,
    2.035811629323));
#1004 = CARTESIAN_POINT('',(84.765780748772,136.84780735735,
    2.43907418873));
#1005 = CARTESIAN_POINT('',(86.460622461701,138.88920214895,
    3.163780515585));
#1006 = CARTESIAN_POINT('',(88.062478844411,140.74102536312,
    4.244512188949));
#1007 = CARTESIAN_POINT('',(89.58356705443,142.34968353234,
    5.675585236735));
#1008 = CARTESIAN_POINT('',(91.049088634543,143.66513316071,
    7.419518626308));
#1009 = CARTESIAN_POINT('',(92.480813404575,144.66770381456,
    9.417122225275));
#1010 = CARTESIAN_POINT('',(93.901301795411,145.38178362673,
    11.606071050369));
#1011 = CARTESIAN_POINT('',(95.332978534601,145.87936638628,
    13.932283224651));
#1012 = CARTESIAN_POINT('',(96.795429386588,146.29963450291,
    16.372460392898));
#1013 = CARTESIAN_POINT('',(98.316146632555,146.71655740511,
    18.810954957551));
#1014 = CARTESIAN_POINT('',(99.915604159397,147.12516484565,
    21.253171591513));
#1015 = CARTESIAN_POINT('',(101.6160804662,147.52375379051,
    23.696875763972));
#1016 = CARTESIAN_POINT('',(103.43997489965,147.90964926007,
    26.14321353772));
#1017 = CARTESIAN_POINT('',(105.40977518867,148.28141658758,
    28.591243954411));
#1018 = CARTESIAN_POINT('',(106.81349410549,148.51260614893,
    30.202530690029));
#1019 = CARTESIAN_POINT('',(107.54407263194,148.62643815855,
    31.004804119723));
#1020 = CARTESIAN_POINT('',(40.036782713428,0.,4.636419860331));
#1021 = CARTESIAN_POINT('',(40.540007249171,1.733333614348,
    4.601094751018));
#1022 = CARTESIAN_POINT('',(41.546456035617,5.199999869552,
    4.530444551845));
#1023 = CARTESIAN_POINT('',(43.056129444435,10.400000034965,
    4.424469237446));
#1024 = CARTESIAN_POINT('',(44.565802791838,15.599999990628,
    4.318493927238));
#1025 = CARTESIAN_POINT('',(46.075476155703,20.800000002512,
    4.212518615908));
#1026 = CARTESIAN_POINT('',(47.585149515152,25.999999999328,
    4.106543304878));
#1027 = CARTESIAN_POINT('',(49.0948228758,31.200000000175,4.000567993768
    ));
#1028 = CARTESIAN_POINT('',(50.604496236068,36.399999999973,
    3.894592682677));
#1029 = CARTESIAN_POINT('',(52.114169596654,41.599999999934,
    3.788617371593));
#1030 = CARTESIAN_POINT('',(53.62384295635,46.800000000293,3.68264206046
    ));
#1031 = CARTESIAN_POINT('',(55.133516319288,51.999999998895,
    3.576666749515));
#1032 = CARTESIAN_POINT('',(56.64318967015,57.200000004126,
    3.470691437869));
#1033 = CARTESIAN_POINT('',(58.152863066073,62.3999999846,3.36471612884)
  );
#1034 = CARTESIAN_POINT('',(59.662536293827,67.600000057473,
    3.258740810041));
#1035 = CARTESIAN_POINT('',(61.172210149198,72.799999785507,
    3.152765527707));
#1036 = CARTESIAN_POINT('',(62.681881662267,78.0000008005,3.046790109283
    ));
#1037 = CARTESIAN_POINT('',(64.191561916929,83.199997012493,
    2.940815198751));
#1038 = CARTESIAN_POINT('',(65.701209547524,88.40001114953,
    2.834838392745));
#1039 = CARTESIAN_POINT('',(67.210978932791,93.599958389389,
    2.728868660741));
#1040 = CARTESIAN_POINT('',(68.720293923436,98.800155292915,
    2.622872528202));
#1041 = CARTESIAN_POINT('',(70.231304737898,103.99942043895,
    2.516974923804));
#1042 = CARTESIAN_POINT('',(71.735986651713,109.20216295127,
    2.410709607374));
#1043 = CARTESIAN_POINT('',(73.264288344301,114.39192775594,
    2.305816610933));
#1044 = CARTESIAN_POINT('',(74.704439822442,119.63012602495,
    2.195802046568));
#1045 = CARTESIAN_POINT('',(76.473572379596,124.68756814422,
    2.104901433909));
#1046 = CARTESIAN_POINT('',(76.942136502602,129.64883753444,
    1.964481661831));
#1047 = CARTESIAN_POINT('',(79.986994542217,132.34779630895,
    2.000947474192));
#1048 = CARTESIAN_POINT('',(81.879453691418,134.67074140411,
    2.141018925985));
#1049 = CARTESIAN_POINT('',(83.75210343738,136.81949499062,
    2.539068481216));
#1050 = CARTESIAN_POINT('',(85.477766802099,138.84442449787,
    3.254238224294));
#1051 = CARTESIAN_POINT('',(87.116042720406,140.68125609566,
    4.321245890224));
#1052 = CARTESIAN_POINT('',(88.678139834936,142.27871602927,
    5.735733513878));
#1053 = CARTESIAN_POINT('',(90.187886228978,143.58792448939,
    7.462525377614));
#1054 = CARTESIAN_POINT('',(91.665777707318,144.58897615562,9.4448922664
    ));
#1055 = CARTESIAN_POINT('',(93.133073936336,145.3050006767,
    11.622532950986));
#1056 = CARTESIAN_POINT('',(94.610907453479,145.80635667286,
    13.942312531144));
#1057 = CARTESIAN_POINT('',(96.117491004568,146.23113908066,
    16.382149547322));
#1058 = CARTESIAN_POINT('',(97.679182252518,146.65218767077,
    18.819984363037));
#1059 = CARTESIAN_POINT('',(99.315092371092,147.06448283644,
    21.261705057221));
#1060 = CARTESIAN_POINT('',(101.04619803331,147.46616548492,
    23.70496602823));
#1061 = CARTESIAN_POINT('',(102.89359560646,147.8544376624,
    26.150980928676));
#1062 = CARTESIAN_POINT('',(104.87847167725,148.22772307502,
    28.598760788031));
#1063 = CARTESIAN_POINT('',(106.28569550741,148.45928028358,
    30.210089763445));
#1064 = CARTESIAN_POINT('',(107.0162760021,148.57310322847,
    31.012299855315));
#1065 = CARTESIAN_POINT('',(37.546474224107,0.,4.864546440324));
#1066 = CARTESIAN_POINT('',(38.068672542546,1.733333611216,
    4.827483223621));
#1067 = CARTESIAN_POINT('',(39.113068881463,5.199999871005,
    4.753356810063));
#1068 = CARTESIAN_POINT('',(40.679663629376,10.400000034575,
    4.642167173768));
#1069 = CARTESIAN_POINT('',(42.246258313089,15.599999990733,
    4.53097754175));
#1070 = CARTESIAN_POINT('',(43.81285301401,20.800000002484,
    4.419787908586));
#1071 = CARTESIAN_POINT('',(45.379447710316,25.999999999336,
    4.30859827573));
#1072 = CARTESIAN_POINT('',(46.946042407873,31.200000000173,
    4.197408642791));
#1073 = CARTESIAN_POINT('',(48.512637105039,36.399999999974,
    4.086219009871));
#1074 = CARTESIAN_POINT('',(50.07923180252,41.599999999933,
    3.975029376959));
#1075 = CARTESIAN_POINT('',(51.645826499132,46.800000000294,
    3.863839743997));
#1076 = CARTESIAN_POINT('',(53.212421198905,51.999999998892,
    3.752650111229));
#1077 = CARTESIAN_POINT('',(54.7790158869,57.200000004139,3.641460477732
    ));
#1078 = CARTESIAN_POINT('',(56.34561061885,62.399999984553,
    3.530270846956));
#1079 = CARTESIAN_POINT('',(57.912205186755,67.60000005765,
    3.419081206027));
#1080 = CARTESIAN_POINT('',(59.478800366888,72.799999784848,
    3.307891602991));
#1081 = CARTESIAN_POINT('',(61.045393262152,78.000000802956,
    3.196701858535));
#1082 = CARTESIAN_POINT('',(62.611994684665,83.199997003326,
    3.085512641865));
#1083 = CARTESIAN_POINT('',(64.17856428305,88.400011183738,2.97432145547
    ));
#1084 = CARTESIAN_POINT('',(65.745252650698,93.599958261721,
    2.863137620189));
#1085 = CARTESIAN_POINT('',(67.311497765421,98.800155769378,
    2.751926350179));
#1086 = CARTESIAN_POINT('',(68.879397122584,103.99941866076,
    2.640817467969));
#1087 = CARTESIAN_POINT('',(70.44112276291,109.20216958754,
    2.529326469288));
#1088 = CARTESIAN_POINT('',(72.025889028144,114.39190298903,
    2.41926154869));
#1089 = CARTESIAN_POINT('',(73.524666510583,119.63021845631,
    2.303874432235));
#1090 = CARTESIAN_POINT('',(75.344358499296,124.68722318572,
    2.208350021122));
#1091 = CARTESIAN_POINT('',(75.882740304682,129.64990543994,
    2.061509558013));
#1092 = CARTESIAN_POINT('',(78.921052853436,132.34557660841,
    2.098633123944));
#1093 = CARTESIAN_POINT('',(80.83150259878,134.65857082055,
    2.236508513098));
#1094 = CARTESIAN_POINT('',(82.727208185004,136.79379775958,
    2.629826575058));
#1095 = CARTESIAN_POINT('',(84.484034291787,138.80378283564,
    3.336340602457));
#1096 = CARTESIAN_POINT('',(86.159132785391,140.62700755156,
    4.390891909893));
#1097 = CARTESIAN_POINT('',(87.762692632751,142.21430359988,
    5.790326059569));
#1098 = CARTESIAN_POINT('',(89.317153258159,143.51784737135,
    7.501559713213));
#1099 = CARTESIAN_POINT('',(90.841722352375,144.51752035468,
    9.470097264963));
#1100 = CARTESIAN_POINT('',(92.356344422259,145.23530995725,
    11.637474310976));
#1101 = CARTESIAN_POINT('',(93.880845515026,145.7400906665,
    13.951415458093));
#1102 = CARTESIAN_POINT('',(95.432050163265,146.16897039276,
    16.390943741115));
#1103 = CARTESIAN_POINT('',(97.03516885524,146.59376359232,
    18.828179747097));
#1104 = CARTESIAN_POINT('',(98.70793497116,147.00940585798,
    21.269450310087));
#1105 = CARTESIAN_POINT('',(100.47000895065,147.41389645352,23.712309017
    ));
#1106 = CARTESIAN_POINT('',(102.34116976424,147.80432580747,
    26.158030866873));
#1107 = CARTESIAN_POINT('',(104.34128844886,148.17898908949,
    28.60558331293));
#1108 = CARTESIAN_POINT('',(105.75205599324,148.41087997228,
    30.216950624663));
#1109 = CARTESIAN_POINT('',(106.48263846868,148.52469469966,
    31.019103230361));
#1110 = CARTESIAN_POINT('',(35.041724982292,0.,5.066089971254));
#1111 = CARTESIAN_POINT('',(35.583007106381,1.733333614348,
    5.027491184228));
#1112 = CARTESIAN_POINT('',(36.665571050007,5.199999869552,
    4.950293631975));
#1113 = CARTESIAN_POINT('',(38.289417210281,10.400000034965,
    4.834497286071));
#1114 = CARTESIAN_POINT('',(39.913263304935,15.599999990628,
    4.718700944863));
#1115 = CARTESIAN_POINT('',(41.537109417179,20.800000002512,
    4.602904602397));
#1116 = CARTESIAN_POINT('',(43.160955524704,25.999999999328,
    4.487108260268));
#1117 = CARTESIAN_POINT('',(44.784801633508,31.200000000175,
    4.37131191805));
#1118 = CARTESIAN_POINT('',(46.408647741915,36.399999999973,
    4.255515575852));
#1119 = CARTESIAN_POINT('',(48.032493850634,41.599999999933,
    4.139719233662));
#1120 = CARTESIAN_POINT('',(49.656339958503,46.800000000294,
    4.023922891419));
#1121 = CARTESIAN_POINT('',(51.280186069456,51.999999998889,
    3.908126549378));
#1122 = CARTESIAN_POINT('',(52.904032168926,57.20000000415,
    3.792330206584));
#1123 = CARTESIAN_POINT('',(54.527878311242,62.399999984511,
    3.676533866601));
#1124 = CARTESIAN_POINT('',(56.151724293659,67.600000057805,
    3.560737516127));
#1125 = CARTESIAN_POINT('',(57.775570872826,72.799999784267,
    3.444941204807));
#1126 = CARTESIAN_POINT('',(59.39941522489,78.000000805126,
    3.329144747359));
#1127 = CARTESIAN_POINT('',(61.023267888618,83.199996995228,
    3.213348835273));
#1128 = CARTESIAN_POINT('',(62.647089532794,88.40001121396,
    3.097550887863));
#1129 = CARTESIAN_POINT('',(64.271026943513,93.59995814893,
    2.981760536387));
#1130 = CARTESIAN_POINT('',(65.89453230761,98.80015619032,2.865941836502
    ));
#1131 = CARTESIAN_POINT('',(67.519650091651,103.99941708979,
    2.750228934317));
#1132 = CARTESIAN_POINT('',(69.138750242542,109.20217545051,
    2.63412118974));
#1133 = CARTESIAN_POINT('',(70.780308506089,114.39188110815,
    2.519487017034));
#1134 = CARTESIAN_POINT('',(72.338051952159,119.63030011685,
    2.399353399236));
#1135 = CARTESIAN_POINT('',(74.208596555482,124.68691842441,
    2.299743989933));
#1136 = CARTESIAN_POINT('',(74.817200900668,129.65084890494,
    2.147231023682));
#1137 = CARTESIAN_POINT('',(77.848930002696,132.34361556431,
    2.184935696721));
#1138 = CARTESIAN_POINT('',(79.777474667703,134.64781844621,
    2.320870925205));
#1139 = CARTESIAN_POINT('',(81.696369789947,136.7710949659,
    2.710008843576));
#1140 = CARTESIAN_POINT('',(83.484539344697,138.76787704988,
    3.408875785306));
#1141 = CARTESIAN_POINT('',(85.196673939633,140.57908046159,
    4.452422244146));
#1142 = CARTESIAN_POINT('',(86.841936953112,142.15739699805,
    5.838557065448));
#1143 = CARTESIAN_POINT('',(88.441371097904,143.4559361736,
    7.536045470306));
#1144 = CARTESIAN_POINT('',(90.012888481248,144.45439112868,
    9.492365184851));
#1145 = CARTESIAN_POINT('',(91.575110824163,145.17374013197,
    11.65067458974));
#1146 = CARTESIAN_POINT('',(93.146550107586,145.68154648063,
    13.959457642565));
#1147 = CARTESIAN_POINT('',(94.742634600922,146.11404607454,
    16.398713168373));
#1148 = CARTESIAN_POINT('',(96.387420965599,146.54214753313,
    18.835420142497));
#1149 = CARTESIAN_POINT('',(98.097256798636,146.96074686906,
    21.276293027021));
#1150 = CARTESIAN_POINT('',(99.890478674148,147.36771820861,
    23.718796344685));
#1151 = CARTESIAN_POINT('',(101.78554052496,147.76005336702,
    26.164259292604));
#1152 = CARTESIAN_POINT('',(103.80099021598,148.13593396379,
    28.61161082479));
#1153 = CARTESIAN_POINT('',(105.21532201359,148.36811962529,
    30.22301200689));
#1154 = CARTESIAN_POINT('',(105.94590648829,148.48192710184,
    31.025113824256));
#1155 = CARTESIAN_POINT('',(32.535485267964,0.,5.238108216773));
#1156 = CARTESIAN_POINT('',(33.095862553,1.733333611983,5.198198814321)
  );
#1157 = CARTESIAN_POINT('',(34.216616814297,5.19999987065,5.118380031985
    ));
#1158 = CARTESIAN_POINT('',(35.897748454474,10.400000034671,
    4.998651840339));
#1159 = CARTESIAN_POINT('',(37.57888002812,15.599999990707,
    4.878923653555));
#1160 = CARTESIAN_POINT('',(39.2600116196,20.80000000249,4.759195465467)
  );
#1161 = CARTESIAN_POINT('',(40.941143206296,25.999999999334,
    4.639467277729));
#1162 = CARTESIAN_POINT('',(42.622274794289,31.200000000173,
    4.519739089898));
#1163 = CARTESIAN_POINT('',(44.30340638188,36.399999999973,
    4.400010902088));
#1164 = CARTESIAN_POINT('',(45.984537969779,41.599999999933,
    4.280282714286));
#1165 = CARTESIAN_POINT('',(47.66566955685,46.800000000295,
    4.160554526431));
#1166 = CARTESIAN_POINT('',(49.346801146925,51.999999998886,
    4.040826338783));
#1167 = CARTESIAN_POINT('',(51.027932725815,57.200000004159,
    3.92109815036));
#1168 = CARTESIAN_POINT('',(52.709064346438,62.399999984476,
    3.801369964826));
#1169 = CARTESIAN_POINT('',(54.390195811312,67.600000057938,
    3.681641768512));
#1170 = CARTESIAN_POINT('',(56.07132785745,72.799999783771,
    3.561913612431));
#1171 = CARTESIAN_POINT('',(57.752457734284,78.000000806978,3.4421853062
    ));
#1172 = CARTESIAN_POINT('',(59.433595707068,83.199996988317,
    3.322457560334));
#1173 = CARTESIAN_POINT('',(61.114703465356,88.400011239755,
    3.202727723155));
#1174 = CARTESIAN_POINT('',(62.795923985679,93.599958052662,
    3.083005690864));
#1175 = CARTESIAN_POINT('',(64.476723672355,98.800156549595,
    2.963254530335));
#1176 = CARTESIAN_POINT('',(66.159093931588,103.99941574895,
    2.843612077871));
#1177 = CARTESIAN_POINT('',(67.835602734238,109.20218045457,
    2.723563921386));
#1178 = CARTESIAN_POINT('',(69.533986790664,114.39186243273,
    2.605029872919));
#1179 = CARTESIAN_POINT('',(71.150731288568,119.63036981447,
    2.480845096399));
#1180 = CARTESIAN_POINT('',(73.072158766784,124.68665830937,
    2.377749124076));
#1181 = CARTESIAN_POINT('',(73.751027438295,129.65165415626,
    2.220394652699));
#1182 = CARTESIAN_POINT('',(76.776169176061,132.34194180499,
    2.258595303082));
#1183 = CARTESIAN_POINT('',(78.722819528268,134.6386412498,2.39287459633
    ));
#1184 = CARTESIAN_POINT('',(80.664917985664,136.75171803666,
    2.778444744688));
#1185 = CARTESIAN_POINT('',(82.484449639568,138.73723131175,
    3.470784866856));
#1186 = CARTESIAN_POINT('',(84.233642374485,140.5381744901,
    4.504938641451));
#1187 = CARTESIAN_POINT('',(85.920633369912,142.10882697568,
    5.879722430433));
#1188 = CARTESIAN_POINT('',(87.565067795965,143.4030947077,
    7.565479208037));
#1189 = CARTESIAN_POINT('',(89.183561405418,144.40051007059,
    9.511370947491));
#1190 = CARTESIAN_POINT('',(90.793412346316,145.12119002891,
    11.661941082804));
#1191 = CARTESIAN_POINT('',(92.411817751367,145.63157877344,
    13.966321680604));
#1192 = CARTESIAN_POINT('',(94.052808795942,146.06716793951,
    16.405344406991));
#1193 = CARTESIAN_POINT('',(95.739287628004,146.49809301099,
    18.841599850216));
#1194 = CARTESIAN_POINT('',(97.486215236898,146.91921621879,
    21.282133314504));
#1195 = CARTESIAN_POINT('',(99.310603542913,147.32830488356,
    23.724333305978));
#1196 = CARTESIAN_POINT('',(101.22958065475,147.72226665467,
    26.169575279922));
#1197 = CARTESIAN_POINT('',(103.26037047007,148.09918623219,
    28.616755331571));
#1198 = CARTESIAN_POINT('',(104.6782686545,148.33162349485,
    30.22818542143));
#1199 = CARTESIAN_POINT('',(105.40885512093,148.44542477846,
    31.030243891253));
#1200 = CARTESIAN_POINT('',(30.039552568869,0.,5.37701176932));
#1201 = CARTESIAN_POINT('',(30.618946488229,1.733333612532,
    5.336044054227));
#1202 = CARTESIAN_POINT('',(31.777734003502,5.199999870395,
    5.254108646123));
#1203 = CARTESIAN_POINT('',(33.515915536436,10.400000034739,
    5.131205516215));
#1204 = CARTESIAN_POINT('',(35.254096999679,15.599999990689,
    5.008302391065));
#1205 = CARTESIAN_POINT('',(36.992278481603,20.800000002495,
    4.88539926464));
#1206 = CARTESIAN_POINT('',(38.730459958516,25.999999999333,
    4.762496138556));
#1207 = CARTESIAN_POINT('',(40.468641436786,31.200000000174,
    4.639593012381));
#1208 = CARTESIAN_POINT('',(42.206822914641,36.399999999973,
    4.516689886227));
#1209 = CARTESIAN_POINT('',(43.945004392801,41.599999999933,
    4.393786760082));
#1210 = CARTESIAN_POINT('',(45.683185870154,46.800000000296,
    4.270883633882));
#1211 = CARTESIAN_POINT('',(47.42136735043,51.999999998884,
    4.147980507893));
#1212 = CARTESIAN_POINT('',(49.15954881982,57.200000004167,
    4.025077381114));
#1213 = CARTESIAN_POINT('',(50.897730329835,62.399999984447,
    3.902174257285));
#1214 = CARTESIAN_POINT('',(52.635911688233,67.600000058046,
    3.779271122443));
#1215 = CARTESIAN_POINT('',(54.374093612472,72.79999978337,
    3.656368028704));
#1216 = CARTESIAN_POINT('',(56.112273424969,78.000000808474,
    3.533464781568));
#1217 = CARTESIAN_POINT('',(57.850461118589,83.199996982736,
    3.410562106913));
#1218 = CARTESIAN_POINT('',(59.588619399458,88.400011260584,
    3.287657295734));
#1219 = CARTESIAN_POINT('',(61.326887450212,93.599957974927,
    3.164760458172));
#1220 = CARTESIAN_POINT('',(63.064745834176,98.800156839708,
    3.041833862664));
#1221 = CARTESIAN_POINT('',(64.804133115413,103.99941466624,
    2.919018325321));
#1222 = CARTESIAN_POINT('',(66.53781447435,109.20218449532,
    2.795788313267));
#1223 = CARTESIAN_POINT('',(68.292790625214,114.39184735246,
    2.674105141892));
#1224 = CARTESIAN_POINT('',(69.968293530668,119.63042609482,
    2.546649082509));
#1225 = CARTESIAN_POINT('',(71.940394625836,124.68644826825,
    2.44073773448));
#1226 = CARTESIAN_POINT('',(72.689238658702,129.65230439118,
    2.279473780945));
#1227 = CARTESIAN_POINT('',(75.707820123016,132.34059025582,
    2.318074929628));
#1228 = CARTESIAN_POINT('',(77.67250170203,134.63123072669,
    2.451017066539));
#1229 = CARTESIAN_POINT('',(79.637708069895,136.7360712993,2.8337062651)
  );
#1230 = CARTESIAN_POINT('',(81.488472845015,138.71248508856,
    3.520776025272));
#1231 = CARTESIAN_POINT('',(83.274571316769,140.5051431989,
    4.547345271809));
#1232 = CARTESIAN_POINT('',(85.003118686078,142.069607016,5.912963180105
    ));
#1233 = CARTESIAN_POINT('',(86.692368327861,143.36042558669,
    7.589246749224));
#1234 = CARTESIAN_POINT('',(88.357644971737,144.35700148601,
    9.526717970369));
#1235 = CARTESIAN_POINT('',(90.014928636023,145.07875618139,
    11.671038698622));
#1236 = CARTESIAN_POINT('',(91.680107012574,145.59123019285,
    13.971864344208));
#1237 = CARTESIAN_POINT('',(93.365819928314,146.02931416725,
    16.41069908666));
#1238 = CARTESIAN_POINT('',(95.093819765795,146.46251928674,
    18.846589921781));
#1239 = CARTESIAN_POINT('',(96.877686608904,146.8856805038,
    21.286849306563));
#1240 = CARTESIAN_POINT('',(98.733113172823,147.29647889394,
    23.7288043642));
#1241 = CARTESIAN_POINT('',(100.67590719071,147.69175414443,
    26.173867903257));
#1242 = CARTESIAN_POINT('',(102.72197405295,148.06951268879,
    28.620909485238));
#1243 = CARTESIAN_POINT('',(104.14342393299,148.30215312529,
    30.23236291871));
#1244 = CARTESIAN_POINT('',(104.8740123997,148.41594940288,
    31.03438638514));
#1245 = CARTESIAN_POINT('',(27.561596276583,0.,5.483073972855));
#1246 = CARTESIAN_POINT('',(28.159869864809,1.733333613299,
    5.441298164433));
#1247 = CARTESIAN_POINT('',(29.356416711311,5.199999870039,
    5.357746570883));
#1248 = CARTESIAN_POINT('',(31.151237246316,10.400000034834,
    5.232419161831));
#1249 = CARTESIAN_POINT('',(32.94605771023,15.599999990663,
    5.107091757798));
#1250 = CARTESIAN_POINT('',(34.7408781932,20.800000002502,4.98176435242)
  );
#1251 = CARTESIAN_POINT('',(36.535698671059,25.999999999331,
    4.856436947402));
#1252 = CARTESIAN_POINT('',(38.330519150301,31.200000000174,
    4.731109542289));
#1253 = CARTESIAN_POINT('',(40.125339629121,36.399999999973,
    4.605782137197));
#1254 = CARTESIAN_POINT('',(41.920160108244,41.599999999933,
    4.480454732114));
#1255 = CARTESIAN_POINT('',(43.71498058658,46.800000000296,
    4.355127326975));
#1256 = CARTESIAN_POINT('',(45.509801067761,51.999999998883,
    4.229799922051));
#1257 = CARTESIAN_POINT('',(47.304621538349,57.200000004173,
    4.104472516323));
#1258 = CARTESIAN_POINT('',(49.099442048464,62.399999984425,
    3.979145113594));
#1259 = CARTESIAN_POINT('',(50.894262411065,67.600000058128,
    3.853817699674));
#1260 = CARTESIAN_POINT('',(52.689083324192,72.799999783064,
    3.728490327521));
#1261 = CARTESIAN_POINT('',(54.483902182728,78.000000809615,
    3.603162799493));
#1262 = CARTESIAN_POINT('',(56.278728709107,83.199996978474,
    3.477835853195));
#1263 = CARTESIAN_POINT('',(58.073526618703,88.400011276489,
    3.352506735851));
#1264 = CARTESIAN_POINT('',(59.868431327585,93.599957915571,
    3.227185720961));
#1265 = CARTESIAN_POINT('',(61.662937456109,98.800157061228,
    3.101834467302));
#1266 = CARTESIAN_POINT('',(63.458931106777,103.99941383951,
    2.976596066266));
#1267 = CARTESIAN_POINT('',(65.249373249228,109.2021875807,
    2.850936493507));
#1268 = CARTESIAN_POINT('',(67.060533902406,114.39183583766,
    2.726848755016));
#1269 = CARTESIAN_POINT('',(68.794372020891,119.63046906865,
    2.596894851176));
#1270 = CARTESIAN_POINT('',(70.816781767418,124.68628788773,
    2.488833774462));
#1271 = CARTESIAN_POINT('',(71.635097179477,129.65280088926,
    2.324584668391));
#1272 = CARTESIAN_POINT('',(74.647165619266,132.33955825713,
    2.36349162446));
#1273 = CARTESIAN_POINT('',(76.629748559138,134.62557229395,
    2.495412752584));
#1274 = CARTESIAN_POINT('',(78.617896407826,136.72412396309,
    2.875902152233));
#1275 = CARTESIAN_POINT('',(80.499669354469,138.69358968299,
    3.558947636592));
#1276 = CARTESIAN_POINT('',(82.3224077576,140.47992158673,4.579725585904
    ));
#1277 = CARTESIAN_POINT('',(84.09221220014,142.03965993927,
    5.938344727896));
#1278 = CARTESIAN_POINT('',(85.825954285909,143.32784484333,
    7.607394865272));
#1279 = CARTESIAN_POINT('',(87.537677019683,144.32377975577,
    9.538436454414));
#1280 = CARTESIAN_POINT('',(89.242051783591,145.04635508516,
    11.677985340106));
#1281 = CARTESIAN_POINT('',(90.953666259588,145.56042133816,
    13.976096540609));
#1282 = CARTESIAN_POINT('',(92.683778947056,146.00041026649,
    16.414787744684));
#1283 = CARTESIAN_POINT('',(94.453000743992,146.43535635596,
    18.850400177005));
#1284 = CARTESIAN_POINT('',(96.273540774778,146.86007373019,
    21.290450283632));
#1285 = CARTESIAN_POINT('',(98.159782049684,147.27217761048,
    23.73221831789));
#1286 = CARTESIAN_POINT('',(100.12622144022,147.66845579135,
    26.177145609612));
#1287 = CARTESIAN_POINT('',(102.18745530966,148.0468549412,
    28.624081461846));
#1288 = CARTESIAN_POINT('',(103.61243133086,148.27965051996,
    30.235552716781));
#1289 = CARTESIAN_POINT('',(104.34302176564,148.39344297142,
    31.037549457803));
#1290 = CARTESIAN_POINT('',(25.114097270748,0.,5.541767833527));
#1291 = CARTESIAN_POINT('',(25.73101847376,1.733333612532,5.499544833694
    ));
#1292 = CARTESIAN_POINT('',(26.964860538358,5.199999870395,
    5.415098857638));
#1293 = CARTESIAN_POINT('',(28.815623909732,10.400000034739,
    5.288429874575));
#1294 = CARTESIAN_POINT('',(30.666387207542,15.599999990689,
    5.161760896598));
#1295 = CARTESIAN_POINT('',(32.517150525071,20.800000002495,
    5.035091917258));
#1296 = CARTESIAN_POINT('',(34.367913837311,25.999999999333,
    4.908422938283));
#1297 = CARTESIAN_POINT('',(36.218677150982,31.200000000174,
    4.781753959211));
#1298 = CARTESIAN_POINT('',(38.06944046422,36.399999999973,
    4.655084980161));
#1299 = CARTESIAN_POINT('',(39.920203777759,41.599999999933,
    4.52841600112));
#1300 = CARTESIAN_POINT('',(41.77096709053,46.800000000296,
    4.401747022022));
#1301 = CARTESIAN_POINT('',(43.621730406068,51.999999998882,
    4.275078043141));
#1302 = CARTESIAN_POINT('',(45.472493711305,57.200000004176,
    4.14840906345));
#1303 = CARTESIAN_POINT('',(47.323257054982,62.399999984413,
    4.021740086784));
#1304 = CARTESIAN_POINT('',(49.174020255199,67.600000058173,
    3.895071098828));
#1305 = CARTESIAN_POINT('',(51.024783990817,72.799999782895,
    3.768402153006));
#1306 = CARTESIAN_POINT('',(52.875545728289,78.000000810247,
    3.641733049938));
#1307 = CARTESIAN_POINT('',(54.726314922946,83.199996976116,
    3.515064533719));
#1308 = CARTESIAN_POINT('',(56.577056287008,88.40001128529,3.38839382735
    ));
#1309 = CARTESIAN_POINT('',(58.427901516266,93.599957882724,
    3.261731294732));
#1310 = CARTESIAN_POINT('',(60.278359115333,98.800157183816,
    3.135038257261));
#1311 = CARTESIAN_POINT('',(62.130263369969,103.99941338201,
    3.008459065451));
#1312 = CARTESIAN_POINT('',(63.97676863252,109.20218928812,
    2.881454995852));
#1313 = CARTESIAN_POINT('',(65.84342320784,114.39182946547,
    2.756036591745));
#1314 = CARTESIAN_POINT('',(67.634879524171,119.63049284997,
    2.624700403457));
#1315 = CARTESIAN_POINT('',(69.706979563691,124.68619913461,
    2.515449686404));
#1316 = CARTESIAN_POINT('',(70.593912461875,129.65307564679,
    2.349548624015));
#1317 = CARTESIAN_POINT('',(73.599547930631,132.33898715843,
    2.388624811116));
#1318 = CARTESIAN_POINT('',(75.599812200494,134.62244096863,
    2.519980922246));
#1319 = CARTESIAN_POINT('',(77.610619549544,136.71751241568,
    2.899252973146));
#1320 = CARTESIAN_POINT('',(79.523019537193,138.68313313707,3.5800714598
    ));
#1321 = CARTESIAN_POINT('',(81.381947519575,140.46596417551,
    4.597644557796));
#1322 = CARTESIAN_POINT('',(83.192501932577,142.02308749884,
    5.952390646046));
#1323 = CARTESIAN_POINT('',(84.970189592674,143.3098149557,
    7.617437867955));
#1324 = CARTESIAN_POINT('',(86.727787533853,144.30539515181,
    9.544921357111));
#1325 = CARTESIAN_POINT('',(88.478674586886,145.02842461262,
    11.681829548447));
#1326 = CARTESIAN_POINT('',(90.236154402634,145.54337199764,
    13.97843859968));
#1327 = CARTESIAN_POINT('',(92.010121131229,145.98441511019,
    16.417050370922));
#1328 = CARTESIAN_POINT('',(93.820058216459,146.42032463661,
    18.852508737652));
#1329 = CARTESIAN_POINT('',(95.676820673977,146.84590317418,
    21.292443031675));
#1330 = CARTESIAN_POINT('',(97.593497907448,147.25872950055,
    23.734107568794));
#1331 = CARTESIAN_POINT('',(99.583292037602,147.65556269524,
    26.178959462858));
#1332 = CARTESIAN_POINT('',(101.65950649532,148.03431634551,
    28.625836803738));
#1333 = CARTESIAN_POINT('',(103.0879653087,148.26719779096,
    30.237317924667));
#1334 = CARTESIAN_POINT('',(103.81855769296,148.38098811655,
    31.039299873503));
#1335 = CARTESIAN_POINT('',(22.711433060655,0.,5.549498277437));
#1336 = CARTESIAN_POINT('',(23.346660280174,1.733333612002,
    5.507216379174));
#1337 = CARTESIAN_POINT('',(24.617114365738,5.199999870641,5.4226526056)
  );
#1338 = CARTESIAN_POINT('',(26.522795778247,10.400000034673,
    5.295806926787));
#1339 = CARTESIAN_POINT('',(28.428477114597,15.599999990706,
    5.16896125292));
#1340 = CARTESIAN_POINT('',(30.334158471361,20.800000002491,
    5.042115577727));
#1341 = CARTESIAN_POINT('',(32.239839822649,25.999999999334,
    4.915269902889));
#1342 = CARTESIAN_POINT('',(34.145521175418,31.200000000173,
    4.788424227957));
#1343 = CARTESIAN_POINT('',(36.051202527743,36.399999999974,
    4.661578553046));
#1344 = CARTESIAN_POINT('',(37.956883880365,41.599999999933,
    4.534732878144));
#1345 = CARTESIAN_POINT('',(39.86256523224,46.800000000296,
    4.407887203186));
#1346 = CARTESIAN_POINT('',(41.768246586806,51.999999998882,
    4.281041528444));
#1347 = CARTESIAN_POINT('',(43.673927931356,57.200000004177,
    4.154195852891));
#1348 = CARTESIAN_POINT('',(45.57960931328,62.399999984411,
    4.027350180367));
#1349 = CARTESIAN_POINT('',(47.485290555722,67.600000058179,
    3.90050449654));
#1350 = CARTESIAN_POINT('',(49.390972318719,72.799999782873,
    3.773658854895));
#1351 = CARTESIAN_POINT('',(51.29665213898,78.000000810331,
    3.646813055824));
#1352 = CARTESIAN_POINT('',(53.202339209628,83.199996975805,
    3.519967844276));
#1353 = CARTESIAN_POINT('',(55.107999221464,88.400011286449,
    3.393120440062));
#1354 = CARTESIAN_POINT('',(57.013760218158,93.599957878397,
    3.266281218989));
#1355 = CARTESIAN_POINT('',(58.919144334235,98.800157199961,
    3.139411458018));
#1356 = CARTESIAN_POINT('',(60.825934987924,103.99941332175,
    3.012655673498));
#1357 = CARTESIAN_POINT('',(62.727476371778,109.202189513,2.885474523072
    ));
#1358 = CARTESIAN_POINT('',(64.648608297361,114.3918286262,
    2.759880859819));
#1359 = CARTESIAN_POINT('',(66.496627325865,119.63049598216,
    2.628362613778));
#1360 = CARTESIAN_POINT('',(68.617507400956,124.68618744513,
    2.518955211718));
#1361 = CARTESIAN_POINT('',(69.57180080785,129.65311183453,
    2.352836573667));
#1362 = CARTESIAN_POINT('',(72.571121148704,132.33891194023,
    2.391935049828));
#1363 = CARTESIAN_POINT('',(74.588742851052,134.62202854841,
    2.523216743768));
#1364 = CARTESIAN_POINT('',(76.621794609768,136.7166416228,
    2.902328460245));
#1365 = CARTESIAN_POINT('',(78.564260593403,138.68175592758,
    3.582853633755));
#1366 = CARTESIAN_POINT('',(80.458715212011,140.46412587448,
    4.600004627581));
#1367 = CARTESIAN_POINT('',(82.309273112392,142.02090477786,
    5.954240604137));
#1368 = CARTESIAN_POINT('',(84.130101324693,143.30744027744,
    7.618760610539));
#1369 = CARTESIAN_POINT('',(85.932734102944,144.30297375462,
    9.545775469892));
#1370 = CARTESIAN_POINT('',(87.729281404315,145.02606302811,
    11.682335860975));
#1371 = CARTESIAN_POINT('',(89.531786370242,145.54112646516,
    13.978747067314));
#1372 = CARTESIAN_POINT('',(91.348803794598,145.98230842206,
    16.417348376625));
#1373 = CARTESIAN_POINT('',(93.198710320386,146.41834484079,
    18.852786451706));
#1374 = CARTESIAN_POINT('',(95.091031659827,146.84403680009,
    21.292705492283));
#1375 = CARTESIAN_POINT('',(97.037587307452,147.25695827931,
    23.734356398061));
#1376 = CARTESIAN_POINT('',(99.050308349772,147.65386456981,
    26.179198361476));
#1377 = CARTESIAN_POINT('',(101.14122897571,148.03266492557,
    28.626067996659));
#1378 = CARTESIAN_POINT('',(102.57310677216,148.26555764207,
    30.237550415207));
#1379 = CARTESIAN_POINT('',(103.30370107651,148.37934771403,
    31.039530417042));
#1380 = CARTESIAN_POINT('',(20.372056129126,0.,5.506231291654));
#1381 = CARTESIAN_POINT('',(21.025107176684,1.733333612532,
    5.464279046479));
#1382 = CARTESIAN_POINT('',(22.331208905166,5.199999870395,
    5.380374579556));
#1383 = CARTESIAN_POINT('',(24.290361792632,10.400000034739,
    5.254517860337));
#1384 = CARTESIAN_POINT('',(26.249514601103,15.599999990689,
    5.128661146167));
#1385 = CARTESIAN_POINT('',(28.208667430748,20.800000002495,
    5.002804430643));
#1386 = CARTESIAN_POINT('',(30.167820254714,25.999999999333,
    4.876947715481));
#1387 = CARTESIAN_POINT('',(32.126973080215,31.200000000174,
    4.751091000224));
#1388 = CARTESIAN_POINT('',(34.086125905259,36.399999999973,
    4.625234284988));
#1389 = CARTESIAN_POINT('',(36.045278730598,41.599999999933,
    4.499377569761));
#1390 = CARTESIAN_POINT('',(38.004431555209,46.800000000296,
    4.373520854478));
#1391 = CARTESIAN_POINT('',(39.963584382438,51.999999998882,
    4.247664139411));
#1392 = CARTESIAN_POINT('',(41.922737199927,57.200000004174,
    4.121807423537));
#1393 = CARTESIAN_POINT('',(43.881890053754,62.39999998442,
    3.995950710672));
#1394 = CARTESIAN_POINT('',(45.841042771971,67.600000058146,
    3.870093986578));
#1395 = CARTESIAN_POINT('',(47.800195996287,72.799999782997,
    3.744237304394));
#1396 = CARTESIAN_POINT('',(49.759347331819,78.000000809865,
    3.618380465796));
#1397 = CARTESIAN_POINT('',(51.718505716387,83.199996977543,
    3.492524210947));
#1398 = CARTESIAN_POINT('',(53.677637793598,88.400011279961,
    3.366665777514));
#1399 = CARTESIAN_POINT('',(55.636868051197,93.599957902611,
    3.240815474666));
#1400 = CARTESIAN_POINT('',(57.595731894603,98.800157109594,
    3.114934828066));
#1401 = CARTESIAN_POINT('',(59.555963214393,103.99941365901,
    2.989167425886));
#1402 = CARTESIAN_POINT('',(61.511091042842,109.20218825435,
    2.862977389778));
#1403 = CARTESIAN_POINT('',(63.485265360267,114.39183332355,
    2.738364644965));
#1404 = CARTESIAN_POINT('',(65.388357213133,119.63047845143,
    2.607865368896));
#1405 = CARTESIAN_POINT('',(67.556732435258,124.68625287071,
    2.499334926557));
#1406 = CARTESIAN_POINT('',(68.576612044132,129.65290929324,
    2.334434050801));
#1407 = CARTESIAN_POINT('',(71.569783600451,132.33933293349,
    2.373407775982));
#1408 = CARTESIAN_POINT('',(73.604305532543,134.62433684789,
    2.505105979962));
#1409 = CARTESIAN_POINT('',(75.659015772959,136.7215154158,
    2.885115081795));
#1410 = CARTESIAN_POINT('',(77.630755800441,138.68946411407,
    3.567281917259));
#1411 = CARTESIAN_POINT('',(79.559801267363,140.47441477192,
    4.586795411264));
#1412 = CARTESIAN_POINT('',(81.449308944897,142.03312138001,
    5.943886462597));
#1413 = CARTESIAN_POINT('',(83.312141367447,143.32073125681,
    7.611357273131));
#1414 = CARTESIAN_POINT('',(85.158622744483,144.316526218,9.540995034773
    ));
#1415 = CARTESIAN_POINT('',(86.999627582283,145.03928072229,
    11.679502049981));
#1416 = CARTESIAN_POINT('',(88.845971715258,145.55369462076,
    13.977020586291));
#1417 = CARTESIAN_POINT('',(90.70490586029,145.99409947129,
    16.415680450609));
#1418 = CARTESIAN_POINT('',(92.593729013177,146.42942567922,
    18.851232097248));
#1419 = CARTESIAN_POINT('',(94.520672597422,146.85448282017,
    21.291236510712));
#1420 = CARTESIAN_POINT('',(96.496319647445,147.26687173818,
    23.7329637107));
#1421 = CARTESIAN_POINT('',(98.531363698871,147.66336889327,
    26.177861255024));
#1422 = CARTESIAN_POINT('',(100.63660311679,148.04190792165,
    28.624774020766));
#1423 = CARTESIAN_POINT('',(102.07180986172,148.27473734678,
    30.236249171285));
#1424 = CARTESIAN_POINT('',(102.80240601975,148.38852898142,
    31.03824007406));
#1425 = CARTESIAN_POINT('',(18.108745716404,0.,5.412163564669));
#1426 = CARTESIAN_POINT('',(18.779041035321,1.733333610965,
    5.370928026049));
#1427 = CARTESIAN_POINT('',(20.119631301159,5.199999871122,
    5.288456972014));
#1428 = CARTESIAN_POINT('',(22.13051699897,10.400000034544,
    5.164750372308));
#1429 = CARTESIAN_POINT('',(24.14140261663,15.599999990741,
    5.041043777601));
#1430 = CARTESIAN_POINT('',(26.152288255775,20.800000002481,
    4.917337181554));
#1431 = CARTESIAN_POINT('',(28.163173889157,25.999999999336,
    4.793630585865));
#1432 = CARTESIAN_POINT('',(30.174059524096,31.200000000173,
    4.669923990082));
#1433 = CARTESIAN_POINT('',(32.184945158573,36.399999999974,
    4.54621739432));
#1434 = CARTESIAN_POINT('',(34.195830793342,41.599999999933,
    4.422510798567));
#1435 = CARTESIAN_POINT('',(36.206716427402,46.800000000296,
    4.298804202759));
#1436 = CARTESIAN_POINT('',(38.217602064007,51.999999998884,
    4.175097607163));
#1437 = CARTESIAN_POINT('',(40.228487691143,57.200000004169,
    4.051391010772));
#1438 = CARTESIAN_POINT('',(42.239373353611,62.39999998444,
    3.927684417348));
#1439 = CARTESIAN_POINT('',(44.250258884218,67.600000058073,
    3.803977812852));
#1440 = CARTESIAN_POINT('',(46.261144906936,72.799999783269,
    3.680271249678));
#1441 = CARTESIAN_POINT('',(48.27202909307,78.000000808852,
    3.556564532287));
#1442 = CARTESIAN_POINT('',(50.282920133433,83.199996981323,
    3.432858390441));
#1443 = CARTESIAN_POINT('',(52.293785593462,88.400011265856,
    3.30915010063));
#1444 = CARTESIAN_POINT('',(54.304746520597,93.599957955255,
    3.185449827137));
#1445 = CARTESIAN_POINT('',(56.315351159642,98.800156913125,
    3.06171963634));
#1446 = CARTESIAN_POINT('',(58.327285483943,103.99941439224,
    2.938101098438));
#1447 = CARTESIAN_POINT('',(60.334257355308,109.2021855179,
    2.814065866259));
#1448 = CARTESIAN_POINT('',(62.35974935316,114.39184353615,
    2.691585758291));
#1449 = CARTESIAN_POINT('',(64.316123298003,119.63044033747,
    2.563301847759));
#1450 = CARTESIAN_POINT('',(66.530449328393,124.68639511394,
    2.456678023274));
#1451 = CARTESIAN_POINT('',(67.613782556849,129.65246894366,
    2.294424711914));
#1452 = CARTESIAN_POINT('',(70.601005260772,132.34024822439,
    2.333127213184));
#1453 = CARTESIAN_POINT('',(72.651877899516,134.62935537371,
    2.465730961011));
#1454 = CARTESIAN_POINT('',(74.727542380567,136.7321116388,2.84769108853
    ));
#1455 = CARTESIAN_POINT('',(76.727604585362,138.70622265569,
    3.533427098176));
#1456 = CARTESIAN_POINT('',(78.690116154356,140.49678409528,
    4.558076956957));
#1457 = CARTESIAN_POINT('',(80.617307129104,142.05968176952,
    5.921375290582));
#1458 = CARTESIAN_POINT('',(82.520777964879,143.34962747403,
    7.595261510751));
#1459 = CARTESIAN_POINT('',(84.409682172061,144.34599093349,
    9.530601783256));
#1460 = CARTESIAN_POINT('',(86.293698977606,145.0680176085,
    11.67334099776));
#1461 = CARTESIAN_POINT('',(88.182456815673,145.58101933056,
    13.973267005069));
#1462 = CARTESIAN_POINT('',(90.081944729132,146.01973465664,
    16.412054175139));
#1463 = CARTESIAN_POINT('',(92.008419107121,146.45351677924,
    18.847852740273));
#1464 = CARTESIAN_POINT('',(93.968859168871,146.87719374755,
    21.288042764786));
#1465 = CARTESIAN_POINT('',(95.972651694152,147.28842481152,
    23.729935837973));
#1466 = CARTESIAN_POINT('',(98.029292903447,147.6840324588,
    26.174954221081));
#1467 = CARTESIAN_POINT('',(100.14838553754,148.06200331905,
    28.62196076149));
#1468 = CARTESIAN_POINT('',(101.58681296234,148.29469516755,
    30.233420101362));
#1469 = CARTESIAN_POINT('',(102.31741093131,148.40849018134,
    31.035434710361));
#1470 = CARTESIAN_POINT('',(15.933873373571,0.,5.268455728395));
#1471 = CARTESIAN_POINT('',(16.620739149776,1.733333612799,
    5.228315106913));
#1472 = CARTESIAN_POINT('',(17.994470325539,5.199999870271,
    5.148033886149));
#1473 = CARTESIAN_POINT('',(20.055067391977,10.400000034772,
    5.027612037157));
#1474 = CARTESIAN_POINT('',(22.115664377261,15.59999999068,
    4.907190192947));
#1475 = CARTESIAN_POINT('',(24.176261384298,20.800000002498,
    4.786768347456));
#1476 = CARTESIAN_POINT('',(26.236858385502,25.999999999332,
    4.666346502308));
#1477 = CARTESIAN_POINT('',(28.297455388281,31.200000000174,
    4.545924657069));
#1478 = CARTESIAN_POINT('',(30.358052390593,36.399999999973,
    4.42550281185));
#1479 = CARTESIAN_POINT('',(32.418649393196,41.599999999933,
    4.30508096664));
#1480 = CARTESIAN_POINT('',(34.479246395106,46.800000000295,
    4.184659121376));
#1481 = CARTESIAN_POINT('',(36.539843399493,51.999999998886,
    4.06423727632));
#1482 = CARTESIAN_POINT('',(38.600440394668,57.200000004161,
    3.943815430486));
#1483 = CARTESIAN_POINT('',(40.661037424212,62.399999984469,
    3.823393587555));
#1484 = CARTESIAN_POINT('',(42.721634325495,67.600000057962,
    3.702971733792));
#1485 = CARTESIAN_POINT('',(44.78223170545,72.799999783683,
    3.582549920452));
#1486 = CARTESIAN_POINT('',(46.842827298978,78.000000807305,
    3.462127956253));
#1487 = CARTESIAN_POINT('',(48.903429559543,83.199996987097,
    3.341706555066));
#1488 = CARTESIAN_POINT('',(50.964006938387,88.400011244306,
    3.221283052689));
#1489 = CARTESIAN_POINT('',(53.024677177077,93.599958035679,
    3.100867392063));
#1490 = CARTESIAN_POINT('',(55.085000858105,98.800156612979,
    2.980422465621));
#1491 = CARTESIAN_POINT('',(57.146617909937,103.9994155124,
    2.860086760691));
#1492 = CARTESIAN_POINT('',(59.203408036211,109.20218133739,
    2.739343435529));
#1493 = CARTESIAN_POINT('',(61.278212493914,114.39185913801,
    2.620121369785));
#1494 = CARTESIAN_POINT('',(63.28578655146,119.63038211054,2.4952218866)
  );
#1495 = CARTESIAN_POINT('',(65.544267878207,124.68661241979,
    2.391510813761));
#1496 = CARTESIAN_POINT('',(66.688575298053,129.65179621895,
    2.233302202565));
#1497 = CARTESIAN_POINT('',(69.670081598927,132.34164651985,
    2.271590353423));
#1498 = CARTESIAN_POINT('',(71.736666046129,134.637022206,2.405577506068
    ));
#1499 = CARTESIAN_POINT('',(73.832465988123,136.74829955286,
    2.790518227347));
#1500 = CARTESIAN_POINT('',(75.859743690971,138.73182478124,
    3.481706886007));
#1501 = CARTESIAN_POINT('',(77.854413685698,140.53095784607,
    4.514203600367));
#1502 = CARTESIAN_POINT('',(79.817815495881,142.10025823744,
    5.886984836747));
#1503 = CARTESIAN_POINT('',(81.760336812971,143.39377240009,
    7.570671917072));
#1504 = CARTESIAN_POINT('',(83.690006192915,144.3910043578,
    9.514723949963));
#1505 = CARTESIAN_POINT('',(85.615354288475,145.11191912362,
    11.663928720965));
#1506 = CARTESIAN_POINT('',(87.544868530805,145.62276345521,
    13.9675326363));
#1507 = CARTESIAN_POINT('',(89.483325588253,146.05889768456,
    16.406514292142));
#1508 = CARTESIAN_POINT('',(91.44597998275,146.49032089869,
    18.842690076145));
#1509 = CARTESIAN_POINT('',(93.438607658849,146.91188936874,
    21.283163659819));
#1510 = CARTESIAN_POINT('',(95.469445884349,147.32135157263,
    23.725310138363));
#1511 = CARTESIAN_POINT('',(97.546840351388,147.71560031145,
    26.170513128126));
#1512 = CARTESIAN_POINT('',(99.679244886898,148.09270318553,
    28.617662926682));
#1513 = CARTESIAN_POINT('',(101.12076715773,148.32518483763,
    30.229098117591));
#1514 = CARTESIAN_POINT('',(101.85136685785,148.43898502738,
    31.031148939245));
#1515 = CARTESIAN_POINT('',(13.859302620153,0.,5.077015567336));
#1516 = CARTESIAN_POINT('',(14.561974654798,1.733333608586,
    5.038333537992));
#1517 = CARTESIAN_POINT('',(15.967318329841,5.199999872226,
    4.960969499998));
#1518 = CARTESIAN_POINT('',(18.075334159347,10.400000034248,
    4.844923426372));
#1519 = CARTESIAN_POINT('',(20.183349903908,15.59999999082,
    4.728877357204));
#1520 = CARTESIAN_POINT('',(22.291365671238,20.80000000246,4.61283128684
    ));
#1521 = CARTESIAN_POINT('',(24.399381432463,25.999999999342,
    4.496785216797));
#1522 = CARTESIAN_POINT('',(26.507397195335,31.200000000171,
    4.380739146669));
#1523 = CARTESIAN_POINT('',(28.615412957722,36.399999999974,
    4.264693076561));
#1524 = CARTESIAN_POINT('',(30.7234287204,41.599999999933,4.14864700646)
  );
#1525 = CARTESIAN_POINT('',(32.831444482403,46.800000000295,
    4.032600936307));
#1526 = CARTESIAN_POINT('',(34.939460246815,51.999999998889,
    3.916554866356));
#1527 = CARTESIAN_POINT('',(37.047476002263,57.200000004151,
    3.800508795651));
#1528 = CARTESIAN_POINT('',(39.155491791159,62.399999984509,
    3.684462727761));
#1529 = CARTESIAN_POINT('',(41.263507455229,67.600000057814,
    3.568416649362));
#1530 = CARTESIAN_POINT('',(43.371523585152,72.799999784236,
    3.452370610186));
#1531 = CARTESIAN_POINT('',(45.479537976492,78.000000805244,
    3.336324424625));
#1532 = CARTESIAN_POINT('',(47.587558856309,83.199996994789,
    3.220278785381));
#1533 = CARTESIAN_POINT('',(49.6955555208,88.400011215599,3.104231107256
    ));
#1534 = CARTESIAN_POINT('',(51.80364255812,93.599958142816,
    2.988191038336));
#1535 = CARTESIAN_POINT('',(53.911392319452,98.800156213139,
    2.872122571477));
#1536 = CARTESIAN_POINT('',(56.020400811903,103.99941700463,
    2.756160087169));
#1537 = CARTESIAN_POINT('',(58.124711655869,109.20217576834,2.6398020706
    ));
#1538 = CARTESIAN_POINT('',(60.246554362656,114.391879922,2.524920200521
    ));
#1539 = CARTESIAN_POINT('',(62.302967266643,119.63030454364,
    2.40452927674));
#1540 = CARTESIAN_POINT('',(64.603567519006,124.68690190342,
    2.30469842128));
#1541 = CARTESIAN_POINT('',(65.806037099307,129.65090004981,
    2.15187795085));
#1542 = CARTESIAN_POINT('',(68.78209062838,132.34350925688,
    2.189614125478));
#1543 = CARTESIAN_POINT('',(70.863662280884,134.6472355642,2.32544417861
    ));
#1544 = CARTESIAN_POINT('',(72.97866906898,136.76986425632,
    2.714355493031));
#1545 = CARTESIAN_POINT('',(75.031907135197,138.76593061126,
    3.412807889234));
#1546 = CARTESIAN_POINT('',(77.057252461155,140.57648235277,
    4.45575777953));
#1547 = CARTESIAN_POINT('',(79.0551951217,142.15431211339,5.841171649437
    ));
#1548 = CARTESIAN_POINT('',(81.034965975164,143.45257999175,
    7.537914929727));
#1549 = CARTESIAN_POINT('',(83.003520504137,144.450968918,9.493572320089
    ));
#1550 = CARTESIAN_POINT('',(84.968293757568,145.17040245579,
    11.651390171695));
#1551 = CARTESIAN_POINT('',(86.936684784818,145.67837282318,
    13.959893606244));
#1552 = CARTESIAN_POINT('',(88.912313792461,146.1110686487,
    16.399134345989));
#1553 = CARTESIAN_POINT('',(90.909479639704,146.53934944671,
    18.835812641507));
#1554 = CARTESIAN_POINT('',(92.932810489549,146.95810908432,
    21.27666396802));
#1555 = CARTESIAN_POINT('',(94.989447111266,147.36521490383,
    23.719148020236));
#1556 = CARTESIAN_POINT('',(97.086637729878,147.75765337597,
    26.164596932932));
#1557 = CARTESIAN_POINT('',(99.231740241698,148.13359995973,
    28.611937574616));
#1558 = CARTESIAN_POINT('',(100.6762146338,148.36580160914,
    30.223340590366));
#1559 = CARTESIAN_POINT('',(101.40681598212,148.47960868707,
    31.025439656203));
#1560 = CARTESIAN_POINT('',(11.89629274733,0.,4.840527436813));
#1561 = CARTESIAN_POINT('',(12.613921048992,1.733333614568,
    4.803647221819));
#1562 = CARTESIAN_POINT('',(14.049177253498,5.19999986945,4.729886812448
    ));
#1563 = CARTESIAN_POINT('',(16.202061880874,10.400000034992,
    4.619246181818));
#1564 = CARTESIAN_POINT('',(18.35494642232,15.599999990621,4.50860555563
    ));
#1565 = CARTESIAN_POINT('',(20.507830986799,20.800000002514,
    4.397964928251));
#1566 = CARTESIAN_POINT('',(22.660715545101,25.999999999328,
    4.287324301191));
#1567 = CARTESIAN_POINT('',(24.81360010507,31.200000000175,
    4.176683674047));
#1568 = CARTESIAN_POINT('',(26.966484664551,36.399999999973,
    4.066043046921));
#1569 = CARTESIAN_POINT('',(29.119369224318,41.599999999933,
    3.955402419804));
#1570 = CARTESIAN_POINT('',(31.272253783427,46.800000000294,
    3.844761792636));
#1571 = CARTESIAN_POINT('',(33.425138344884,51.999999998892,
    3.734121165662));
#1572 = CARTESIAN_POINT('',(35.578022897609,57.200000004137,
    3.623480537963));
#1573 = CARTESIAN_POINT('',(37.730907482911,62.399999984558,
    3.512839912973));
#1574 = CARTESIAN_POINT('',(39.883791946638,67.600000057631,
    3.402199277869));
#1575 = CARTESIAN_POINT('',(42.036676864086,72.799999784918,
    3.291558680509));
#1576 = CARTESIAN_POINT('',(44.189560088225,78.000000802698,
    3.18091794229));
#1577 = CARTESIAN_POINT('',(46.342449631882,83.199997004292,
    3.070277729763));
#1578 = CARTESIAN_POINT('',(48.495315590773,88.400011180136,
    2.959635555328));
#1579 = CARTESIAN_POINT('',(50.648269569214,93.599958275163,
    2.849000702831));
#1580 = CARTESIAN_POINT('',(52.800895054219,98.800155719212,
    2.738338524493));
#1581 = CARTESIAN_POINT('',(54.954746493417,103.99941884799,
    2.627778327579));
#1582 = CARTESIAN_POINT('',(57.104022609278,109.20216888882,
    2.51683753081));
#1583 = CARTESIAN_POINT('',(59.270374064296,114.39190559669,
    2.407317152037));
#1584 = CARTESIAN_POINT('',(61.372999486022,119.63020872439,
    2.292495701133));
#1585 = CARTESIAN_POINT('',(63.713453701757,124.68725950573,
    2.197458120759));
#1586 = CARTESIAN_POINT('',(64.97095774883,129.64979300225,
    2.051293679709));
#1587 = CARTESIAN_POINT('',(67.941851731109,132.34581031636,
    2.088347992047));
#1588 = CARTESIAN_POINT('',(70.037604645894,134.6598522376,
    2.226454600361));
#1589 = CARTESIAN_POINT('',(72.170785424182,136.79650337101,
    2.620270832037));
#1590 = CARTESIAN_POINT('',(74.248587824736,138.80806191714,
    3.32769620289));
#1591 = CARTESIAN_POINT('',(76.302958903593,140.63271927516,
    4.383559016062));
#1592 = CARTESIAN_POINT('',(78.333584966314,142.22108545918,
    5.784578116709));
#1593 = CARTESIAN_POINT('',(80.348602247281,143.52522565469,
    7.497449864007));
#1594 = CARTESIAN_POINT('',(82.35395086068,144.52504379686,
    9.467443479731));
#1595 = CARTESIAN_POINT('',(84.356029168187,145.24264755743,
    11.635901164269));
#1596 = CARTESIAN_POINT('',(86.361206365536,145.74706768531,
    13.950457028635));
#1597 = CARTESIAN_POINT('',(88.372008386734,146.17551601288,
    16.39001781757));
#1598 = CARTESIAN_POINT('',(90.401829819399,146.59991494982,
    18.827316871064));
#1599 = CARTESIAN_POINT('',(92.454212767435,147.01520480576,
    21.268634827489));
#1600 = CARTESIAN_POINT('',(94.535260466112,147.41939975834,
    23.711535888013));
#1601 = CARTESIAN_POINT('',(96.651182690537,147.80960198613,
    26.157288592581));
#1602 = CARTESIAN_POINT('',(98.808300338738,148.18412019977,
    28.604864982656));
#1603 = CARTESIAN_POINT('',(100.25556810347,148.41597593841,
    30.21622825774));
#1604 = CARTESIAN_POINT('',(100.98617100937,148.52979153942,
    31.018386916246));
#1605 = CARTESIAN_POINT('',(10.05540708645,0.,4.562383927071));
#1606 = CARTESIAN_POINT('',(10.787061186626,1.733333612799,
    4.527622901006));
#1607 = CARTESIAN_POINT('',(12.250368977759,5.199999870271,
    4.458100868513));
#1608 = CARTESIAN_POINT('',(14.445330993436,10.400000034772,
    4.353817803986));
#1609 = CARTESIAN_POINT('',(16.640292920943,15.59999999068,4.24953474369
    ));
#1610 = CARTESIAN_POINT('',(18.835254872083,20.800000002498,
    4.14525168226));
#1611 = CARTESIAN_POINT('',(21.030216816886,25.999999999332,
    4.040968621134));
#1612 = CARTESIAN_POINT('',(23.225178763399,31.200000000174,
    3.936685559927));
#1613 = CARTESIAN_POINT('',(25.420140709412,36.399999999973,
    3.832402498739));
#1614 = CARTESIAN_POINT('',(27.615102655711,41.599999999934,
    3.728119437558));
#1615 = CARTESIAN_POINT('',(29.810064601367,46.800000000292,
    3.623836376329));
#1616 = CARTESIAN_POINT('',(32.005026549311,51.999999998896,
    3.519553315285));
#1617 = CARTESIAN_POINT('',(34.199988488744,57.200000004122,
    3.415270253548));
#1618 = CARTESIAN_POINT('',(36.394950459936,62.399999984616,
    3.310987194397));
#1619 = CARTESIAN_POINT('',(38.589912312601,67.600000057416,
    3.206704125599));
#1620 = CARTESIAN_POINT('',(40.784874607612,72.79999978572,
    3.102421092802));
#1621 = CARTESIAN_POINT('',(42.979835251769,78.000000799703,
    2.998137925646));
#1622 = CARTESIAN_POINT('',(45.174802056998,83.199997015467,
    2.893855259924));
#1623 = CARTESIAN_POINT('',(47.36974586879,88.400011138428,
    2.789570722826));
#1624 = CARTESIAN_POINT('',(49.564775493259,93.599958430822,
    2.685293169798));
#1625 = CARTESIAN_POINT('',(51.759484860456,98.800155138284,
    2.580989551869));
#1626 = CARTESIAN_POINT('',(53.955389444064,103.99942101604,
    2.476783209473));
#1627 = CARTESIAN_POINT('',(56.1468334193,109.20216079754,2.372213829844
    ));
#1628 = CARTESIAN_POINT('',(58.354924611615,114.39193579376,
    2.268999323615));
#1629 = CARTESIAN_POINT('',(60.500887543986,119.63009602739,
    2.160728361017));
#1630 = CARTESIAN_POINT('',(62.878716299051,124.68768009665,
    2.071328350496));
#1631 = CARTESIAN_POINT('',(64.187830968231,129.64849095764,
    1.932992341971));
#1632 = CARTESIAN_POINT('',(67.15388639323,132.34851668796,
    1.969244687758));
#1633 = CARTESIAN_POINT('',(69.262938315192,134.67469123105,
    2.110028847149));
#1634 = CARTESIAN_POINT('',(71.413162430046,136.8278347399,
    2.509613955669));
#1635 = CARTESIAN_POINT('',(73.514000950528,138.85761429535,
    3.227592814582));
#1636 = CARTESIAN_POINT('',(75.595592010826,140.69886185466,
    4.298643052519));
#1637 = CARTESIAN_POINT('',(77.656868151903,142.29962036371,
    5.718016112998));
#1638 = CARTESIAN_POINT('',(79.704939083738,143.61066723525,
    7.449857220027));
#1639 = CARTESIAN_POINT('',(81.74479272096,144.61216633762,
    9.436712265667));
#1640 = CARTESIAN_POINT('',(83.781855233118,145.32761802122,
    11.617683899503));
#1641 = CARTESIAN_POINT('',(85.821530032338,145.827862565,
    13.939358277886));
#1642 = CARTESIAN_POINT('',(87.86531685773,146.25131523386,
    16.379295489961));
#1643 = CARTESIAN_POINT('',(89.92576228258,146.67114855282,
    18.817324642688));
#1644 = CARTESIAN_POINT('',(92.005389918239,147.08235745451,
    21.259191421915));
#1645 = CARTESIAN_POINT('',(94.109330014398,147.4831288154,
    23.702582943275));
#1646 = CARTESIAN_POINT('',(96.242818498793,147.87070090431,
    26.14869294989));
#1647 = CARTESIAN_POINT('',(98.41120379439,148.24353914884,
    28.596546614154));
#1648 = CARTESIAN_POINT('',(99.861091134348,148.47498805689,
    30.207863146759));
#1649 = CARTESIAN_POINT('',(100.59169551061,148.58881367575,
    31.01009189594));
#1650 = CARTESIAN_POINT('',(8.34642760686,0.,4.246607026958));
#1651 = CARTESIAN_POINT('',(9.091102503733,1.733333609886,4.21425192074)
  );
#1652 = CARTESIAN_POINT('',(10.580451885966,5.199999871623,
    4.149541725833));
#1653 = CARTESIAN_POINT('',(12.814476290139,10.40000003441,
    4.052476419381));
#1654 = CARTESIAN_POINT('',(15.048500605646,15.599999990777,
    3.955411116706));
#1655 = CARTESIAN_POINT('',(17.282524944919,20.800000002472,
    3.858345813019));
#1656 = CARTESIAN_POINT('',(19.516549277819,25.999999999339,
    3.761280509603));
#1657 = CARTESIAN_POINT('',(21.750573612439,31.200000000172,
    3.664215206115));
#1658 = CARTESIAN_POINT('',(23.984597946557,36.399999999974,
    3.567149902643));
#1659 = CARTESIAN_POINT('',(26.218622280958,41.599999999934,
    3.470084599179));
#1660 = CARTESIAN_POINT('',(28.45264661473,46.800000000291,
    3.373019295669));
#1661 = CARTESIAN_POINT('',(30.686670950737,51.999999998901,
    3.275953992333));
#1662 = CARTESIAN_POINT('',(32.920695278434,57.200000004104,
    3.178888688344));
#1663 = CARTESIAN_POINT('',(35.154719637133,62.399999984681,
    3.081823386797));
#1664 = CARTESIAN_POINT('',(37.388743880135,67.600000057172,
    2.984758076134));
#1665 = CARTESIAN_POINT('',(39.622768554922,72.799999786631,
    2.887692799494));
#1666 = CARTESIAN_POINT('',(41.856791618268,78.000000796303,
    2.790627395876));
#1667 = CARTESIAN_POINT('',(44.090820695594,83.199997028155,
    2.69356246615));
#1668 = CARTESIAN_POINT('',(46.324827328441,88.400011091076,
    2.59649576783));
#1669 = CARTESIAN_POINT('',(48.558917725222,93.599958607542,
    2.499435669997));
#1670 = CARTESIAN_POINT('',(50.792695510744,98.800154478756,
    2.40235093881));
#1671 = CARTESIAN_POINT('',(53.027639977369,103.99942347743,
    2.30535814055));
#1672 = CARTESIAN_POINT('',(55.258230330841,109.2021516115,
    2.208022243937));
#1673 = CARTESIAN_POINT('',(57.505070455824,114.39197007655,
    2.11196680781));
#1674 = CARTESIAN_POINT('',(59.691265607916,119.62996808226,
    2.011132628092));
#1675 = CARTESIAN_POINT('',(62.103790880061,124.68815759439,
    1.928132962249));
#1676 = CARTESIAN_POINT('',(63.460818081769,129.64701274371,
    1.798684589311));
#1677 = CARTESIAN_POINT('',(66.422381649791,132.35158923722,
    1.834026460819));
#1678 = CARTESIAN_POINT('',(68.543779656491,134.69153797091,
    1.977850449468));
#1679 = CARTESIAN_POINT('',(70.709825890596,136.86340530761,
    2.383984975765));
#1680 = CARTESIAN_POINT('',(72.832049908877,138.91387121251,
    3.113945231434));
#1681 = CARTESIAN_POINT('',(74.938910539526,140.77395366154,
    4.202237784019));
#1682 = CARTESIAN_POINT('',(77.028640568899,142.38878120275,
    5.64244813294));
#1683 = CARTESIAN_POINT('',(79.107396736791,143.70766923784,
    7.395825193185));
#1684 = CARTESIAN_POINT('',(81.179282986852,144.71107673777,
    9.401823054976));
#1685 = CARTESIAN_POINT('',(83.248822957622,145.42408516396,
    11.597001801251));
#1686 = CARTESIAN_POINT('',(85.320523479537,145.91958915851,
    13.926757843276));
#1687 = CARTESIAN_POINT('',(87.394931627429,146.33737024573,
    16.367122409317));
#1688 = CARTESIAN_POINT('',(89.483806723576,146.75202020915,
    18.805980445211));
#1689 = CARTESIAN_POINT('',(91.588726865466,147.1585959952,
    21.248470304094));
#1690 = CARTESIAN_POINT('',(93.713919035271,147.55548054496,
    23.692418646656));
#1691 = CARTESIAN_POINT('',(95.863715092736,147.94006663335,
    26.138934299007));
#1692 = CARTESIAN_POINT('',(98.04256066846,148.3109975994,
    28.587102753292));
#1693 = CARTESIAN_POINT('',(99.494879879413,148.54198464736,
    30.198366218905));
#1694 = CARTESIAN_POINT('',(100.22548562212,148.65582162883,
    31.000674542283));
#1695 = CARTESIAN_POINT('',(6.778276426836,0.,3.897734832926));
#1696 = CARTESIAN_POINT('',(7.534899144818,1.73333361225,3.8680378009));
#1697 = CARTESIAN_POINT('',(9.048144160281,5.199999870526,3.808643753225
    ));
#1698 = CARTESIAN_POINT('',(11.318012021525,10.400000034704,
    3.719552668547));
#1699 = CARTESIAN_POINT('',(13.587879792166,15.599999990698,
    3.630461587397));
#1700 = CARTESIAN_POINT('',(15.857747587092,20.800000002493,
    3.541370505302));
#1701 = CARTESIAN_POINT('',(18.127615375506,25.999999999333,
    3.45227942346));
#1702 = CARTESIAN_POINT('',(20.397483165677,31.200000000173,
    3.363188341551));
#1703 = CARTESIAN_POINT('',(22.667350955337,36.399999999973,
    3.274097259657));
#1704 = CARTESIAN_POINT('',(24.93721874528,41.599999999934,
    3.185006177769));
#1705 = CARTESIAN_POINT('',(27.207086534605,46.80000000029,3.09591509584
    ));
#1706 = CARTESIAN_POINT('',(29.476954326116,51.999999998906,
    3.006824014073));
#1707 = CARTESIAN_POINT('',(31.746822109504,57.200000004085,
    2.917732931695));
#1708 = CARTESIAN_POINT('',(34.016689923197,62.399999984753,
    2.828641851602));
#1709 = CARTESIAN_POINT('',(36.286557623791,67.600000056902,
    2.739550762978));
#1710 = CARTESIAN_POINT('',(38.556425746478,72.799999787638,
    2.650459706194));
#1711 = CARTESIAN_POINT('',(40.82629229389,78.000000792547,
    2.561368530583));
#1712 = CARTESIAN_POINT('',(43.09616472031,83.199997042173,
    2.472277798439));
#1713 = CARTESIAN_POINT('',(45.366015205974,88.400011038761,
    2.383185411253));
#1714 = CARTESIAN_POINT('',(47.635947575655,93.599958802784,
    2.29409920077));
#1715 = CARTESIAN_POINT('',(49.905574350021,98.800153750105,
    2.204989938515));
#1716 = CARTESIAN_POINT('',(52.176341621632,103.99942619679,
    2.115966706644));
#1717 = CARTESIAN_POINT('',(54.442852499579,109.2021414627,
    2.026622405012));
#1718 = CARTESIAN_POINT('',(56.725248454936,114.39200795239,
    1.938476352036));
#1719 = CARTESIAN_POINT('',(58.948360494317,119.62982672772,
    1.845858374198));
#1720 = CARTESIAN_POINT('',(61.392723120189,124.68868513672,
    1.769929847155));
#1721 = CARTESIAN_POINT('',(62.793714626512,129.64537960419,
    1.65030058678));
#1722 = CARTESIAN_POINT('',(65.751156488625,132.35498380788,
    1.684636560898));
#1723 = CARTESIAN_POINT('',(67.883883202066,134.71015034913,
    1.83181897096));
#1724 = CARTESIAN_POINT('',(70.064447735116,136.902703882,2.245189332901
    ));
#1725 = CARTESIAN_POINT('',(72.206294981182,138.97602418859,
    2.988386706839));
#1726 = CARTESIAN_POINT('',(74.336342845522,140.85691553561,
    4.095728671017));
#1727 = CARTESIAN_POINT('',(76.452182023095,142.48728662708,
    5.558960179921));
#1728 = CARTESIAN_POINT('',(78.559094812941,143.81483762621,
    7.336130289139));
#1729 = CARTESIAN_POINT('',(80.660374031275,144.82035353511,
    9.363277247865));
#1730 = CARTESIAN_POINT('',(82.759715158615,145.53066263599,
    11.574152096312));
#1731 = CARTESIAN_POINT('',(84.860802326442,146.0209292436,
    13.912836808309));
#1732 = CARTESIAN_POINT('',(86.96330844952,146.43244433376,
    16.35367351755));
#1733 = CARTESIAN_POINT('',(89.078270472471,146.84136769523,
    18.793447308488));
#1734 = CARTESIAN_POINT('',(91.206398893895,147.24282478748,
    21.236625549466));
#1735 = CARTESIAN_POINT('',(93.351091862167,147.63541516569,
    23.681189071435));
#1736 = CARTESIAN_POINT('',(95.515851668505,148.01670230122,
    26.128152883464));
#1737 = CARTESIAN_POINT('',(97.704295546351,148.38552610152,
    28.576669120171));
#1738 = CARTESIAN_POINT('',(99.158846229081,148.61600286627,
    30.18787395568));
#1739 = CARTESIAN_POINT('',(99.88945322641,148.72985241322,
    30.990270194051));
#1740 = CARTESIAN_POINT('',(5.358940618778,0.,3.520690913609));
#1741 = CARTESIAN_POINT('',(6.12637732624,1.733333612002,3.493866597481)
  );
#1742 = CARTESIAN_POINT('',(7.661250312451,5.199999870641,3.440217980486
    ));
#1743 = CARTESIAN_POINT('',(9.963560136416,10.400000034673,
    3.359745042725));
#1744 = CARTESIAN_POINT('',(12.26586986801,15.599999990706,
    3.279272108252));
#1745 = CARTESIAN_POINT('',(14.568179624364,20.800000002491,
    3.198799172897));
#1746 = CARTESIAN_POINT('',(16.870489374078,25.999999999334,
    3.118326237779));
#1747 = CARTESIAN_POINT('',(19.172799125583,31.200000000173,
    3.037853302598));
#1748 = CARTESIAN_POINT('',(21.475108876569,36.399999999973,
    2.957380367431));
#1749 = CARTESIAN_POINT('',(23.777418627836,41.599999999935,
    2.87690743227));
#1750 = CARTESIAN_POINT('',(26.079728378498,46.800000000288,
    2.79643449707));
#1751 = CARTESIAN_POINT('',(28.3820381313,51.999999998912,2.715961562022
    ));
#1752 = CARTESIAN_POINT('',(30.684347876148,57.200000004064,
    2.635488626406));
#1753 = CARTESIAN_POINT('',(32.986657650672,62.399999984831,
    2.555015692907));
#1754 = CARTESIAN_POINT('',(35.288967314446,67.600000056611,
    2.474542751509));
#1755 = CARTESIAN_POINT('',(37.591277391544,72.799999788725,
    2.39406983959));
#1756 = CARTESIAN_POINT('',(39.893585926099,78.000000788488,
    2.313596817655));
#1757 = CARTESIAN_POINT('',(42.195900217499,83.199997057323,
    2.233124206305));
#1758 = CARTESIAN_POINT('',(44.498193024062,88.400010982222,
    2.152650062633));
#1759 = CARTESIAN_POINT('',(46.800566013128,93.599959013791,
    2.072181637661));
#1760 = CARTESIAN_POINT('',(49.102639757018,98.800152962614,
    1.991691870213));
#1761 = CARTESIAN_POINT('',(51.405830299107,103.99942913575,
    1.911281753968));
#1762 = CARTESIAN_POINT('',(53.704852893579,109.20213049437,
    1.830574375385));
#1763 = CARTESIAN_POINT('',(56.019430480322,114.39204888673,
    1.750976394953));
#1764 = CARTESIAN_POINT('',(58.275956045594,119.62967395867,
    1.667238084257));
#1765 = CARTESIAN_POINT('',(60.749134704481,124.68925527855,
    1.598951696464));
#1766 = CARTESIAN_POINT('',(62.18991836389,129.64361458727,
    1.489934450311));
#1767 = CARTESIAN_POINT('',(65.143629664267,132.358652493,1.523183299973
    ));
#1768 = CARTESIAN_POINT('',(67.286610005893,134.73026569266,
    1.673995326822));
#1769 = CARTESIAN_POINT('',(69.480315071455,136.94517584957,
    2.095185824267));
#1770 = CARTESIAN_POINT('',(71.639923328205,139.04319607015,
    2.852689224992));
#1771 = CARTESIAN_POINT('',(73.79095798992,140.9465766513,3.98061885689)
  );
#1772 = CARTESIAN_POINT('',(75.930428593744,142.59374644789,
    5.468730503952));
#1773 = CARTESIAN_POINT('',(78.062825981173,143.93065995275,
    7.271614971009));
#1774 = CARTESIAN_POINT('',(80.190708815858,144.93845452642,
    9.321618834168));
#1775 = CARTESIAN_POINT('',(82.317023011344,145.6458463292,
    11.549457258337));
#1776 = CARTESIAN_POINT('',(84.444708073143,146.13045262643,
    13.897791637973));
#1777 = CARTESIAN_POINT('',(86.572645712541,146.53519573497,
    16.339138616377));
#1778 = CARTESIAN_POINT('',(88.711219049096,146.93793006649,
    18.779902110352));
#1779 = CARTESIAN_POINT('',(90.860353316626,147.33385512618,
    21.223824320876));
#1780 = CARTESIAN_POINT('',(93.022696484217,147.72180457451,
    23.66905269846));
#1781 = CARTESIAN_POINT('',(95.20100000203,148.09952636528,
    26.116500859631));
#1782 = CARTESIAN_POINT('',(97.398131310202,148.46607283918,
    28.565392961749));
#1783 = CARTESIAN_POINT('',(98.854701717059,148.69599812825,
    30.176534434607));
#1784 = CARTESIAN_POINT('',(99.585309838969,148.80986124618,
    30.979025685883));
#1785 = CARTESIAN_POINT('',(4.095399004706,0.,3.120604931387));
#1786 = CARTESIAN_POINT('',(4.872462696282,1.733333612281,3.096828890044
    ));
#1787 = CARTESIAN_POINT('',(6.426589649377,5.199999870511,3.049276820419
    ));
#1788 = CARTESIAN_POINT('',(8.75778042475,10.400000034708,2.977948705483
    ));
#1789 = CARTESIAN_POINT('',(11.088971107461,15.599999990697,
    2.90662059336));
#1790 = CARTESIAN_POINT('',(13.42016181501,20.800000002493,
    2.835292480483));
#1791 = CARTESIAN_POINT('',(15.751352515899,25.999999999333,
    2.763964367808));
#1792 = CARTESIAN_POINT('',(18.082543218583,31.200000000174,
    2.69263625508));
#1793 = CARTESIAN_POINT('',(20.413733920749,36.399999999973,
    2.621308142364));
#1794 = CARTESIAN_POINT('',(22.744924623193,41.599999999935,
    2.549980029653));
#1795 = CARTESIAN_POINT('',(25.076115325042,46.800000000287,
    2.478651916907));
#1796 = CARTESIAN_POINT('',(27.407306028991,51.999999998918,
    2.407323804299));
#1797 = CARTESIAN_POINT('',(29.738496725136,57.200000004042,
    2.335995691172));
#1798 = CARTESIAN_POINT('',(32.069687450397,62.399999984914,
    2.264667579982));
#1799 = CARTESIAN_POINT('',(34.400878067,67.600000056302,2.193339461565)
  );
#1800 = CARTESIAN_POINT('',(36.732069089118,72.79999978988,
    2.122011370121));
#1801 = CARTESIAN_POINT('',(39.063258597834,78.000000784181,
    2.05068317801));
#1802 = CARTESIAN_POINT('',(41.394453754641,83.199997073398,
    1.979355361591));
#1803 = CARTESIAN_POINT('',(43.725627832487,88.400010922227,
    1.908026143073));
#1804 = CARTESIAN_POINT('',(46.056880578088,93.599959237694,
    1.83670215726));
#1805 = CARTESIAN_POINT('',(48.387839731628,98.800152126999,
    1.765358642726));
#1806 = CARTESIAN_POINT('',(50.719894585658,103.99943225431,
    1.69408801037));
#1807 = CARTESIAN_POINT('',(53.047860229787,109.20211885575,
    1.622545378025));
#1808 = CARTESIAN_POINT('',(55.391087013032,114.39209232267,
    1.552017863457));
#1809 = CARTESIAN_POINT('',(57.677358449714,119.62951185355,
    1.47770187777));
#1810 = CARTESIAN_POINT('',(60.176190133531,124.68986026312,
    1.417524658781));
#1811 = CARTESIAN_POINT('',(61.652398137942,129.64174170591,
    1.319767952623));
#1812 = CARTESIAN_POINT('',(64.602788363792,132.36254538031,
    1.351863241034));
#1813 = CARTESIAN_POINT('',(66.754896838333,134.75161033333,
    1.506526699302));
#1814 = CARTESIAN_POINT('',(68.960300058457,136.99024338147,
    1.936015239584));
#1815 = CARTESIAN_POINT('',(71.135719778557,139.11447298734,
    2.708698942882));
#1816 = CARTESIAN_POINT('',(73.305437610017,141.04171717394,
    3.858474404509));
#1817 = CARTESIAN_POINT('',(75.465945723285,142.70671228501,
    5.372986674955));
#1818 = CARTESIAN_POINT('',(77.621030377098,144.05356046089,
    7.203156966251));
#1819 = CARTESIAN_POINT('',(79.772596667209,145.06377295404,
    9.277414574377));
#1820 = CARTESIAN_POINT('',(81.922923216831,145.76806917559,
    11.523253259279));
#1821 = CARTESIAN_POINT('',(84.074286639799,146.24666924723,
    13.881827021005));
#1822 = CARTESIAN_POINT('',(86.224864290805,146.64422652201,
    16.323715452351));
#1823 = CARTESIAN_POINT('',(88.384457231856,147.0403935971,
    18.765529132504));
#1824 = CARTESIAN_POINT('',(90.552291626888,147.43044854822,
    21.210240778344));
#1825 = CARTESIAN_POINT('',(92.730347610041,147.81347344883,
    23.656174642479));
#1826 = CARTESIAN_POINT('',(94.920708205037,148.18741200579,
    26.104136752508));
#1827 = CARTESIAN_POINT('',(97.125573367402,148.55154198905,
    28.553427690185));
#1828 = CARTESIAN_POINT('',(98.58394179062,148.78088207832,
    30.164501927875));
#1829 = CARTESIAN_POINT('',(99.314550921668,148.89475961181,
    30.967093998713));
#1830 = CARTESIAN_POINT('',(2.99352061651,0.,2.702682453504));
#1831 = CARTESIAN_POINT('',(3.778979575528,1.733333613079,2.682090583925
    ));
#1832 = CARTESIAN_POINT('',(5.349897051271,5.199999870141,2.640906856083
    ));
#1833 = CARTESIAN_POINT('',(7.706273620453,10.400000034807,
    2.579131255223));
#1834 = CARTESIAN_POINT('',(10.062650094337,15.59999999067,
    2.517355656802));
#1835 = CARTESIAN_POINT('',(12.419026593766,20.8000000025,2.455580057726
    ));
#1836 = CARTESIAN_POINT('',(14.775403086345,25.999999999331,
    2.393804458826));
#1837 = CARTESIAN_POINT('',(17.13177958077,31.200000000174,
    2.332028859879));
#1838 = CARTESIAN_POINT('',(19.488156074663,36.399999999973,
    2.270253260943));
#1839 = CARTESIAN_POINT('',(21.844532568836,41.599999999936,
    2.208477662012));
#1840 = CARTESIAN_POINT('',(24.200909062423,46.800000000285,
    2.146702063048));
#1841 = CARTESIAN_POINT('',(26.557285558075,51.999999998924,
    2.08492646421));
#1842 = CARTESIAN_POINT('',(28.913662046053,57.200000004019,
    2.023150864903));
#1843 = CARTESIAN_POINT('',(31.270038562659,62.399999985001,
    1.961375267345));
#1844 = CARTESIAN_POINT('',(33.626414972431,67.600000055979,
    1.899599663261));
#1845 = CARTESIAN_POINT('',(35.982791780909,72.799999791085,
    1.837824083533));
#1846 = CARTESIAN_POINT('',(38.339167101397,78.000000779681,
    1.776048412905));
#1847 = CARTESIAN_POINT('',(40.695547975137,83.19999709019,1.71427308152
    ));
#1848 = CARTESIAN_POINT('',(43.051908123861,88.400010859558,
    1.652496484064));
#1849 = CARTESIAN_POINT('',(45.408345619397,93.599959471578,
    1.590724611652));
#1850 = CARTESIAN_POINT('',(47.7644944527,98.80015125413,1.528935105134)
  );
#1851 = CARTESIAN_POINT('',(50.121720588123,103.9994355119,
    1.467211409993));
#1852 = CARTESIAN_POINT('',(52.474926177301,109.20210669826,
    1.405242103451));
#1853 = CARTESIAN_POINT('',(54.843136649339,114.39213769505,
    1.344189431137));
#1854 = CARTESIAN_POINT('',(57.155348136179,119.6293425215,
    1.279715833312));
#1855 = CARTESIAN_POINT('',(59.676550680953,124.6904922189,
    1.228009303301));
#1856 = CARTESIAN_POINT('',(61.183650679531,129.63978532839,
    1.142015150661));
#1857 = CARTESIAN_POINT('',(64.131144744143,132.36661181898,
    1.172905450148));
#1858 = CARTESIAN_POINT('',(66.29121345701,134.77390655343,
    1.331592043026));
#1859 = CARTESIAN_POINT('',(68.506818116922,137.03732009858,
    1.769748566638));
#1860 = CARTESIAN_POINT('',(70.696026310275,139.18892754753,
    2.558289335537));
#1861 = CARTESIAN_POINT('',(72.882036902287,141.14109921863,
    3.73088455016));
#1862 = CARTESIAN_POINT('',(75.060890890943,142.82471432623,
    5.272974427502));
#1863 = CARTESIAN_POINT('',(77.235760099721,144.18194007721,
    7.13164699027));
#1864 = CARTESIAN_POINT('',(79.407979676911,145.19467828469,
    9.23123961548));
#1865 = CARTESIAN_POINT('',(81.579246331534,145.89574091888,
    11.495881042546));
#1866 = CARTESIAN_POINT('',(83.751258599106,146.36806699745,
    13.865150674975));
#1867 = CARTESIAN_POINT('',(85.921579596293,146.7581180821,
    16.307604698132));
#1868 = CARTESIAN_POINT('',(88.099502798622,147.14742512156,
    18.750515383501));
#1869 = CARTESIAN_POINT('',(90.283644742314,147.53134826508,
    21.196051658986));
#1870 = CARTESIAN_POINT('',(92.475403172365,147.90922907302,
    23.642722461452));
#1871 = CARTESIAN_POINT('',(94.67627820763,148.27921573507,
    26.09122143295));
#1872 = CARTESIAN_POINT('',(96.88788771975,148.64082148984,
    28.540928987245));
#1873 = CARTESIAN_POINT('',(98.347824113429,148.86955030725,
    30.151932991522));
#1874 = CARTESIAN_POINT('',(99.078434124197,148.98344288718,
    30.954630377168));
#1875 = CARTESIAN_POINT('',(2.057958986453,0.,2.271779739204));
#1876 = CARTESIAN_POINT('',(2.850546033148,1.733333613001,2.254470938554
    ));
#1877 = CARTESIAN_POINT('',(4.435719687477,5.199999870177,2.21985334639)
  );
#1878 = CARTESIAN_POINT('',(6.81348052194,10.400000034797,2.167926950798
    ));
#1879 = CARTESIAN_POINT('',(9.191241261801,15.599999990673,
    2.116000557176));
#1880 = CARTESIAN_POINT('',(11.56900202702,20.8000000025,2.064074163025)
  );
#1881 = CARTESIAN_POINT('',(13.94676278544,25.999999999331,
    2.012147769016));
#1882 = CARTESIAN_POINT('',(16.324523545692,31.200000000174,
    1.960221374969));
#1883 = CARTESIAN_POINT('',(18.702284305416,36.399999999972,
    1.908294980931));
#1884 = CARTESIAN_POINT('',(21.080045065417,41.599999999936,
    1.856368586898));
#1885 = CARTESIAN_POINT('',(23.45780582484,46.800000000283,
    1.804442192835));
#1886 = CARTESIAN_POINT('',(25.835566586298,51.99999999893,
    1.752515798884));
#1887 = CARTESIAN_POINT('',(28.213327340194,57.200000003995,
    1.700589404517));
#1888 = CARTESIAN_POINT('',(30.591088122302,62.39999998509,
    1.648663011704));
#1889 = CARTESIAN_POINT('',(32.968848799126,67.600000055645,
    1.596736613088));
#1890 = CARTESIAN_POINT('',(35.346609868874,72.799999792328,
    1.544810236131));
#1891 = CARTESIAN_POINT('',(37.724369472209,78.000000775042,
    1.492883778343));
#1892 = CARTESIAN_POINT('',(40.102134548271,83.199997107504,
    1.440957622218));
#1893 = CARTESIAN_POINT('',(42.479879199839,88.400010794942,
    1.389030340273));
#1894 = CARTESIAN_POINT('',(44.857700076657,93.599959712727,
    1.337107259944));
#1895 = CARTESIAN_POINT('',(47.235236476967,98.800150354151,
    1.28516849897));
#1896 = CARTESIAN_POINT('',(49.613834558062,103.99943887067,
    1.233288258961));
#1897 = CARTESIAN_POINT('',(51.988470392523,109.20209416316,
    1.181189615739));
#1898 = CARTESIAN_POINT('',(54.377893532732,114.39218447666,1.1299060644
    ));
#1899 = CARTESIAN_POINT('',(56.712129696586,119.62916793019,
    1.075580548743));
#1900 = CARTESIAN_POINT('',(59.252326460112,124.69114380257,
    1.032607798478));
#1901 = CARTESIAN_POINT('',(60.785655636728,129.63776818783,
    0.958741532003));
#1902 = CARTESIAN_POINT('',(63.730690684665,132.370804557,0.988389416867
    ));
#1903 = CARTESIAN_POINT('',(65.897518123018,134.79689527088,
    1.151224098721));
#1904 = CARTESIAN_POINT('',(68.121784424485,137.08585896944,
    1.598317824187));
#1905 = CARTESIAN_POINT('',(70.32269986852,139.26569458873,
    2.403208162612));
#1906 = CARTESIAN_POINT('',(72.522544003131,141.24356796602,
    3.599331887967));
#1907 = CARTESIAN_POINT('',(74.716974753493,142.94638138782,
    5.16985590392));
#1908 = CARTESIAN_POINT('',(76.908642250259,144.31430703057,
    7.057915988994));
#1909 = CARTESIAN_POINT('',(79.09839772173,145.32964939843,
    9.183630510503));
#1910 = CARTESIAN_POINT('',(81.287443796459,146.0273780134,
    11.467658673301));
#1911 = CARTESIAN_POINT('',(83.47698818638,146.49323523522,
    13.847956379025));
#1912 = CARTESIAN_POINT('',(85.664072482798,146.8755469953,
    16.290993560684));
#1913 = CARTESIAN_POINT('',(87.857559189499,147.2577809336,
    18.735035323106));
#1914 = CARTESIAN_POINT('',(90.055547231821,147.63538182185,
    21.18142184038));
#1915 = CARTESIAN_POINT('',(92.258939870835,148.00795876736,
    23.628852469687));
#1916 = CARTESIAN_POINT('',(94.468742304534,148.37387079132,
    26.077904977115));
#1917 = CARTESIAN_POINT('',(96.686078177125,148.73287392329,
    28.528042087309));
#1918 = CARTESIAN_POINT('',(98.147345877534,148.96097246906,
    30.13897367781));
#1919 = CARTESIAN_POINT('',(98.877956632042,149.07488057262,
    30.941779648533));
#1920 = CARTESIAN_POINT('',(1.29184440499,0.,1.832579038854));
#1921 = CARTESIAN_POINT('',(2.090268516374,1.733333610965,1.818616529635
    ));
#1922 = CARTESIAN_POINT('',(3.687116295886,5.199999871122,1.790691519012
    ));
#1923 = CARTESIAN_POINT('',(6.082388321495,10.400000034544,
    1.748803996797));
#1924 = CARTESIAN_POINT('',(8.477660251599,15.599999990741,
    1.706916476265));
#1925 = CARTESIAN_POINT('',(10.872932207302,20.800000002481,
    1.665028955281));
#1926 = CARTESIAN_POINT('',(13.268204156142,25.999999999336,
    1.623141434418));
#1927 = CARTESIAN_POINT('',(15.663476106831,31.200000000173,
    1.581253913524));
#1928 = CARTESIAN_POINT('',(18.058748056988,36.399999999973,
    1.539366392636));
#1929 = CARTESIAN_POINT('',(20.454020007421,41.599999999936,
    1.497478871753));
#1930 = CARTESIAN_POINT('',(22.849291957283,46.800000000282,
    1.455591350845));
#1931 = CARTESIAN_POINT('',(25.244563909155,51.999999998937,
    1.413703830033));
#1932 = CARTESIAN_POINT('',(27.639835853556,57.200000003971,
    1.371816308858));
#1933 = CARTESIAN_POINT('',(30.035107825829,62.399999985181,
    1.329928789041));
#1934 = CARTESIAN_POINT('',(32.430379694087,67.600000055306,
    1.288041264157));
#1935 = CARTESIAN_POINT('',(34.825651950535,72.799999793595,
    1.246153758182));
#1936 = CARTESIAN_POINT('',(37.220922758238,78.000000770313,
    1.204266181639));
#1937 = CARTESIAN_POINT('',(39.616198972728,83.199997125151,
    1.162378868455));
#1938 = CARTESIAN_POINT('',(42.011455008816,88.400010729082,
    1.120490572405));
#1939 = CARTESIAN_POINT('',(44.406786351728,93.599959958519,
    1.078605944463));
#1940 = CARTESIAN_POINT('',(46.801836645744,98.800149436841,
    1.036707626954));
#1941 = CARTESIAN_POINT('',(49.197935828517,103.99944229411,
    0.994860399603));
#1942 = CARTESIAN_POINT('',(51.59012050516,109.20208138668,
    0.952822501185));
#1943 = CARTESIAN_POINT('',(53.996914317567,114.39223215914,
    0.911496196881));
#1944 = CARTESIAN_POINT('',(56.349186093048,119.62898997673,
    0.867514187187));
#1945 = CARTESIAN_POINT('',(58.904936880469,124.69180793393,
    0.833443404938));
#1946 = CARTESIAN_POINT('',(60.45974465893,129.63571220276,
    0.771938573935));
#1947 = CARTESIAN_POINT('',(63.402766062368,132.37507803548,
    0.800320118731));
#1948 = CARTESIAN_POINT('',(65.575128099383,134.82032668699,
    0.967382770202));
#1949 = CARTESIAN_POINT('',(67.806487263236,137.13533256375,
    1.423585803136));
#1950 = CARTESIAN_POINT('',(70.016989564159,139.34393994932,
    2.245140558256));
#1951 = CARTESIAN_POINT('',(72.228161737839,141.34800997606,
    3.465245887923));
#1952 = CARTESIAN_POINT('',(74.435348018026,143.07039141812,
    5.064751604798));
#1953 = CARTESIAN_POINT('',(76.640771330506,144.44922300275,
    6.982765134002));
#1954 = CARTESIAN_POINT('',(78.844886630209,145.46721967987,
    9.135104586774));
#1955 = CARTESIAN_POINT('',(81.048491952083,146.1615500717,
    11.438892819834));
#1956 = CARTESIAN_POINT('',(83.252393081469,146.6208138646,
    13.830430968827));
#1957 = CARTESIAN_POINT('',(85.453204541935,146.99523726229,
    16.274062538997));
#1958 = CARTESIAN_POINT('',(87.65943592228,147.37026189118,
    18.719257159867));
#1959 = CARTESIAN_POINT('',(89.868762285531,147.74141877525,
    21.166510292215));
#1960 = CARTESIAN_POINT('',(92.081681969077,148.10858972029,
    23.614715380524));
#1961 = CARTESIAN_POINT('',(94.298794887941,148.47034864152,
    26.064332083392));
#1962 = CARTESIAN_POINT('',(96.520819976937,148.8266990255,
    28.514907021725));
#1963 = CARTESIAN_POINT('',(97.983177853135,149.05415517748,
    30.125764803477));
#1964 = CARTESIAN_POINT('',(98.713789221728,149.16807909319,
    30.92868145066));
#1965 = CARTESIAN_POINT('',(0.696768229588,0.,1.387121955606));
#1966 = CARTESIAN_POINT('',(1.499726256085,1.733333611767,1.376553405694
    ));
#1967 = CARTESIAN_POINT('',(3.105641860988,5.19999987075,1.355416311686)
  );
#1968 = CARTESIAN_POINT('',(5.51451562857,10.400000034644,1.323710665998
    ));
#1969 = CARTESIAN_POINT('',(7.923389299606,15.599999990714,
    1.292005021564));
#1970 = CARTESIAN_POINT('',(10.332262996521,20.800000002489,
    1.260299376793));
#1971 = CARTESIAN_POINT('',(12.741136686496,25.999999999334,
    1.228593732113));
#1972 = CARTESIAN_POINT('',(15.150010378341,31.200000000173,
    1.196888087408));
#1973 = CARTESIAN_POINT('',(17.55888406965,36.399999999972,
    1.165182442709));
#1974 = CARTESIAN_POINT('',(19.967757761234,41.599999999937,
    1.133476798013));
#1975 = CARTESIAN_POINT('',(22.376631452252,46.80000000028,
    1.101771153296));
#1976 = CARTESIAN_POINT('',(24.785505145261,51.999999998944,
    1.070065508662));
#1977 = CARTESIAN_POINT('',(27.194378830871,57.200000003946,
    1.038359863718));
#1978 = CARTESIAN_POINT('',(29.603252544088,62.399999985273,
    1.006654219931));
#1979 = CARTESIAN_POINT('',(32.012126154274,67.600000054962,
    0.974948571825));
#1980 = CARTESIAN_POINT('',(34.421000148974,72.79999979488,
    0.943242939839));
#1981 = CARTESIAN_POINT('',(36.829872708653,78.000000765518,
    0.911537247695));
#1982 = CARTESIAN_POINT('',(39.2387506239,83.199997143049,0.879831780059
    ));
#1983 = CARTESIAN_POINT('',(41.647608551896,88.400010662284,
    0.848125474547));
#1984 = CARTESIAN_POINT('',(44.056541073332,93.599960207813,
    0.816422296035));
#1985 = CARTESIAN_POINT('',(46.465195208256,98.800148506463,
    0.784707447397));
#1986 = CARTESIAN_POINT('',(48.874888295785,103.99944576633,
    0.753036152262));
#1987 = CARTESIAN_POINT('',(51.280703959411,109.2020684282,
    0.721202313244));
#1988 = CARTESIAN_POINT('',(53.700990366041,114.39228052086,
    0.689975096254));
#1989 = CARTESIAN_POINT('',(56.067271224559,119.62880948833,
    0.656483935034));
#1990 = CARTESIAN_POINT('',(58.635103532519,124.69248152579,
    0.631441928707));
#1991 = CARTESIAN_POINT('',(60.206594721724,129.63362693033,
    0.582474620949));
#1992 = CARTESIAN_POINT('',(63.148052035539,132.37941238935,
    0.609571786753));
#1993 = CARTESIAN_POINT('',(65.32471304804,134.84409188197,
    0.780922634968));
#1994 = CARTESIAN_POINT('',(67.56158156196,137.18551090591,
    1.246364736811));
#1995 = CARTESIAN_POINT('',(69.779530412353,139.42329990954,
    2.084821292062));
#1996 = CARTESIAN_POINT('',(71.999501591204,141.45393975514,
    3.329249842297));
#1997 = CARTESIAN_POINT('',(74.21659567381,143.19616796253,
    4.958150102373));
#1998 = CARTESIAN_POINT('',(76.432703756431,144.58606084342,
    6.906543760399));
#1999 = CARTESIAN_POINT('',(78.647972990376,145.60674964024,
    9.085887414695));
#2000 = CARTESIAN_POINT('',(80.862887144269,146.29763340148,
    11.409717198821));
#2001 = CARTESIAN_POINT('',(83.07793980871,146.75020984254,
    13.812655910401));
#2002 = CARTESIAN_POINT('',(85.289413784263,147.11663250866,
    16.256890336105));
#2003 = CARTESIAN_POINT('',(87.505544534516,147.48434513205,
    18.70325423781));
#2004 = CARTESIAN_POINT('',(89.723677889406,147.84896621748,
    21.1513863301));
#2005 = CARTESIAN_POINT('',(91.943997663137,148.21065415426,
    23.60037690953));
#2006 = CARTESIAN_POINT('',(94.16678897076,148.568200811,26.050565844742
    ));
#2007 = CARTESIAN_POINT('',(96.392456383833,148.92186066298,
    28.501584848129));
#2008 = CARTESIAN_POINT('',(97.855661060599,149.14866525962,
    30.112367769515));
#2009 = CARTESIAN_POINT('',(98.586272898428,149.26260522009,
    30.915396669884));
#2010 = CARTESIAN_POINT('',(0.272305998031,0.,0.93763587761));
#2011 = CARTESIAN_POINT('',(1.078498023231,1.733333612752,0.930491984051
    ));
#2012 = CARTESIAN_POINT('',(2.690881622947,5.199999870293,0.916204200944
    ));
#2013 = CARTESIAN_POINT('',(5.109457384835,10.400000034766,
    0.894772523061));
#2014 = CARTESIAN_POINT('',(7.528033049617,15.599999990681,
    0.873340846041));
#2015 = CARTESIAN_POINT('',(9.946608740427,20.800000002497,
    0.851909168789));
#2016 = CARTESIAN_POINT('',(12.365184424258,25.999999999332,0.8304774916
    ));
#2017 = CARTESIAN_POINT('',(14.78376010997,31.200000000174,
    0.809045814394));
#2018 = CARTESIAN_POINT('',(17.202335795142,36.399999999972,
    0.787614137191));
#2019 = CARTESIAN_POINT('',(19.62091148059,41.599999999938,
    0.766182459993));
#2020 = CARTESIAN_POINT('',(22.039487165475,46.800000000278,
    0.744750782776));
#2021 = CARTESIAN_POINT('',(24.458062852337,51.99999999895,
    0.723319105627));
#2022 = CARTESIAN_POINT('',(26.876638531851,57.200000003921,
    0.701887428223));
#2023 = CARTESIAN_POINT('',(29.295214238783,62.399999985366,
    0.680455751774));
#2024 = CARTESIAN_POINT('',(31.713789843389,67.600000054614,
    0.65902407176));
#2025 = CARTESIAN_POINT('',(34.132365829884,72.799999796177,
    0.63759240505));
#2026 = CARTESIAN_POINT('',(36.550940391147,78.000000760678,
    0.616160688687));
#2027 = CARTESIAN_POINT('',(38.969520271446,83.19999716111,
    0.594729157632));
#2028 = CARTESIAN_POINT('',(41.388080300838,88.400010594882,
    0.573296935001));
#2029 = CARTESIAN_POINT('',(43.806714414821,93.599960459362,
    0.551867293368));
#2030 = CARTESIAN_POINT('',(46.225072041346,98.800147567671,
    0.530428019315));
#2031 = CARTESIAN_POINT('',(48.64446153311,103.99944926995,
    0.509024693942));
#2032 = CARTESIAN_POINT('',(51.060000051377,109.20205535251,
    0.487487206272));
#2033 = CARTESIAN_POINT('',(53.489910598394,114.39232932,0.46645041911)
  );
#2034 = CARTESIAN_POINT('',(55.866184003907,119.62862736748,
    0.443544992213));
#2035 = CARTESIAN_POINT('',(58.442633946686,124.69316121004,
    0.42761342375));
#2036 = CARTESIAN_POINT('',(60.026025255652,129.63152279738,
    0.391297036503));
#2037 = CARTESIAN_POINT('',(62.966366919068,132.38378594585,
    0.417098206581));
#2038 = CARTESIAN_POINT('',(65.146094350295,134.86807202436,
    0.592776036695));
#2039 = CARTESIAN_POINT('',(67.386892631732,137.23614309264,
    1.067540771412));
#2040 = CARTESIAN_POINT('',(69.610153035732,139.50337765127,
    1.923051997333));
#2041 = CARTESIAN_POINT('',(71.836400462104,141.56082762994,
    3.192023762681));
#2042 = CARTESIAN_POINT('',(74.060561686865,143.32308210932,
    4.850584428741));
#2043 = CARTESIAN_POINT('',(76.284291115399,144.72413633179,
    6.82963299263));
#2044 = CARTESIAN_POINT('',(78.507516345593,145.74754159755,
    9.036225091478));
#2045 = CARTESIAN_POINT('',(80.730496982859,146.4349475547,
    11.380277695094));
#2046 = CARTESIAN_POINT('',(82.953503932231,146.88077615929,
    13.794720083138));
#2047 = CARTESIAN_POINT('',(85.172583379376,147.23912573019,
    16.239562816981));
#2048 = CARTESIAN_POINT('',(87.395775256961,147.59946021367,
    18.687106575234));
#2049 = CARTESIAN_POINT('',(89.620190556015,147.95748638664,
    21.136125577336));
#2050 = CARTESIAN_POINT('',(91.845788744492,148.31364172314,
    23.585908752359));
#2051 = CARTESIAN_POINT('',(94.072630392915,148.66693801788,
    26.036675095567));
#2052 = CARTESIAN_POINT('',(96.300895843088,149.01788299971,
    28.488142180322));
#2053 = CARTESIAN_POINT('',(97.764704530541,149.2440301563,
    30.098849564492));
#2054 = CARTESIAN_POINT('',(98.495316705951,149.35798630089,
    30.901991733174));
#2055 = CARTESIAN_POINT('',(2.269432840369E-02,0.,0.469895332869));
#2056 = CARTESIAN_POINT('',(0.830788155331,1.733333608586,0.46631517738)
  );
#2057 = CARTESIAN_POINT('',(2.446975363594,5.199999872226,0.459154868384
    ));
#2058 = CARTESIAN_POINT('',(4.871256534207,10.400000034248,
    0.448414403296));
#2059 = CARTESIAN_POINT('',(7.295537608813,15.59999999082,0.437673938634
    ));
#2060 = CARTESIAN_POINT('',(9.719818709152,20.80000000246,0.426933473859
    ));
#2061 = CARTESIAN_POINT('',(12.144099802592,25.999999999342,
    0.416193009114));
#2062 = CARTESIAN_POINT('',(14.56838089789,31.200000000171,
    0.405452544361));
#2063 = CARTESIAN_POINT('',(16.992661992655,36.399999999973,
    0.39471207961));
#2064 = CARTESIAN_POINT('',(19.416943087694,41.599999999938,
    0.383971614861));
#2065 = CARTESIAN_POINT('',(21.841224182172,46.800000000276,
    0.373231150099));
#2066 = CARTESIAN_POINT('',(24.26550527862,51.999999998957,0.36249068539
    ));
#2067 = CARTESIAN_POINT('',(26.689786367748,57.200000003895,
    0.351750220481));
#2068 = CARTESIAN_POINT('',(29.114067484185,62.399999985463,
    0.341009756317));
#2069 = CARTESIAN_POINT('',(31.538348498708,67.600000054253,
    0.330269289373));
#2070 = CARTESIAN_POINT('',(33.962629893577,72.799999797526,
    0.319528832805));
#2071 = CARTESIAN_POINT('',(36.386909868973,78.000000755643,
    0.308788337514));
#2072 = CARTESIAN_POINT('',(38.811195141919,83.199997179904,
    0.298047986738));
#2073 = CARTESIAN_POINT('',(41.235460644138,88.400010524743,
    0.287307096627));
#2074 = CARTESIAN_POINT('',(43.659799931712,93.599960721126,
    0.276568219339));
#2075 = CARTESIAN_POINT('',(46.083863848596,98.800146590753,
    0.265821830093));
#2076 = CARTESIAN_POINT('',(48.508955462883,103.99945291586,
    0.255103475857));
#2077 = CARTESIAN_POINT('',(50.930211658248,109.20204174579,
    0.244280493539));
#2078 = CARTESIAN_POINT('',(53.365781831899,114.39238010095,
    0.233847988539));
#2079 = CARTESIAN_POINT('',(55.747931511328,119.62843785037,
    0.22195820235));
#2080 = CARTESIAN_POINT('',(58.329449189361,124.69386849754,
    0.215507063599));
#2081 = CARTESIAN_POINT('',(59.919838550312,129.62933321168,
    0.192355374307));
#2082 = CARTESIAN_POINT('',(62.859524138022,132.38833712063,
    0.216807915859));
#2083 = CARTESIAN_POINT('',(65.041054824854,134.89302604499,
    0.396988454666));
#2084 = CARTESIAN_POINT('',(67.284164067687,137.28883154676,
    0.881454431739));
#2085 = CARTESIAN_POINT('',(69.510548014055,139.58670749924,
    1.754712950268));
#2086 = CARTESIAN_POINT('',(71.740486286175,141.67205642041,
    3.049224676403));
#2087 = CARTESIAN_POINT('',(73.968803454673,143.45515047597,
    4.738650312774));
#2088 = CARTESIAN_POINT('',(76.197014735152,144.8678193229,
    6.749598735345));
#2089 = CARTESIAN_POINT('',(78.424918613667,145.89405137846,
    8.984545888824));
#2090 = CARTESIAN_POINT('',(80.652642872941,146.57783829142,
    11.349642598292));
#2091 = CARTESIAN_POINT('',(82.880327464268,147.01664501732,
    13.776055848527));
#2092 = CARTESIAN_POINT('',(85.103879428214,147.36659362957,
    16.221531595035));
#2093 = CARTESIAN_POINT('',(87.331223712427,147.71925033314,
    18.670303126007));
#2094 = CARTESIAN_POINT('',(89.559333207222,148.07041376199,
    21.120245056985));
#2095 = CARTESIAN_POINT('',(91.788035450265,148.42081180896,
    23.570853016366));
#2096 = CARTESIAN_POINT('',(94.017258965004,148.76968512679,
    26.022220217251));
#2097 = CARTESIAN_POINT('',(96.247052231966,149.11780498171,
    28.474153580535));
#2098 = CARTESIAN_POINT('',(97.711216116497,149.3432680005,
    30.084782360437));
#2099 = CARTESIAN_POINT('',(98.441828491031,149.45724098501,
    30.888042397019));
#2100 = CARTESIAN_POINT('',(-1.603127355084E-02,-0.,0.154326918711));
#2101 = CARTESIAN_POINT('',(0.792357607103,1.733333612532,0.153151094377
    ));
#2102 = CARTESIAN_POINT('',(2.409134917549,5.199999870395,0.150799446373
    ));
#2103 = CARTESIAN_POINT('',(4.834301245674,10.400000034739,
    0.147271973832));
#2104 = CARTESIAN_POINT('',(7.259467476656,15.599999990689,
    0.143744501435));
#2105 = CARTESIAN_POINT('',(9.684633733676,20.800000002495,
    0.140217028999));
#2106 = CARTESIAN_POINT('',(12.109799983714,25.999999999332,
    0.136689556573));
#2107 = CARTESIAN_POINT('',(14.534966235633,31.200000000174,
    0.133162084145));
#2108 = CARTESIAN_POINT('',(16.960132487013,36.399999999972,
    0.129634611717));
#2109 = CARTESIAN_POINT('',(19.385298738668,41.599999999938,
    0.126107139292));
#2110 = CARTESIAN_POINT('',(21.810464989762,46.800000000275,
    0.122579666855));
#2111 = CARTESIAN_POINT('',(24.235631242826,51.999999998962,
    0.119052194461));
#2112 = CARTESIAN_POINT('',(26.660797488574,57.200000003877,
    0.115524721906));
#2113 = CARTESIAN_POINT('',(29.085963761613,62.399999985528,
    0.111997249954));
#2114 = CARTESIAN_POINT('',(31.511129932802,67.600000054009,
    0.108469775751));
#2115 = CARTESIAN_POINT('',(33.9362964841,72.799999798437,0.104942309948
    ));
#2116 = CARTESIAN_POINT('',(36.361461616816,78.000000752245,
    0.101414812797));
#2117 = CARTESIAN_POINT('',(38.786632043749,83.199997192583,
    9.788743263861E-02));
#2118 = CARTESIAN_POINT('',(41.211782712395,88.400010477422,
    9.435961585822E-02));
#2119 = CARTESIAN_POINT('',(43.637007119971,93.59996089773,
    9.083342857233E-02));
#2120 = CARTESIAN_POINT('',(46.061956330116,98.80014593166,
    8.730115993018E-02));
#2121 = CARTESIAN_POINT('',(48.487932591052,103.99945537563,
    8.379158721854E-02));
#2122 = CARTESIAN_POINT('',(50.910075846256,109.20203256581,
    8.019731214112E-02));
#2123 = CARTESIAN_POINT('',(53.3465240736,114.39241436111,
    7.691915059632E-02));
#2124 = CARTESIAN_POINT('',(55.729585418116,119.62830998971,
    7.24612372868E-02));
#2125 = CARTESIAN_POINT('',(58.311889321803,124.69434568001,
    7.240621750356E-02));
#2126 = CARTESIAN_POINT('',(59.903364384301,129.62785597371,
    5.813629589879E-02));
#2127 = CARTESIAN_POINT('',(62.842948186198,132.39140764129,
    8.167896429516E-02));
#2128 = CARTESIAN_POINT('',(65.024758636227,134.9098616621,
    0.264897325369));
#2129 = CARTESIAN_POINT('',(67.268226409457,137.32437862965,
    0.755908396085));
#2130 = CARTESIAN_POINT('',(69.495094952794,139.64292727379,
    1.64114040087));
#2131 = CARTESIAN_POINT('',(71.725605835256,141.74709864929,
    2.952883057729));
#2132 = CARTESIAN_POINT('',(73.954567770976,143.54425244819,
    4.663132225101));
#2133 = CARTESIAN_POINT('',(76.183474381184,144.96475728168,
    6.695602382167));
#2134 = CARTESIAN_POINT('',(78.412104121085,145.99289647482,8.9496797131
    ));
#2135 = CARTESIAN_POINT('',(80.640564321983,146.67424174348,
    11.32897415502));
#2136 = CARTESIAN_POINT('',(82.868974618565,147.10831105002,
    13.763463733124));
#2137 = CARTESIAN_POINT('',(85.093220463954,147.45259182519,
    16.209366551447));
#2138 = CARTESIAN_POINT('',(87.32120896663,147.80006859546,
    18.65896641833));
#2139 = CARTESIAN_POINT('',(89.549891591497,148.14660196746,
    21.109531017585));
#2140 = CARTESIAN_POINT('',(91.779075408103,148.49311576999,
    23.560695430552));
#2141 = CARTESIAN_POINT('',(94.008668453673,148.83900505689,
    26.012468009291));
#2142 = CARTESIAN_POINT('',(96.238698751308,149.18521889977,28.464715955
    ));
#2143 = CARTESIAN_POINT('',(97.702917742347,149.41022034505,
    30.075291702339));
#2144 = CARTESIAN_POINT('',(98.433530147755,149.52420469731,
    30.878631260998));
#2145 = CARTESIAN_POINT('',(0.,0.,0.));
#2146 = CARTESIAN_POINT('',(0.80826673777,1.733333612002,0.));
#2147 = CARTESIAN_POINT('',(2.42479976192,5.199999870641,
    -1.818756980169E-16));
#2148 = CARTESIAN_POINT('',(4.849599661025,10.400000034673,
    6.365649430658E-16));
#2149 = CARTESIAN_POINT('',(7.274399462872,15.599999990706,
    -2.364384074238E-15));
#2150 = CARTESIAN_POINT('',(9.699199290789,20.800000002491,
    8.820971353893E-15));
#2151 = CARTESIAN_POINT('',(12.123999111716,25.999999999334,
    -3.291950134133E-14));
#2152 = CARTESIAN_POINT('',(14.548798934526,31.200000000174,
    1.228570340114E-13));
#2153 = CARTESIAN_POINT('',(16.973598756796,36.399999999972,
    -4.585086347044E-13));
#2154 = CARTESIAN_POINT('',(19.398398579342,41.599999999938,
    1.711177504806E-12));
#2155 = CARTESIAN_POINT('',(21.823198401326,46.800000000274,
    -6.38620138452E-12));
#2156 = CARTESIAN_POINT('',(24.247998225279,51.999999998964,
    2.383362803327E-11));
#2157 = CARTESIAN_POINT('',(26.672798041916,57.200000003869,
    -8.894831074857E-11));
#2158 = CARTESIAN_POINT('',(29.097597885851,62.39999998556,
    3.31959614961E-10));
#2159 = CARTESIAN_POINT('',(31.52239762791,67.600000053889,
    -1.238890149095E-09));
#2160 = CARTESIAN_POINT('',(33.947197750176,72.799999798882,
    4.623600981421E-09));
#2161 = CARTESIAN_POINT('',(36.37199645349,78.000000750584,
    -1.725551377659E-08));
#2162 = CARTESIAN_POINT('',(38.796800452402,83.199997198784,
    6.439845412493E-08));
#2163 = CARTESIAN_POINT('',(41.221584687877,88.40001045428,
    -2.403383027231E-07));
#2164 = CARTESIAN_POINT('',(43.6464426815,93.599960984096,
    8.969547567676E-07));
#2165 = CARTESIAN_POINT('',(46.071025405969,98.800145609334,
    -3.347480724347E-06));
#2166 = CARTESIAN_POINT('',(48.496635448907,103.99945657856,
    1.249296814062E-05));
#2167 = CARTESIAN_POINT('',(50.918411487122,109.20202807639,
    -4.662439183814E-05));
#2168 = CARTESIAN_POINT('',(53.35449622576,114.39243111585,
    1.740045992119E-04));
#2169 = CARTESIAN_POINT('',(55.737180167429,119.62824746019,
    -6.493940050096E-04));
#2170 = CARTESIAN_POINT('',(58.31915859655,124.69457904336,
    2.423571420826E-03));
#2171 = CARTESIAN_POINT('',(59.910184210166,129.62713353898,
    -7.502772758628E-03));
#2172 = CARTESIAN_POINT('',(62.849810148431,132.39290926177,
    1.559492740213E-02));
#2173 = CARTESIAN_POINT('',(65.031504784628,134.91809502386,
    0.20029891799));
#2174 = CARTESIAN_POINT('',(67.274824136695,137.34176272617,
    0.694510829124));
#2175 = CARTESIAN_POINT('',(69.501492070973,139.67042123132,
    1.585598398526));
#2176 = CARTESIAN_POINT('',(71.731765909398,141.7837976199,
    2.905767742994));
#2177 = CARTESIAN_POINT('',(73.96046093023,143.58782725545,
    4.626200538485));
#2178 = CARTESIAN_POINT('',(76.189079694142,145.01216423312,
    6.669195776075));
#2179 = CARTESIAN_POINT('',(78.417408948528,146.04123610093,
    8.932628610311));
#2180 = CARTESIAN_POINT('',(80.645564490986,146.72138729748,
    11.318866371663));
#2181 = CARTESIAN_POINT('',(82.873674366686,147.1531397963,
    13.75730563148));
#2182 = CARTESIAN_POINT('',(85.097632965328,147.49464874835,
    16.203417306818));
#2183 = CARTESIAN_POINT('',(87.325354780285,147.83959230198,
    18.653422266615));
#2184 = CARTESIAN_POINT('',(89.553800145963,148.18386137147,
    21.104291378217));
#2185 = CARTESIAN_POINT('',(91.78278460511,148.52847560592,
    23.555727921588));
#2186 = CARTESIAN_POINT('',(94.012224675667,148.87290557219,
    26.007698748129));
#2187 = CARTESIAN_POINT('',(96.242156849451,149.21818728104,
    28.460100538202));
#2188 = CARTESIAN_POINT('',(97.706353028107,149.44296302147,
    30.070650351195));
#2189 = CARTESIAN_POINT('',(98.436965420659,149.55695291582,
    30.874028799033));
#2190 = DEFINITIONAL_REPRESENTATION('',(#2191),#2195);
#2191 = LINE('',#2192,#2193);
#2192 = CARTESIAN_POINT('',(0.,0.));
#2193 = VECTOR('',#2194,1.);
#2194 = DIRECTION('',(0.,1.));
#2195 = ( GEOMETRIC_REPRESENTATION_CONTEXT(2) 
PARAMETRIC_REPRESENTATION_CONTEXT() REPRESENTATION_CONTEXT('2D SPACE',''
  ) );
#2196 = PCURVE('',#2197,#4313);
#2197 = ( BOUNDED_SURFACE() B_SPLINE_SURFACE(3,3,(
    (#2198,#2199,#2200,#2201,#2202,#2203,#2204,#2205,#2206,#2207,#2208
      ,#2209,#2210,#2211,#2212,#2213,#2214,#2215,#2216,#2217,#2218,#2219
      ,#2220,#2221,#2222,#2223,#2224,#2225,#2226,#2227,#2228,#2229,#2230
      ,#2231,#2232,#2233,#2234,#2235,#2236,#2237,#2238,#2239,#2240,#2241
      ,#2242)
    ,(#2243,#2244,#2245,#2246,#2247,#2248,#2249,#2250,#2251,#2252,#2253
      ,#2254,#2255,#2256,#2257,#2258,#2259,#2260,#2261,#2262,#2263,#2264
      ,#2265,#2266,#2267,#2268,#2269,#2270,#2271,#2272,#2273,#2274,#2275
      ,#2276,#2277,#2278,#2279,#2280,#2281,#2282,#2283,#2284,#2285,#2286
      ,#2287)
    ,(#2288,#2289,#2290,#2291,#2292,#2293,#2294,#2295,#2296,#2297,#2298
      ,#2299,#2300,#2301,#2302,#2303,#2304,#2305,#2306,#2307,#2308,#2309
      ,#2310,#2311,#2312,#2313,#2314,#2315,#2316,#2317,#2318,#2319,#2320
      ,#2321,#2322,#2323,#2324,#2325,#2326,#2327,#2328,#2329,#2330,#2331
      ,#2332)
    ,(#2333,#2334,#2335,#2336,#2337,#2338,#2339,#2340,#2341,#2342,#2343
      ,#2344,#2345,#2346,#2347,#2348,#2349,#2350,#2351,#2352,#2353,#2354
      ,#2355,#2356,#2357,#2358,#2359,#2360,#2361,#2362,#2363,#2364,#2365
      ,#2366,#2367,#2368,#2369,#2370,#2371,#2372,#2373,#2374,#2375,#2376
      ,#2377)
    ,(#2378,#2379,#2380,#2381,#2382,#2383,#2384,#2385,#2386,#2387,#2388
      ,#2389,#2390,#2391,#2392,#2393,#2394,#2395,#2396,#2397,#2398,#2399
      ,#2400,#2401,#2402,#2403,#2404,#2405,#2406,#2407,#2408,#2409,#2410
      ,#2411,#2412,#2413,#2414,#2415,#2416,#2417,#2418,#2419,#2420,#2421
      ,#2422)
    ,(#2423,#2424,#2425,#2426,#2427,#2428,#2429,#2430,#2431,#2432,#2433
      ,#2434,#2435,#2436,#2437,#2438,#2439,#2440,#2441,#2442,#2443,#2444
      ,#2445,#2446,#2447,#2448,#2449,#2450,#2451,#2452,#2453,#2454,#2455
      ,#2456,#2457,#2458,#2459,#2460,#2461,#2462,#2463,#2464,#2465,#2466
      ,#2467)
    ,(#2468,#2469,#2470,#2471,#2472,#2473,#2474,#2475,#2476,#2477,#2478
      ,#2479,#2480,#2481,#2482,#2483,#2484,#2485,#2486,#2487,#2488,#2489
      ,#2490,#2491,#2492,#2493,#2494,#2495,#2496,#2497,#2498,#2499,#2500
      ,#2501,#2502,#2503,#2504,#2505,#2506,#2507,#2508,#2509,#2510,#2511
      ,#2512)
    ,(#2513,#2514,#2515,#2516,#2517,#2518,#2519,#2520,#2521,#2522,#2523
      ,#2524,#2525,#2526,#2527,#2528,#2529,#2530,#2531,#2532,#2533,#2534
      ,#2535,#2536,#2537,#2538,#2539,#2540,#2541,#2542,#2543,#2544,#2545
      ,#2546,#2547,#2548,#2549,#2550,#2551,#2552,#2553,#2554,#2555,#2556
      ,#2557)
    ,(#2558,#2559,#2560,#2561,#2562,#2563,#2564,#2565,#2566,#2567,#2568
      ,#2569,#2570,#2571,#2572,#2573,#2574,#2575,#2576,#2577,#2578,#2579
      ,#2580,#2581,#2582,#2583,#2584,#2585,#2586,#2587,#2588,#2589,#2590
      ,#2591,#2592,#2593,#2594,#2595,#2596,#2597,#2598,#2599,#2600,#2601
      ,#2602)
    ,(#2603,#2604,#2605,#2606,#2607,#2608,#2609,#2610,#2611,#2612,#2613
      ,#2614,#2615,#2616,#2617,#2618,#2619,#2620,#2621,#2622,#2623,#2624
      ,#2625,#2626,#2627,#2628,#2629,#2630,#2631,#2632,#2633,#2634,#2635
      ,#2636,#2637,#2638,#2639,#2640,#2641,#2642,#2643,#2644,#2645,#2646
      ,#2647)
    ,(#2648,#2649,#2650,#2651,#2652,#2653,#2654,#2655,#2656,#2657,#2658
      ,#2659,#2660,#2661,#2662,#2663,#2664,#2665,#2666,#2667,#2668,#2669
      ,#2670,#2671,#2672,#2673,#2674,#2675,#2676,#2677,#2678,#2679,#2680
      ,#2681,#2682,#2683,#2684,#2685,#2686,#2687,#2688,#2689,#2690,#2691
      ,#2692)
    ,(#2693,#2694,#2695,#2696,#2697,#2698,#2699,#2700,#2701,#2702,#2703
      ,#2704,#2705,#2706,#2707,#2708,#2709,#2710,#2711,#2712,#2713,#2714
      ,#2715,#2716,#2717,#2718,#2719,#2720,#2721,#2722,#2723,#2724,#2725
      ,#2726,#2727,#2728,#2729,#2730,#2731,#2732,#2733,#2734,#2735,#2736
      ,#2737)
    ,(#2738,#2739,#2740,#2741,#2742,#2743,#2744,#2745,#2746,#2747,#2748
      ,#2749,#2750,#2751,#2752,#2753,#2754,#2755,#2756,#2757,#2758,#2759
      ,#2760,#2761,#2762,#2763,#2764,#2765,#2766,#2767,#2768,#2769,#2770
      ,#2771,#2772,#2773,#2774,#2775,#2776,#2777,#2778,#2779,#2780,#2781
      ,#2782)
    ,(#2783,#2784,#2785,#2786,#2787,#2788,#2789,#2790,#2791,#2792,#2793
      ,#2794,#2795,#2796,#2797,#2798,#2799,#2800,#2801,#2802,#2803,#2804
      ,#2805,#2806,#2807,#2808,#2809,#2810,#2811,#2812,#2813,#2814,#2815
      ,#2816,#2817,#2818,#2819,#2820,#2821,#2822,#2823,#2824,#2825,#2826
      ,#2827)
    ,(#2828,#2829,#2830,#2831,#2832,#2833,#2834,#2835,#2836,#2837,#2838
      ,#2839,#2840,#2841,#2842,#2843,#2844,#2845,#2846,#2847,#2848,#2849
      ,#2850,#2851,#2852,#2853,#2854,#2855,#2856,#2857,#2858,#2859,#2860
      ,#2861,#2862,#2863,#2864,#2865,#2866,#2867,#2868,#2869,#2870,#2871
      ,#2872)
    ,(#2873,#2874,#2875,#2876,#2877,#2878,#2879,#2880,#2881,#2882,#2883
      ,#2884,#2885,#2886,#2887,#2888,#2889,#2890,#2891,#2892,#2893,#2894
      ,#2895,#2896,#2897,#2898,#2899,#2900,#2901,#2902,#2903,#2904,#2905
      ,#2906,#2907,#2908,#2909,#2910,#2911,#2912,#2913,#2914,#2915,#2916
      ,#2917)
    ,(#2918,#2919,#2920,#2921,#2922,#2923,#2924,#2925,#2926,#2927,#2928
      ,#2929,#2930,#2931,#2932,#2933,#2934,#2935,#2936,#2937,#2938,#2939
      ,#2940,#2941,#2942,#2943,#2944,#2945,#2946,#2947,#2948,#2949,#2950
      ,#2951,#2952,#2953,#2954,#2955,#2956,#2957,#2958,#2959,#2960,#2961
      ,#2962)
    ,(#2963,#2964,#2965,#2966,#2967,#2968,#2969,#2970,#2971,#2972,#2973
      ,#2974,#2975,#2976,#2977,#2978,#2979,#2980,#2981,#2982,#2983,#2984
      ,#2985,#2986,#2987,#2988,#2989,#2990,#2991,#2992,#2993,#2994,#2995
      ,#2996,#2997,#2998,#2999,#3000,#3001,#3002,#3003,#3004,#3005,#3006
      ,#3007)
    ,(#3008,#3009,#3010,#3011,#3012,#3013,#3014,#3015,#3016,#3017,#3018
      ,#3019,#3020,#3021,#3022,#3023,#3024,#3025,#3026,#3027,#3028,#3029
      ,#3030,#3031,#3032,#3033,#3034,#3035,#3036,#3037,#3038,#3039,#3040
      ,#3041,#3042,#3043,#3044,#3045,#3046,#3047,#3048,#3049,#3050,#3051
      ,#3052)
    ,(#3053,#3054,#3055,#3056,#3057,#3058,#3059,#3060,#3061,#3062,#3063
      ,#3064,#3065,#3066,#3067,#3068,#3069,#3070,#3071,#3072,#3073,#3074
      ,#3075,#3076,#3077,#3078,#3079,#3080,#3081,#3082,#3083,#3084,#3085
      ,#3086,#3087,#3088,#3089,#3090,#3091,#3092,#3093,#3094,#3095,#3096
      ,#3097)
    ,(#3098,#3099,#3100,#3101,#3102,#3103,#3104,#3105,#3106,#3107,#3108
      ,#3109,#3110,#3111,#3112,#3113,#3114,#3115,#3116,#3117,#3118,#3119
      ,#3120,#3121,#3122,#3123,#3124,#3125,#3126,#3127,#3128,#3129,#3130
      ,#3131,#3132,#3133,#3134,#3135,#3136,#3137,#3138,#3139,#3140,#3141
      ,#3142)
    ,(#3143,#3144,#3145,#3146,#3147,#3148,#3149,#3150,#3151,#3152,#3153
      ,#3154,#3155,#3156,#3157,#3158,#3159,#3160,#3161,#3162,#3163,#3164
      ,#3165,#3166,#3167,#3168,#3169,#3170,#3171,#3172,#3173,#3174,#3175
      ,#3176,#3177,#3178,#3179,#3180,#3181,#3182,#3183,#3184,#3185,#3186
      ,#3187)
    ,(#3188,#3189,#3190,#3191,#3192,#3193,#3194,#3195,#3196,#3197,#3198
      ,#3199,#3200,#3201,#3202,#3203,#3204,#3205,#3206,#3207,#3208,#3209
      ,#3210,#3211,#3212,#3213,#3214,#3215,#3216,#3217,#3218,#3219,#3220
      ,#3221,#3222,#3223,#3224,#3225,#3226,#3227,#3228,#3229,#3230,#3231
      ,#3232)
    ,(#3233,#3234,#3235,#3236,#3237,#3238,#3239,#3240,#3241,#3242,#3243
      ,#3244,#3245,#3246,#3247,#3248,#3249,#3250,#3251,#3252,#3253,#3254
      ,#3255,#3256,#3257,#3258,#3259,#3260,#3261,#3262,#3263,#3264,#3265
      ,#3266,#3267,#3268,#3269,#3270,#3271,#3272,#3273,#3274,#3275,#3276
      ,#3277)
    ,(#3278,#3279,#3280,#3281,#3282,#3283,#3284,#3285,#3286,#3287,#3288
      ,#3289,#3290,#3291,#3292,#3293,#3294,#3295,#3296,#3297,#3298,#3299
      ,#3300,#3301,#3302,#3303,#3304,#3305,#3306,#3307,#3308,#3309,#3310
      ,#3311,#3312,#3313,#3314,#3315,#3316,#3317,#3318,#3319,#3320,#3321
      ,#3322)
    ,(#3323,#3324,#3325,#3326,#3327,#3328,#3329,#3330,#3331,#3332,#3333
      ,#3334,#3335,#3336,#3337,#3338,#3339,#3340,#3341,#3342,#3343,#3344
      ,#3345,#3346,#3347,#3348,#3349,#3350,#3351,#3352,#3353,#3354,#3355
      ,#3356,#3357,#3358,#3359,#3360,#3361,#3362,#3363,#3364,#3365,#3366
      ,#3367)
    ,(#3368,#3369,#3370,#3371,#3372,#3373,#3374,#3375,#3376,#3377,#3378
      ,#3379,#3380,#3381,#3382,#3383,#3384,#3385,#3386,#3387,#3388,#3389
      ,#3390,#3391,#3392,#3393,#3394,#3395,#3396,#3397,#3398,#3399,#3400
      ,#3401,#3402,#3403,#3404,#3405,#3406,#3407,#3408,#3409,#3410,#3411
      ,#3412)
    ,(#3413,#3414,#3415,#3416,#3417,#3418,#3419,#3420,#3421,#3422,#3423
      ,#3424,#3425,#3426,#3427,#3428,#3429,#3430,#3431,#3432,#3433,#3434
      ,#3435,#3436,#3437,#3438,#3439,#3440,#3441,#3442,#3443,#3444,#3445
      ,#3446,#3447,#3448,#3449,#3450,#3451,#3452,#3453,#3454,#3455,#3456
      ,#3457)
    ,(#3458,#3459,#3460,#3461,#3462,#3463,#3464,#3465,#3466,#3467,#3468
      ,#3469,#3470,#3471,#3472,#3473,#3474,#3475,#3476,#3477,#3478,#3479
      ,#3480,#3481,#3482,#3483,#3484,#3485,#3486,#3487,#3488,#3489,#3490
      ,#3491,#3492,#3493,#3494,#3495,#3496,#3497,#3498,#3499,#3500,#3501
      ,#3502)
    ,(#3503,#3504,#3505,#3506,#3507,#3508,#3509,#3510,#3511,#3512,#3513
      ,#3514,#3515,#3516,#3517,#3518,#3519,#3520,#3521,#3522,#3523,#3524
      ,#3525,#3526,#3527,#3528,#3529,#3530,#3531,#3532,#3533,#3534,#3535
      ,#3536,#3537,#3538,#3539,#3540,#3541,#3542,#3543,#3544,#3545,#3546
      ,#3547)
    ,(#3548,#3549,#3550,#3551,#3552,#3553,#3554,#3555,#3556,#3557,#3558
      ,#3559,#3560,#3561,#3562,#3563,#3564,#3565,#3566,#3567,#3568,#3569
      ,#3570,#3571,#3572,#3573,#3574,#3575,#3576,#3577,#3578,#3579,#3580
      ,#3581,#3582,#3583,#3584,#3585,#3586,#3587,#3588,#3589,#3590,#3591
      ,#3592)
    ,(#3593,#3594,#3595,#3596,#3597,#3598,#3599,#3600,#3601,#3602,#3603
      ,#3604,#3605,#3606,#3607,#3608,#3609,#3610,#3611,#3612,#3613,#3614
      ,#3615,#3616,#3617,#3618,#3619,#3620,#3621,#3622,#3623,#3624,#3625
      ,#3626,#3627,#3628,#3629,#3630,#3631,#3632,#3633,#3634,#3635,#3636
      ,#3637)
    ,(#3638,#3639,#3640,#3641,#3642,#3643,#3644,#3645,#3646,#3647,#3648
      ,#3649,#3650,#3651,#3652,#3653,#3654,#3655,#3656,#3657,#3658,#3659
      ,#3660,#3661,#3662,#3663,#3664,#3665,#3666,#3667,#3668,#3669,#3670
      ,#3671,#3672,#3673,#3674,#3675,#3676,#3677,#3678,#3679,#3680,#3681
      ,#3682)
    ,(#3683,#3684,#3685,#3686,#3687,#3688,#3689,#3690,#3691,#3692,#3693
      ,#3694,#3695,#3696,#3697,#3698,#3699,#3700,#3701,#3702,#3703,#3704
      ,#3705,#3706,#3707,#3708,#3709,#3710,#3711,#3712,#3713,#3714,#3715
      ,#3716,#3717,#3718,#3719,#3720,#3721,#3722,#3723,#3724,#3725,#3726
      ,#3727)
    ,(#3728,#3729,#3730,#3731,#3732,#3733,#3734,#3735,#3736,#3737,#3738
      ,#3739,#3740,#3741,#3742,#3743,#3744,#3745,#3746,#3747,#3748,#3749
      ,#3750,#3751,#3752,#3753,#3754,#3755,#3756,#3757,#3758,#3759,#3760
      ,#3761,#3762,#3763,#3764,#3765,#3766,#3767,#3768,#3769,#3770,#3771
      ,#3772)
    ,(#3773,#3774,#3775,#3776,#3777,#3778,#3779,#3780,#3781,#3782,#3783
      ,#3784,#3785,#3786,#3787,#3788,#3789,#3790,#3791,#3792,#3793,#3794
      ,#3795,#3796,#3797,#3798,#3799,#3800,#3801,#3802,#3803,#3804,#3805
      ,#3806,#3807,#3808,#3809,#3810,#3811,#3812,#3813,#3814,#3815,#3816
      ,#3817)
    ,(#3818,#3819,#3820,#3821,#3822,#3823,#3824,#3825,#3826,#3827,#3828
      ,#3829,#3830,#3831,#3832,#3833,#3834,#3835,#3836,#3837,#3838,#3839
      ,#3840,#3841,#3842,#3843,#3844,#3845,#3846,#3847,#3848,#3849,#3850
      ,#3851,#3852,#3853,#3854,#3855,#3856,#3857,#3858,#3859,#3860,#3861
      ,#3862)
    ,(#3863,#3864,#3865,#3866,#3867,#3868,#3869,#3870,#3871,#3872,#3873
      ,#3874,#3875,#3876,#3877,#3878,#3879,#3880,#3881,#3882,#3883,#3884
      ,#3885,#3886,#3887,#3888,#3889,#3890,#3891,#3892,#3893,#3894,#3895
      ,#3896,#3897,#3898,#3899,#3900,#3901,#3902,#3903,#3904,#3905,#3906
      ,#3907)
    ,(#3908,#3909,#3910,#3911,#3912,#3913,#3914,#3915,#3916,#3917,#3918
      ,#3919,#3920,#3921,#3922,#3923,#3924,#3925,#3926,#3927,#3928,#3929
      ,#3930,#3931,#3932,#3933,#3934,#3935,#3936,#3937,#3938,#3939,#3940
      ,#3941,#3942,#3943,#3944,#3945,#3946,#3947,#3948,#3949,#3950,#3951
      ,#3952)
    ,(#3953,#3954,#3955,#3956,#3957,#3958,#3959,#3960,#3961,#3962,#3963
      ,#3964,#3965,#3966,#3967,#3968,#3969,#3970,#3971,#3972,#3973,#3974
      ,#3975,#3976,#3977,#3978,#3979,#3980,#3981,#3982,#3983,#3984,#3985
      ,#3986,#3987,#3988,#3989,#3990,#3991,#3992,#3993,#3994,#3995,#3996
      ,#3997)
    ,(#3998,#3999,#4000,#4001,#4002,#4003,#4004,#4005,#4006,#4007,#4008
      ,#4009,#4010,#4011,#4012,#4013,#4014,#4015,#4016,#4017,#4018,#4019
      ,#4020,#4021,#4022,#4023,#4024,#4025,#4026,#4027,#4028,#4029,#4030
      ,#4031,#4032,#4033,#4034,#4035,#4036,#4037,#4038,#4039,#4040,#4041
      ,#4042)
    ,(#4043,#4044,#4045,#4046,#4047,#4048,#4049,#4050,#4051,#4052,#4053
      ,#4054,#4055,#4056,#4057,#4058,#4059,#4060,#4061,#4062,#4063,#4064
      ,#4065,#4066,#4067,#4068,#4069,#4070,#4071,#4072,#4073,#4074,#4075
      ,#4076,#4077,#4078,#4079,#4080,#4081,#4082,#4083,#4084,#4085,#4086
      ,#4087)
    ,(#4088,#4089,#4090,#4091,#4092,#4093,#4094,#4095,#4096,#4097,#4098
      ,#4099,#4100,#4101,#4102,#4103,#4104,#4105,#4106,#4107,#4108,#4109
      ,#4110,#4111,#4112,#4113,#4114,#4115,#4116,#4117,#4118,#4119,#4120
      ,#4121,#4122,#4123,#4124,#4125,#4126,#4127,#4128,#4129,#4130,#4131
      ,#4132)
    ,(#4133,#4134,#4135,#4136,#4137,#4138,#4139,#4140,#4141,#4142,#4143
      ,#4144,#4145,#4146,#4147,#4148,#4149,#4150,#4151,#4152,#4153,#4154
      ,#4155,#4156,#4157,#4158,#4159,#4160,#4161,#4162,#4163,#4164,#4165
      ,#4166,#4167,#4168,#4169,#4170,#4171,#4172,#4173,#4174,#4175,#4176
      ,#4177)
    ,(#4178,#4179,#4180,#4181,#4182,#4183,#4184,#4185,#4186,#4187,#4188
      ,#4189,#4190,#4191,#4192,#4193,#4194,#4195,#4196,#4197,#4198,#4199
      ,#4200,#4201,#4202,#4203,#4204,#4205,#4206,#4207,#4208,#4209,#4210
      ,#4211,#4212,#4213,#4214,#4215,#4216,#4217,#4218,#4219,#4220,#4221
      ,#4222)
    ,(#4223,#4224,#4225,#4226,#4227,#4228,#4229,#4230,#4231,#4232,#4233
      ,#4234,#4235,#4236,#4237,#4238,#4239,#4240,#4241,#4242,#4243,#4244
      ,#4245,#4246,#4247,#4248,#4249,#4250,#4251,#4252,#4253,#4254,#4255
      ,#4256,#4257,#4258,#4259,#4260,#4261,#4262,#4263,#4264,#4265,#4266
      ,#4267)
    ,(#4268,#4269,#4270,#4271,#4272,#4273,#4274,#4275,#4276,#4277,#4278
      ,#4279,#4280,#4281,#4282,#4283,#4284,#4285,#4286,#4287,#4288,#4289
      ,#4290,#4291,#4292,#4293,#4294,#4295,#4296,#4297,#4298,#4299,#4300
      ,#4301,#4302,#4303,#4304,#4305,#4306,#4307,#4308,#4309,#4310,#4311
,#4312
    )),.UNSPECIFIED.,.F.,.F.,.F.) B_SPLINE_SURFACE_WITH_KNOTS((4,1,1,1,1
    ,1,1,1,1,1,1,1,1,1,1,1,1,1,1,1,1,1,1,1,1,1,1,1,1,1,1,1,1,1,1,1,1,1,1
    ,1,1,1,1,1,4),(4,1,1,1,1,1,1,1,1,1,1,1,1,1,1,1,1,1,1,1,1,1,1,1,1,1,1
    ,1,1,1,1,1,1,1,1,1,1,1,1,1,1,1,4),(1.,1.006306272119,1.013374840337,
    1.021878472168,1.032180969574,1.044452099658,1.058755159554,
    1.075093119796,1.093431814394,1.113712075531,1.13585648416,
    1.159773361275,1.185359262256,1.212500620141,1.241074892928,
    1.270951425024,1.301992155141,1.334052256939,1.36698076855,
    1.400621245402,1.435038952021,1.469885112111,1.504935691107,
    1.540014560117,1.574944533616,1.609548394557,1.643649903707,
    1.677074783173,1.709651667609,1.74121301989,1.771596010901,
    1.800643365189,1.828204175673,1.854134691185,1.878299080448,
    1.900570175159,1.920830193118,1.93897144,1.954896985468,
    1.968521306216,1.979770885524,1.988584756409,1.994914973922,
    1.998727001814,2.),(0.,2.900131297246E-02,5.800262594491E-02,
    8.700393891737E-02,0.11600525189,0.145006564862,0.174007877835,
    0.203009190807,0.23201050378,0.261011816752,0.290013129725,
    0.319014442697,0.348015755669,0.377017068642,0.406018381614,
    0.435019694587,0.464021007559,0.493022320532,0.522023633504,
    0.551024946477,0.580026259449,0.609027572422,0.638028885394,
    0.667030198367,0.696031511339,0.725032824311,0.742335061381,
    0.759117460833,0.775491457371,0.791553830909,0.807387784336,
    0.823065100639,0.838648773393,0.85419567035,0.869758995487,
    0.885390500132,0.901135554835,0.916996390613,0.933015065352,
    0.949250630528,0.96577175721,0.982657916868,1.),.UNSPECIFIED.) 
GEOMETRIC_REPRESENTATION_ITEM() RATIONAL_B_SPLINE_SURFACE((
    (1.,0.999999999982,1.000000000008,0.999999999998,1.000000000001,1.
      ,1.,1.,1.,1.,1.,1.,1.,1.,1.,1.,1.,1.,1.,1.,1.,1.,1.,1.,1.,1.,1.,1.
      ,1.,1.,1.,1.,1.,1.,1.,1.,1.,1.,1.,1.,1.000000000001,0.999999999998
      ,1.000000000008,0.999999999982,1.)
    ,(1.,0.999999999982,1.000000000008,0.999999999998,1.000000000001,1.
      ,1.,1.,1.,1.,1.,1.,1.,1.,1.,1.,1.,1.,1.,1.,1.,1.,1.,1.,1.,1.,1.,1.
      ,1.,1.,1.,1.,1.,1.,1.,1.,1.,1.,1.,1.,1.000000000001,0.999999999998
      ,1.000000000008,0.999999999982,1.)
    ,(1.,0.999999999982,1.000000000008,0.999999999998,1.000000000001,1.
      ,1.,1.,1.,1.,1.,1.,1.,1.,1.,1.,1.,1.,1.,1.,1.,1.,1.,1.,1.,1.,1.,1.
      ,1.,1.,1.,1.,1.,1.,1.,1.,1.,1.,1.,1.,1.000000000001,0.999999999998
      ,1.000000000008,0.999999999982,1.)
    ,(1.,0.999999999982,1.000000000008,0.999999999998,1.000000000001,1.
      ,1.,1.,1.,1.,1.,1.,1.,1.,1.,1.,1.,1.,1.,1.,1.,1.,1.,1.,1.,1.,1.,1.
      ,1.,1.,1.,1.,1.,1.,1.,1.,1.,1.,1.,1.,1.000000000001,0.999999999998
      ,1.000000000008,0.999999999982,1.)
    ,(1.,0.999999999982,1.000000000008,0.999999999998,1.000000000001,1.
      ,1.,1.,1.,1.,1.,1.,1.,1.,1.,1.,1.,1.,1.,1.,1.,1.,1.,1.,1.,1.,1.,1.
      ,1.,1.,1.,1.,1.,1.,1.,1.,1.,1.,1.,1.,1.000000000001,0.999999999998
      ,1.000000000008,0.999999999982,1.)
    ,(1.,0.999999999982,1.000000000008,0.999999999998,1.000000000001,1.
      ,1.,1.,1.,1.,1.,1.,1.,1.,1.,1.,1.,1.,1.,1.,1.,1.,1.,1.,1.,1.,1.,1.
      ,1.,1.,1.,1.,1.,1.,1.,1.,1.,1.,1.,1.,1.000000000001,0.999999999998
      ,1.000000000008,0.999999999982,1.)
    ,(1.,0.999999999982,1.000000000008,0.999999999998,1.000000000001,1.
      ,1.,1.,1.,1.,1.,1.,1.,1.,1.,1.,1.,1.,1.,1.,1.,1.,1.,1.,1.,1.,1.,1.
      ,1.,1.,1.,1.,1.,1.,1.,1.,1.,1.,1.,1.,1.000000000001,0.999999999998
      ,1.000000000008,0.999999999982,1.)
    ,(1.,0.999999999982,1.000000000008,0.999999999998,1.000000000001,1.
      ,1.,1.,1.,1.,1.,1.,1.,1.,1.,1.,1.,1.,1.,1.,1.,1.,1.,1.,1.,1.,1.,1.
      ,1.,1.,1.,1.,1.,1.,1.,1.,1.,1.,1.,1.,1.000000000001,0.999999999998
      ,1.000000000008,0.999999999982,1.)
    ,(1.,0.999999999982,1.000000000008,0.999999999998,1.000000000001,1.
      ,1.,1.,1.,1.,1.,1.,1.,1.,1.,1.,1.,1.,1.,1.,1.,1.,1.,1.,1.,1.,1.,1.
      ,1.,1.,1.,1.,1.,1.,1.,1.,1.,1.,1.,1.,1.000000000001,0.999999999998
      ,1.000000000008,0.999999999982,1.)
    ,(1.,0.999999999982,1.000000000008,0.999999999998,1.000000000001,1.
      ,1.,1.,1.,1.,1.,1.,1.,1.,1.,1.,1.,1.,1.,1.,1.,1.,1.,1.,1.,1.,1.,1.
      ,1.,1.,1.,1.,1.,1.,1.,1.,1.,1.,1.,1.,1.000000000001,0.999999999998
      ,1.000000000008,0.999999999982,1.)
    ,(1.,0.999999999982,1.000000000008,0.999999999998,1.000000000001,1.
      ,1.,1.,1.,1.,1.,1.,1.,1.,1.,1.,1.,1.,1.,1.,1.,1.,1.,1.,1.,1.,1.,1.
      ,1.,1.,1.,1.,1.,1.,1.,1.,1.,1.,1.,1.,1.000000000001,0.999999999998
      ,1.000000000008,0.999999999982,1.)
    ,(1.,0.999999999982,1.000000000008,0.999999999998,1.000000000001,1.
      ,1.,1.,1.,1.,1.,1.,1.,1.,1.,1.,1.,1.,1.,1.,1.,1.,1.,1.,1.,1.,1.,1.
      ,1.,1.,1.,1.,1.,1.,1.,1.,1.,1.,1.,1.,1.000000000001,0.999999999998
      ,1.000000000008,0.999999999982,1.)
    ,(1.,0.999999999982,1.000000000008,0.999999999998,1.000000000001,1.
      ,1.,1.,1.,1.,1.,1.,1.,1.,1.,1.,1.,1.,1.,1.,1.,1.,1.,1.,1.,1.,1.,1.
      ,1.,1.,1.,1.,1.,1.,1.,1.,1.,1.,1.,1.,1.000000000001,0.999999999998
      ,1.000000000008,0.999999999982,1.)
    ,(1.,0.999999999982,1.000000000008,0.999999999998,1.000000000001,1.
      ,1.,1.,1.,1.,1.,1.,1.,1.,1.,1.,1.,1.,1.,1.,1.,1.,1.,1.,1.,1.,1.,1.
      ,1.,1.,1.,1.,1.,1.,1.,1.,1.,1.,1.,1.,1.000000000001,0.999999999998
      ,1.000000000008,0.999999999982,1.)
    ,(1.,0.999999999982,1.000000000008,0.999999999998,1.000000000001,1.
      ,1.,1.,1.,1.,1.,1.,1.,1.,1.,1.,1.,1.,1.,1.,1.,1.,1.,1.,1.,1.,1.,1.
      ,1.,1.,1.,1.,1.,1.,1.,1.,1.,1.,1.,1.,1.000000000001,0.999999999998
      ,1.000000000008,0.999999999982,1.)
    ,(1.,0.999999999982,1.000000000008,0.999999999998,1.000000000001,1.
      ,1.,1.,1.,1.,1.,1.,1.,1.,1.,1.,1.,1.,1.,1.,1.,1.,1.,1.,1.,1.,1.,1.
      ,1.,1.,1.,1.,1.,1.,1.,1.,1.,1.,1.,1.,1.000000000001,0.999999999998
      ,1.000000000008,0.999999999982,1.)
    ,(1.,0.999999999982,1.000000000008,0.999999999998,1.000000000001,1.
      ,1.,1.,1.,1.,1.,1.,1.,1.,1.,1.,1.,1.,1.,1.,1.,1.,1.,1.,1.,1.,1.,1.
      ,1.,1.,1.,1.,1.,1.,1.,1.,1.,1.,1.,1.,1.000000000001,0.999999999998
      ,1.000000000008,0.999999999982,1.)
    ,(1.,0.999999999982,1.000000000008,0.999999999998,1.000000000001,1.
      ,1.,1.,1.,1.,1.,1.,1.,1.,1.,1.,1.,1.,1.,1.,1.,1.,1.,1.,1.,1.,1.,1.
      ,1.,1.,1.,1.,1.,1.,1.,1.,1.,1.,1.,1.,1.000000000001,0.999999999998
      ,1.000000000008,0.999999999982,1.)
    ,(1.,0.999999999982,1.000000000008,0.999999999998,1.000000000001,1.
      ,1.,1.,1.,1.,1.,1.,1.,1.,1.,1.,1.,1.,1.,1.,1.,1.,1.,1.,1.,1.,1.,1.
      ,1.,1.,1.,1.,1.,1.,1.,1.,1.,1.,1.,1.,1.000000000001,0.999999999998
      ,1.000000000008,0.999999999982,1.)
    ,(1.,0.999999999982,1.000000000008,0.999999999998,1.000000000001,1.
      ,1.,1.,1.,1.,1.,1.,1.,1.,1.,1.,1.,1.,1.,1.,1.,1.,1.,1.,1.,1.,1.,1.
      ,1.,1.,1.,1.,1.,1.,1.,1.,1.,1.,1.,1.,1.000000000001,0.999999999998
      ,1.000000000008,0.999999999982,1.)
    ,(1.,0.999999999982,1.000000000008,0.999999999998,1.000000000001,1.
      ,1.,1.,1.,1.,1.,1.,1.,1.,1.,1.,1.,1.,1.,1.,1.,1.,1.,1.,1.,1.,1.,1.
      ,1.,1.,1.,1.,1.,1.,1.,1.,1.,1.,1.,1.,1.000000000001,0.999999999998
      ,1.000000000008,0.999999999982,1.)
    ,(1.,0.999999999982,1.000000000008,0.999999999998,1.000000000001,1.
      ,1.,1.,1.,1.,1.,1.,1.,1.,1.,1.,1.,1.,1.,1.,1.,1.,1.,1.,1.,1.,1.,1.
      ,1.,1.,1.,1.,1.,1.,1.,1.,1.,1.,1.,1.,1.000000000001,0.999999999998
      ,1.000000000008,0.999999999982,1.)
    ,(1.,0.999999999982,1.000000000008,0.999999999998,1.000000000001,1.
      ,1.,1.,1.,1.,1.,1.,1.,1.,1.,1.,1.,1.,1.,1.,1.,1.,1.,1.,1.,1.,1.,1.
      ,1.,1.,1.,1.,1.,1.,1.,1.,1.,1.,1.,1.,1.000000000001,0.999999999998
      ,1.000000000008,0.999999999982,1.)
    ,(1.,0.999999999982,1.000000000008,0.999999999998,1.000000000001,1.
      ,1.,1.,1.,1.,1.,1.,1.,1.,1.,1.,1.,1.,1.,1.,1.,1.,1.,1.,1.,1.,1.,1.
      ,1.,1.,1.,1.,1.,1.,1.,1.,1.,1.,1.,1.,1.000000000001,0.999999999998
      ,1.000000000008,0.999999999982,1.)
    ,(1.,0.999999999982,1.000000000008,0.999999999998,1.000000000001,1.
      ,1.,1.,1.,1.,1.,1.,1.,1.,1.,1.,1.,1.,1.,1.,1.,1.,1.,1.,1.,1.,1.,1.
      ,1.,1.,1.,1.,1.,1.,1.,1.,1.,1.,1.,1.,1.000000000001,0.999999999998
      ,1.000000000008,0.999999999982,1.)
    ,(1.,0.999999999982,1.000000000008,0.999999999998,1.000000000001,1.
      ,1.,1.,1.,1.,1.,1.,1.,1.,1.,1.,1.,1.,1.,1.,1.,1.,1.,1.,1.,1.,1.,1.
      ,1.,1.,1.,1.,1.,1.,1.,1.,1.,1.,1.,1.,1.000000000001,0.999999999998
      ,1.000000000008,0.999999999982,1.)
    ,(1.,0.999999999982,1.000000000008,0.999999999998,1.000000000001,1.
      ,1.,1.,1.,1.,1.,1.,1.,1.,1.,1.,1.,1.,1.,1.,1.,1.,1.,1.,1.,1.,1.,1.
      ,1.,1.,1.,1.,1.,1.,1.,1.,1.,1.,1.,1.,1.000000000001,0.999999999998
      ,1.000000000008,0.999999999982,1.)
    ,(1.,0.999999999982,1.000000000008,0.999999999998,1.000000000001,1.
      ,1.,1.,1.,1.,1.,1.,1.,1.,1.,1.,1.,1.,1.,1.,1.,1.,1.,1.,1.,1.,1.,1.
      ,1.,1.,1.,1.,1.,1.,1.,1.,1.,1.,1.,1.,1.000000000001,0.999999999998
      ,1.000000000008,0.999999999982,1.)
    ,(1.,0.999999999982,1.000000000008,0.999999999998,1.000000000001,1.
      ,1.,1.,1.,1.,1.,1.,1.,1.,1.,1.,1.,1.,1.,1.,1.,1.,1.,1.,1.,1.,1.,1.
      ,1.,1.,1.,1.,1.,1.,1.,1.,1.,1.,1.,1.,1.000000000001,0.999999999998
      ,1.000000000008,0.999999999982,1.)
    ,(1.,0.999999999982,1.000000000008,0.999999999998,1.000000000001,1.
      ,1.,1.,1.,1.,1.,1.,1.,1.,1.,1.,1.,1.,1.,1.,1.,1.,1.,1.,1.,1.,1.,1.
      ,1.,1.,1.,1.,1.,1.,1.,1.,1.,1.,1.,1.,1.000000000001,0.999999999998
      ,1.000000000008,0.999999999982,1.)
    ,(1.,0.999999999982,1.000000000008,0.999999999998,1.000000000001,1.
      ,1.,1.,1.,1.,1.,1.,1.,1.,1.,1.,1.,1.,1.,1.,1.,1.,1.,1.,1.,1.,1.,1.
      ,1.,1.,1.,1.,1.,1.,1.,1.,1.,1.,1.,1.,1.000000000001,0.999999999998
      ,1.000000000008,0.999999999982,1.)
    ,(1.,0.999999999982,1.000000000008,0.999999999998,1.000000000001,1.
      ,1.,1.,1.,1.,1.,1.,1.,1.,1.,1.,1.,1.,1.,1.,1.,1.,1.,1.,1.,1.,1.,1.
      ,1.,1.,1.,1.,1.,1.,1.,1.,1.,1.,1.,1.,1.000000000001,0.999999999998
      ,1.000000000008,0.999999999982,1.)
    ,(1.,0.999999999982,1.000000000008,0.999999999998,1.000000000001,1.
      ,1.,1.,1.,1.,1.,1.,1.,1.,1.,1.,1.,1.,1.,1.,1.,1.,1.,1.,1.,1.,1.,1.
      ,1.,1.,1.,1.,1.,1.,1.,1.,1.,1.,1.,1.,1.000000000001,0.999999999998
      ,1.000000000008,0.999999999982,1.)
    ,(1.,0.999999999982,1.000000000008,0.999999999998,1.000000000001,1.
      ,1.,1.,1.,1.,1.,1.,1.,1.,1.,1.,1.,1.,1.,1.,1.,1.,1.,1.,1.,1.,1.,1.
      ,1.,1.,1.,1.,1.,1.,1.,1.,1.,1.,1.,1.,1.000000000001,0.999999999998
      ,1.000000000008,0.999999999982,1.)
    ,(1.,0.999999999982,1.000000000008,0.999999999998,1.000000000001,1.
      ,1.,1.,1.,1.,1.,1.,1.,1.,1.,1.,1.,1.,1.,1.,1.,1.,1.,1.,1.,1.,1.,1.
      ,1.,1.,1.,1.,1.,1.,1.,1.,1.,1.,1.,1.,1.000000000001,0.999999999998
      ,1.000000000008,0.999999999982,1.)
    ,(1.,0.999999999982,1.000000000008,0.999999999998,1.000000000001,1.
      ,1.,1.,1.,1.,1.,1.,1.,1.,1.,1.,1.,1.,1.,1.,1.,1.,1.,1.,1.,1.,1.,1.
      ,1.,1.,1.,1.,1.,1.,1.,1.,1.,1.,1.,1.,1.000000000001,0.999999999998
      ,1.000000000008,0.999999999982,1.)
    ,(1.,0.999999999982,1.000000000008,0.999999999998,1.000000000001,1.
      ,1.,1.,1.,1.,1.,1.,1.,1.,1.,1.,1.,1.,1.,1.,1.,1.,1.,1.,1.,1.,1.,1.
      ,1.,1.,1.,1.,1.,1.,1.,1.,1.,1.,1.,1.,1.000000000001,0.999999999998
      ,1.000000000008,0.999999999982,1.)
    ,(1.,0.999999999982,1.000000000008,0.999999999998,1.000000000001,1.
      ,1.,1.,1.,1.,1.,1.,1.,1.,1.,1.,1.,1.,1.,1.,1.,1.,1.,1.,1.,1.,1.,1.
      ,1.,1.,1.,1.,1.,1.,1.,1.,1.,1.,1.,1.,1.000000000001,0.999999999998
      ,1.000000000008,0.999999999982,1.)
    ,(1.,0.999999999982,1.000000000008,0.999999999998,1.000000000001,1.
      ,1.,1.,1.,1.,1.,1.,1.,1.,1.,1.,1.,1.,1.,1.,1.,1.,1.,1.,1.,1.,1.,1.
      ,1.,1.,1.,1.,1.,1.,1.,1.,1.,1.,1.,1.,1.000000000001,0.999999999998
      ,1.000000000008,0.999999999982,1.)
    ,(1.,0.999999999982,1.000000000008,0.999999999998,1.000000000001,1.
      ,1.,1.,1.,1.,1.,1.,1.,1.,1.,1.,1.,1.,1.,1.,1.,1.,1.,1.,1.,1.,1.,1.
      ,1.,1.,1.,1.,1.,1.,1.,1.,1.,1.,1.,1.,1.000000000001,0.999999999998
      ,1.000000000008,0.999999999982,1.)
    ,(1.,0.999999999982,1.000000000008,0.999999999998,1.000000000001,1.
      ,1.,1.,1.,1.,1.,1.,1.,1.,1.,1.,1.,1.,1.,1.,1.,1.,1.,1.,1.,1.,1.,1.
      ,1.,1.,1.,1.,1.,1.,1.,1.,1.,1.,1.,1.,1.000000000001,0.999999999998
      ,1.000000000008,0.999999999982,1.)
    ,(1.,0.999999999982,1.000000000008,0.999999999998,1.000000000001,1.
      ,1.,1.,1.,1.,1.,1.,1.,1.,1.,1.,1.,1.,1.,1.,1.,1.,1.,1.,1.,1.,1.,1.
      ,1.,1.,1.,1.,1.,1.,1.,1.,1.,1.,1.,1.,1.000000000001,0.999999999998
      ,1.000000000008,0.999999999982,1.)
    ,(1.,0.999999999982,1.000000000008,0.999999999998,1.000000000001,1.
      ,1.,1.,1.,1.,1.,1.,1.,1.,1.,1.,1.,1.,1.,1.,1.,1.,1.,1.,1.,1.,1.,1.
      ,1.,1.,1.,1.,1.,1.,1.,1.,1.,1.,1.,1.,1.000000000001,0.999999999998
      ,1.000000000008,0.999999999982,1.)
    ,(1.,0.999999999982,1.000000000008,0.999999999998,1.000000000001,1.
      ,1.,1.,1.,1.,1.,1.,1.,1.,1.,1.,1.,1.,1.,1.,1.,1.,1.,1.,1.,1.,1.,1.
      ,1.,1.,1.,1.,1.,1.,1.,1.,1.,1.,1.,1.,1.000000000001,0.999999999998
      ,1.000000000008,0.999999999982,1.)
    ,(1.,0.999999999982,1.000000000008,0.999999999998,1.000000000001,1.
      ,1.,1.,1.,1.,1.,1.,1.,1.,1.,1.,1.,1.,1.,1.,1.,1.,1.,1.,1.,1.,1.,1.
      ,1.,1.,1.,1.,1.,1.,1.,1.,1.,1.,1.,1.,1.000000000001,0.999999999998
      ,1.000000000008,0.999999999982,1.)
    ,(1.,0.999999999982,1.000000000008,0.999999999998,1.000000000001,1.
      ,1.,1.,1.,1.,1.,1.,1.,1.,1.,1.,1.,1.,1.,1.,1.,1.,1.,1.,1.,1.,1.,1.
      ,1.,1.,1.,1.,1.,1.,1.,1.,1.,1.,1.,1.,1.000000000001,0.999999999998
      ,1.000000000008,0.999999999982,1.)
    ,(1.,0.999999999982,1.000000000008,0.999999999998,1.000000000001,1.
      ,1.,1.,1.,1.,1.,1.,1.,1.,1.,1.,1.,1.,1.,1.,1.,1.,1.,1.,1.,1.,1.,1.
      ,1.,1.,1.,1.,1.,1.,1.,1.,1.,1.,1.,1.,1.000000000001,0.999999999998
,1.000000000008,0.999999999982,1.
  ))) REPRESENTATION_ITEM('') SURFACE() );
#2198 = CARTESIAN_POINT('',(0.,0.,0.));
#2199 = CARTESIAN_POINT('',(0.80826673777,1.733333612002,0.));
#2200 = CARTESIAN_POINT('',(2.42479976192,5.199999870641,
    -1.818756980169E-16));
#2201 = CARTESIAN_POINT('',(4.849599661025,10.400000034673,
    6.365649430658E-16));
#2202 = CARTESIAN_POINT('',(7.274399462872,15.599999990706,
    -2.364384074238E-15));
#2203 = CARTESIAN_POINT('',(9.699199290789,20.800000002491,
    8.820971353893E-15));
#2204 = CARTESIAN_POINT('',(12.123999111716,25.999999999334,
    -3.291950134133E-14));
#2205 = CARTESIAN_POINT('',(14.548798934526,31.200000000174,
    1.228570340114E-13));
#2206 = CARTESIAN_POINT('',(16.973598756796,36.399999999972,
    -4.585086347044E-13));
#2207 = CARTESIAN_POINT('',(19.398398579342,41.599999999938,
    1.711177504806E-12));
#2208 = CARTESIAN_POINT('',(21.823198401326,46.800000000274,
    -6.38620138452E-12));
#2209 = CARTESIAN_POINT('',(24.247998225279,51.999999998964,
    2.383362803327E-11));
#2210 = CARTESIAN_POINT('',(26.672798041916,57.200000003869,
    -8.894831074857E-11));
#2211 = CARTESIAN_POINT('',(29.097597885851,62.39999998556,
    3.31959614961E-10));
#2212 = CARTESIAN_POINT('',(31.52239762791,67.600000053889,
    -1.238890149095E-09));
#2213 = CARTESIAN_POINT('',(33.947197750176,72.799999798882,
    4.623600981421E-09));
#2214 = CARTESIAN_POINT('',(36.37199645349,78.000000750584,
    -1.725551377659E-08));
#2215 = CARTESIAN_POINT('',(38.796800452402,83.199997198784,
    6.439845412493E-08));
#2216 = CARTESIAN_POINT('',(41.221584687877,88.40001045428,
    -2.403383027231E-07));
#2217 = CARTESIAN_POINT('',(43.6464426815,93.599960984096,
    8.969547567676E-07));
#2218 = CARTESIAN_POINT('',(46.071025405969,98.800145609334,
    -3.347480724347E-06));
#2219 = CARTESIAN_POINT('',(48.496635448907,103.99945657856,
    1.249296814062E-05));
#2220 = CARTESIAN_POINT('',(50.918411487122,109.20202807639,
    -4.662439183814E-05));
#2221 = CARTESIAN_POINT('',(53.35449622576,114.39243111585,
    1.740045992119E-04));
#2222 = CARTESIAN_POINT('',(55.737180167429,119.62824746019,
    -6.493940050096E-04));
#2223 = CARTESIAN_POINT('',(58.31915859655,124.69457904336,
    2.423571420826E-03));
#2224 = CARTESIAN_POINT('',(59.910184210166,129.62713353898,
    -7.502772758628E-03));
#2225 = CARTESIAN_POINT('',(62.849810148431,132.39290926177,
    1.559492740213E-02));
#2226 = CARTESIAN_POINT('',(65.031504784628,134.91809502386,
    0.20029891799));
#2227 = CARTESIAN_POINT('',(67.274824136695,137.34176272617,
    0.694510829124));
#2228 = CARTESIAN_POINT('',(69.501492070973,139.67042123132,
    1.585598398526));
#2229 = CARTESIAN_POINT('',(71.731765909398,141.7837976199,
    2.905767742994));
#2230 = CARTESIAN_POINT('',(73.96046093023,143.58782725545,
    4.626200538485));
#2231 = CARTESIAN_POINT('',(76.189079694142,145.01216423312,
    6.669195776075));
#2232 = CARTESIAN_POINT('',(78.417408948528,146.04123610093,
    8.932628610311));
#2233 = CARTESIAN_POINT('',(80.645564490986,146.72138729748,
    11.318866371663));
#2234 = CARTESIAN_POINT('',(82.873674366686,147.1531397963,
    13.75730563148));
#2235 = CARTESIAN_POINT('',(85.097632965328,147.49464874835,
    16.203417306818));
#2236 = CARTESIAN_POINT('',(87.325354780285,147.83959230198,
    18.653422266615));
#2237 = CARTESIAN_POINT('',(89.553800145963,148.18386137147,
    21.104291378217));
#2238 = CARTESIAN_POINT('',(91.78278460511,148.52847560592,
    23.555727921588));
#2239 = CARTESIAN_POINT('',(94.012224675667,148.87290557219,
    26.007698748129));
#2240 = CARTESIAN_POINT('',(96.242156849451,149.21818728104,
    28.460100538202));
#2241 = CARTESIAN_POINT('',(97.706353028107,149.44296302147,
    30.070650351195));
#2242 = CARTESIAN_POINT('',(98.436965420659,149.55695291582,
    30.874028799033));
#2243 = CARTESIAN_POINT('',(1.493403238416E-02,0.,-0.154371627608));
#2244 = CARTESIAN_POINT('',(0.82308698686,1.733333609886,-0.153195462639
    ));
#2245 = CARTESIAN_POINT('',(2.43939244508,5.199999871623,-0.150843133349
    ));
#2246 = CARTESIAN_POINT('',(4.863850994762,10.40000003441,
    -0.147314638894));
#2247 = CARTESIAN_POINT('',(7.288309447328,15.599999990777,
    -0.143786144578));
#2248 = CARTESIAN_POINT('',(9.712767925925,20.800000002472,
    -0.140257650225));
#2249 = CARTESIAN_POINT('',(12.137226397543,25.999999999339,
    -0.136729155882));
#2250 = CARTESIAN_POINT('',(14.56168487104,31.200000000172,
    -0.133200661536));
#2251 = CARTESIAN_POINT('',(16.986143343999,36.399999999972,
    -0.129672167191));
#2252 = CARTESIAN_POINT('',(19.410601817233,41.599999999939,
    -0.126143672844));
#2253 = CARTESIAN_POINT('',(21.835060289905,46.800000000274,
    -0.122615178505));
#2254 = CARTESIAN_POINT('',(24.259518764547,51.999999998967,
    -0.119086684134));
#2255 = CARTESIAN_POINT('',(26.683977231871,57.20000000386,
    -0.115558189887));
#2256 = CARTESIAN_POINT('',(29.1084357265,62.399999985592,
    -0.112029695175));
#2257 = CARTESIAN_POINT('',(31.532894119228,67.60000005377,
    -0.108501202196));
#2258 = CARTESIAN_POINT('',(33.957352892254,72.799999799327,
    -0.104972702751));
#2259 = CARTESIAN_POINT('',(36.381810245986,78.000000748921,
    -0.10144422744));
#2260 = CARTESIAN_POINT('',(38.806272896599,83.199997204987,
    -9.791566205845E-02));
#2261 = CARTESIAN_POINT('',(41.23071577898,88.400010431131,
    -9.438743282246E-02));
#2262 = CARTESIAN_POINT('',(43.655232437411,93.599961070488,
    -9.085794907564E-02));
#2263 = CARTESIAN_POINT('',(46.079473759872,98.800145286915,
    -8.733314722697E-02));
#2264 = CARTESIAN_POINT('',(48.504742650161,103.99945778185,
    -8.379087229655E-02));
#2265 = CARTESIAN_POINT('',(50.926176605111,109.20202358567,
    -8.0313807795E-02));
#2266 = CARTESIAN_POINT('',(53.361922733589,114.39244787544,
    -7.659337465969E-02));
#2267 = CARTESIAN_POINT('',(55.744255103294,119.62818491255,
    -7.378120563056E-02));
#2268 = CARTESIAN_POINT('',(58.325930334561,124.69481247432,
    -6.757934881047E-02));
#2269 = CARTESIAN_POINT('',(59.916537261282,129.62641089496,
    -7.31608572193E-02));
#2270 = CARTESIAN_POINT('',(62.856202451942,132.39441131727,
    -5.050825420258E-02));
#2271 = CARTESIAN_POINT('',(65.037789201046,134.92633077084,
    0.135681796291));
#2272 = CARTESIAN_POINT('',(67.280970290457,137.35915185891,
    0.633095475134));
#2273 = CARTESIAN_POINT('',(69.507451346121,139.69792315392,
    1.530040305524));
#2274 = CARTESIAN_POINT('',(71.737504364702,141.82050722229,
    2.858638778833));
#2275 = CARTESIAN_POINT('',(73.965950739313,143.63141468644,
    4.589258152667));
#2276 = CARTESIAN_POINT('',(76.194301358221,145.05958491847,
    6.642781519923));
#2277 = CARTESIAN_POINT('',(78.42235069346,146.08958973115,
    8.915572567774));
#2278 = CARTESIAN_POINT('',(80.650222429457,146.76854650966,
    11.308755660055));
#2279 = CARTESIAN_POINT('',(82.87805244622,147.19798152959,
    13.751145745818));
#2280 = CARTESIAN_POINT('',(85.101743458374,147.5367178555,
    16.197466338678));
#2281 = CARTESIAN_POINT('',(87.329216838722,147.87912745865,
    18.647876508747));
#2282 = CARTESIAN_POINT('',(89.557441184167,148.22113156948,
    21.099050220906));
#2283 = CARTESIAN_POINT('',(91.78623993049,148.56384568624,
    23.550758973548));
#2284 = CARTESIAN_POINT('',(94.015537496779,148.90681590645,
    26.002928105206));
#2285 = CARTESIAN_POINT('',(96.245378260547,149.25116522149,
    28.455483784673));
#2286 = CARTESIAN_POINT('',(97.709553193629,149.47571516548,
    30.066007654629));
#2287 = CARTESIAN_POINT('',(98.440165570456,149.58971062158,
    30.869425003722));
#2288 = CARTESIAN_POINT('',(0.115098205847,0.,-0.455826733376));
#2289 = CARTESIAN_POINT('',(0.922488004195,1.733333611485,
    -0.452353767224));
#2290 = CARTESIAN_POINT('',(2.537267151963,5.199999870881,
    -0.445407836876));
#2291 = CARTESIAN_POINT('',(4.959436234516,10.400000034609,
    -0.43498893978));
#2292 = CARTESIAN_POINT('',(7.381605220342,15.599999990724,
    -0.424570043107));
#2293 = CARTESIAN_POINT('',(9.803774232095,20.800000002486,
    -0.41415114632));
#2294 = CARTESIAN_POINT('',(12.225943236897,25.999999999335,
    -0.403732249563));
#2295 = CARTESIAN_POINT('',(14.648112243571,31.200000000173,
    -0.393313352799));
#2296 = CARTESIAN_POINT('',(17.070281249708,36.399999999972,
    -0.382894456037));
#2297 = CARTESIAN_POINT('',(19.492450256119,41.599999999939,
    -0.372475559272));
#2298 = CARTESIAN_POINT('',(21.914619261969,46.800000000272,
    -0.362056662514));
#2299 = CARTESIAN_POINT('',(24.336788269792,51.999999998971,
    -0.351637765733));
#2300 = CARTESIAN_POINT('',(26.758957270285,57.200000003843,
    -0.341218869039));
#2301 = CARTESIAN_POINT('',(29.181126298126,62.399999985655,
    -0.330799972017));
#2302 = CARTESIAN_POINT('',(31.603295223901,67.600000053537,
    -0.320381076222));
#2303 = CARTESIAN_POINT('',(34.025464530594,72.799999800197,
    -0.309962175848));
#2304 = CARTESIAN_POINT('',(36.447632415682,78.000000745676,
    -0.299543292563));
#2305 = CARTESIAN_POINT('',(38.869805606273,83.199997217099,
    -0.289124345499));
#2306 = CARTESIAN_POINT('',(41.291958996455,88.400010385927,
    -0.278705636462));
#2307 = CARTESIAN_POINT('',(43.714186282767,93.599961239194,
    -0.268286039098));
#2308 = CARTESIAN_POINT('',(46.136137784972,98.800144657299,
    -0.257869757012));
#2309 = CARTESIAN_POINT('',(48.559118527474,103.99946013161,
    -0.247441102142));
#2310 = CARTESIAN_POINT('',(50.978258092897,109.20201481625,
    -0.237058623131));
#2311 = CARTESIAN_POINT('',(53.411733126338,114.39248060336,
    -0.226503813467));
#2312 = CARTESIAN_POINT('',(55.791707464784,119.62806277026,
    -0.216592150558));
#2313 = CARTESIAN_POINT('',(58.371349115193,124.69526831555,
    -0.204280231281));
#2314 = CARTESIAN_POINT('',(59.959147863539,129.62499972417,
    -0.201377195302));
#2315 = CARTESIAN_POINT('',(62.899076324265,132.39734451366,
    -0.179593772773));
#2316 = CARTESIAN_POINT('',(65.07993946294,134.94241344106,
    9.49823809254E-03));
#2317 = CARTESIAN_POINT('',(67.322193209738,137.39310915359,
    0.513164291406));
#2318 = CARTESIAN_POINT('',(69.547420850287,139.75162858616,
    1.421547112432));
#2319 = CARTESIAN_POINT('',(71.775992806247,141.89219330376,
    2.766605889785));
#2320 = CARTESIAN_POINT('',(74.00277148371,143.716531711,4.517117494459)
  );
#2321 = CARTESIAN_POINT('',(76.229323625022,145.15218747724,
    6.59120006998));
#2322 = CARTESIAN_POINT('',(78.455495512212,146.18401413373,
    8.882265727738));
#2323 = CARTESIAN_POINT('',(80.681463727519,146.8606384667,
    11.289011580885));
#2324 = CARTESIAN_POINT('',(82.90741670007,147.285547941,13.739116793267
    ));
#2325 = CARTESIAN_POINT('',(85.129312980628,147.61886991505,
    16.185845357816));
#2326 = CARTESIAN_POINT('',(87.355120083222,147.95633124943,
    18.637046817756));
#2327 = CARTESIAN_POINT('',(89.581862021676,148.29391237541,
    21.088815350318));
#2328 = CARTESIAN_POINT('',(91.80941517327,148.63291596499,
    23.541055670018));
#2329 = CARTESIAN_POINT('',(94.037756942989,148.97303560872,
    25.993612049651));
#2330 = CARTESIAN_POINT('',(96.266984629165,149.3155641618,
    28.446468242261));
#2331 = CARTESIAN_POINT('',(97.731017016646,149.53967315847,
    30.056941451632));
#2332 = CARTESIAN_POINT('',(98.461629321912,149.6536794856,
    30.860434766179));
#2333 = CARTESIAN_POINT('',(0.450112593306,0.,-0.865066108194));
#2334 = CARTESIAN_POINT('',(1.254949901586,1.733333609886,
    -0.858475127235));
#2335 = CARTESIAN_POINT('',(2.864624067475,5.199999871623,
    -0.845293169082));
#2336 = CARTESIAN_POINT('',(5.279135678611,10.40000003441,
    -0.825520228827));
#2337 = CARTESIAN_POINT('',(7.693647192644,15.599999990777,
    -0.805747289383));
#2338 = CARTESIAN_POINT('',(10.108158732705,20.800000002472,
    -0.785974349721));
#2339 = CARTESIAN_POINT('',(12.522670265788,25.999999999339,
    -0.766201410117));
#2340 = CARTESIAN_POINT('',(14.93718180075,31.200000000172,
    -0.746428470498));
#2341 = CARTESIAN_POINT('',(17.351693335173,36.399999999972,
    -0.726655530883));
#2342 = CARTESIAN_POINT('',(19.766204869872,41.599999999939,
    -0.706882591267));
#2343 = CARTESIAN_POINT('',(22.180716404006,46.800000000271,
    -0.687109651653));
#2344 = CARTESIAN_POINT('',(24.595227940124,51.999999998977,
    -0.667336712029));
#2345 = CARTESIAN_POINT('',(27.009739468872,57.200000003821,
    -0.647563772444));
#2346 = CARTESIAN_POINT('',(29.424251025118,62.39999998574,
    -0.627790832714));
#2347 = CARTESIAN_POINT('',(31.838762478742,67.600000053221,
    -0.608017893524));
#2348 = CARTESIAN_POINT('',(34.253274315354,72.799999801377,
    -0.588244952318));
#2349 = CARTESIAN_POINT('',(36.667784722635,78.00000074127,
    -0.568472018637));
#2350 = CARTESIAN_POINT('',(39.082300464253,83.199997233543,
    -0.548699056869));
#2351 = CARTESIAN_POINT('',(41.496796297851,88.40001032456,
    -0.528926199926));
#2352 = CARTESIAN_POINT('',(43.911366429196,93.599961468219,
    -0.509152951771));
#2353 = CARTESIAN_POINT('',(46.325659277573,98.800143802565,
    -0.489381163641));
#2354 = CARTESIAN_POINT('',(48.740986960075,103.99946332152,
    -0.46960392662));
#2355 = CARTESIAN_POINT('',(51.152452589044,109.20200291135,
    -0.449847025141));
#2356 = CARTESIAN_POINT('',(53.578331598018,114.39252503305,
    -0.430014230382));
#2357 = CARTESIAN_POINT('',(55.950419140509,119.62789695641,
    -0.410464673201));
#2358 = CARTESIAN_POINT('',(58.523259168924,124.6958871413,
    -0.389858058987));
#2359 = CARTESIAN_POINT('',(60.101665535483,129.62308399398,
    -0.375436858031));
#2360 = CARTESIAN_POINT('',(63.042474543186,132.40132646464,
    -0.354833388579));
#2361 = CARTESIAN_POINT('',(65.220917456186,134.96424641644,
    -0.161801831076));
#2362 = CARTESIAN_POINT('',(67.460069563875,137.43920776589,
    0.350352112377));
#2363 = CARTESIAN_POINT('',(69.681104965997,139.82453621683,
    1.274262539493));
#2364 = CARTESIAN_POINT('',(71.90472328165,141.98951050489,2.64166694778
    ));
#2365 = CARTESIAN_POINT('',(74.12592409111,143.83208204421,
    4.419183184179));
#2366 = CARTESIAN_POINT('',(76.346460949216,145.27789977247,
    6.521175844405));
#2367 = CARTESIAN_POINT('',(78.566353424456,146.31219966696,
    8.837050137978));
#2368 = CARTESIAN_POINT('',(80.785955023877,146.98565759625,
    11.262208071966));
#2369 = CARTESIAN_POINT('',(83.005629935163,147.40442343115,
    13.722786928795));
#2370 = CARTESIAN_POINT('',(85.221523461613,147.73039516989,
    16.170069333951));
#2371 = CARTESIAN_POINT('',(87.441757443485,148.06113899842,
    18.622345006819));
#2372 = CARTESIAN_POINT('',(89.66354124555,148.39271571628,
    21.074921035844));
#2373 = CARTESIAN_POINT('',(91.886928313795,148.72668209115,
    23.527882982614));
#2374 = CARTESIAN_POINT('',(94.112073281166,149.0629319477,
    25.980965069517));
#2375 = CARTESIAN_POINT('',(96.339250414913,149.40298871817,
    28.434229222471));
#2376 = CARTESIAN_POINT('',(97.802806089731,149.62649914218,
    30.044633658429));
#2377 = CARTESIAN_POINT('',(98.533418119225,149.74052020389,
    30.848230099144));
#2378 = CARTESIAN_POINT('',(0.949779966747,0.,-1.223888152442));
#2379 = CARTESIAN_POINT('',(1.75081028482,1.733333612532,-1.214563288867
    ));
#2380 = CARTESIAN_POINT('',(3.352870472703,5.199999870395,
    -1.195913566778));
#2381 = CARTESIAN_POINT('',(5.755961114894,10.400000034739,
    -1.167938979577));
#2382 = CARTESIAN_POINT('',(8.159051660501,15.599999990689,
    -1.139964393466));
#2383 = CARTESIAN_POINT('',(10.562142231997,20.800000002495,
    -1.111989807062));
#2384 = CARTESIAN_POINT('',(12.965232796551,25.999999999332,
    -1.084015220738));
#2385 = CARTESIAN_POINT('',(15.368323362976,31.200000000174,
    -1.056040634392));
#2386 = CARTESIAN_POINT('',(17.771413928863,36.399999999972,
    -1.028066048051));
#2387 = CARTESIAN_POINT('',(20.174504495027,41.59999999994,
    -1.000091461709));
#2388 = CARTESIAN_POINT('',(22.577595060623,46.800000000269,
    -0.972116875368));
#2389 = CARTESIAN_POINT('',(24.980685628217,51.999999998982,
    -0.944142289027));
#2390 = CARTESIAN_POINT('',(27.383776188382,57.200000003801,
    -0.916167702682));
#2391 = CARTESIAN_POINT('',(29.786866776267,62.399999985814,
    -0.888193116354));
#2392 = CARTESIAN_POINT('',(32.189957260703,67.600000052943,
    -0.860218529963));
#2393 = CARTESIAN_POINT('',(34.593048131214,72.799999802412,
    -0.832243943804));
#2394 = CARTESIAN_POINT('',(36.996137560871,78.000000737407,
    -0.804269356784));
#2395 = CARTESIAN_POINT('',(39.399232367872,83.19999724796,
    -0.776294772972));
#2396 = CARTESIAN_POINT('',(41.802307106349,88.400010270753,
    -0.748320177193));
#2397 = CARTESIAN_POINT('',(44.20545674158,93.599961669028,
    -0.720345626071));
#2398 = CARTESIAN_POINT('',(46.608326858319,98.800143053133,
    -0.692370908287));
#2399 = CARTESIAN_POINT('',(49.01224015227,103.99946611843,
    -0.664396812496));
#2400 = CARTESIAN_POINT('',(51.412260255868,109.20199247311,
    -0.636420395397));
#2401 = CARTESIAN_POINT('',(53.826809943664,114.39256398911,
    -0.608452641533));
#2402 = CARTESIAN_POINT('',(56.187134485022,119.62775157042,
    -0.580452556038));
#2403 = CARTESIAN_POINT('',(58.749830027933,124.69642972916,
    -0.552573133836));
#2404 = CARTESIAN_POINT('',(60.314227841687,129.62140427724,
    -0.528052778797));
#2405 = CARTESIAN_POINT('',(63.256350167896,132.4048178486,
    -0.508483894972));
#2406 = CARTESIAN_POINT('',(65.431183361875,134.9833896205,
    -0.311998133731));
#2407 = CARTESIAN_POINT('',(67.665709435804,137.47962713734,
    0.207598011714));
#2408 = CARTESIAN_POINT('',(69.88049219672,139.8884617985,1.145123080291
    ));
#2409 = CARTESIAN_POINT('',(72.096722255231,142.07483845523,
    2.532120190222));
#2410 = CARTESIAN_POINT('',(74.309603784209,143.93339684755,
    4.333314151093));
#2411 = CARTESIAN_POINT('',(76.521168965658,145.38812460796,
    6.459778439088));
#2412 = CARTESIAN_POINT('',(78.731695821408,146.42459304333,
    8.797405002764));
#2413 = CARTESIAN_POINT('',(80.941801738385,147.09527466244,
    11.238706692444));
#2414 = CARTESIAN_POINT('',(83.152113044706,147.5086537399,
    13.708468865303));
#2415 = CARTESIAN_POINT('',(85.359053581388,147.82818077507,
    16.156236879204));
#2416 = CARTESIAN_POINT('',(87.570975363311,148.15303467868,
    18.609454424488));
#2417 = CARTESIAN_POINT('',(89.785364202206,148.47934671748,
    21.062738468304));
#2418 = CARTESIAN_POINT('',(92.002537639823,148.80889645045,
    23.516333139389));
#2419 = CARTESIAN_POINT('',(94.222914636291,149.14175326936,
    25.969876167639));
#2420 = CARTESIAN_POINT('',(96.447033423141,149.4796427718,
    28.423498021261));
#2421 = CARTESIAN_POINT('',(97.909878060417,149.70262837416,
    30.033842156322));
#2422 = CARTESIAN_POINT('',(98.640489699248,149.81666234948,
    30.837529018446));
#2423 = CARTESIAN_POINT('',(1.6118882884,0.,-1.548514682247));
#2424 = CARTESIAN_POINT('',(2.407873970591,1.73333361225,-1.536716473284
    ));
#2425 = CARTESIAN_POINT('',(3.999844890349,5.199999870526,
    -1.513120061801));
#2426 = CARTESIAN_POINT('',(6.387801627426,10.400000034704,
    -1.477725439398));
#2427 = CARTESIAN_POINT('',(8.775758268704,15.599999990698,
    -1.442330818383));
#2428 = CARTESIAN_POINT('',(11.163714935661,20.800000002493,
    -1.406936196996));
#2429 = CARTESIAN_POINT('',(13.551671595732,25.999999999333,
    -1.371541575709));
#2430 = CARTESIAN_POINT('',(15.939628257659,31.200000000174,
    -1.336146954394));
#2431 = CARTESIAN_POINT('',(18.327584919052,36.399999999971,
    -1.300752333087));
#2432 = CARTESIAN_POINT('',(20.715541580722,41.59999999994,
    -1.265357711779));
#2433 = CARTESIAN_POINT('',(23.103498241818,46.800000000268,
    -1.229963090468));
#2434 = CARTESIAN_POINT('',(25.491454904934,51.999999998987,
    -1.194568469169));
#2435 = CARTESIAN_POINT('',(27.879411560542,57.200000003783,
    -1.159173847826));
#2436 = CARTESIAN_POINT('',(30.267368244164,62.399999985881,
    -1.123779226646));
#2437 = CARTESIAN_POINT('',(32.65532482324,67.600000052692,
    -1.088384604859));
#2438 = CARTESIAN_POINT('',(35.043281792483,72.799999803349,
    -1.052989985335));
#2439 = CARTESIAN_POINT('',(37.431237305602,78.000000733912,
    -1.017595357366));
#2440 = CARTESIAN_POINT('',(39.819198253054,83.199997261004,
    -0.982200760915));
#2441 = CARTESIAN_POINT('',(42.207138919298,88.400010222074,
    -0.946806046837));
#2442 = CARTESIAN_POINT('',(44.595155276039,93.599961850701,
    -0.911411771748));
#2443 = CARTESIAN_POINT('',(46.982889152001,98.800142375121,
    -0.876015858331));
#2444 = CARTESIAN_POINT('',(49.371677260581,103.99946864881,
    -0.840626059239));
#2445 = CARTESIAN_POINT('',(51.756530919467,109.20198302962,
    -0.805213441174));
#2446 = CARTESIAN_POINT('',(54.156068144514,114.39259923268,
    -0.769885984676));
#2447 = CARTESIAN_POINT('',(56.500805554609,119.62762003964,
    -0.734240700882));
#2448 = CARTESIAN_POINT('',(59.050058658353,124.69692060875,
    -0.699781564705));
#2449 = CARTESIAN_POINT('',(60.595893764435,129.61988463645,
    -0.666124498597));
#2450 = CARTESIAN_POINT('',(63.539756366592,132.40797650588,
    -0.647491605041));
#2451 = CARTESIAN_POINT('',(65.709806328506,135.00070848929,
    -0.4478808235));
#2452 = CARTESIAN_POINT('',(67.938202453569,137.51619456818,
    7.844828678332E-02));
#2453 = CARTESIAN_POINT('',(70.144699851071,139.94629531257,
    1.02829053008));
#2454 = CARTESIAN_POINT('',(72.351139743571,142.15203470574,
    2.433013169548));
#2455 = CARTESIAN_POINT('',(74.552997409216,144.02505641404,
    4.255628382686));
#2456 = CARTESIAN_POINT('',(76.752674238354,145.48784508616,
    6.404232167763));
#2457 = CARTESIAN_POINT('',(78.950790728866,146.52627540184,
    8.761538023925));
#2458 = CARTESIAN_POINT('',(81.148313934424,147.19444529138,
    11.217444979563));
#2459 = CARTESIAN_POINT('',(83.34621754495,147.60295096598,
    13.695515304228));
#2460 = CARTESIAN_POINT('',(85.54129449129,147.91664747376,
    16.143722648666));
#2461 = CARTESIAN_POINT('',(87.742201792251,148.23617275862,
    18.597792306521));
#2462 = CARTESIAN_POINT('',(89.946791579097,148.55772183882,
    21.051716891763));
#2463 = CARTESIAN_POINT('',(92.155731345739,148.88327583357,
    23.505883988945));
#2464 = CARTESIAN_POINT('',(94.369790314254,149.2130629673,
    25.95984403108));
#2465 = CARTESIAN_POINT('',(96.589856485202,149.54899174824,
    28.413789496885));
#2466 = CARTESIAN_POINT('',(98.051758943324,149.7715025256,
    30.02407907727));
#2467 = CARTESIAN_POINT('',(98.782370053888,149.88554819664,
    30.827847743988));
#2468 = CARTESIAN_POINT('',(2.435440345684,0.,-1.839008249463));
#2469 = CARTESIAN_POINT('',(3.225151343955,1.733333612532,-1.82499675576
    ));
#2470 = CARTESIAN_POINT('',(4.804572901341,5.199999870395,
    -1.796973776247));
#2471 = CARTESIAN_POINT('',(7.173705590466,10.400000034739,
    -1.754939300632));
#2472 = CARTESIAN_POINT('',(9.54283818497,15.599999990689,
    -1.712904826718));
#2473 = CARTESIAN_POINT('',(11.911970804836,20.800000002495,
    -1.670870352349));
#2474 = CARTESIAN_POINT('',(14.281103417901,25.999999999332,
    -1.628835878101));
#2475 = CARTESIAN_POINT('',(16.650236032799,31.200000000174,
    -1.586801403821));
#2476 = CARTESIAN_POINT('',(19.01936864717,36.399999999971,
    -1.544766929549));
#2477 = CARTESIAN_POINT('',(21.388501261818,41.59999999994,
    -1.502732455276));
#2478 = CARTESIAN_POINT('',(23.757633875884,46.800000000267,
    -1.460697980998));
#2479 = CARTESIAN_POINT('',(26.126766491998,51.999999998992,
    -1.418663506742));
#2480 = CARTESIAN_POINT('',(28.495899100505,57.200000003767,
    -1.376629032406));
#2481 = CARTESIAN_POINT('',(30.865031737391,62.399999985941,
    -1.334594558364));
#2482 = CARTESIAN_POINT('',(33.234164268368,67.600000052468,
    -1.292560083228));
#2483 = CARTESIAN_POINT('',(35.603297194602,72.799999804187,
    -1.250525612174));
#2484 = CARTESIAN_POINT('',(37.972428645717,78.000000730784,
    -1.208491125886));
#2485 = CARTESIAN_POINT('',(40.34156560205,83.199997272676,
    -1.166456696451));
#2486 = CARTESIAN_POINT('',(42.710682012633,88.400010178513,
    -1.124422054838));
#2487 = CARTESIAN_POINT('',(45.079875100996,93.599962013272,
    -1.082388205084));
#2488 = CARTESIAN_POINT('',(47.448782023989,98.800141768399,
    -1.040351400073));
#2489 = CARTESIAN_POINT('',(49.81875693068,103.99947091313,
    -0.998325624228));
#2490 = CARTESIAN_POINT('',(52.184746067951,109.20197457907,
    -0.956258686978));
#2491 = CARTESIAN_POINT('',(54.565610299204,114.39263077055,
    -0.914345366185));
#2492 = CARTESIAN_POINT('',(56.890959923948,119.6275023387,
    -0.871858740966));
#2493 = CARTESIAN_POINT('',(59.423492880749,124.69735987464,
    -0.831511716992));
#2494 = CARTESIAN_POINT('',(60.946239081899,129.61852477879,
    -0.789678622286));
#2495 = CARTESIAN_POINT('',(63.892266296388,132.4108030451,
    -0.771883303997));
#2496 = CARTESIAN_POINT('',(66.056366717299,135.01620635996,
    -0.569476083436));
#2497 = CARTESIAN_POINT('',(68.277138210811,137.54891710456,
    -3.712194810346E-02));
#2498 = CARTESIAN_POINT('',(70.473330001419,139.99804790289,
    0.92374237655));
#2499 = CARTESIAN_POINT('',(72.667592564174,142.22111413125,
    2.344326788959));
#2500 = CARTESIAN_POINT('',(74.85573838686,144.10707840546,
    4.186110909792));
#2501 = CARTESIAN_POINT('',(77.040628093282,145.57708042209,
    6.354526327293));
#2502 = CARTESIAN_POINT('',(79.223308164272,146.61726633552,
    8.729442290299));
#2503 = CARTESIAN_POINT('',(81.40518058047,147.28318859212,
    11.198418836434));
#2504 = CARTESIAN_POINT('',(83.587651091811,147.68733327939,
    13.683923749567));
#2505 = CARTESIAN_POINT('',(85.767971715187,147.9958123125,
    16.13252423099));
#2506 = CARTESIAN_POINT('',(87.955178843284,148.31056925795,
    18.587356405759));
#2507 = CARTESIAN_POINT('',(90.147580247671,148.62785618246,
    21.041854182493));
#2508 = CARTESIAN_POINT('',(92.346278704052,148.94983457193,
    23.496533517828));
#2509 = CARTESIAN_POINT('',(94.552479102526,149.27687478452,
    25.950866726846));
#2510 = CARTESIAN_POINT('',(96.7675044951,149.6110490009,28.405101778296
    ));
#2511 = CARTESIAN_POINT('',(98.22823504429,149.83313488849,
    30.015342540761));
#2512 = CARTESIAN_POINT('',(98.958845494734,149.94719101888,
    30.819184410297));
#2513 = CARTESIAN_POINT('',(3.417843736274,0.,-2.096488886987));
#2514 = CARTESIAN_POINT('',(4.200069755472,1.733333612532,
    -2.080515635787));
#2515 = CARTESIAN_POINT('',(5.764521357688,5.199999870395,
    -2.048569142177));
#2516 = CARTESIAN_POINT('',(8.111199111666,10.400000034739,
    -2.000649394695));
#2517 = CARTESIAN_POINT('',(10.457876771662,15.599999990689,
    -1.952729649107));
#2518 = CARTESIAN_POINT('',(12.80455445685,20.800000002495,
    -1.904809903012));
#2519 = CARTESIAN_POINT('',(15.151232135283,25.999999999332,
    -1.856890157052));
#2520 = CARTESIAN_POINT('',(17.497909815537,31.200000000174,
    -1.808970411056));
#2521 = CARTESIAN_POINT('',(19.844587495266,36.399999999971,
    -1.761050665069));
#2522 = CARTESIAN_POINT('',(22.191265175273,41.599999999941,
    -1.713130919082));
#2523 = CARTESIAN_POINT('',(24.537942854691,46.800000000266,
    -1.665211173088));
#2524 = CARTESIAN_POINT('',(26.884620536187,51.999999998995,
    -1.617291427123));
#2525 = CARTESIAN_POINT('',(29.23129820996,57.200000003752,
    -1.569371681048));
#2526 = CARTESIAN_POINT('',(31.577975912548,62.399999985995,
    -1.521451935382));
#2527 = CARTESIAN_POINT('',(33.9246535076,67.600000052269,
    -1.473532188191));
#2528 = CARTESIAN_POINT('',(36.271331503979,72.79999980493,
    -1.425612446693));
#2529 = CARTESIAN_POINT('',(38.618008002584,78.000000728012,
    -1.377692683945));
#2530 = CARTESIAN_POINT('',(40.964690090962,83.199997283021,
    -1.329773000505));
#2531 = CARTESIAN_POINT('',(43.311351318022,88.400010139903,
    -1.281853021082));
#2532 = CARTESIAN_POINT('',(45.658090400578,93.599962157367,
    -1.233934146285));
#2533 = CARTESIAN_POINT('',(48.00453892247,98.800141230628,
    -1.186011148966));
#2534 = CARTESIAN_POINT('',(50.352071831523,103.99947292012,
    -1.138103537109));
#2535 = CARTESIAN_POINT('',(52.695557752595,109.20196708888,
    -1.090138505926));
#2536 = CARTESIAN_POINT('',(55.054147238429,114.39265872432,
    -1.042387766586));
#2537 = CARTESIAN_POINT('',(57.356369453197,119.62739801379,
    -0.993837279202));
#2538 = CARTESIAN_POINT('',(59.868957187466,124.69774922048,
    -0.948271492147));
#2539 = CARTESIAN_POINT('',(61.364160966388,129.61731946117,
    -0.899191527654));
#2540 = CARTESIAN_POINT('',(64.312770315758,132.41330836434,-0.882138599
    ));
#2541 = CARTESIAN_POINT('',(66.469773614876,135.02994298642,
    -0.677252738693));
#2542 = CARTESIAN_POINT('',(68.6814497952,137.57792091215,
    -0.139558287891));
#2543 = CARTESIAN_POINT('',(70.865348175736,140.04391910782,
    0.831075521718));
#2544 = CARTESIAN_POINT('',(73.045084577184,142.2823430758,
    2.265719107444));
#2545 = CARTESIAN_POINT('',(75.216873739846,144.17977906745,
    4.12449369943));
#2546 = CARTESIAN_POINT('',(77.384124100504,145.65617467331,
    6.31046927083));
#2547 = CARTESIAN_POINT('',(79.548390288917,146.69791667087,
    8.700994052926));
#2548 = CARTESIAN_POINT('',(81.711593103848,147.36184672514,
    11.181554905471));
#2549 = CARTESIAN_POINT('',(83.875653693398,147.76212602631,
    13.673649508686));
#2550 = CARTESIAN_POINT('',(86.038371711584,148.06598052086,
    16.122598449327));
#2551 = CARTESIAN_POINT('',(88.209236100771,148.37651102134,
    18.578106485331));
#2552 = CARTESIAN_POINT('',(90.387098159123,148.69002015977,
    21.033112313628));
#2553 = CARTESIAN_POINT('',(92.573579904353,149.00882929088,
    23.488245674188));
#2554 = CARTESIAN_POINT('',(94.770405926278,149.33343475472,
    25.942909641799));
#2555 = CARTESIAN_POINT('',(96.979418252716,149.66605380063,
    28.397401369191));
#2556 = CARTESIAN_POINT('',(98.438750833801,149.88776309015,
    30.007598861491));
#2557 = CARTESIAN_POINT('',(99.169360507004,150.00182848752,
    30.811505614848));
#2558 = CARTESIAN_POINT('',(4.554779742372,0.,-2.320289671435));
#2559 = CARTESIAN_POINT('',(5.328343390176,1.733333612281,
    -2.302611271153));
#2560 = CARTESIAN_POINT('',(6.875470255921,5.199999870511,
    -2.267254480237));
#2561 = CARTESIAN_POINT('',(9.196160900115,10.400000034708,
    -2.214219286108));
#2562 = CARTESIAN_POINT('',(11.516851451688,15.599999990697,
    -2.161184094058));
#2563 = CARTESIAN_POINT('',(13.837542028088,20.800000002493,
    -2.10814890145));
#2564 = CARTESIAN_POINT('',(16.158232597831,25.999999999333,
    -2.055113708992));
#2565 = CARTESIAN_POINT('',(18.478923169369,31.200000000174,
    -2.002078516493));
#2566 = CARTESIAN_POINT('',(20.799613740388,36.399999999971,
    -1.949043324005));
#2567 = CARTESIAN_POINT('',(23.120304311686,41.599999999941,
    -1.896008131517));
#2568 = CARTESIAN_POINT('',(25.440994882385,46.800000000265,
    -1.842972939019));
#2569 = CARTESIAN_POINT('',(27.761685455199,51.999999998999,
    -1.789937746558));
#2570 = CARTESIAN_POINT('',(30.082376020155,57.20000000374,
    -1.73690255396));
#2571 = CARTESIAN_POINT('',(32.403066614429,62.399999986041,
    -1.683867361872));
#2572 = CARTESIAN_POINT('',(34.723757099286,67.600000052096,
    -1.630832167883));
#2573 = CARTESIAN_POINT('',(37.044447992496,72.799999805575,
    -1.577796980989));
#2574 = CARTESIAN_POINT('',(39.36513736171,78.000000725603,
    -1.524761767614));
#2575 = CARTESIAN_POINT('',(41.685832418554,83.199997292014,
    -1.471726653067));
#2576 = CARTESIAN_POINT('',(44.006506248874,88.400010106343,
    -1.418691169692));
#2577 = CARTESIAN_POINT('',(46.327259297661,93.599962282614,
    -1.3656570628));
#2578 = CARTESIAN_POINT('',(48.647716699106,98.8001407632,
    -1.312617818804));
#2579 = CARTESIAN_POINT('',(50.96927747145,103.99947466458,
    -1.25959774674));
#2580 = CARTESIAN_POINT('',(53.286720407538,109.20196057845,
    -1.206506124053));
#2581 = CARTESIAN_POINT('',(55.619531317752,114.39268302159,
    -1.153681531925));
#2582 = CARTESIAN_POINT('',(57.894988167721,119.62730733515,
    -1.099860368182));
#2583 = CARTESIAN_POINT('',(60.384493284542,124.69808763779,
    -1.049758460342));
#2584 = CARTESIAN_POINT('',(61.847822202457,129.61627180557,
    -0.994379555631));
#2585 = CARTESIAN_POINT('',(64.799419858002,132.41548597433,
    -0.977971908053));
#2586 = CARTESIAN_POINT('',(66.948209654009,135.04188278821,
    -0.770931627419));
#2587 = CARTESIAN_POINT('',(69.149359823175,137.60313086561,
    -0.228595403151));
#2588 = CARTESIAN_POINT('',(71.319031033201,140.08379011227,
    0.750529990205));
#2589 = CARTESIAN_POINT('',(73.481956299854,142.33556294489,
    2.197393733716));
#2590 = CARTESIAN_POINT('',(75.63481589051,144.24297009159,
    4.070936351791));
#2591 = CARTESIAN_POINT('',(77.781652226222,145.72492297081,
    6.272175114456));
#2592 = CARTESIAN_POINT('',(79.924608017792,146.76801750832,
    8.676266998101));
#2593 = CARTESIAN_POINT('',(82.066204492493,147.43021595104,
    11.166896867435));
#2594 = CARTESIAN_POINT('',(84.208959269019,147.82713547942,
    13.664719193805));
#2595 = CARTESIAN_POINT('',(86.351305782155,148.12697034992,
    16.113971013324));
#2596 = CARTESIAN_POINT('',(88.503256710213,148.43382724721,
    18.570066504276));
#2597 = CARTESIAN_POINT('',(90.664292375215,148.74405275424,
    21.025513928259));
#2598 = CARTESIAN_POINT('',(92.836635713119,149.06010718331,
    23.481041925093));
#2599 = CARTESIAN_POINT('',(95.022612765696,149.38259637557,
    25.935993386319));
#2600 = CARTESIAN_POINT('',(97.224666159545,149.71386367984,
    28.390708214955));
#2601 = CARTESIAN_POINT('',(98.682380891023,149.93524562172,
    30.000868097329));
#2602 = CARTESIAN_POINT('',(99.412989651167,150.04931908122,
    30.804831247169));
#2603 = CARTESIAN_POINT('',(5.840757539497,0.,-2.510217141616));
#2604 = CARTESIAN_POINT('',(6.604523260246,1.733333613079,
    -2.491091674565));
#2605 = CARTESIAN_POINT('',(8.132054275283,5.199999870141,
    -2.452840751253));
#2606 = CARTESIAN_POINT('',(10.423351140678,10.400000034807,
    -2.395464357611));
#2607 = CARTESIAN_POINT('',(12.714647914187,15.59999999067,
    -2.338087966294));
#2608 = CARTESIAN_POINT('',(15.005944712325,20.8000000025,
    -2.280711574354));
#2609 = CARTESIAN_POINT('',(17.297241503859,25.999999999331,
    -2.223335182581));
#2610 = CARTESIAN_POINT('',(19.588538297174,31.200000000175,
    -2.165958790764));
#2611 = CARTESIAN_POINT('',(21.879835089973,36.399999999971,
    -2.108582398957));
#2612 = CARTESIAN_POINT('',(24.171131883053,41.599999999941,
    -2.051206007151));
#2613 = CARTESIAN_POINT('',(26.462428675524,46.800000000264,
    -1.993829615333));
#2614 = CARTESIAN_POINT('',(28.75372547015,51.999999999002,
    -1.936453223559));
#2615 = CARTESIAN_POINT('',(31.045022256765,57.20000000373,
    -1.879076831625));
#2616 = CARTESIAN_POINT('',(33.33631907327,62.39999998608,
    -1.821700440285));
#2617 = CARTESIAN_POINT('',(35.627615778227,67.600000051949,
    -1.764324046726));
#2618 = CARTESIAN_POINT('',(37.918912899484,72.799999806123,
    -1.706947661452));
#2619 = CARTESIAN_POINT('',(40.210208467088,78.000000723558,
    -1.649571245258));
#2620 = CARTESIAN_POINT('',(42.501509833007,83.199997299645,
    -1.592194944456));
#2621 = CARTESIAN_POINT('',(44.792789559319,88.400010077863,
    -1.534818213008));
#2622 = CARTESIAN_POINT('',(47.084150045742,93.599962388905,
    -1.477443088752));
#2623 = CARTESIAN_POINT('',(49.375209131329,98.800140366519,
    -1.420061966373));
#2624 = CARTESIAN_POINT('',(51.667393060147,103.99947614501,
    -1.362703229295));
#2625 = CARTESIAN_POINT('',(53.95537901688,109.2019550534,
    -1.305260949137));
#2626 = CARTESIAN_POINT('',(56.259032018722,114.39270364136,
    -1.248130455999));
#2627 = CARTESIAN_POINT('',(58.50421481221,119.62723038115,
    -1.189836357858));
#2628 = CARTESIAN_POINT('',(60.967611394005,124.69837483402,
    -1.135884892711));
#2629 = CARTESIAN_POINT('',(62.394886951554,129.61538271764,
    -1.075160422373));
#2630 = CARTESIAN_POINT('',(65.349864652565,132.41733399269,
    -1.059300389509));
#2631 = CARTESIAN_POINT('',(67.489364231196,135.05201544415,
    -0.850431770321));
#2632 = CARTESIAN_POINT('',(69.678608526534,137.62452517259,
    -0.3041563271));
#2633 = CARTESIAN_POINT('',(71.83218751563,140.11762645037,
    0.682175408373));
#2634 = CARTESIAN_POINT('',(73.976097863261,142.38072773341,
    2.139409730606));
#2635 = CARTESIAN_POINT('',(76.107546390165,144.29659685338,
    4.025485163709));
#2636 = CARTESIAN_POINT('',(78.231292611138,145.78326588616,
    6.239676960971));
#2637 = CARTESIAN_POINT('',(80.350144410011,146.82750825027,
    8.655282500752));
#2638 = CARTESIAN_POINT('',(82.467302153189,147.48823716909,
    11.154457393245));
#2639 = CARTESIAN_POINT('',(84.585958121732,147.88230544229,
    13.6571405246));
#2640 = CARTESIAN_POINT('',(86.705262613986,148.17872907799,
    16.106649380835));
#2641 = CARTESIAN_POINT('',(88.835820701177,148.48246838941,
    18.563243412634));
#2642 = CARTESIAN_POINT('',(90.977824188268,148.78990725828,
    21.019065594686));
#2643 = CARTESIAN_POINT('',(93.134175704754,149.10362392257,
    23.474928497743));
#2644 = CARTESIAN_POINT('',(95.30788158735,149.42431715112,
    25.930123938953));
#2645 = CARTESIAN_POINT('',(97.502063801302,149.75443730587,
    28.385028101802));
#2646 = CARTESIAN_POINT('',(98.957948586905,149.97554144682,
    29.995156065654));
#2647 = CARTESIAN_POINT('',(99.68855632198,150.08962174746,
    30.799167076815));
#2648 = CARTESIAN_POINT('',(7.269381026195,0.,-2.66623764007));
#2649 = CARTESIAN_POINT('',(8.022261995383,1.733333612251,
    -2.645923445271));
#2650 = CARTESIAN_POINT('',(9.528023511407,5.199999870525,
    -2.605295066951));
#2651 = CARTESIAN_POINT('',(11.786666124979,10.400000034704,
    -2.544352490405));
#2652 = CARTESIAN_POINT('',(14.04530864755,15.599999990698,
    -2.483409916288));
#2653 = CARTESIAN_POINT('',(16.303951194514,20.800000002493,
    -2.42246734152));
#2654 = CARTESIAN_POINT('',(18.562593734937,25.999999999333,
    -2.361524766927));
#2655 = CARTESIAN_POINT('',(20.821236277124,31.200000000174,
    -2.300582192287));
#2656 = CARTESIAN_POINT('',(23.079878818798,36.399999999971,
    -2.239639617659));
#2657 = CARTESIAN_POINT('',(25.338521360756,41.599999999941,
    -2.178697043031));
#2658 = CARTESIAN_POINT('',(27.597163902093,46.800000000264,
    -2.117754468391));
#2659 = CARTESIAN_POINT('',(29.855806445631,51.999999999004,
    -2.056811893798));
#2660 = CARTESIAN_POINT('',(32.114448980987,57.200000003721,
    -1.995869319027));
#2661 = CARTESIAN_POINT('',(34.373091546867,62.399999986113,
    -1.934926744922));
#2662 = CARTESIAN_POINT('',(36.631733998834,67.600000051829,
    -1.873984168334));
#2663 = CARTESIAN_POINT('',(38.89037687593,72.799999806573,
    -1.813041601009));
#2664 = CARTESIAN_POINT('',(41.149018166424,78.000000721878,
    -1.752098999118));
#2665 = CARTESIAN_POINT('',(43.407665378196,83.199997305914,
    -1.691156526225));
#2666 = CARTESIAN_POINT('',(45.666290491458,88.400010054467,
    -1.630213571905));
#2667 = CARTESIAN_POINT('',(47.92499807748,93.599962476219,
    -1.569272414299));
#2668 = CARTESIAN_POINT('',(50.183397870973,98.800140040656,
    -1.508324551263));
#2669 = CARTESIAN_POINT('',(52.442946361822,103.99947736115,
    -1.447401713229));
#2670 = CARTESIAN_POINT('',(54.698207855777,109.20195051472,
    -1.386385480621));
#2671 = CARTESIAN_POINT('',(56.969468639951,114.39272057996,
    -1.325717801308));
#2672 = CARTESIAN_POINT('',(59.181019260145,119.62716716543,
    -1.263749303387));
#2673 = CARTESIAN_POINT('',(61.615411246039,124.6986107583,-1.2066355266
    ));
#2674 = CARTESIAN_POINT('',(63.002634263406,129.61465235492,
    -1.141519812527));
#2675 = CARTESIAN_POINT('',(65.961366937753,132.41885209191,
    -1.126109630968));
#2676 = CARTESIAN_POINT('',(68.090545791743,135.06033915861,
    -0.915739079005));
#2677 = CARTESIAN_POINT('',(70.266563567135,137.64210004175,
    -0.366227669424));
#2678 = CARTESIAN_POINT('',(72.402265323185,140.1454221259,
    0.626023889485));
#2679 = CARTESIAN_POINT('',(74.525051542566,142.4178294376,
    2.091777373586));
#2680 = CARTESIAN_POINT('',(76.63271400674,144.34064984948,
    3.988148189688));
#2681 = CARTESIAN_POINT('',(78.73080886709,145.8311930803,6.212980569445
    ));
#2682 = CARTESIAN_POINT('',(80.822882964073,146.87637835422,
    8.638044279588));
#2683 = CARTESIAN_POINT('',(82.912891135992,147.53590009722,
    11.144238687325));
#2684 = CARTESIAN_POINT('',(85.004775162469,147.92762613812,
    13.650914844102));
#2685 = CARTESIAN_POINT('',(87.098481722713,148.22124753276,
    16.100634849345));
#2686 = CARTESIAN_POINT('',(89.205273991419,148.52242582813,
    18.557638419538));
#2687 = CARTESIAN_POINT('',(91.326134176924,148.82757554591,
    21.013768455644));
#2688 = CARTESIAN_POINT('',(93.464719996674,149.13937179705,
    23.469906475468));
#2689 = CARTESIAN_POINT('',(95.624793542741,149.45858968755,
    25.925302340006));
#2690 = CARTESIAN_POINT('',(97.810231476083,149.78776749016,
    28.380362035661));
#2691 = CARTESIAN_POINT('',(99.264083327579,150.00864342102,
    29.990463780162));
#2692 = CARTESIAN_POINT('',(99.994689926272,150.1227293441,
    30.794514107547));
#2693 = CARTESIAN_POINT('',(8.83353801119,0.,-2.788759599027));
#2694 = CARTESIAN_POINT('',(9.574501591661,1.733333610965,
    -2.767511903555));
#2695 = CARTESIAN_POINT('',(11.05642833775,5.199999871122,
    -2.725016524004));
#2696 = CARTESIAN_POINT('',(13.279318790391,10.400000034544,
    -2.661273445519));
#2697 = CARTESIAN_POINT('',(15.502209153647,15.599999990741,
    -2.597530369489));
#2698 = CARTESIAN_POINT('',(17.725099540862,20.800000002481,
    -2.533787292801));
#2699 = CARTESIAN_POINT('',(19.947989921653,25.999999999336,
    -2.470044216289));
#2700 = CARTESIAN_POINT('',(22.170880304176,31.200000000173,
    -2.40630113973));
#2701 = CARTESIAN_POINT('',(24.393770686194,36.399999999971,
    -2.342558063182));
#2702 = CARTESIAN_POINT('',(26.616661068498,41.599999999941,
    -2.278814986635));
#2703 = CARTESIAN_POINT('',(28.839551450167,46.800000000263,
    -2.215071910075));
#2704 = CARTESIAN_POINT('',(31.062441834087,51.999999999006,
    -2.151328833567));
#2705 = CARTESIAN_POINT('',(33.28533220964,57.200000003714,
    -2.087585756866));
#2706 = CARTESIAN_POINT('',(35.50822261641,62.399999986138,
    -2.023842680884));
#2707 = CARTESIAN_POINT('',(37.731112906677,67.600000051734,
    -1.960099602216));
#2708 = CARTESIAN_POINT('',(39.954003631739,72.799999806927,
    -1.896356533576));
#2709 = CARTESIAN_POINT('',(42.176892734126,78.000000720559,
    -1.832613427508));
#2710 = CARTESIAN_POINT('',(44.399787892419,83.199997310837,
    -1.768870461124));
#2711 = CARTESIAN_POINT('',(46.622660449763,88.400010036094,
    -1.705126973433));
#2712 = CARTESIAN_POINT('',(48.845617354995,93.599962544787,
    -1.641385431287));
#2713 = CARTESIAN_POINT('',(51.068259469624,98.800139784758,
    -1.577636628269));
#2714 = CARTESIAN_POINT('',(53.292076398775,103.99947831618,
    -1.513914923192));
#2715 = CARTESIAN_POINT('',(55.511508860442,109.20194695051,
    -1.450092087222));
#2716 = CARTESIAN_POINT('',(57.747304377526,114.39273388174,
    -1.386646676882));
#2717 = CARTESIAN_POINT('',(59.922032140425,119.62711752251,
    -1.321792694918));
#2718 = CARTESIAN_POINT('',(62.324667864647,124.69879602821,
    -1.262195573821));
#2719 = CARTESIAN_POINT('',(63.668038557677,129.61407880548,
    -1.193631442456));
#2720 = CARTESIAN_POINT('',(66.630882439649,132.4200442461,
    -1.178574526422));
#2721 = CARTESIAN_POINT('',(68.748761441937,135.06687572151,
    -0.967024515684));
#2722 = CARTESIAN_POINT('',(70.910297897547,137.65590148079,
    -0.414971921185));
#2723 = CARTESIAN_POINT('',(73.0264264076,140.16724990271,0.58192843946)
  );
#2724 = CARTESIAN_POINT('',(75.126084452859,142.44696518274,
    2.054371970132));
#2725 = CARTESIAN_POINT('',(77.20770427073,144.37524440234,
    3.958827688576));
#2726 = CARTESIAN_POINT('',(79.277714226089,145.86883001756,
    6.192016053761));
#2727 = CARTESIAN_POINT('',(81.340470220826,146.9147557529,
    8.624507208197));
#2728 = CARTESIAN_POINT('',(83.400753141886,147.57332950798,
    11.136213999034));
#2729 = CARTESIAN_POINT('',(85.463325372375,147.96321620795,
    13.646025854655));
#2730 = CARTESIAN_POINT('',(87.529005525015,148.25463701954,
    16.095911673943));
#2731 = CARTESIAN_POINT('',(89.609777312231,148.55380416442,
    18.553236852175));
#2732 = CARTESIAN_POINT('',(91.707488331315,148.85715622555,
    21.009608644214));
#2733 = CARTESIAN_POINT('',(93.826623022789,149.16744438803,
    23.465962711599));
#2734 = CARTESIAN_POINT('',(95.971770932815,149.48550370359,
    25.921515967294));
#2735 = CARTESIAN_POINT('',(98.147635015178,149.81394148594,
    28.376697802221));
#2736 = CARTESIAN_POINT('',(99.599261069501,150.03463819661,
    29.986778956071));
#2737 = CARTESIAN_POINT('',(100.32986642305,150.1487285406,
    30.790860158769));
#2738 = CARTESIAN_POINT('',(10.52550825699,0.,-2.87863322949));
#2739 = CARTESIAN_POINT('',(11.253580634164,1.733333612532,
    -2.856700782417));
#2740 = CARTESIAN_POINT('',(12.709724978592,5.199999870395,
    -2.812835900117));
#2741 = CARTESIAN_POINT('',(14.893941824777,10.400000034739,
    -2.747038567145));
#2742 = CARTESIAN_POINT('',(17.078158582639,15.599999990689,
    -2.681241236724));
#2743 = CARTESIAN_POINT('',(19.262375364176,20.800000002495,
    -2.61544390562));
#2744 = CARTESIAN_POINT('',(21.446592139364,25.999999999332,
    -2.549646574699));
#2745 = CARTESIAN_POINT('',(23.630808916265,31.200000000174,
    -2.483849243729));
#2746 = CARTESIAN_POINT('',(25.815025692665,36.399999999971,
    -2.418051912771));
#2747 = CARTESIAN_POINT('',(27.999242469353,41.599999999942,
    -2.352254581814));
#2748 = CARTESIAN_POINT('',(30.183459245393,46.800000000263,
    -2.286457250843));
#2749 = CARTESIAN_POINT('',(32.367676023737,51.999999999007,
    -2.220659919926));
#2750 = CARTESIAN_POINT('',(34.551892793513,57.200000003709,
    -2.154862588805));
#2751 = CARTESIAN_POINT('',(36.736109595257,62.399999986157,
    -2.089065258445));
#2752 = CARTESIAN_POINT('',(38.920326277696,67.600000051664,
    -2.023267925247));
#2753 = CARTESIAN_POINT('',(41.104543405386,72.799999807186,
    -1.957470602641));
#2754 = CARTESIAN_POINT('',(43.28875887138,78.000000719592,
    -1.891673240506));
#2755 = CARTESIAN_POINT('',(45.472980538908,83.199997314448,
    -1.825876025893));
#2756 = CARTESIAN_POINT('',(47.657179061993,88.400010022617,
    -1.760078260721));
#2757 = CARTESIAN_POINT('',(49.841463961317,93.599962595083,
    -1.694282550265));
#2758 = CARTESIAN_POINT('',(52.025426500126,98.800139597049,
    -1.628479171503));
#2759 = CARTESIAN_POINT('',(54.210592104757,103.99947901672,
    -1.562704411248));
#2760 = CARTESIAN_POINT('',(56.391267806616,109.20194433606,
    -1.496822845272));
#2761 = CARTESIAN_POINT('',(58.58870005374,114.392743639,-1.431339883672
    ));
#2762 = CARTESIAN_POINT('',(60.723596022576,119.62708110789,
    -1.36436931029));
#2763 = CARTESIAN_POINT('',(63.091880559301,124.69893192939,
    -1.302950579658));
#2764 = CARTESIAN_POINT('',(64.387815586539,129.6136580893,
    -1.231856928001));
#2765 = CARTESIAN_POINT('',(67.355106618665,132.42091872791,
    -1.21705914311));
#2766 = CARTESIAN_POINT('',(69.460762415069,135.07167049172,
    -1.004643963035));
#2767 = CARTESIAN_POINT('',(71.606634226768,137.66602526139,
    -0.450727331132));
#2768 = CARTESIAN_POINT('',(73.701590085892,140.18326124927,
    0.549583068766));
#2769 = CARTESIAN_POINT('',(75.7762300653,142.46833714915,2.026933954645
    ));
#2770 = CARTESIAN_POINT('',(77.829679192447,144.40062057234,
    3.937320197965));
#2771 = CARTESIAN_POINT('',(79.869309317612,145.89643787023,
    6.176637935818));
#2772 = CARTESIAN_POINT('',(81.900351515627,146.94290675682,
    8.614577349402));
#2773 = CARTESIAN_POINT('',(83.928480221679,147.60078513357,
    11.130327643019));
#2774 = CARTESIAN_POINT('',(85.959345477014,147.98932262031,
    13.64243963032));
#2775 = CARTESIAN_POINT('',(87.994709076887,148.27912923647,
    16.092447079316));
#2776 = CARTESIAN_POINT('',(90.047334149382,148.57682114048,
    18.550008166949));
#2777 = CARTESIAN_POINT('',(92.12000439489,148.8788545653,
    21.006557294414));
#2778 = CARTESIAN_POINT('',(94.218098532099,149.18803649746,
    23.463069839327));
#2779 = CARTESIAN_POINT('',(96.347101174273,149.50524596583,
    25.918738546331));
#2780 = CARTESIAN_POINT('',(98.512609093066,149.83314090817,
    28.374009973993));
#2781 = CARTESIAN_POINT('',(99.961827462977,150.05370618683,
    29.984076024433));
#2782 = CARTESIAN_POINT('',(100.69243147572,150.16779975199,
    30.788179874802));
#2783 = CARTESIAN_POINT('',(12.337039260854,0.,-2.937198027128));
#2784 = CARTESIAN_POINT('',(13.05130949333,1.733333610965,
    -2.914819371847));
#2785 = CARTESIAN_POINT('',(14.479849561236,5.199999871122,
    -2.870062073915));
#2786 = CARTESIAN_POINT('',(16.622659982288,10.400000034544,
    -2.802926116863));
#2787 = CARTESIAN_POINT('',(18.765470317791,15.599999990741,
    -2.735790162533));
#2788 = CARTESIAN_POINT('',(20.908280676225,20.800000002481,
    -2.668654207473));
#2789 = CARTESIAN_POINT('',(23.05109102851,25.999999999336,
    -2.601518252608));
#2790 = CARTESIAN_POINT('',(25.193901382454,31.200000000173,
    -2.534382297691));
#2791 = CARTESIAN_POINT('',(27.336711735911,36.399999999971,
    -2.467246342788));
#2792 = CARTESIAN_POINT('',(29.479522089656,41.599999999942,
    -2.400110387884));
#2793 = CARTESIAN_POINT('',(31.622332442739,46.800000000263,
    -2.332974432967));
#2794 = CARTESIAN_POINT('',(33.765142798182,51.999999999008,
    -2.265838478106));
#2795 = CARTESIAN_POINT('',(35.907953144843,57.200000003706,
    -2.198702523034));
#2796 = CARTESIAN_POINT('',(38.050763524276,62.399999986169,
    -2.131566568748));
#2797 = CARTESIAN_POINT('',(40.193573781404,67.600000051619,
    -2.064430611527));
#2798 = CARTESIAN_POINT('',(42.336384494977,72.799999807355,
    -1.997294665263));
#2799 = CARTESIAN_POINT('',(44.479193505075,78.000000718961,
    -1.930158678103));
#2800 = CARTESIAN_POINT('',(46.622008872628,83.199997316801,
    -1.863022843573));
#2801 = CARTESIAN_POINT('',(48.764800513837,88.400010013835,
    -1.79588643942));
#2802 = CARTESIAN_POINT('',(50.907680702968,93.599962627858,
    -1.728752161125));
#2803 = CARTESIAN_POINT('',(53.050230426753,98.800139474731,
    -1.661609949025));
#2804 = CARTESIAN_POINT('',(55.194013464,103.99947947321,-1.594497346285
    ));
#2805 = CARTESIAN_POINT('',(57.333193712748,109.2019426324,
    -1.527274239909));
#2806 = CARTESIAN_POINT('',(59.489551802029,114.39274999718,
    -1.460463538719));
#2807 = CARTESIAN_POINT('',(61.581801317675,119.62705737886,
    -1.39211372042));
#2808 = CARTESIAN_POINT('',(63.913307287326,124.69902048735,
    -1.32950796537));
#2809 = CARTESIAN_POINT('',(65.158454672475,129.61338393593,
    -1.256765989915));
#2810 = CARTESIAN_POINT('',(68.130507106524,132.42148857081,
    -1.24213706393));
#2811 = CARTESIAN_POINT('',(70.223075960956,135.0747949315,
    -1.029158109286));
#2812 = CARTESIAN_POINT('',(72.352176208155,137.67262227055,
    -0.474026805486));
#2813 = CARTESIAN_POINT('',(74.424463279996,140.1936948021,
    0.528505695131));
#2814 = CARTESIAN_POINT('',(76.472317326223,142.48226386916,
    2.009054385116));
#2815 = CARTESIAN_POINT('',(78.495605119403,144.41715657131,
    3.923305165648));
#2816 = CARTESIAN_POINT('',(80.502708665319,145.9144281116,
    6.166617016882));
#2817 = CARTESIAN_POINT('',(82.499796054639,146.96125093452,
    8.608106706479));
#2818 = CARTESIAN_POINT('',(84.493498412157,147.61867617845,
    11.12649188778));
#2819 = CARTESIAN_POINT('',(86.490416162401,148.00633447071,
    13.640102721246));
#2820 = CARTESIAN_POINT('',(88.49332093187,148.29508922073,
    16.090189428411));
#2821 = CARTESIAN_POINT('',(90.515810340606,148.59181980627,
    18.547904242851));
#2822 = CARTESIAN_POINT('',(92.561670340697,148.89299396149,
    21.004568928278));
#2823 = CARTESIAN_POINT('',(94.637237121349,149.20145503577,
    23.461184742671));
#2824 = CARTESIAN_POINT('',(96.748953613856,149.5181107123,
    25.916928681834));
#2825 = CARTESIAN_POINT('',(98.903373559557,149.84565192778,
    28.372258491054));
#2826 = CARTESIAN_POINT('',(100.35001412316,150.06613154378,
    29.982314700089));
#2827 = CARTESIAN_POINT('',(101.08061669084,150.18022721965,
    30.786433308125));
#2828 = CARTESIAN_POINT('',(14.259398780794,0.,-2.966283665234));
#2829 = CARTESIAN_POINT('',(14.959022461475,1.733333612002,
    -2.943683405241));
#2830 = CARTESIAN_POINT('',(16.358269436431,5.199999870641,
    -2.898482897366));
#2831 = CARTESIAN_POINT('',(18.457140209505,10.400000034673,
    -2.830682125817));
#2832 = CARTESIAN_POINT('',(20.556010899323,15.599999990706,
    -2.762881356878));
#2833 = CARTESIAN_POINT('',(22.654881611457,20.800000002491,
    -2.695080587239));
#2834 = CARTESIAN_POINT('',(24.753752317606,25.999999999334,
    -2.627279817787));
#2835 = CARTESIAN_POINT('',(26.852623025371,31.200000000174,
    -2.559479048286));
#2836 = CARTESIAN_POINT('',(28.95149373266,36.399999999971,
    -2.491678278797));
#2837 = CARTESIAN_POINT('',(31.050364440238,41.599999999942,
    -2.423877509308));
#2838 = CARTESIAN_POINT('',(33.149235147138,46.800000000263,
    -2.356076739805));
#2839 = CARTESIAN_POINT('',(35.24810585646,51.999999999008,
    -2.288275970359));
#2840 = CARTESIAN_POINT('',(37.34697655677,57.200000003704,
    -2.220475200699));
#2841 = CARTESIAN_POINT('',(39.445847290705,62.399999986175,
    -2.152674431839));
#2842 = CARTESIAN_POINT('',(41.544717899153,67.600000051597,
    -2.084873659994));
#2843 = CARTESIAN_POINT('',(43.643588975925,72.799999807439,
    -2.017072899289));
#2844 = CARTESIAN_POINT('',(45.742458304888,78.000000718648,
    -1.949272097007));
#2845 = CARTESIAN_POINT('',(47.841334156764,83.19999731797,
    -1.881471449892));
#2846 = CARTESIAN_POINT('',(49.940185664795,88.400010009474,
    -1.813670223688));
#2847 = CARTESIAN_POINT('',(52.039128025293,93.599962644136,
    -1.745871158672));
#2848 = CARTESIAN_POINT('',(54.137731319766,98.800139413983,
    -1.678064027994));
#2849 = CARTESIAN_POINT('',(56.237600025875,103.99947969993,
    -1.610286998775));
#2850 = CARTESIAN_POINT('',(58.332746151468,109.20194178629,
    -1.542397629384));
#2851 = CARTESIAN_POINT('',(60.445517187486,114.39275315491,
    -1.474927519219));
#2852 = CARTESIAN_POINT('',(62.492511162319,119.62704559407,
    -1.405892712324));
#2853 = CARTESIAN_POINT('',(64.784988471466,124.69906446881,
    -1.342697433123));
#2854 = CARTESIAN_POINT('',(65.976241053236,129.61324778033,
    -1.269136833657));
#2855 = CARTESIAN_POINT('',(68.953346189278,132.42177157776,
    -1.254591769808));
#2856 = CARTESIAN_POINT('',(71.032027449497,135.07634665419,-1.041332822
    ));
#2857 = CARTESIAN_POINT('',(73.143330056682,137.67589861109,
    -0.485598263195));
#2858 = CARTESIAN_POINT('',(75.191561476731,140.1988765248,
    0.518037822167));
#2859 = CARTESIAN_POINT('',(77.210990840444,142.48918043943,
    2.000174670514));
#2860 = CARTESIAN_POINT('',(79.202272045075,144.42536901464,
    3.916344735928));
#2861 = CARTESIAN_POINT('',(81.174859052693,145.9233627903,
    6.161640224792));
#2862 = CARTESIAN_POINT('',(83.135914295943,146.97036139226,
    8.604893124499));
#2863 = CARTESIAN_POINT('',(85.093084118992,147.62756159218,
    11.124586897184));
#2864 = CARTESIAN_POINT('',(87.053977473598,148.01478324104,
    13.638942118045));
#2865 = CARTESIAN_POINT('',(89.022437598459,148.30301559195,
    16.08906818801));
#2866 = CARTESIAN_POINT('',(91.012947659328,148.59926874798,
    18.546859349376));
#2867 = CARTESIAN_POINT('',(93.030357177316,148.9000161554,
    21.003581425541));
#2868 = CARTESIAN_POINT('',(95.082018389336,149.20811922226,
    23.460248527728));
#2869 = CARTESIAN_POINT('',(97.175391175469,149.52449986478,
    25.916029830178));
#2870 = CARTESIAN_POINT('',(99.318044788395,149.85186540007,
    28.371388634162));
#2871 = CARTESIAN_POINT('',(100.76194984531,150.07230248576,
    29.981439955227));
#2872 = CARTESIAN_POINT('',(101.49255087368,150.18639920079,
    30.785565892743));
#2873 = CARTESIAN_POINT('',(16.283413614804,0.,-2.968192882475));
#2874 = CARTESIAN_POINT('',(16.967616227855,1.733333612532,
    -2.945578076121));
#2875 = CARTESIAN_POINT('',(18.33602107527,5.199999870395,
    -2.900348475329));
#2876 = CARTESIAN_POINT('',(20.388628650826,10.400000034739,
    -2.832504064562));
#2877 = CARTESIAN_POINT('',(22.441236144789,15.599999990689,
    -2.764659656362));
#2878 = CARTESIAN_POINT('',(24.493843660623,20.800000002495,
    -2.696815247475));
#2879 = CARTESIAN_POINT('',(26.546451170592,25.999999999332,
    -2.628970838771));
#2880 = CARTESIAN_POINT('',(28.599058682145,31.200000000174,
    -2.561126430019));
#2881 = CARTESIAN_POINT('',(30.651666193229,36.399999999971,
    -2.493282021278));
#2882 = CARTESIAN_POINT('',(32.704273704603,41.599999999942,
    -2.425437612539));
#2883 = CARTESIAN_POINT('',(34.756881215284,46.800000000263,
    -2.357593203785));
#2884 = CARTESIAN_POINT('',(36.809488728451,51.999999999008,
    -2.289748795088));
#2885 = CARTESIAN_POINT('',(38.862096232365,57.200000003704,
    -2.221904386176));
#2886 = CARTESIAN_POINT('',(40.914703770803,62.399999986175,
    -2.154059978065));
#2887 = CARTESIAN_POINT('',(42.967311180401,67.600000051595,
    -2.086215566966));
#2888 = CARTESIAN_POINT('',(45.019919070832,72.799999807444,
    -2.01837116702));
#2889 = CARTESIAN_POINT('',(47.072525166774,78.000000718627,
    -1.950526725452));
#2890 = CARTESIAN_POINT('',(49.125137959838,83.199997318046,
    -1.882682439216));
#2891 = CARTESIAN_POINT('',(51.177725758902,88.400010009187,
    -1.814837573271));
#2892 = CARTESIAN_POINT('',(53.230406836845,93.599962645204,
    -1.746994870833));
#2893 = CARTESIAN_POINT('',(55.282739793273,98.800139409996,
    -1.679144094078));
#2894 = CARTESIAN_POINT('',(57.336371956879,103.99947971481,
    -1.611323451083));
#2895 = CARTESIAN_POINT('',(59.385155413292,109.20194173075,
    -1.543390347365));
#2896 = CARTESIAN_POINT('',(61.452034491297,114.39275336218,
    -1.475876952779));
#2897 = CARTESIAN_POINT('',(63.451379790127,119.6270448205,
    -1.406797182386));
#2898 = CARTESIAN_POINT('',(65.702764584063,124.6990673558,
    -1.343563206091));
#2899 = CARTESIAN_POINT('',(66.837272378825,129.6132388429,
    -1.269948871133));
#2900 = CARTESIAN_POINT('',(69.819697406219,132.42179015468,
    -1.255409312098));
#2901 = CARTESIAN_POINT('',(71.883756689433,135.07644851118,
    -1.042131985192));
#2902 = CARTESIAN_POINT('',(73.976320508673,137.67611367413,
    -0.486357827983));
#2903 = CARTESIAN_POINT('',(75.999224202267,140.19921665949,
    0.517350698046));
#2904 = CARTESIAN_POINT('',(77.988725772316,142.48963445165,
    1.99959179507));
#2905 = CARTESIAN_POINT('',(79.9463078643,144.42590808957,3.915887844717
    ));
#2906 = CARTESIAN_POINT('',(81.88255308215,145.92394927365,
    6.161313542007));
#2907 = CARTESIAN_POINT('',(83.805670781776,146.97095941397,
    8.604682181005));
#2908 = CARTESIAN_POINT('',(85.724376212019,147.62814484172,
    11.124461851247));
#2909 = CARTESIAN_POINT('',(87.647340183283,148.01533782877,
    13.638865934616));
#2910 = CARTESIAN_POINT('',(89.579534213832,148.30353588875,
    16.088994588403));
#2911 = CARTESIAN_POINT('',(91.536373843265,148.59975770575,
    18.546790761277));
#2912 = CARTESIAN_POINT('',(93.523828403595,148.90047710078,
    21.003516604638));
#2913 = CARTESIAN_POINT('',(95.550319909212,149.20855666808,
    23.46018707343));
#2914 = CARTESIAN_POINT('',(97.624378963176,149.52491925517,
    25.915970828412));
#2915 = CARTESIAN_POINT('',(99.754644040076,149.85227326577,
    28.371331535804));
#2916 = CARTESIAN_POINT('',(101.19566891956,150.07270754143,
    29.98138253562));
#2917 = CARTESIAN_POINT('',(101.92626833811,150.18680433726,
    30.785508954525));
#2918 = CARTESIAN_POINT('',(18.399498899046,0.,-2.945662472947));
#2919 = CARTESIAN_POINT('',(19.067578956259,1.733333611734,
    -2.923219326644));
#2920 = CARTESIAN_POINT('',(20.403738696472,5.199999870765,
    -2.878333046689));
#2921 = CARTESIAN_POINT('',(22.407978607628,10.40000003464,
    -2.811003616587));
#2922 = CARTESIAN_POINT('',(24.412218438155,15.599999990715,
    -2.74367418921));
#2923 = CARTESIAN_POINT('',(26.416458290295,20.800000002488,
    -2.676344761102));
#2924 = CARTESIAN_POINT('',(28.420698136638,25.999999999334,
    -2.60901533319));
#2925 = CARTESIAN_POINT('',(30.424937984548,31.200000000174,
    -2.541685905226));
#2926 = CARTESIAN_POINT('',(32.429177831992,36.399999999971,
    -2.474356477275));
#2927 = CARTESIAN_POINT('',(34.43341767973,41.599999999942,
    -2.407027049325));
#2928 = CARTESIAN_POINT('',(36.437657526756,46.800000000263,
    -2.33969762136));
#2929 = CARTESIAN_POINT('',(38.441897376337,51.999999999008,
    -2.272368193452));
#2930 = CARTESIAN_POINT('',(40.446137216413,57.200000003705,
    -2.205038765331));
#2931 = CARTESIAN_POINT('',(42.450377091951,62.399999986171,
    -2.137709338002));
#2932 = CARTESIAN_POINT('',(44.454616835147,67.600000051612,
    -2.070379907722));
#2933 = CARTESIAN_POINT('',(46.45885707225,72.799999807379,
    -2.003050488453));
#2934 = CARTESIAN_POINT('',(48.463095466063,78.00000071887,
    -1.93572102809));
#2935 = CARTESIAN_POINT('',(50.467340739132,83.199997317141,
    -1.868391721094));
#2936 = CARTESIAN_POINT('',(52.47156033847,88.400010012566,
    -1.801061841722));
#2937 = CARTESIAN_POINT('',(54.475875753472,93.599962632595,
    -1.733734098488));
#2938 = CARTESIAN_POINT('',(56.479833579548,98.800139457052,
    -1.666398383077));
#2939 = CARTESIAN_POINT('',(58.485125945667,103.99947953919,
    -1.599092420236));
#2940 = CARTESIAN_POINT('',(60.485437740539,109.20194238616,
    -1.531675419293));
#2941 = CARTESIAN_POINT('',(62.504337280358,114.39275091613,
    -1.464672818186));
#2942 = CARTESIAN_POINT('',(64.453866411634,119.62705394927,
    -1.396123655839));
#2943 = CARTESIAN_POINT('',(66.662289432134,124.69903328675,
    -1.333346338617));
#2944 = CARTESIAN_POINT('',(67.737471175164,129.61334431219,
    -1.260366128795));
#2945 = CARTESIAN_POINT('',(70.725458090553,132.42157093094,
    -1.245761608205));
#2946 = CARTESIAN_POINT('',(72.774230257364,135.07524651082,
    -1.032701170496));
#2947 = CARTESIAN_POINT('',(74.847202879569,137.6735757448,
    -0.477394308597));
#2948 = CARTESIAN_POINT('',(76.843626713266,140.19520277696,
    0.525459355105));
#2949 = CARTESIAN_POINT('',(78.801839103662,142.48427671598,
    2.006470227847));
#2950 = CARTESIAN_POINT('',(80.724189143407,144.41954654059,
    3.921279554931));
#2951 = CARTESIAN_POINT('',(82.622439419105,145.91702826442,
    6.16516868053));
#2952 = CARTESIAN_POINT('',(84.505893833447,146.96390224221,
    8.607171496103));
#2953 = CARTESIAN_POINT('',(86.38438516337,147.62126199427,
    11.125937501123));
#2954 = CARTESIAN_POINT('',(88.267694380833,148.00879321542,
    13.63976496476));
#2955 = CARTESIAN_POINT('',(90.161972608002,148.29739593786,
    16.089863127211));
#2956 = CARTESIAN_POINT('',(92.083610171071,148.59398758282,
    18.547600159983));
#2957 = CARTESIAN_POINT('',(94.039747152159,148.89503754662,
    21.004281547159));
#2958 = CARTESIAN_POINT('',(96.039924005846,149.20339443467,
    23.460912287193));
#2959 = CARTESIAN_POINT('',(98.093790765898,149.51997006984,
    25.916667099878));
#2960 = CARTESIAN_POINT('',(100.21110376057,149.84746016498,
    28.372005346591));
#2961 = CARTESIAN_POINT('',(101.64911745596,150.06792738917,
    29.982060134433));
#2962 = CARTESIAN_POINT('',(102.37971518474,150.18202337759,
    30.786180874588));
#2963 = CARTESIAN_POINT('',(20.597680853768,0.,-2.901784447325));
#2964 = CARTESIAN_POINT('',(21.249012856414,1.733333611718,
    -2.879675609755));
#2965 = CARTESIAN_POINT('',(22.551676492962,5.199999870773,
    -2.835457947383));
#2966 = CARTESIAN_POINT('',(24.505672244223,10.400000034638,
    -2.76913144356));
#2967 = CARTESIAN_POINT('',(26.459667916035,15.599999990716,
    -2.702804942488));
#2968 = CARTESIAN_POINT('',(28.413663609142,20.800000002488,
    -2.636478440679));
#2969 = CARTESIAN_POINT('',(30.367659296539,25.999999999334,
    -2.570151939068));
#2970 = CARTESIAN_POINT('',(32.321654985478,31.200000000174,
    -2.503825437404));
#2971 = CARTESIAN_POINT('',(34.275650673957,36.399999999971,
    -2.437498935753));
#2972 = CARTESIAN_POINT('',(36.229646362734,41.599999999941,
    -2.371172434102));
#2973 = CARTESIAN_POINT('',(38.183642050781,46.800000000263,
    -2.304845932437));
#2974 = CARTESIAN_POINT('',(40.137637741451,51.999999999007,
    -2.238519430828));
#2975 = CARTESIAN_POINT('',(42.091633422357,57.200000003708,
    -2.172192929012));
#2976 = CARTESIAN_POINT('',(44.045629139699,62.399999986162,
    -2.105866427967));
#2977 = CARTESIAN_POINT('',(45.999624721058,67.600000051646,
    -2.039539924045));
#2978 = CARTESIAN_POINT('',(47.953620809911,72.799999807253,
    -1.973213430859));
#2979 = CARTESIAN_POINT('',(49.907615004776,78.000000719342,
    -1.906886897604));
#2980 = CARTESIAN_POINT('',(51.861616268096,83.199997315378,
    -1.84056051389));
#2981 = CARTESIAN_POINT('',(53.815591151585,88.400010019146,
    -1.774233572082));
#2982 = CARTESIAN_POINT('',(55.769664485942,93.59996260804,
    -1.707908713112));
#2983 = CARTESIAN_POINT('',(57.723370396657,98.800139548696,
    -1.641576080882));
#2984 = CARTESIAN_POINT('',(59.678447551074,103.99947919717,
    -1.575272458852));
#2985 = CARTESIAN_POINT('',(61.628407154325,109.20194366259,
    -1.508860569281));
#2986 = CARTESIAN_POINT('',(63.597465718537,114.39274615245,
    -1.442852739676));
#2987 = CARTESIAN_POINT('',(65.495245990073,119.62707172758,
    -1.375336937748));
#2988 = CARTESIAN_POINT('',(67.659040471349,124.69896693719,
    -1.313448965148));
#2989 = CARTESIAN_POINT('',(68.672594520387,129.61354971388,
    -1.24170371552));
#2990 = CARTESIAN_POINT('',(71.666359105473,132.42114399219,
    -1.22697268215));
#2991 = CARTESIAN_POINT('',(73.699251069503,135.07290561228,
    -1.014334636661));
#2992 = CARTESIAN_POINT('',(75.751872425095,137.66863312144,
    -0.459937833481));
#2993 = CARTESIAN_POINT('',(77.720789073414,140.18738573128,
    0.541250983826));
#2994 = CARTESIAN_POINT('',(79.646498373975,142.47384251315,
    2.019865991881));
#2995 = CARTESIAN_POINT('',(81.532249481703,144.40715740897,
    3.931779923274));
#2996 = CARTESIAN_POINT('',(83.391030745056,145.90354958262,
    6.172676571884));
#2997 = CARTESIAN_POINT('',(85.233283078071,146.95015838358,
    8.612019443119));
#2998 = CARTESIAN_POINT('',(87.070000141943,147.60785763265,
    11.128811332732));
#2999 = CARTESIAN_POINT('',(88.912116140553,147.9960475655,
    13.641515828083));
#3000 = CARTESIAN_POINT('',(90.767007564456,148.28543836904,
    16.091554608583));
#3001 = CARTESIAN_POINT('',(92.652077344727,148.58275025476,
    18.549176465874));
#3002 = CARTESIAN_POINT('',(94.575681734592,148.88444400225,
    21.005771274499));
#3003 = CARTESIAN_POINT('',(96.548523020338,149.19334097228,
    23.462324642787));
#3004 = CARTESIAN_POINT('',(98.581414096534,149.51033152225,
    25.918023089876));
#3005 = CARTESIAN_POINT('',(100.68527251342,149.83808663012,
    28.373317595927));
#3006 = CARTESIAN_POINT('',(102.12015820216,150.05861805295,
    29.98337975697));
#3007 = CARTESIAN_POINT('',(102.85075417503,150.17271244737,
    30.787489440493));
#3008 = CARTESIAN_POINT('',(22.867618575184,0.,-2.839976327623));
#3009 = CARTESIAN_POINT('',(23.501655809215,1.733333611983,
    -2.818338409302));
#3010 = CARTESIAN_POINT('',(24.769729925934,5.19999987065,-2.77506258459
    ));
#3011 = CARTESIAN_POINT('',(26.671841383464,10.400000034671,
    -2.710148837932));
#3012 = CARTESIAN_POINT('',(28.573952765292,15.599999990707,
    -2.645235093844));
#3013 = CARTESIAN_POINT('',(30.476064167413,20.800000002491,
    -2.580321349067));
#3014 = CARTESIAN_POINT('',(32.37817556409,25.999999999334,
    -2.515407604474));
#3015 = CARTESIAN_POINT('',(34.28028696224,31.200000000174,
    -2.450493859833));
#3016 = CARTESIAN_POINT('',(36.182398359947,36.399999999971,
    -2.385580115203));
#3017 = CARTESIAN_POINT('',(38.084509757952,41.599999999941,
    -2.320666370574));
#3018 = CARTESIAN_POINT('',(39.986621155208,46.800000000263,
    -2.255752625932));
#3019 = CARTESIAN_POINT('',(41.88873255516,51.999999999006,
    -2.190838881342));
#3020 = CARTESIAN_POINT('',(43.790843945077,57.200000003711,
    -2.125925136554));
#3021 = CARTESIAN_POINT('',(45.692955372438,62.399999986149,
    -2.061011392509));
#3022 = CARTESIAN_POINT('',(47.595066660059,67.600000051694,
    -1.99609764569));
#3023 = CARTESIAN_POINT('',(49.497178469199,72.799999807075,
    -1.931183909221));
#3024 = CARTESIAN_POINT('',(51.399288332001,78.000000720008,
    -1.866270134127));
#3025 = CARTESIAN_POINT('',(53.301405458633,83.199997312895,
    -1.801356503184));
#3026 = CARTESIAN_POINT('',(55.203495476284,88.400010028414,
    -1.736442334263));
#3027 = CARTESIAN_POINT('',(57.10568666603,93.59996257345,
    -1.671530173101));
#3028 = CARTESIAN_POINT('',(59.00750027638,98.800139677787,
    -1.606610518881));
#3029 = CARTESIAN_POINT('',(60.910723032216,103.9994787154,
    -1.541718829134));
#3030 = CARTESIAN_POINT('',(62.808686785502,109.2019454606,
    -1.476722774553));
#3031 = CARTESIAN_POINT('',(64.726277403504,114.39273944216,
    -1.412116214837));
#3032 = CARTESIAN_POINT('',(66.570619565192,119.62709677073,
    -1.346056040494));
#3033 = CARTESIAN_POINT('',(68.688328687421,124.69887347489,
    -1.285420829796));
#3034 = CARTESIAN_POINT('',(69.638243315263,129.61383904988,
    -1.215415188239));
#3035 = CARTESIAN_POINT('',(72.637974171867,132.42054259136,
    -1.200505944546));
#3036 = CARTESIAN_POINT('',(74.65446755195,135.06960814083,
    -0.988462895495));
#3037 = CARTESIAN_POINT('',(76.686073309783,137.66167076952,
    -0.435348032818));
#3038 = CARTESIAN_POINT('',(78.62658484925,140.17637436766,
    0.563495623698));
#3039 = CARTESIAN_POINT('',(80.518730054027,142.45914453053,
    2.03873573306));
#3040 = CARTESIAN_POINT('',(82.366687522258,144.38970564536,
    3.946571108935));
#3041 = CARTESIAN_POINT('',(84.184711377081,145.88456304059,
    6.183252449922));
#3042 = CARTESIAN_POINT('',(85.984416659609,146.9307983042,
    8.618848430642));
#3043 = CARTESIAN_POINT('',(87.777995810311,147.58897578061,
    11.13285951233));
#3044 = CARTESIAN_POINT('',(89.577573910212,147.97809359778,
    13.643982155324));
#3045 = CARTESIAN_POINT('',(91.391792818227,148.26859451988,
    16.093937288334));
#3046 = CARTESIAN_POINT('',(93.239101125059,148.56692096195,
    18.551396905417));
#3047 = CARTESIAN_POINT('',(95.129110954621,148.86952156543,
    21.007869756474));
#3048 = CARTESIAN_POINT('',(97.073724351523,149.17917931452,
    23.464314136205));
#3049 = CARTESIAN_POINT('',(99.08495502809,149.49675432524,
    25.919933184798));
#3050 = CARTESIAN_POINT('',(101.17491967255,149.8248827499,
    28.375166076026));
#3051 = CARTESIAN_POINT('',(102.60657523032,150.04550457805,
    29.985238623721));
#3052 = CARTESIAN_POINT('',(103.33716940105,150.1595967458,
    30.789332732139));
#3053 = CARTESIAN_POINT('',(25.198617085881,0.,-2.763664276834));
#3054 = CARTESIAN_POINT('',(25.814894331134,1.733333612799,
    -2.742607783752));
#3055 = CARTESIAN_POINT('',(27.047448470732,5.199999870271,
    -2.700494809206));
#3056 = CARTESIAN_POINT('',(28.896279962228,10.400000034772,
    -2.637325338047));
#3057 = CARTESIAN_POINT('',(30.745111378118,15.59999999068,
    -2.574155869391));
#3058 = CARTESIAN_POINT('',(32.593942814274,20.800000002498,
    -2.510986400065));
#3059 = CARTESIAN_POINT('',(34.442774244994,25.999999999332,
    -2.447816930918));
#3060 = CARTESIAN_POINT('',(36.291605677185,31.200000000174,
    -2.384647461723));
#3061 = CARTESIAN_POINT('',(38.140437108932,36.399999999971,
    -2.32147799254));
#3062 = CARTESIAN_POINT('',(39.989268540982,41.599999999941,
    -2.258308523358));
#3063 = CARTESIAN_POINT('',(41.838099972264,46.800000000263,
    -2.195139054162));
#3064 = CARTESIAN_POINT('',(43.686931406316,51.999999999005,
    -2.131969585018));
#3065 = CARTESIAN_POINT('',(45.535762830055,57.200000003715,
    -2.068800115683));
#3066 = CARTESIAN_POINT('',(47.384594292274,62.399999986133,
    -2.005630647057));
#3067 = CARTESIAN_POINT('',(49.233425610891,67.600000051753,
    -1.942461175786));
#3068 = CARTESIAN_POINT('',(51.082257465433,72.799999806854,
    -1.879291714387));
#3069 = CARTESIAN_POINT('',(52.931087319878,78.000000720829,
    -1.816122216146));
#3070 = CARTESIAN_POINT('',(54.779924638784,83.199997309828,
    -1.7529528554));
#3071 = CARTESIAN_POINT('',(56.628734099945,88.400010039857,
    -1.689782981516));
#3072 = CARTESIAN_POINT('',(58.477647527625,93.599962530743,
    -1.626615022692));
#3073 = CARTESIAN_POINT('',(60.326172946971,98.800139837172,
    -1.563439916764));
#3074 = CARTESIAN_POINT('',(62.176146433137,103.99947812057,
    -1.500291484191));
#3075 = CARTESIAN_POINT('',(64.020715660358,109.20194768055,
    -1.437043505302));
#3076 = CARTESIAN_POINT('',(65.885453856537,114.39273115723,
    -1.374167038322));
#3077 = CARTESIAN_POINT('',(67.674920435827,119.62712769052,
    -1.309904070021));
#3078 = CARTESIAN_POINT('',(69.745304513719,124.69875808066,
    -1.250815595098));
#3079 = CARTESIAN_POINT('',(70.629867834948,129.61419628163,
    -1.182957779104));
#3080 = CARTESIAN_POINT('',(73.635725454366,132.41980006543,
    -1.167828506146));
#3081 = CARTESIAN_POINT('',(75.635379132461,135.06553688271,
    -0.95652007576));
#3082 = CARTESIAN_POINT('',(77.645403977913,137.65307462785,
    -0.404987974525));
#3083 = CARTESIAN_POINT('',(79.5567463178,140.16277907073,0.590960204338
    ));
#3084 = CARTESIAN_POINT('',(81.414424560533,142.44099751035,
    2.062033459218));
#3085 = CARTESIAN_POINT('',(83.223571749278,144.36815864026,
    3.964833203249));
#3086 = CARTESIAN_POINT('',(84.999741830896,145.86112110501,
    6.196310069954));
#3087 = CARTESIAN_POINT('',(86.755755557316,146.90689517678,
    8.627279912543));
#3088 = CARTESIAN_POINT('',(88.50503639516,147.56566310165,
    11.137857640222));
#3089 = CARTESIAN_POINT('',(90.260932336908,147.95592654104,
    13.64702723242));
#3090 = CARTESIAN_POINT('',(92.033384647956,148.24779808279,
    16.096879089168));
#3091 = CARTESIAN_POINT('',(93.841915706601,148.54737715762,
    18.554138394659));
#3092 = CARTESIAN_POINT('',(95.697427290192,148.85109742046,
    21.010460669507));
#3093 = CARTESIAN_POINT('',(97.613053474391,149.16169447355,
    23.466770485375));
#3094 = CARTESIAN_POINT('',(99.602041092871,149.47999109474,
    25.92229150371));
#3095 = CARTESIAN_POINT('',(101.67773822113,149.80858043965,
    28.377448321785));
#3096 = CARTESIAN_POINT('',(103.10607676985,150.02931388594,
    29.987533692854));
#3097 = CARTESIAN_POINT('',(103.83666908191,150.1434033057,
    30.791608571729));
#3098 = CARTESIAN_POINT('',(27.585027328757,0.,-2.676815790028));
#3099 = CARTESIAN_POINT('',(28.183122394052,1.733333612532,
    -2.656420999853));
#3100 = CARTESIAN_POINT('',(29.37931219687,5.199999870395,-2.6156314306)
  );
#3101 = CARTESIAN_POINT('',(31.173597164599,10.400000034739,
    -2.5544470678));
#3102 = CARTESIAN_POINT('',(32.967882061705,15.599999990689,
    -2.49326270739));
#3103 = CARTESIAN_POINT('',(34.762166977741,20.800000002495,
    -2.43207834634));
#3104 = CARTESIAN_POINT('',(36.5564518887,25.999999999332,
    -2.370893985461));
#3105 = CARTESIAN_POINT('',(38.350736801034,31.200000000174,
    -2.309709624537));
#3106 = CARTESIAN_POINT('',(40.145021712948,36.399999999971,
    -2.248525263624));
#3107 = CARTESIAN_POINT('',(41.939306625164,41.599999999941,
    -2.187340902711));
#3108 = CARTESIAN_POINT('',(43.733591536593,46.800000000264,
    -2.126156541786));
#3109 = CARTESIAN_POINT('',(45.527876450867,51.999999999004,
    -2.064972180909));
#3110 = CARTESIAN_POINT('',(47.322161354546,57.20000000372,
    -2.003787819852));
#3111 = CARTESIAN_POINT('',(49.116446297762,62.399999986115,
    -1.942603459466));
#3112 = CARTESIAN_POINT('',(50.910731093426,67.60000005182,
    -1.881419096579));
#3113 = CARTESIAN_POINT('',(52.705016439761,72.799999806604,
    -1.820234743021));
#3114 = CARTESIAN_POINT('',(54.499299730963,78.000000721764,
    -1.759050354651));
#3115 = CARTESIAN_POINT('',(56.293590692026,83.199997306339,
    -1.697866096201));
#3116 = CARTESIAN_POINT('',(58.08785302878,88.40001005288,-1.63668135288
    ));
#3117 = CARTESIAN_POINT('',(59.882222192908,93.599962482139,
    -1.575498419123));
#3118 = CARTESIAN_POINT('',(61.676192671848,98.800140018563,
    -1.514308731983));
#3119 = CARTESIAN_POINT('',(63.471651064166,103.9994774436,
    -1.453144248813));
#3120 = CARTESIAN_POINT('',(65.261556488159,109.20195020699,
    -1.391885703141));
#3121 = CARTESIAN_POINT('',(67.072185872077,114.39272172839,
    -1.330978203509));
#3122 = CARTESIAN_POINT('',(68.805472384618,119.62716287942,
    -1.268760582222));
#3123 = CARTESIAN_POINT('',(70.827406422741,124.6986267539,
    -1.211432401513));
#3124 = CARTESIAN_POINT('',(71.645064927526,129.61460283652,
    -1.146018962235));
#3125 = CARTESIAN_POINT('',(74.657194953154,132.41895501865,
    -1.130639280481));
#3126 = CARTESIAN_POINT('',(76.639608621389,135.06090350432,
    -0.920166897858));
#3127 = CARTESIAN_POINT('',(78.627539540086,137.64329161339,
    -0.370436090585));
#3128 = CARTESIAN_POINT('',(80.509019279748,140.14730666561,
    0.622216830842));
#3129 = CARTESIAN_POINT('',(82.331411223118,142.42034492367,
    2.088547911942));
#3130 = CARTESIAN_POINT('',(84.100825547141,144.34363663137,
    3.985616752383));
#3131 = CARTESIAN_POINT('',(85.834146921382,145.83444253182,
    6.211170560916));
#3132 = CARTESIAN_POINT('',(87.54543047035,146.87969173479,
    8.636875532594));
#3133 = CARTESIAN_POINT('',(89.249359950369,147.53913163158,
    11.143545861673));
#3134 = CARTESIAN_POINT('',(90.960535336027,147.93069886973,
    13.650492744554));
#3135 = CARTESIAN_POINT('',(92.690228188258,148.22413027314,
    16.100227065645));
#3136 = CARTESIAN_POINT('',(94.459060198703,148.52513493227,
    18.557258402437));
#3137 = CARTESIAN_POINT('',(96.279253455273,148.8301294462,
    21.013409310969));
#3138 = CARTESIAN_POINT('',(98.165203352486,149.14179549378,
    23.469565983642));
#3139 = CARTESIAN_POINT('',(100.1314191573,149.4609133569,
    25.924975436821));
#3140 = CARTESIAN_POINT('',(102.1925096101,149.79002726765,
    28.380045677596));
#3141 = CARTESIAN_POINT('',(103.61745229011,150.0108877275,
    29.990145644342));
#3142 = CARTESIAN_POINT('',(104.34804270539,150.1249740307,
    30.794198637419));
#3143 = CARTESIAN_POINT('',(30.016481872554,0.,-2.580893189715));
#3144 = CARTESIAN_POINT('',(30.596051566912,1.733333612532,
    -2.56122923844));
#3145 = CARTESIAN_POINT('',(31.755190638193,5.199999870395,
    -2.521901346847));
#3146 = CARTESIAN_POINT('',(33.493899500308,10.400000034739,
    -2.462909500649));
#3147 = CARTESIAN_POINT('',(35.232608294026,15.599999990689,
    -2.403917656812));
#3148 = CARTESIAN_POINT('',(36.971317106078,20.800000002495,
    -2.344925812342));
#3149 = CARTESIAN_POINT('',(38.710025913213,25.999999999332,
    -2.285933968041));
#3150 = CARTESIAN_POINT('',(40.448734721679,31.200000000174,
    -2.226942123695));
#3151 = CARTESIAN_POINT('',(42.187443529736,36.399999999971,
    -2.167950279361));
#3152 = CARTESIAN_POINT('',(43.926152338098,41.599999999941,
    -2.108958435026));
#3153 = CARTESIAN_POINT('',(45.664861145652,46.800000000264,
    -2.049966590681));
#3154 = CARTESIAN_POINT('',(47.40356995613,51.999999999003,
    -1.99097474638));
#3155 = CARTESIAN_POINT('',(49.142278755723,57.200000003726,
    -1.931982901911));
#3156 = CARTESIAN_POINT('',(50.880987595931,62.399999986095,
    -1.872991058069));
#3157 = CARTESIAN_POINT('',(52.619696284561,67.600000051894,
    -1.813999211888));
#3158 = CARTESIAN_POINT('',(54.358405538889,72.799999806327,
    -1.755007374435));
#3159 = CARTESIAN_POINT('',(56.097112682007,78.000000722797,
    -1.696015504411));
#3160 = CARTESIAN_POINT('',(57.835827704263,83.199997302485,
    -1.637023755942));
#3161 = CARTESIAN_POINT('',(59.574513321178,88.400010067265,
    -1.578031553823));
#3162 = CARTESIAN_POINT('',(61.31330868032,93.599962428457,
    -1.519041044749));
#3163 = CARTESIAN_POINT('',(63.051694475892,98.800140218906,
    -1.460044217147));
#3164 = CARTESIAN_POINT('',(64.791608783519,103.99947669591,
    -1.40107097061));
#3165 = CARTESIAN_POINT('',(66.525818606498,109.20195299741,
    -1.342009718343));
#3166 = CARTESIAN_POINT('',(68.281317856012,114.39271131441,
    -1.283276907929));
#3167 = CARTESIAN_POINT('',(69.957363884034,119.62720174493,
    -1.223318335836));
#3168 = CARTESIAN_POINT('',(71.929933371489,124.69848170585,
    -1.167934368603));
#3169 = CARTESIAN_POINT('',(72.67942420878,129.61505186912,
    -1.105220699688));
#3170 = CARTESIAN_POINT('',(75.697945034408,132.41802167959,
    -1.089564445897));
#3171 = CARTESIAN_POINT('',(77.662793281762,135.05578602077,
    -0.880015463076));
#3172 = CARTESIAN_POINT('',(79.628213243361,137.6324864489,
    -0.332274152765));
#3173 = CARTESIAN_POINT('',(81.479266716111,140.13021767089,
    0.656739215763));
#3174 = CARTESIAN_POINT('',(83.265706319277,142.39753451108,
    2.11783265074));
#3175 = CARTESIAN_POINT('',(84.99463780731,144.31655251114,
    4.008571810669));
#3176 = CARTESIAN_POINT('',(86.684301690323,145.8049765249,6.22758370739
    ));
#3177 = CARTESIAN_POINT('',(88.350010764601,146.84964601968,
    8.647473723314));
#3178 = CARTESIAN_POINT('',(90.00773286457,147.50982809743,
    11.149828400528));
#3179 = CARTESIAN_POINT('',(91.673343578506,147.90283535798,
    13.654320340722));
#3180 = CARTESIAN_POINT('',(93.359469872668,148.1979896007,
    16.103924845783));
#3181 = CARTESIAN_POINT('',(95.087853501934,148.50056879218,
    18.560704395225));
#3182 = CARTESIAN_POINT('',(96.872061786144,148.8069706937,
    21.016666032725));
#3183 = CARTESIAN_POINT('',(98.727775246277,149.11981742635,
    23.472653561481));
#3184 = CARTESIAN_POINT('',(100.67078941226,149.43984233736,
    25.927939792919));
#3185 = CARTESIAN_POINT('',(102.71699748164,149.76953561837,
    28.382914410701));
#3186 = CARTESIAN_POINT('',(104.13848019989,149.99053637096,
    29.993030497892));
#3187 = CARTESIAN_POINT('',(104.86906867906,150.1046192261,
    30.797059318649));
#3188 = CARTESIAN_POINT('',(32.480538884146,0.,-2.466856131139));
#3189 = CARTESIAN_POINT('',(33.041334810671,1.733333609886,
    -2.448061033744));
#3190 = CARTESIAN_POINT('',(34.162926346722,5.199999871623,
    -2.410470849564));
#3191 = CARTESIAN_POINT('',(35.84531390564,10.40000003441,
    -2.354085564763));
#3192 = CARTESIAN_POINT('',(37.527701396257,15.599999990777,
    -2.297700282249));
#3193 = CARTESIAN_POINT('',(39.210088905181,20.800000002472,
    -2.241314999122));
#3194 = CARTESIAN_POINT('',(40.892476409195,25.999999999339,
    -2.184929716159));
#3195 = CARTESIAN_POINT('',(42.574863914539,31.200000000172,
    -2.128544433153));
#3196 = CARTESIAN_POINT('',(44.257251419473,36.399999999972,
    -2.072159150157));
#3197 = CARTESIAN_POINT('',(45.939638924717,41.599999999941,
    -2.015773867161));
#3198 = CARTESIAN_POINT('',(47.622026429133,46.800000000264,
    -1.959388584155));
#3199 = CARTESIAN_POINT('',(49.30441393655,51.999999999001,
    -1.90300330119));
#3200 = CARTESIAN_POINT('',(50.98680143279,57.200000003732,
    -1.846618018071));
#3201 = CARTESIAN_POINT('',(52.669188970738,62.399999986071,
    -1.790232735527));
#3202 = CARTESIAN_POINT('',(54.351576353029,67.600000051983,
    -1.733847450837));
#3203 = CARTESIAN_POINT('',(56.033964316243,72.799999805998,
    -1.677462174159));
#3204 = CARTESIAN_POINT('',(57.716350111421,78.000000724025,
    -1.621076867576));
#3205 = CARTESIAN_POINT('',(59.398743997819,83.199997297903,
    -1.564691672602));
#3206 = CARTESIAN_POINT('',(61.081107687371,88.400010084365,
    -1.508306061095));
#3207 = CARTESIAN_POINT('',(62.763584073089,93.599962364638,
    -1.45192200411));
#3208 = CARTESIAN_POINT('',(64.44563987099,98.800140457082,
    -1.395532145574));
#3209 = CARTESIAN_POINT('',(66.129265323994,103.99947580703,
    -1.339163938718));
#3210 = CARTESIAN_POINT('',(67.807032744403,109.20195631479,
    -1.282714926695));
#3211 = CARTESIAN_POINT('',(69.506662640087,114.3926989338,
    -1.226567483658));
#3212 = CARTESIAN_POINT('',(71.124700667266,119.62724794998,
    -1.169294569841));
#3213 = CARTESIAN_POINT('',(73.047243693192,124.69830926626,
    -1.116221970161));
#3214 = CARTESIAN_POINT('',(73.727652828139,129.61558569908,
    -1.056717908471));
#3215 = CARTESIAN_POINT('',(76.752650145623,132.41691208456,
    -1.040732853527));
#3216 = CARTESIAN_POINT('',(78.699697443914,135.04970212844,
    -0.832281649509));
#3217 = CARTESIAN_POINT('',(80.642304607381,137.6196407882,
    -0.286905541778));
#3218 = CARTESIAN_POINT('',(82.462523838746,140.10990151301,0.6977809642
    ));
#3219 = CARTESIAN_POINT('',(84.212529030178,142.37041647687,
    2.152647652239));
#3220 = CARTESIAN_POINT('',(85.900434862959,144.28435370299,
    4.035861806122));
#3221 = CARTESIAN_POINT('',(87.545855867715,145.76994602379,
    6.247096386778));
#3222 = CARTESIAN_POINT('',(89.165379376158,146.81392633564,
    8.660073324368));
#3223 = CARTESIAN_POINT('',(90.776274518538,147.47499075118,
    11.157297362472));
#3224 = CARTESIAN_POINT('',(92.39570960105,147.86970997448,
    13.658870757485));
#3225 = CARTESIAN_POINT('',(94.037685169408,148.1669124053,
    16.108320931468));
#3226 = CARTESIAN_POINT('',(95.725078060204,148.47136347091,
    18.564801144898));
#3227 = CARTESIAN_POINT('',(97.472818863062,148.77943853762,
    21.020537768563));
#3228 = CARTESIAN_POINT('',(99.297890456647,149.09368892064,
    23.476324211512));
#3229 = CARTESIAN_POINT('',(101.21739188302,149.41479217299,
    25.931463951414));
#3230 = CARTESIAN_POINT('',(103.24851801145,149.74517422578,
    28.386324888489));
#3231 = CARTESIAN_POINT('',(104.6664943879,149.96634178857,
    29.996460139962));
#3232 = CARTESIAN_POINT('',(105.39708089583,150.080420528,
    30.800460223877));
#3233 = CARTESIAN_POINT('',(34.959644330532,0.,-2.340596188121));
#3234 = CARTESIAN_POINT('',(35.501551830315,1.733333611235,
    -2.322763071512));
#3235 = CARTESIAN_POINT('',(36.585366527755,5.199999870997,
    -2.287096847976));
#3236 = CARTESIAN_POINT('',(38.2110888168,10.400000034578,
    -2.233597504888));
#3237 = CARTESIAN_POINT('',(39.836811040747,15.599999990732,
    -2.180098163886));
#3238 = CARTESIAN_POINT('',(41.462533282145,20.800000002484,
    -2.126598822325));
#3239 = CARTESIAN_POINT('',(43.088255518861,25.999999999336,
    -2.073099480914));
#3240 = CARTESIAN_POINT('',(44.713977756847,31.200000000173,
    -2.019600139463));
#3241 = CARTESIAN_POINT('',(46.339699994437,36.399999999971,
    -1.966100798022));
#3242 = CARTESIAN_POINT('',(47.965422232338,41.599999999941,
    -1.91260145658));
#3243 = CARTESIAN_POINT('',(49.591144469392,46.800000000265,
    -1.85910211513));
#3244 = CARTESIAN_POINT('',(51.216866709525,51.999999998999,
    -1.805602773716));
#3245 = CARTESIAN_POINT('',(52.842588938186,57.200000003739,
    -1.752103432164));
#3246 = CARTESIAN_POINT('',(54.468311209657,62.399999986045,
    -1.69860409113));
#3247 = CARTESIAN_POINT('',(56.094033321364,67.60000005208,
    -1.645104748161));
#3248 = CARTESIAN_POINT('',(57.719756029314,72.799999805634,
    -1.591605412415));
#3249 = CARTESIAN_POINT('',(59.345476512054,78.000000725384,
    -1.538106049713));
#3250 = CARTESIAN_POINT('',(60.971205299393,83.199997292829,
    -1.484606787609));
#3251 = CARTESIAN_POINT('',(62.596903093546,88.400010103298,
    -1.431107150069));
#3252 = CARTESIAN_POINT('',(64.222716555843,93.599962293979,
    -1.377608913678));
#3253 = CARTESIAN_POINT('',(65.84809833875,98.800140720788,
    -1.324105448126));
#3254 = CARTESIAN_POINT('',(67.475091171075,103.99947482287,
    -1.270621498069));
#3255 = CARTESIAN_POINT('',(69.096071485115,109.20195998773,
    -1.21706471519));
#3256 = CARTESIAN_POINT('',(70.73949082288,114.3926852262,
    -1.163779748107));
#3257 = CARTESIAN_POINT('',(72.299166584028,119.62729910744,
    -1.109480350663));
#3258 = CARTESIAN_POINT('',(74.17137762792,124.69811834401,
    -1.058966858866));
#3259 = CARTESIAN_POINT('',(74.78228316627,129.61617674676,
    -1.00301642115));
#3260 = CARTESIAN_POINT('',(77.813796528699,132.41568355931,
    -0.986667323015));
#3261 = CARTESIAN_POINT('',(79.742934164362,135.04296614359,
    -0.779431561509));
#3262 = CARTESIAN_POINT('',(81.662589207878,137.60541828539,
    -0.23667416691));
#3263 = CARTESIAN_POINT('',(83.451785887657,140.0874077994,
    0.743221708495));
#3264 = CARTESIAN_POINT('',(85.165134155916,142.34039183842,
    2.191194245429));
#3265 = CARTESIAN_POINT('',(86.811763782467,144.24870371576,
    4.066076837218));
#3266 = CARTESIAN_POINT('',(88.412671709832,145.73116083299,
    6.268700502303));
#3267 = CARTESIAN_POINT('',(89.985727588969,146.77437809293,
    8.674023394028));
#3268 = CARTESIAN_POINT('',(91.549509793194,147.43641941825,
    11.165566873464));
#3269 = CARTESIAN_POINT('',(93.122487241483,147.83303409836,
    13.663908903579));
#3270 = CARTESIAN_POINT('',(94.720042447687,148.13250424912,
    16.113188204748));
#3271 = CARTESIAN_POINT('',(96.366194262308,148.4390278228,
    18.569336998302));
#3272 = CARTESIAN_POINT('',(98.077244870289,148.74895539022,
    21.02482449037));
#3273 = CARTESIAN_POINT('',(99.871487462471,149.06475987206,
    23.480388294462));
#3274 = CARTESIAN_POINT('',(101.76733255091,149.38705704459,
    25.935365841288));
#3275 = CARTESIAN_POINT('',(103.78328463736,149.71820169991,
    28.390100913249));
#3276 = CARTESIAN_POINT('',(105.1977332401,149.93955393733,
    30.000257382376));
#3277 = CARTESIAN_POINT('',(105.9283177772,150.05362813016,
    30.804225649834));
#3278 = CARTESIAN_POINT('',(37.440200184542,0.,-2.204252711969));
#3279 = CARTESIAN_POINT('',(37.963208205964,1.733333611483,
    -2.187458402914));
#3280 = CARTESIAN_POINT('',(39.009223964653,5.199999870882,
    -2.153869794082));
#3281 = CARTESIAN_POINT('',(40.578247831124,10.400000034609,
    -2.103486873375));
#3282 = CARTESIAN_POINT('',(42.14727163637,15.599999990724,
    -2.053103954667));
#3283 = CARTESIAN_POINT('',(43.716295458028,20.800000002486,
    -2.002721035423));
#3284 = CARTESIAN_POINT('',(45.285319275282,25.999999999335,
    -1.952338116322));
#3285 = CARTESIAN_POINT('',(46.854343093732,31.200000000173,
    -1.901955197183));
#3286 = CARTESIAN_POINT('',(48.423366911805,36.399999999971,
    -1.851572278054));
#3287 = CARTESIAN_POINT('',(49.99239073019,41.599999999941,
    -1.801189358925));
#3288 = CARTESIAN_POINT('',(51.561414547707,46.800000000266,
    -1.750806439787));
#3289 = CARTESIAN_POINT('',(53.130438368382,51.999999998997,
    -1.700423520683));
#3290 = CARTESIAN_POINT('',(54.699462177291,57.200000003747,
    -1.650040601455));
#3291 = CARTESIAN_POINT('',(56.268486030108,62.399999986017,
    -1.599657682685));
#3292 = CARTESIAN_POINT('',(57.837509719056,67.600000052186,
    -1.549274762208));
#3293 = CARTESIAN_POINT('',(59.406534019576,72.799999805241,
    -1.498891848101));
#3294 = CARTESIAN_POINT('',(60.975556037677,78.000000726852,
    -1.448508910224));
#3295 = CARTESIAN_POINT('',(62.54458657388,83.199997287351,
    -1.398126061054));
#3296 = CARTESIAN_POINT('',(64.113585320093,88.400010123743,
    -1.347742880825));
#3297 = CARTESIAN_POINT('',(65.682702708166,93.599962217676,
    -1.297360936126));
#3298 = CARTESIAN_POINT('',(67.251377318786,98.800141005553,
    -1.246974380367));
#3299 = CARTESIAN_POINT('',(68.82170439736,103.99947376011,
    -1.196605033319));
#3300 = CARTESIAN_POINT('',(70.385864381573,109.201963954,
    -1.146171462488));
#3301 = CARTESIAN_POINT('',(71.973040275274,114.39267042387,
    -1.095977578075));
#3302 = CARTESIAN_POINT('',(73.474319625384,119.62735435051,
    -1.044889171773));
#3303 = CARTESIAN_POINT('',(75.296169240372,124.69791217408,
    -0.997139166608));
#3304 = CARTESIAN_POINT('',(75.837530518852,129.61681499746,
    -0.945026156932));
#3305 = CARTESIAN_POINT('',(78.875563738456,132.41435692001,
    -0.928283941921));
#3306 = CARTESIAN_POINT('',(80.786781233392,135.0356922009,
    -0.722360692153));
#3307 = CARTESIAN_POINT('',(82.683470728754,137.59005992685,
    -0.182431149706));
#3308 = CARTESIAN_POINT('',(84.441626707116,140.06311766405,
    0.792291499658));
#3309 = CARTESIAN_POINT('',(86.118296605966,142.30796933387,
    2.232819295969));
#3310 = CARTESIAN_POINT('',(87.723625877527,144.21020660363,
    4.09870493979));
#3311 = CARTESIAN_POINT('',(89.279994685,145.68927812966,6.292029993347)
  );
#3312 = CARTESIAN_POINT('',(90.806555748812,146.73167139786,
    8.689087562003));
#3313 = CARTESIAN_POINT('',(92.323197451326,147.39476765217,
    11.174496814726));
#3314 = CARTESIAN_POINT('',(93.849690085221,147.79342916649,
    13.669349412544));
#3315 = CARTESIAN_POINT('',(95.402798941016,148.09534814476,
    16.118444194435));
#3316 = CARTESIAN_POINT('',(97.007685551245,148.40410974377,
    18.574235099834));
#3317 = CARTESIAN_POINT('',(98.682024498683,148.71603775878,
    21.029453563846));
#3318 = CARTESIAN_POINT('',(100.44542005273,149.03352045444,
    23.484776948385));
#3319 = CARTESIAN_POINT('',(102.31759496356,149.35710689921,
    25.939579348965));
#3320 = CARTESIAN_POINT('',(104.31836412838,149.68907505451,
    28.394178503422));
#3321 = CARTESIAN_POINT('',(105.72928289867,149.91062673183,
    30.004357885707));
#3322 = CARTESIAN_POINT('',(106.4598654602,150.02469600356,
    30.808291795056));
#3323 = CARTESIAN_POINT('',(39.909764662348,0.,-2.060686227632));
#3324 = CARTESIAN_POINT('',(40.413956952622,1.733333611483,
    -2.044985758569));
#3325 = CARTESIAN_POINT('',(41.422341255227,5.199999870882,
    -2.013584829335));
#3326 = CARTESIAN_POINT('',(42.934917932578,10.400000034609,
    -1.966483428335));
#3327 = CARTESIAN_POINT('',(44.447494550043,15.599999990724,
    -1.919382029252));
#3328 = CARTESIAN_POINT('',(45.960071183561,20.800000002486,
    -1.872280629654));
#3329 = CARTESIAN_POINT('',(47.472647812771,25.999999999335,
    -1.825179230195));
#3330 = CARTESIAN_POINT('',(48.985224443152,31.200000000173,
    -1.778077830698));
#3331 = CARTESIAN_POINT('',(50.497801073161,36.399999999971,
    -1.730976431211));
#3332 = CARTESIAN_POINT('',(52.010377703486,41.599999999941,
    -1.683875031724));
#3333 = CARTESIAN_POINT('',(53.522954332922,46.800000000266,
    -1.636773632229));
#3334 = CARTESIAN_POINT('',(55.035530965595,51.999999998995,
    -1.589672232762));
#3335 = CARTESIAN_POINT('',(56.548107586208,57.200000003754,
    -1.542570833191));
#3336 = CARTESIAN_POINT('',(58.060684251826,62.399999985987,
    -1.495469434012));
#3337 = CARTESIAN_POINT('',(59.573260749484,67.600000052297,
    -1.448368033367));
#3338 = CARTESIAN_POINT('',(61.085837873976,72.799999804826,
    -1.401266638192));
#3339 = CARTESIAN_POINT('',(62.598412659094,78.000000728398,
    -1.354165222604));
#3340 = CARTESIAN_POINT('',(64.110996174872,83.199997281583,
    -1.307063883201));
#3341 = CARTESIAN_POINT('',(65.623547107385,88.400010145272,
    -1.259962259468));
#3342 = CARTESIAN_POINT('',(67.136219642299,93.599962137331,
    -1.212861696871));
#3343 = CARTESIAN_POINT('',(68.648438350872,98.800141305405,
    -1.16575717406));
#3344 = CARTESIAN_POINT('',(70.162350762407,103.99947264104,
    -1.118667430968));
#3345 = CARTESIAN_POINT('',(71.669942188436,109.20196813039,
    -1.071522529213));
#3346 = CARTESIAN_POINT('',(73.201123853527,114.39265483735,
    -1.024583482393));
#3347 = CARTESIAN_POINT('',(74.644265547877,119.62741252016,
    -0.976876174495));
#3348 = CARTESIAN_POINT('',(76.415976886129,124.69769508198,
    -0.932036055974));
#3349 = CARTESIAN_POINT('',(76.888102056284,129.61748706047,
    -0.883963768069));
#3350 = CARTESIAN_POINT('',(79.932626243488,132.41295999992,
    -0.866807610204));
#3351 = CARTESIAN_POINT('',(81.826003002081,135.02803290975,
    -0.66226640453));
#3352 = CARTESIAN_POINT('',(83.699828709941,137.57388793533,
    -0.12531452411));
#3353 = CARTESIAN_POINT('',(85.42708152865,140.03754072092,
    0.843960839499));
#3354 = CARTESIAN_POINT('',(87.067235580437,142.2738291966,
    2.276649498447));
#3355 = CARTESIAN_POINT('',(88.631447499433,144.16967004697,
    4.133061566957));
#3356 = CARTESIAN_POINT('',(90.14347454045,145.64517662483,
    6.316595400546));
#3357 = CARTESIAN_POINT('',(91.623746808087,146.68670224904,
    8.704949777759));
#3358 = CARTESIAN_POINT('',(93.093456889084,147.35090931886,
    11.183899833546));
#3359 = CARTESIAN_POINT('',(94.573670683421,147.75172610162,
    13.675078140951));
#3360 = CARTESIAN_POINT('',(96.082530131182,148.05622363784,
    16.123978628369));
#3361 = CARTESIAN_POINT('',(97.646334383684,148.36734182509,
    18.57939268593));
#3362 = CARTESIAN_POINT('',(99.284124340469,148.6813762644,
    21.034327869704));
#3363 = CARTESIAN_POINT('',(101.0168095399,149.00062608033,
    23.489398098092));
#3364 = CARTESIAN_POINT('',(102.86541915645,149.32557009681,
    25.944016073771));
#3365 = CARTESIAN_POINT('',(104.85107267364,149.65840538497,
    28.398472110318));
#3366 = CARTESIAN_POINT('',(106.2584772566,149.8801670508,
    30.008675619533));
#3367 = CARTESIAN_POINT('',(106.9890578483,149.99423115245,
    30.81257335066));
#3368 = CARTESIAN_POINT('',(42.355888533109,0.,-1.912276743957));
#3369 = CARTESIAN_POINT('',(42.841443689177,1.733333609886,
    -1.897707013997));
#3370 = CARTESIAN_POINT('',(43.812553723206,5.199999871623,
    -1.868567562345));
#3371 = CARTESIAN_POINT('',(45.269218997825,10.40000003441,
    -1.824858378222));
#3372 = CARTESIAN_POINT('',(46.725884212522,15.599999990777,
    -1.781149195879));
#3373 = CARTESIAN_POINT('',(48.182549443281,20.800000002472,
    -1.737440013059));
#3374 = CARTESIAN_POINT('',(49.639214669731,25.999999999339,
    -1.693730830367));
#3375 = CARTESIAN_POINT('',(51.095879897352,31.200000000172,
    -1.650021647641));
#3376 = CARTESIAN_POINT('',(52.5525451246,36.399999999972,
    -1.606312464924));
#3377 = CARTESIAN_POINT('',(54.009210352169,41.59999999994,
    -1.562603282206));
#3378 = CARTESIAN_POINT('',(55.465875578828,46.800000000267,
    -1.518894099482));
#3379 = CARTESIAN_POINT('',(56.922540808803,51.999999998993,
    -1.475184916781));
#3380 = CARTESIAN_POINT('',(58.379206026426,57.200000003763,
    -1.431475733993));
#3381 = CARTESIAN_POINT('',(59.835871290139,62.399999985957,
    -1.387766551531));
#3382 = CARTESIAN_POINT('',(61.292536381843,67.600000052411,
    -1.344057367853));
#3383 = CARTESIAN_POINT('',(62.749202115496,72.799999804398,
    -1.300348188715));
#3384 = CARTESIAN_POINT('',(64.205865453362,78.000000729995,
    -1.256638992631));
#3385 = CARTESIAN_POINT('',(65.662537732427,83.19999727562,
    -1.21292985979));
#3386 = CARTESIAN_POINT('',(67.119176642482,88.400010167526,
    -1.169220490924));
#3387 = CARTESIAN_POINT('',(68.575940087378,93.599962054276,
    -1.125512002917));
#3388 = CARTESIAN_POINT('',(70.03223876192,98.800141615372,
    -1.081800227497));
#3389 = CARTESIAN_POINT('',(71.490271983037,103.99947148423,
    -1.038100720868));
#3390 = CARTESIAN_POINT('',(72.941831788207,109.20197244767,
    -0.994355426491));
#3391 = CARTESIAN_POINT('',(74.417550710591,114.39263872506,
    -0.950781014313));
#3392 = CARTESIAN_POINT('',(75.803106580064,119.62747265208,
    -0.906568861087));
#3393 = CARTESIAN_POINT('',(77.525155543971,124.6974706666,
    -0.864736789857));
#3394 = CARTESIAN_POINT('',(77.928701780952,129.61818179453,
    -0.820841531393));
#3395 = CARTESIAN_POINT('',(80.979655324804,132.41151595684,
    -0.803257466934));
#3396 = CARTESIAN_POINT('',(82.855360687719,135.02011524395,
    -0.600144926531));
#3397 = CARTESIAN_POINT('',(84.706539626527,137.557170406,
    -6.627115508796E-02));
#3398 = CARTESIAN_POINT('',(86.40318261213,140.0111009781,0.897373166778
    ));
#3399 = CARTESIAN_POINT('',(88.007167417896,142.23853739317,
    2.32195824686));
#3400 = CARTESIAN_POINT('',(89.530652261931,144.12776605057,
    4.168577163249));
#3401 = CARTESIAN_POINT('',(90.998758419581,145.59958742209,
    6.341989484795));
#3402 = CARTESIAN_POINT('',(92.433181254943,146.64021613364,
    8.721347081497));
#3403 = CARTESIAN_POINT('',(93.856405179891,147.30557149066,
    11.193620049058));
#3404 = CARTESIAN_POINT('',(95.290779404065,147.7086162466,
    13.681000119392));
#3405 = CARTESIAN_POINT('',(96.755809450226,148.01577932454,
    16.129699758105));
#3406 = CARTESIAN_POINT('',(98.278921290469,148.32933359599,
    18.584724255433));
#3407 = CARTESIAN_POINT('',(99.880509172127,148.64554551666,
    21.039366602935));
#3408 = CARTESIAN_POINT('',(101.58277551384,148.96662206405,
    23.494175135338));
#3409 = CARTESIAN_POINT('',(103.40804351153,149.29296944763,
    25.948602464789));
#3410 = CARTESIAN_POINT('',(105.37872486189,149.62670112108,
    28.402910555676));
#3411 = CARTESIAN_POINT('',(106.78264859786,149.84867985647,
    30.013139005403));
#3412 = CARTESIAN_POINT('',(107.51322724918,149.96273861542,
    30.816999338101));
#3413 = CARTESIAN_POINT('',(44.766190382341,0.,-1.761219937012));
#3414 = CARTESIAN_POINT('',(45.233381330861,1.733333614348,
    -1.747801116353));
#3415 = CARTESIAN_POINT('',(46.167762960127,5.199999869552,
    -1.72096348228));
#3416 = CARTESIAN_POINT('',(47.569335619292,10.400000034965,
    -1.680707025346));
#3417 = CARTESIAN_POINT('',(48.970908220764,15.599999990628,
    -1.640450569972));
#3418 = CARTESIAN_POINT('',(50.3724808377,20.800000002512,
    -1.600194114181));
#3419 = CARTESIAN_POINT('',(51.774053450487,25.999999999328,
    -1.559937658501));
#3420 = CARTESIAN_POINT('',(53.175626064402,31.200000000175,
    -1.519681202792));
#3421 = CARTESIAN_POINT('',(54.577198677955,36.399999999971,
    -1.47942474709));
#3422 = CARTESIAN_POINT('',(55.97877129183,41.59999999994,
    -1.439168291388));
#3423 = CARTESIAN_POINT('',(57.380343904777,46.800000000267,
    -1.398911835681));
#3424 = CARTESIAN_POINT('',(58.781916521115,51.99999999899,
    -1.358655379992));
#3425 = CARTESIAN_POINT('',(60.183489124816,57.200000003771,
    -1.318398924235));
#3426 = CARTESIAN_POINT('',(61.585061775676,62.399999985925,
    -1.278142468735));
#3427 = CARTESIAN_POINT('',(62.986634250535,67.600000052528,
    -1.237886012272));
#3428 = CARTESIAN_POINT('',(64.388207382238,72.799999803963,
    -1.197629559404));
#3429 = CARTESIAN_POINT('',(65.789778062567,78.000000731622,
    -1.15737309312));
#3430 = CARTESIAN_POINT('',(67.191357891551,83.19999726955,
    -1.117116676905));
#3431 = CARTESIAN_POINT('',(68.592903577287,88.400010190178,
    -1.076860073831));
#3432 = CARTESIAN_POINT('',(69.99457668736,93.599961969739,
    -1.036604168124));
#3433 = CARTESIAN_POINT('',(71.395774243333,98.800141930867,
    -0.996345659807));
#3434 = CARTESIAN_POINT('',(72.798746591366,103.99947030679,
    -0.956096864561));
#3435 = CARTESIAN_POINT('',(74.195095325262,109.20197684196,
    -0.915811819643));
#3436 = CARTESIAN_POINT('',(75.616163723646,114.39262232535,
    -0.875662060344));
#3437 = CARTESIAN_POINT('',(76.944977078215,119.62753385663,
    -0.835007408238));
#3438 = CARTESIAN_POINT('',(78.618090943556,124.6972422481,
    -0.796237041744));
#3439 = CARTESIAN_POINT('',(78.954062544836,129.61888892122,
    -0.756593322429));
#3440 = CARTESIAN_POINT('',(82.011351291252,132.41004615496,
    -0.738573718393));
#3441 = CARTESIAN_POINT('',(83.869644045512,135.01205634309,
    -0.536915327743));
#3442 = CARTESIAN_POINT('',(85.698507863661,137.54015466996,
    -6.174572478093E-03));
#3443 = CARTESIAN_POINT('',(87.364989278862,139.98418960405,
    0.951738261316));
#3444 = CARTESIAN_POINT('',(88.93333451559,142.20261605576,
    2.368075211169));
#3445 = CARTESIAN_POINT('',(90.416688708324,144.08511457212,
    4.204726285527));
#3446 = CARTESIAN_POINT('',(91.841517177682,145.55318500072,
    6.367836547847));
#3447 = CARTESIAN_POINT('',(93.230762018292,146.59290080052,
    8.738036879775));
#3448 = CARTESIAN_POINT('',(94.608180549152,147.25942492784,
    11.20351365344));
#3449 = CARTESIAN_POINT('',(95.99738649626,147.66473739948,
    13.68702773388));
#3450 = CARTESIAN_POINT('',(97.419228996205,147.97461356697,
    16.135522941156));
#3451 = CARTESIAN_POINT('',(98.902244340219,148.29064737745,
    18.590150929289));
#3452 = CARTESIAN_POINT('',(100.46816030455,148.60907562116,
    21.044495216919));
#3453 = CARTESIAN_POINT('',(102.1404532543,148.93201148569,
    23.499037385199));
#3454 = CARTESIAN_POINT('',(103.94272145807,149.2597872677,
    25.953270667732));
#3455 = CARTESIAN_POINT('',(105.89864989658,149.59443132337,
    28.407428173714));
#3456 = CARTESIAN_POINT('',(107.29914376933,149.81663098195,
    30.017682009344));
#3457 = CARTESIAN_POINT('',(108.02972050258,149.93068431561,
    30.821504276153));
#3458 = CARTESIAN_POINT('',(47.128417845756,0.,-1.609430575983));
#3459 = CARTESIAN_POINT('',(47.577610865803,1.733333611983,
    -1.597168245858));
#3460 = CARTESIAN_POINT('',(48.475996655243,5.19999987065,
    -1.572643592283));
#3461 = CARTESIAN_POINT('',(49.823575540908,10.400000034671,
    -1.535856606555));
#3462 = CARTESIAN_POINT('',(51.171154372566,15.599999990707,
    -1.499069622265));
#3463 = CARTESIAN_POINT('',(52.518733218702,20.800000002491,
    -1.46228263759));
#3464 = CARTESIAN_POINT('',(53.866312060952,25.999999999334,
    -1.425495653018));
#3465 = CARTESIAN_POINT('',(55.213890904261,31.200000000174,
    -1.388708668418));
#3466 = CARTESIAN_POINT('',(56.561469747223,36.399999999971,
    -1.351921683826));
#3467 = CARTESIAN_POINT('',(57.90904859051,41.59999999994,
    -1.315134699232));
#3468 = CARTESIAN_POINT('',(59.256627432848,46.800000000268,
    -1.278347714636));
#3469 = CARTESIAN_POINT('',(60.604206278654,51.999999998988,
    -1.241560730052));
#3470 = CARTESIAN_POINT('',(61.95178511154,57.20000000378,
    -1.204773745418));
#3471 = CARTESIAN_POINT('',(63.299363992635,62.399999985894,
    -1.167986760974));
#3472 = CARTESIAN_POINT('',(64.646942693817,67.600000052645,
    -1.131199775821));
#3473 = CARTESIAN_POINT('',(65.994522066441,72.799999803525,
    -1.094412793313));
#3474 = CARTESIAN_POINT('',(67.34209893321,78.000000733256,
    -1.057625800936));
#3475 = CARTESIAN_POINT('',(68.689685151954,83.199997263451,
    -1.02083884539));
#3476 = CARTESIAN_POINT('',(70.037236468655,88.400010212939,
    -0.984051752389));
#3477 = CARTESIAN_POINT('',(71.384918041556,93.599961884792,
    -0.947265172374));
#3478 = CARTESIAN_POINT('',(72.732113491699,98.800142247893,
    -0.910476677873));
#3479 = CARTESIAN_POINT('',(74.081123176672,103.99946912363,
    -0.873695328329));
#3480 = CARTESIAN_POINT('',(75.42336204508,109.20198125756,
    -0.836887313442));
#3481 = CARTESIAN_POINT('',(76.790869944921,114.3926058461,
    -0.80017881497));
#3482 = CARTESIAN_POINT('',(78.064072535597,119.627595358,
    -0.763098916182));
#3483 = CARTESIAN_POINT('',(79.689227331499,124.69701272189,
    -0.727405102243));
#3484 = CARTESIAN_POINT('',(79.958972098852,129.61959947715,
    -0.692033540031));
#3485 = CARTESIAN_POINT('',(83.022469689809,132.40856922524,
    -0.673576284258));
#3486 = CARTESIAN_POINT('',(84.863697136508,135.00395836037,
    -0.4733790953));
#3487 = CARTESIAN_POINT('',(86.670690917556,137.52305641565,
    5.421345013996E-02));
#3488 = CARTESIAN_POINT('',(88.307612346332,139.95714772257,
    1.006367000854));
#3489 = CARTESIAN_POINT('',(89.84102885876,142.16652051685,
    2.414415820948));
#3490 = CARTESIAN_POINT('',(91.285052821277,144.04225625417,
    4.241050713954));
#3491 = CARTESIAN_POINT('',(92.667466792273,145.50655754955,
    6.393808956932));
#3492 = CARTESIAN_POINT('',(94.012434730395,146.5453560104,
    8.754807615683));
#3493 = CARTESIAN_POINT('',(95.34496147315,147.21305457602,
    11.213455237125));
#3494 = CARTESIAN_POINT('',(96.68990004163,147.62064576069,
    13.693084579449));
#3495 = CARTESIAN_POINT('',(98.06941638738,147.93324817494,
    16.141374363891));
#3496 = CARTESIAN_POINT('',(99.513134974976,148.25177354901,
    18.595603919948));
#3497 = CARTESIAN_POINT('',(101.04409051206,148.572428864,
    21.049648702248));
#3498 = CARTESIAN_POINT('',(102.68700790001,148.89723306209,
    23.503923214699));
#3499 = CARTESIAN_POINT('',(104.46673505147,149.22644417107,
    25.957961509155));
#3500 = CARTESIAN_POINT('',(106.40820482293,149.56200502785,
    28.41196770044));
#3501 = CARTESIAN_POINT('',(107.80533726182,149.78442669558,
    30.022247043872));
#3502 = CARTESIAN_POINT('',(108.53591210189,149.89847456759,
    30.826031061024));
#3503 = CARTESIAN_POINT('',(49.430513176287,0.,-1.458572865689));
#3504 = CARTESIAN_POINT('',(49.86216642181,1.733333613784,-1.44745992785
    ));
#3505 = CARTESIAN_POINT('',(50.725472664201,5.199999869814,
    -1.425234058128));
#3506 = CARTESIAN_POINT('',(52.020432227686,10.400000034895,
    -1.391895248758));
#3507 = CARTESIAN_POINT('',(53.315391737594,15.599999990647,
    -1.35855644067));
#3508 = CARTESIAN_POINT('',(54.610351261864,20.800000002507,
    -1.325217632239));
#3509 = CARTESIAN_POINT('',(55.905310782281,25.999999999329,
    -1.2918788239));
#3510 = CARTESIAN_POINT('',(57.200270303747,31.200000000175,
    -1.258540015536));
#3511 = CARTESIAN_POINT('',(58.495229824869,36.399999999971,
    -1.225201207179));
#3512 = CARTESIAN_POINT('',(59.790189346318,41.59999999994,
    -1.19186239882));
#3513 = CARTESIAN_POINT('',(61.085148866801,46.800000000268,
    -1.15852359046));
#3514 = CARTESIAN_POINT('',(62.380108390823,51.999999998986,
    -1.125184782108));
#3515 = CARTESIAN_POINT('',(63.675067901653,57.200000003788,
    -1.091845973724));
#3516 = CARTESIAN_POINT('',(64.970027461713,62.399999985863,
    -1.058507165461));
#3517 = CARTESIAN_POINT('',(66.264986838048,67.600000052762,
    -1.025168356744));
#3518 = CARTESIAN_POINT('',(67.55994690005,72.799999803089,
    -0.991829549725));
#3519 = CARTESIAN_POINT('',(68.854904403107,78.00000073488,
    -0.958490736364));
#3520 = CARTESIAN_POINT('',(70.149871456281,83.19999725739,
    -0.925151946676));
#3521 = CARTESIAN_POINT('',(71.444802867931,88.400010235561,
    -0.891813068637));
#3522 = CARTESIAN_POINT('',(72.739867295558,93.599961800367,
    -0.858474520331));
#3523 = CARTESIAN_POINT('',(74.034435300801,98.800142562973,
    -0.825134741441));
#3524 = CARTESIAN_POINT('',(75.330855979604,103.99946794774,
    -0.791799555157));
#3525 = CARTESIAN_POINT('',(76.620362386552,109.20198564606,
    -0.758447229033));
#3526 = CARTESIAN_POINT('',(77.935673207361,114.39258946801,
    -0.725158869662));
#3527 = CARTESIAN_POINT('',(79.154680644578,119.62765648188,
    -0.691631783118));
#3528 = CARTESIAN_POINT('',(80.733097202303,124.69678460446,
    -0.658995638512));
#3529 = CARTESIAN_POINT('',(80.938300985563,129.62030567183,
    -0.627870011813));
#3530 = CARTESIAN_POINT('',(84.007849370634,132.4071013606,
    -0.608977790515));
#3531 = CARTESIAN_POINT('',(85.83244591897,134.99591008135,
    -0.410232834705));
#3532 = CARTESIAN_POINT('',(87.618126379827,137.50606310678,
    0.114230823951));
#3533 = CARTESIAN_POINT('',(89.226240292065,139.93027181838,
    1.060660440837));
#3534 = CARTESIAN_POINT('',(90.725617215016,142.13064652466,
    2.460472001944));
#3535 = CARTESIAN_POINT('',(92.131312125509,143.99966099143,
    4.277152190784));
#3536 = CARTESIAN_POINT('',(93.472391288518,145.46021628773,
    6.419621952908));
#3537 = CARTESIAN_POINT('',(94.774209423308,146.49810304007,
    8.77147541639));
#3538 = CARTESIAN_POINT('',(96.062987129454,147.16696883552,
    11.22333580149));
#3539 = CARTESIAN_POINT('',(97.364785176028,147.57682474698,
    13.699104249391));
#3540 = CARTESIAN_POINT('',(98.70305280909,147.89213667488,
    16.147189871841));
#3541 = CARTESIAN_POINT('',(100.10847496638,148.21313831981,
    18.601023441312));
#3542 = CARTESIAN_POINT('',(101.605360018,148.53600703692,21.05477055659
    ));
#3543 = CARTESIAN_POINT('',(103.21964961965,148.86266810062,
    23.508779055996));
#3544 = CARTESIAN_POINT('',(104.97740951584,149.19330572884,
    25.962623559279));
#3545 = CARTESIAN_POINT('',(106.90478867953,149.5297777519,
    28.41647936419));
#3546 = CARTESIAN_POINT('',(108.29864524219,149.75242008582,
    30.026784059919));
#3547 = CARTESIAN_POINT('',(109.02921824414,149.86646251614,
    30.830530061455));
#3548 = CARTESIAN_POINT('',(51.660677367957,0.,-1.310076424279));
#3549 = CARTESIAN_POINT('',(52.075338883048,1.733333612532,
    -1.300094888025));
#3550 = CARTESIAN_POINT('',(52.90466167586,5.199999870395,
    -1.280131821035));
#3551 = CARTESIAN_POINT('',(54.148646055902,10.400000034739,
    -1.250187216114));
#3552 = CARTESIAN_POINT('',(55.392630384801,15.599999990689,
    -1.220242612382));
#3553 = CARTESIAN_POINT('',(56.63661472741,20.800000002495,
    -1.190298008331));
#3554 = CARTESIAN_POINT('',(57.880599066339,25.999999999332,
    -1.160353404366));
#3555 = CARTESIAN_POINT('',(59.124583406272,31.200000000174,
    -1.130408800377));
#3556 = CARTESIAN_POINT('',(60.368567745871,36.399999999972,
    -1.100464196395));
#3557 = CARTESIAN_POINT('',(61.6125520858,41.59999999994,-1.070519592411
    ));
#3558 = CARTESIAN_POINT('',(62.856536424744,46.800000000269,
    -1.040574988427));
#3559 = CARTESIAN_POINT('',(64.100520767298,51.999999998984,
    -1.010630384447));
#3560 = CARTESIAN_POINT('',(65.344505096395,57.200000003796,
    -0.980685780451));
#3561 = CARTESIAN_POINT('',(66.588489475711,62.399999985832,
    -0.950741176511));
#3562 = CARTESIAN_POINT('',(67.83247366761,67.600000052877,
    -0.920796572365));
#3563 = CARTESIAN_POINT('',(69.076458558958,72.799999802661,
    -0.890851968989));
#3564 = CARTESIAN_POINT('',(70.320440839926,78.000000736479,
    -0.860907362739));
#3565 = CARTESIAN_POINT('',(71.564432862964,83.199997251423,
    -0.830962767213));
#3566 = CARTESIAN_POINT('',(72.808388528104,88.400010257829,
    -0.801018131667));
#3567 = CARTESIAN_POINT('',(74.052479882766,93.599961717263,
    -0.771073645474));
#3568 = CARTESIAN_POINT('',(75.296064837238,98.800142873121,
    -0.741128601891));
#3569 = CARTESIAN_POINT('',(76.541539702945,103.99946679025,
    -0.711185638514));
#3570 = CARTESIAN_POINT('',(77.779961323903,109.20198996586,
    -0.681234911704));
#3571 = CARTESIAN_POINT('',(79.044706012624,114.39257334627,
    -0.65131315842));
#3572 = CARTESIAN_POINT('',(80.211211675043,119.62771664903,
    -0.621283274467));
#3573 = CARTESIAN_POINT('',(81.744350374904,124.69656005758,
    -0.591656939661));
#3574 = CARTESIAN_POINT('',(81.887029817964,129.62100081295,
    -0.564710789855));
#3575 = CARTESIAN_POINT('',(84.962439934381,132.40565647141,
    -0.545390411239));
#3576 = CARTESIAN_POINT('',(86.770925232455,134.98798777634,
    -0.3480749578));
#3577 = CARTESIAN_POINT('',(88.535958327902,137.48933578214,
    0.17330878832));
#3578 = CARTESIAN_POINT('',(90.116164841614,139.90381658369,
    1.11410406406));
#3579 = CARTESIAN_POINT('',(91.58256577415,142.09533404266,
    2.505807298161));
#3580 = CARTESIAN_POINT('',(92.951129259985,143.95773244217,
    4.312688596769));
#3581 = CARTESIAN_POINT('',(94.252165160049,145.41460037286,
    6.445030916341));
#3582 = CARTESIAN_POINT('',(95.512181747792,146.45158968702,
    8.787882327818));
#3583 = CARTESIAN_POINT('',(96.75857739722,147.12160444248,
    11.233061712378));
#3584 = CARTESIAN_POINT('',(98.018582888169,147.53368963256,
    13.705029697704));
#3585 = CARTESIAN_POINT('',(99.316890663447,147.851668664,
    16.152914353765));
#3586 = CARTESIAN_POINT('',(100.68521299854,148.1751078205,
    18.606358134748));
#3587 = CARTESIAN_POINT('',(102.14909212897,148.50015529489,
    21.059812242172));
#3588 = CARTESIAN_POINT('',(103.73564844706,148.82864416008,
    23.513558892255));
#3589 = CARTESIAN_POINT('',(105.47212747341,149.1606859789,
    25.967212637612));
#3590 = CARTESIAN_POINT('',(107.38585631209,149.49805490771,
    28.420920410149));
#3591 = CARTESIAN_POINT('',(108.77653933481,149.72091445053,
    30.031250061079));
#3592 = CARTESIAN_POINT('',(109.50711057093,149.83495152666,
    30.83495864222));
#3593 = CARTESIAN_POINT('',(53.807433608796,0.,-1.165170815044));
#3594 = CARTESIAN_POINT('',(54.205738882858,1.733333611718,
    -1.156293321744));
#3595 = CARTESIAN_POINT('',(55.002349204016,5.199999870773,
    -1.13853833991));
#3596 = CARTESIAN_POINT('',(56.197264868214,10.400000034638,
    -1.111905863328));
#3597 = CARTESIAN_POINT('',(57.392180483511,15.599999990716,
    -1.085273387772));
#3598 = CARTESIAN_POINT('',(58.587096111916,20.800000002488,
    -1.058640911942));
#3599 = CARTESIAN_POINT('',(59.782011736803,25.999999999334,
    -1.032008436185));
#3600 = CARTESIAN_POINT('',(60.97692736265,31.200000000174,
    -1.005375960408));
#3601 = CARTESIAN_POINT('',(62.171842988175,36.399999999972,
    -0.978743484637));
#3602 = CARTESIAN_POINT('',(63.366758614031,41.59999999994,
    -0.952111008864));
#3603 = CARTESIAN_POINT('',(64.561674238884,46.80000000027,
    -0.925478533092));
#3604 = CARTESIAN_POINT('',(65.756589867416,51.999999998982,
    -0.898846057319));
#3605 = CARTESIAN_POINT('',(66.951505482236,57.200000003804,
    -0.872213581549));
#3606 = CARTESIAN_POINT('',(68.146421148226,62.399999985802,
    -0.845581105769));
#3607 = CARTESIAN_POINT('',(69.341336623245,67.600000052989,
    -0.818948630025));
#3608 = CARTESIAN_POINT('',(70.53625281098,72.799999802243,
    -0.792316154144));
#3609 = CARTESIAN_POINT('',(71.731166338825,78.000000738039,
    -0.765683678777));
#3610 = CARTESIAN_POINT('',(72.926089793512,83.199997245601,
    -0.739051201494));
#3611 = CARTESIAN_POINT('',(74.120976200719,88.400010279558,
    -0.712418731357));
#3612 = CARTESIAN_POINT('',(75.316000871003,93.599961636168,
    -0.685786234552));
#3613 = CARTESIAN_POINT('',(76.510509536462,98.80014317577,
    -0.659153837275));
#3614 = CARTESIAN_POINT('',(77.706943958144,103.99946566075,
    -0.632521068555));
#3615 = CARTESIAN_POINT('',(78.896191359758,109.20199418121,
    -0.605889686077));
#3616 = CARTESIAN_POINT('',(80.112261085423,114.39255761437,
    -0.579253130076));
#3617 = CARTESIAN_POINT('',(81.22822853495,119.62777536126,
    -0.552635881923));
#3618 = CARTESIAN_POINT('',(82.717782764976,124.69634094054,
    -0.525946575901));
#3619 = CARTESIAN_POINT('',(82.800276272835,129.62167914468,
    -0.503078837938));
#3620 = CARTESIAN_POINT('',(85.881328892345,132.40424652147,
    -0.483340655392));
#3621 = CARTESIAN_POINT('',(87.674305499542,134.9802570427,
    -0.287420137144));
#3622 = CARTESIAN_POINT('',(89.419463439289,137.4730129454,
    0.230958172629));
#3623 = CARTESIAN_POINT('',(90.972806288802,139.87800107011,
    1.166255352733));
#3624 = CARTESIAN_POINT('',(92.407464530157,142.06087546123,
    2.550046329453));
#3625 = CARTESIAN_POINT('',(93.740285303454,143.91681777838,
    4.347365687414));
#3626 = CARTESIAN_POINT('',(95.002775555196,145.37008750862,
    6.469825458833));
#3627 = CARTESIAN_POINT('',(96.222553970192,146.40620108579,
    8.803892499332));
#3628 = CARTESIAN_POINT('',(97.428152648215,147.07733701797,
    11.242552438414));
#3629 = CARTESIAN_POINT('',(98.647928621555,147.49159757988,
    13.710811861165));
#3630 = CARTESIAN_POINT('',(99.90777103434,147.81217922092,
    16.158500410459));
#3631 = CARTESIAN_POINT('',(101.24038107738,148.13799694689,
    18.611563828534));
#3632 = CARTESIAN_POINT('',(102.67248870546,148.4651704933,
    21.064732013406));
#3633 = CARTESIAN_POINT('',(104.23234896169,148.79544296202,
    23.518223146015));
#3634 = CARTESIAN_POINT('',(105.94834302376,149.12885501406,
    25.971690746216));
#3635 = CARTESIAN_POINT('',(107.84893204742,149.46709916908,
    28.42525406598));
#3636 = CARTESIAN_POINT('',(109.23656024843,149.69017064601,
    30.035608068684));
#3637 = CARTESIAN_POINT('',(109.9671297654,149.80420251284,
    30.839280134287));
#3638 = CARTESIAN_POINT('',(55.85968928762,0.,-1.024924823031));
#3639 = CARTESIAN_POINT('',(56.242358323524,1.733333611983,
    -1.01711587078));
#3640 = CARTESIAN_POINT('',(57.007696183659,5.19999987065,
    -1.001497970499));
#3641 = CARTESIAN_POINT('',(58.155703144029,10.400000034671,
    -0.978071116684));
#3642 = CARTESIAN_POINT('',(59.303710058792,15.599999990707,
    -0.954644263778));
#3643 = CARTESIAN_POINT('',(60.45171698578,20.800000002491,
    -0.931217410629));
#3644 = CARTESIAN_POINT('',(61.599723909487,25.999999999334,
    -0.907790557545));
#3645 = CARTESIAN_POINT('',(62.747730834091,31.200000000174,
    -0.884363704443));
#3646 = CARTESIAN_POINT('',(63.895737758387,36.399999999972,
    -0.860936851346));
#3647 = CARTESIAN_POINT('',(65.043744683016,41.59999999994,
    -0.837509998248));
#3648 = CARTESIAN_POINT('',(66.191751606625,46.80000000027,
    -0.814083145151));
#3649 = CARTESIAN_POINT('',(67.339758533978,51.999999998979,
    -0.790656292049));
#3650 = CARTESIAN_POINT('',(68.487765447375,57.200000003812,
    -0.767229438967));
#3651 = CARTESIAN_POINT('',(69.635772412854,62.399999985773,
    -0.743802585812));
#3652 = CARTESIAN_POINT('',(70.783779183963,67.600000053097,
    -0.720375732928));
#3653 = CARTESIAN_POINT('',(71.931786680469,72.799999801838,
    -0.696948879029));
#3654 = CARTESIAN_POINT('',(73.079791469755,78.000000739549,
    -0.673522028921));
#3655 = CARTESIAN_POINT('',(74.227806362523,83.199997239966,
    -0.650095164667));
#3656 = CARTESIAN_POINT('',(75.375783548585,88.400010300588,
    -0.626668353206));
#3657 = CARTESIAN_POINT('',(76.523901457989,93.599961557681,
    -0.603241344716));
#3658 = CARTESIAN_POINT('',(77.67149418073,98.800143468686,
    -0.579815071548));
#3659 = CARTESIAN_POINT('',(78.821046926781,103.99946456757,
    -0.556386054125));
#3660 = CARTESIAN_POINT('',(79.963284766255,109.20199826101,
    -0.532967278398));
#3661 = CARTESIAN_POINT('',(81.132822208727,114.39254238836,
    -0.509510280141));
#3662 = CARTESIAN_POINT('',(82.200476145787,119.62783218554,
    -0.486195930307));
#3663 = CARTESIAN_POINT('',(83.648364501493,124.69612886947,
    -0.462349209313));
#3664 = CARTESIAN_POINT('',(83.673321468894,129.62233566381,
    -0.44342873687));
#3665 = CARTESIAN_POINT('',(86.759768207586,132.40288191019,
    -0.42328618539));
#3666 = CARTESIAN_POINT('',(88.537918819023,134.97277490027,
    -0.228715746485));
#3667 = CARTESIAN_POINT('',(90.264076510685,137.45721498946,
    0.286753770425));
#3668 = CARTESIAN_POINT('',(91.791738238906,139.85301568596,
    1.216729652889));
#3669 = CARTESIAN_POINT('',(93.196051107554,142.02752493767,
    2.592862800548));
#3670 = CARTESIAN_POINT('',(94.494702568384,143.87721877568,
    4.380927693767));
#3671 = CARTESIAN_POINT('',(95.720343957571,145.32700601002,
    6.493822702463));
#3672 = CARTESIAN_POINT('',(96.901655490786,146.36227201059,
    8.819387844185));
#3673 = CARTESIAN_POINT('',(98.068253086779,147.03449306667,
    11.251737978538));
#3674 = CARTESIAN_POINT('',(99.24957045248,147.45085904867,
    13.716408092083));
#3675 = CARTESIAN_POINT('',(100.47264075433,147.77395960921,
    16.163906840664));
#3676 = CARTESIAN_POINT('',(101.7711105663,148.10207941883,
    18.616602126866));
#3677 = CARTESIAN_POINT('',(103.17284527868,148.43131067091,
    21.069493583372));
#3678 = CARTESIAN_POINT('',(104.70718463842,148.76330938882,
    23.522737414994));
#3679 = CARTESIAN_POINT('',(106.40359548637,149.098047614,
    25.976024855725));
#3680 = CARTESIAN_POINT('',(108.29162311698,149.43713884569,
    28.429448367927));
#3681 = CARTESIAN_POINT('',(109.67633095688,149.66041545595,
    30.039825938949));
#3682 = CARTESIAN_POINT('',(110.40689883943,149.7744422712,
    30.843462663489));
#3683 = CARTESIAN_POINT('',(57.806796365166,0.,-0.890288513875));
#3684 = CARTESIAN_POINT('',(58.174630299012,1.733333609886,
    -0.883505362221));
#3685 = CARTESIAN_POINT('',(58.910297956814,5.199999871623,
    -0.869939062626));
#3686 = CARTESIAN_POINT('',(60.013799612252,10.40000003441,
    -0.84958961025));
#3687 = CARTESIAN_POINT('',(61.117301222466,15.599999990777,
    -0.829240158673));
#3688 = CARTESIAN_POINT('',(62.220802844803,20.800000002472,
    -0.808890706882));
#3689 = CARTESIAN_POINT('',(63.324304463885,25.999999999339,
    -0.788541255149));
#3690 = CARTESIAN_POINT('',(64.427806083859,31.200000000172,
    -0.7681918034));
#3691 = CARTESIAN_POINT('',(65.531307703525,36.399999999972,
    -0.747842351655));
#3692 = CARTESIAN_POINT('',(66.634809323527,41.599999999939,
    -0.727492899908));
#3693 = CARTESIAN_POINT('',(67.738310942494,46.800000000271,
    -0.707143448165));
#3694 = CARTESIAN_POINT('',(68.841812565267,51.999999998977,
    -0.686793996412));
#3695 = CARTESIAN_POINT('',(69.945314173851,57.200000003819,
    -0.666444544694));
#3696 = CARTESIAN_POINT('',(71.048815835382,62.399999985745,
    -0.646095092843));
#3697 = CARTESIAN_POINT('',(72.152317299318,67.600000053201,
    -0.62574564149));
#3698 = CARTESIAN_POINT('',(73.255819500684,72.79999980145,
    -0.605396188279));
#3699 = CARTESIAN_POINT('',(74.359318949925,78.000000740998,
    -0.585046742004));
#3700 = CARTESIAN_POINT('',(75.462828670237,83.199997234556,
    -0.564697269841));
#3701 = CARTESIAN_POINT('',(76.566300058392,88.400010320777,
    -0.544347894293));
#3702 = CARTESIAN_POINT('',(77.669914504102,93.599961482334,
    -0.523998158171));
#3703 = CARTESIAN_POINT('',(78.772995051748,98.800143749886,
    -0.503649767732));
#3704 = CARTESIAN_POINT('',(79.878068134095,103.99946351812,
    -0.483296355137));
#3705 = CARTESIAN_POINT('',(80.975704975702,109.20200217762,
    -0.462961685484));
#3706 = CARTESIAN_POINT('',(82.101094245567,114.39252777136,
    -0.442557066217));
#3707 = CARTESIAN_POINT('',(83.122910043143,119.6278867369,
    -0.422413502462));
#3708 = CARTESIAN_POINT('',(84.531267301617,124.69592528101,
    -0.401295666275));
#3709 = CARTESIAN_POINT('',(84.501635649141,129.62296592292,
    -0.386164573144));
#3710 = CARTESIAN_POINT('',(87.59320013595,132.40157188184,
    -0.365633827034));
#3711 = CARTESIAN_POINT('',(89.35728437078,134.96559203516,
    -0.172359465809));
#3712 = CARTESIAN_POINT('',(91.065415303932,137.4420489341,
    0.340317606701));
#3713 = CARTESIAN_POINT('',(92.568711699148,139.82902968924,
    1.265185037479));
#3714 = CARTESIAN_POINT('',(93.94423395921,141.99550839776,
    2.633966660676));
#3715 = CARTESIAN_POINT('',(95.210466793635,143.83920368881,
    4.413147257395));
#3716 = CARTESIAN_POINT('',(96.401147294749,145.28564772319,
    6.516860083182));
#3717 = CARTESIAN_POINT('',(97.545962820893,146.32010004928,
    8.834263392571));
#3718 = CARTESIAN_POINT('',(98.67555757965,146.99336282551,
    11.260556107328));
#3719 = CARTESIAN_POINT('',(99.82038678849,147.41175001315,
    13.721780480023));
#3720 = CARTESIAN_POINT('',(101.00856902148,147.73726873924,
    16.169097019706));
#3721 = CARTESIAN_POINT('',(102.27464779843,148.06759855174,
    18.621438898897));
#3722 = CARTESIAN_POINT('',(103.64756577041,148.3988052035,
    21.074064695867));
#3723 = CARTESIAN_POINT('',(105.15769181279,148.73246112279,
    23.527071118251));
#3724 = CARTESIAN_POINT('',(106.83552280458,149.06847247483,
    25.980185605743));
#3725 = CARTESIAN_POINT('',(108.7116326339,149.40837690428,
    28.433474902322));
#3726 = CARTESIAN_POINT('',(110.09356973676,149.63185043457,
    30.043875099483));
#3727 = CARTESIAN_POINT('',(110.82413607033,149.74587240595,
    30.847477896199));
#3728 = CARTESIAN_POINT('',(59.638609921489,0.,-0.762133160003));
#3729 = CARTESIAN_POINT('',(59.992487179107,1.733333612002,
    -0.756326430236));
#3730 = CARTESIAN_POINT('',(60.700241489696,5.199999870641,
    -0.744712973919));
#3731 = CARTESIAN_POINT('',(61.761873120098,10.400000034673,
    -0.727292786858));
#3732 = CARTESIAN_POINT('',(62.823504706406,15.599999990706,
    -0.709872600491));
#3733 = CARTESIAN_POINT('',(63.885136304535,20.800000002491,
    -0.692452413937));
#3734 = CARTESIAN_POINT('',(64.94676789949,25.999999999334,
    -0.675032227433));
#3735 = CARTESIAN_POINT('',(66.008399495314,31.200000000174,
    -0.657612040916));
#3736 = CARTESIAN_POINT('',(67.070031090837,36.399999999972,
    -0.640191854402));
#3737 = CARTESIAN_POINT('',(68.131662686697,41.599999999939,
    -0.622771667887));
#3738 = CARTESIAN_POINT('',(69.193294281507,46.800000000271,
    -0.605351481376));
#3739 = CARTESIAN_POINT('',(70.254925880181,51.999999998976,
    -0.587931294851));
#3740 = CARTESIAN_POINT('',(71.31655746445,57.200000003827,
    -0.570511108377));
#3741 = CARTESIAN_POINT('',(72.378189102476,62.399999985718,
    -0.553090921712));
#3742 = CARTESIAN_POINT('',(73.439820539876,67.6000000533,-0.53567073576
    ));
#3743 = CARTESIAN_POINT('',(74.501452726025,72.79999980108,
    -0.518250547146));
#3744 = CARTESIAN_POINT('',(75.563082117803,78.000000742378,
    -0.500830368465));
#3745 = CARTESIAN_POINT('',(76.624721938317,83.199997229407,
    -0.483410152718));
#3746 = CARTESIAN_POINT('',(77.686322838258,88.400010339995,
    -0.4659900753));
#3747 = CARTESIAN_POINT('',(78.748068991753,93.599961410614,
    -0.448569481634));
#3748 = CARTESIAN_POINT('',(79.809273051608,98.80014401755,
    -0.431150814631));
#3749 = CARTESIAN_POINT('',(80.872500232467,103.99946251918,
    -0.413724957221));
#3750 = CARTESIAN_POINT('',(81.928177022951,109.2020059057,
    -0.396325934778));
#3751 = CARTESIAN_POINT('',(83.012032253933,114.39251385798,
    -0.378826762876));
#3752 = CARTESIAN_POINT('',(83.990724113296,119.62793866234,
    -0.361701353841));
#3753 = CARTESIAN_POINT('',(85.361891018636,124.69573149264,
    -0.343181042795));
#3754 = CARTESIAN_POINT('',(85.280903087368,129.6235658434,
    -0.331656920546));
#3755 = CARTESIAN_POINT('',(88.377282286467,132.40032491401,
    -0.310756666238));
#3756 = CARTESIAN_POINT('',(90.128133053218,134.95875492989,
    -0.118715993715));
#3757 = CARTESIAN_POINT('',(91.819304641403,137.42761292345,
    0.391303053611));
#3758 = CARTESIAN_POINT('',(93.299678441443,139.80619830061,1.311307937)
  );
#3759 = CARTESIAN_POINT('',(94.648114863386,141.96503303024,
    2.673091914281));
#3760 = CARTESIAN_POINT('',(95.883848666705,143.80301852493,
    4.44381587572));
#3761 = CARTESIAN_POINT('',(97.041638409292,145.24628029016,
    6.538788519106));
#3762 = CARTESIAN_POINT('',(98.152118956495,146.27995810942,
    8.848422880301));
#3763 = CARTESIAN_POINT('',(99.246901916942,146.95421246077,
    11.268949759997));
#3764 = CARTESIAN_POINT('',(100.35740353221,147.37452355978,
    13.72689425863));
#3765 = CARTESIAN_POINT('',(101.51276351407,147.70234404875,
    16.174037360361));
#3766 = CARTESIAN_POINT('',(102.74836921754,148.03477748175,
    18.626042844409));
#3767 = CARTESIAN_POINT('',(104.09417676695,148.36786444393,
    21.078415769832));
#3768 = CARTESIAN_POINT('',(105.58152322839,148.70309779204,
    23.531196211086));
#3769 = CARTESIAN_POINT('',(107.24187452856,149.04032098771,
    25.984146070752));
#3770 = CARTESIAN_POINT('',(109.10677223987,149.38099946649,
    28.437307612392));
#3771 = CARTESIAN_POINT('',(110.48610267436,149.60466044725,
    30.047729346599));
#3772 = CARTESIAN_POINT('',(111.21666754669,149.71867780135,
    30.851299848628));
#3773 = CARTESIAN_POINT('',(61.345544791447,0.,-0.64128544855));
#3774 = CARTESIAN_POINT('',(61.686416830918,1.733333610965,
    -0.636399463386));
#3775 = CARTESIAN_POINT('',(62.368160705525,5.199999871122,
    -0.626627495809));
#3776 = CARTESIAN_POINT('',(63.390776681703,10.400000034544,
    -0.611969542232));
#3777 = CARTESIAN_POINT('',(64.413392613856,15.599999990741,
    -0.597311589247));
#3778 = CARTESIAN_POINT('',(65.43600855781,20.800000002481,
    -0.582653636104));
#3779 = CARTESIAN_POINT('',(66.458624498596,25.999999999336,
    -0.567995683003));
#3780 = CARTESIAN_POINT('',(67.481240440249,31.200000000173,
    -0.553337729891));
#3781 = CARTESIAN_POINT('',(68.503856381601,36.399999999972,
    -0.538679776782));
#3782 = CARTESIAN_POINT('',(69.526472323294,41.599999999939,
    -0.524021823672));
#3783 = CARTESIAN_POINT('',(70.549088263922,46.800000000272,
    -0.509363870566));
#3784 = CARTESIAN_POINT('',(71.571704208468,51.999999998974,
    -0.494705917442));
#3785 = CARTESIAN_POINT('',(72.594320138406,57.200000003833,
    -0.480047964384));
#3786 = CARTESIAN_POINT('',(73.61693612286,62.399999985693,
    -0.465390011081));
#3787 = CARTESIAN_POINT('',(74.63955190386,67.600000053394,
    -0.450732058693));
#3788 = CARTESIAN_POINT('',(75.662168444158,72.799999800732,
    -0.436074102888));
#3789 = CARTESIAN_POINT('',(76.684782150718,78.000000743679,
    -0.421416159838));
#3790 = CARTESIAN_POINT('',(77.707406432931,83.199997224551,
    -0.406758169184));
#3791 = CARTESIAN_POINT('',(78.72999124627,88.400010358117,
    -0.392100356192));
#3792 = CARTESIAN_POINT('',(79.752723359453,93.599961342983,
    -0.377441880156));
#3793 = CARTESIAN_POINT('',(80.774905742132,98.800144269951,
    -0.362785878636));
#3794 = CARTESIAN_POINT('',(81.799139746984,103.99946157721,
    -0.348120642094));
#3795 = CARTESIAN_POINT('',(82.815716993651,109.2020094212,
    -0.333489871122));
#3796 = CARTESIAN_POINT('',(83.860869650883,114.39250073797,
    -0.318730472894));
#3797 = CARTESIAN_POINT('',(84.799377424038,119.6279876269,
    -0.304451118119));
#3798 = CARTESIAN_POINT('',(86.135889322938,124.69554875442,
    -0.288380216788));
#3799 = CARTESIAN_POINT('',(86.00704618132,129.62413155536,
    -0.280257389632));
#3800 = CARTESIAN_POINT('',(89.107911863375,132.39914905046,
    -0.25900869713));
#3801 = CARTESIAN_POINT('',(90.846431316146,134.95230768832,
    -6.813136622218E-02));
#3802 = CARTESIAN_POINT('',(92.521799714539,137.41400007938,
    0.439381221165));
#3803 = CARTESIAN_POINT('',(93.980813602223,139.78466879769,
    1.354800828122));
#3804 = CARTESIAN_POINT('',(95.304010686129,141.93629542148,
    2.709986177496));
#3805 = CARTESIAN_POINT('',(96.511324643161,143.76889670238,
    4.47273571579));
#3806 = CARTESIAN_POINT('',(97.638465861267,145.20915765702,
    6.55946655726));
#3807 = CARTESIAN_POINT('',(98.716952119198,146.24210513318,
    8.861774969276));
#3808 = CARTESIAN_POINT('',(99.779296476809,146.91729451831,
    11.27686479191));
#3809 = CARTESIAN_POINT('',(100.85781068471,147.33941982388,
    13.731716440637));
#3810 = CARTESIAN_POINT('',(101.98258597917,147.6694108252,
    16.178695994151));
#3811 = CARTESIAN_POINT('',(103.18979602439,148.00382792658,
    18.630384264896));
#3812 = CARTESIAN_POINT('',(104.51034132726,148.33868798057,
    21.082518737946));
#3813 = CARTESIAN_POINT('',(105.97646114113,148.6754088098,
    23.535086083924));
#3814 = CARTESIAN_POINT('',(107.6205243775,149.01377474747,
    25.987880703078));
#3815 = CARTESIAN_POINT('',(109.47497432705,149.35518313868,
    28.440921774795));
#3816 = CARTESIAN_POINT('',(110.85187579041,149.57902087924,
    30.051363817441));
#3817 = CARTESIAN_POINT('',(111.58243930454,149.69303388068,
    30.854903866645));
#3818 = CARTESIAN_POINT('',(62.918630206809,0.,-0.528553000713));
#3819 = CARTESIAN_POINT('',(63.247516830157,1.733333612251,
    -0.524525929586));
#3820 = CARTESIAN_POINT('',(63.905289884416,5.199999870525,
    -0.516471789568));
#3821 = CARTESIAN_POINT('',(64.891949620508,10.400000034704,
    -0.504390577743));
#3822 = CARTESIAN_POINT('',(65.878609315136,15.599999990698,
    -0.4923093664));
#3823 = CARTESIAN_POINT('',(66.86526902088,20.800000002493,
    -0.480228154928));
#3824 = CARTESIAN_POINT('',(67.851928723639,25.999999999333,
    -0.46814694349));
#3825 = CARTESIAN_POINT('',(68.838588427217,31.200000000174,
    -0.456065732043));
#3826 = CARTESIAN_POINT('',(69.825248130505,36.399999999972,
    -0.443984520599));
#3827 = CARTESIAN_POINT('',(70.811907834135,41.599999999939,
    -0.431903309153));
#3828 = CARTESIAN_POINT('',(71.798567536687,46.800000000272,
    -0.419822097713));
#3829 = CARTESIAN_POINT('',(72.785227243207,51.999999998972,
    -0.407740886251));
#3830 = CARTESIAN_POINT('',(73.771886934933,57.200000003839,
    -0.395659674869));
#3831 = CARTESIAN_POINT('',(74.758546681871,62.39999998567,
    -0.38357846319));
#3832 = CARTESIAN_POINT('',(75.745206222751,67.600000053481,
    -0.371497252617));
#3833 = CARTESIAN_POINT('',(76.731866532651,72.799999800407,
    -0.35941603792));
#3834 = CARTESIAN_POINT('',(77.718523972533,78.000000744893,
    -0.347334838613));
#3835 = CARTESIAN_POINT('',(78.705192123464,83.199997220021,
    -0.335253581869));
#3836 = CARTESIAN_POINT('',(79.691820300215,88.400010375021,
    -0.323172539481));
#3837 = CARTESIAN_POINT('',(80.678597662641,93.599961279894,
    -0.311090697109));
#3838 = CARTESIAN_POINT('',(81.664818256544,98.800144505403,
    -0.299011840316));
#3839 = CARTESIAN_POINT('',(82.653116738866,103.99946069849,
    -0.28692184119));
#3840 = CARTESIAN_POINT('',(83.633660436035,109.20201270062,
    -0.274873425819));
#3841 = CARTESIAN_POINT('',(84.643145385393,114.392488499,-0.26266981776
    ));
#3842 = CARTESIAN_POINT('',(85.54462011115,119.62803330335,
    -0.251045396698));
#3843 = CARTESIAN_POINT('',(86.849194479124,124.69537828758,
    -0.237259420333));
#3844 = CARTESIAN_POINT('',(86.67624869787,129.62465927818,
    -0.232309481741));
#3845 = CARTESIAN_POINT('',(89.781249054907,132.39805214945,
    -0.210735749648));
#3846 = CARTESIAN_POINT('',(91.508404154816,134.94629339715,
    -2.094363869571E-02));
#3847 = CARTESIAN_POINT('',(93.169208571996,137.40130137606,
    0.484230804586));
#3848 = CARTESIAN_POINT('',(94.608537486812,139.76458506143,
    1.395373049315));
#3849 = CARTESIAN_POINT('',(95.908474377692,141.90948762396,2.7444028872
    ));
#3850 = CARTESIAN_POINT('',(97.089597033295,143.73706625616,
    4.499713507284));
#3851 = CARTESIAN_POINT('',(98.188493033781,145.17452791306,
    6.578756007012));
#3852 = CARTESIAN_POINT('',(99.237493837571,146.20679409072,
    8.874230427933));
#3853 = CARTESIAN_POINT('',(100.26994326836,146.88285571948,
    11.284248307175));
#3854 = CARTESIAN_POINT('',(101.31897836438,147.30667340254,
    13.736214799563));
#3855 = CARTESIAN_POINT('',(102.41556727252,147.63868916022,
    16.183041787584));
#3856 = CARTESIAN_POINT('',(103.59660830765,147.97495672102,
    18.63443414679));
#3857 = CARTESIAN_POINT('',(104.89387230537,148.31147079892,
    21.086346180218));
#3858 = CARTESIAN_POINT('',(106.34042996113,148.64957921998,
    23.538714740851));
#3859 = CARTESIAN_POINT('',(107.96948236392,148.98901116422,
    25.991364544393));
#3860 = CARTESIAN_POINT('',(109.81430381315,149.33110044093,
    28.444293235837));
#3861 = CARTESIAN_POINT('',(111.18896677527,149.5551031001,
    30.054754223775));
#3862 = CARTESIAN_POINT('',(111.9195290364,149.66911202138,
    30.858265864719));
#3863 = CARTESIAN_POINT('',(64.34956232256,0.,-0.424739315164));
#3864 = CARTESIAN_POINT('',(64.667546601883,1.733333610465,
    -0.421503205569));
#3865 = CARTESIAN_POINT('',(65.303514982279,5.199999871354,
    -0.415030988205));
#3866 = CARTESIAN_POINT('',(66.257467696172,10.400000034482,
    -0.405322660691));
#3867 = CARTESIAN_POINT('',(67.211420371658,15.599999990758,
    -0.39561433357));
#3868 = CARTESIAN_POINT('',(68.16537305744,20.800000002477,
    -0.385906006344));
#3869 = CARTESIAN_POINT('',(69.119325740457,25.999999999337,
    -0.376197679147));
#3870 = CARTESIAN_POINT('',(70.073278424234,31.200000000173,
    -0.366489351941));
#3871 = CARTESIAN_POINT('',(71.027231107736,36.399999999972,
    -0.356781024738));
#3872 = CARTESIAN_POINT('',(71.981183791579,41.599999999939,
    -0.347072697533));
#3873 = CARTESIAN_POINT('',(72.935136474333,46.800000000273,
    -0.337364370334));
#3874 = CARTESIAN_POINT('',(73.889089161101,51.99999999897,
    -0.327656043111));
#3875 = CARTESIAN_POINT('',(74.843041832903,57.200000003845,
    -0.31794771598));
#3876 = CARTESIAN_POINT('',(75.796994560554,62.399999985648,
    -0.308239388506));
#3877 = CARTESIAN_POINT('',(76.750947079777,67.600000053561,
    -0.298531062311));
#3878 = CARTESIAN_POINT('',(77.704900376861,72.799999800107,
    -0.288822731342));
#3879 = CARTESIAN_POINT('',(78.658850770928,78.000000746011,
    -0.279114418189));
#3880 = CARTESIAN_POINT('',(79.612811999205,83.19999721585,
    -0.269406038547));
#3881 = CARTESIAN_POINT('',(80.566732793657,88.400010390588,
    -0.259697907048));
#3882 = CARTESIAN_POINT('',(81.520804489201,93.599961221796,
    -0.249988849462));
#3883 = CARTESIAN_POINT('',(82.474313014199,98.800144722227,
    -0.240283248084));
#3884 = CARTESIAN_POINT('',(83.42992332029,103.99945988929,
    -0.230564747957));
#3885 = CARTESIAN_POINT('',(84.377689672557,109.20201572059,
    -0.220894386621));
#3886 = CARTESIAN_POINT('',(85.354730059024,114.39247722831,
    -0.211044368872));
#3887 = CARTESIAN_POINT('',(86.222518262518,119.62807536613,
    -0.201864837982));
#3888 = CARTESIAN_POINT('',(87.498041163702,124.69522130713,
    -0.190183016067));
#3889 = CARTESIAN_POINT('',(87.284978118104,129.62514525051,
    -0.188154944799));
#3890 = CARTESIAN_POINT('',(90.393739516444,132.39704202914,
    -0.166281888435));
#3891 = CARTESIAN_POINT('',(92.110557213612,134.94075492314,
    2.251085911033E-02));
#3892 = CARTESIAN_POINT('',(93.758113737036,137.3896073233,
    0.525532139201));
#3893 = CARTESIAN_POINT('',(95.179536529529,139.74609023833,
    1.432735422738));
#3894 = CARTESIAN_POINT('',(96.45831515596,141.8848007098,2.776096738858
    ));
#3895 = CARTESIAN_POINT('',(97.615613310997,143.70775405725,
    4.524556966437));
#3896 = CARTESIAN_POINT('',(98.688816498737,145.14263788124,
    6.596519383124));
#3897 = CARTESIAN_POINT('',(99.710996328367,146.17427666093,
    8.885700480196));
#3898 = CARTESIAN_POINT('',(100.7162523147,146.85114152627,
    11.291047679908));
#3899 = CARTESIAN_POINT('',(101.73847220569,147.27651769536,
    13.74035727343));
#3900 = CARTESIAN_POINT('',(102.80942181603,147.61039802195,
    16.187043766087));
#3901 = CARTESIAN_POINT('',(103.96665862755,147.94836964424,
    18.638163624625));
#3902 = CARTESIAN_POINT('',(105.24274515653,148.28640688852,
    21.089870816611));
#3903 = CARTESIAN_POINT('',(106.67150840639,148.62579312436,
    23.542056318693));
#3904 = CARTESIAN_POINT('',(108.28690644352,148.96620673302,
    25.994572763602));
#3905 = CARTESIAN_POINT('',(110.12296947973,149.30892304919,
    28.447397965763));
#3906 = CARTESIAN_POINT('',(111.49559622721,149.53307752383,
    30.057876399919));
#3907 = CARTESIAN_POINT('',(112.22615734692,149.64708272611,
    30.861361880263));
#3908 = CARTESIAN_POINT('',(65.630754412489,0.,-0.330647380138));
#3909 = CARTESIAN_POINT('',(65.938977225265,1.73333361225,
    -0.328128161607));
#3910 = CARTESIAN_POINT('',(66.555422682976,5.199999870526,
    -0.323089725919));
#3911 = CARTESIAN_POINT('',(67.480091004473,10.400000034704,
    -0.315532071282));
#3912 = CARTESIAN_POINT('',(68.404759289806,15.599999990698,
    -0.307974416942));
#3913 = CARTESIAN_POINT('',(69.329427584834,20.800000002493,
    -0.300416762522));
#3914 = CARTESIAN_POINT('',(70.254095877258,25.999999999333,
    -0.292859108123));
#3915 = CARTESIAN_POINT('',(71.178764170399,31.200000000174,
    -0.285301453719));
#3916 = CARTESIAN_POINT('',(72.103432463276,36.399999999972,
    -0.277743799316));
#3917 = CARTESIAN_POINT('',(73.028100756494,41.599999999939,
    -0.270186144912));
#3918 = CARTESIAN_POINT('',(73.952769048612,46.800000000273,
    -0.262628490514));
#3919 = CARTESIAN_POINT('',(74.877437344785,51.999999998969,
    -0.255070836089));
#3920 = CARTESIAN_POINT('',(75.802105625841,57.200000003851,
    -0.247513181767));
#3921 = CARTESIAN_POINT('',(76.726773963313,62.399999985629,
    -0.239955527061));
#3922 = CARTESIAN_POINT('',(77.651442090236,67.600000053634,
    -0.232397873791));
#3923 = CARTESIAN_POINT('',(78.576111002937,72.799999799836,
    -0.224840215158));
#3924 = CARTESIAN_POINT('',(79.500776983073,78.000000747024,
    -0.21728257654));
#3925 = CARTESIAN_POINT('',(80.425453907694,83.19999721207,
    -0.209724863226));
#3926 = CARTESIAN_POINT('',(81.350089986943,88.400010404698,
    -0.202167428682));
#3927 = CARTESIAN_POINT('',(82.274878503192,93.599961169139,
    -0.194608953753));
#3928 = CARTESIAN_POINT('',(83.199098116812,98.800144918747,
    -0.187054361592));
#3929 = CARTESIAN_POINT('',(84.125440903947,103.99945915587,
    -0.179485278746));
#3930 = CARTESIAN_POINT('',(85.043859899653,109.20201845776,
    -0.171970275872));
#3931 = CARTESIAN_POINT('',(85.991850887562,114.39246701308,
    -0.164253443795));
#3932 = CARTESIAN_POINT('',(86.829477698084,119.6281134899,
    -0.157289848559));
#3933 = CARTESIAN_POINT('',(88.078989225953,124.6950790273,
    -0.147515135161));
#3934 = CARTESIAN_POINT('',(87.830006990911,129.6255857134,
    -0.148135309632));
#3935 = CARTESIAN_POINT('',(90.942135856033,132.39612650268,
    -0.125990959558));
#3936 = CARTESIAN_POINT('',(92.649697908942,134.93573510582,
    6.189601110189E-02));
#3937 = CARTESIAN_POINT('',(94.285392865699,137.3790083734,
    0.562965763416));
#3938 = CARTESIAN_POINT('',(95.690783323722,139.72932738395,
    1.466598954256));
#3939 = CARTESIAN_POINT('',(96.950617794276,141.86242562976,
    2.804822583771));
#3940 = CARTESIAN_POINT('',(98.08658456585,143.68118683251,
    4.547073931633));
#3941 = CARTESIAN_POINT('',(99.136783567651,145.11373422767,
    6.612619287699));
#3942 = CARTESIAN_POINT('',(100.13494910648,146.14480436279,
    8.896096406384));
#3943 = CARTESIAN_POINT('',(101.1158573089,146.82239724471,
    11.297210317657));
#3944 = CARTESIAN_POINT('',(102.11406807452,147.24918595364,
    13.744111820625));
#3945 = CARTESIAN_POINT('',(103.1620614138,147.58475623946,
    16.190670974767));
#3946 = CARTESIAN_POINT('',(104.29798499692,147.92427234445,
    18.641543851272));
#3947 = CARTESIAN_POINT('',(105.55511017537,148.26369011656,
    21.093065384421));
#3948 = CARTESIAN_POINT('',(106.96794111662,148.60423450441,
    23.545084970696));
#3949 = CARTESIAN_POINT('',(108.57111365049,148.9455378497,
    25.997480545422));
#3950 = CARTESIAN_POINT('',(110.39933479853,149.28882248057,
    28.450211949948));
#3951 = CARTESIAN_POINT('',(111.77013841148,149.51311456636,
    30.060706195843));
#3952 = CARTESIAN_POINT('',(112.50069850905,149.62711638923,
    30.864167965915));
#3953 = CARTESIAN_POINT('',(66.755384393873,0.,-0.247072355625));
#3954 = CARTESIAN_POINT('',(67.055038599861,1.733333611767,
    -0.245189899275));
#3955 = CARTESIAN_POINT('',(67.654346835009,5.19999987075,
    -0.241424987639));
#3956 = CARTESIAN_POINT('',(68.553309329887,10.400000034644,
    -0.235777619329));
#3957 = CARTESIAN_POINT('',(69.452271786665,15.599999990714,
    -0.230130251249));
#3958 = CARTESIAN_POINT('',(70.351234253657,20.800000002489,
    -0.224482883108));
#3959 = CARTESIAN_POINT('',(71.250196717906,25.999999999334,
    -0.218835514983));
#3960 = CARTESIAN_POINT('',(72.149159182909,31.200000000173,
    -0.213188146853));
#3961 = CARTESIAN_POINT('',(73.048121647637,36.399999999972,
    -0.207540778725));
#3962 = CARTESIAN_POINT('',(73.947084112712,41.599999999939,
    -0.201893410595));
#3963 = CARTESIAN_POINT('',(74.846046576677,46.800000000273,
    -0.196246042473));
#3964 = CARTESIAN_POINT('',(75.745009044732,51.999999998968,
    -0.19059867432));
#3965 = CARTESIAN_POINT('',(76.643971497536,57.200000003855,
    -0.184951306281));
#3966 = CARTESIAN_POINT('',(77.542934007256,62.399999985612,
    -0.179303937819));
#3967 = CARTESIAN_POINT('',(78.441896304564,67.600000053698,
    -0.173656570934));
#3968 = CARTESIAN_POINT('',(79.340859394601,72.799999799595,
    -0.168009198164));
#3969 = CARTESIAN_POINT('',(80.239819526135,78.000000747923,
    -0.16236184736));
#3970 = CARTESIAN_POINT('',(81.138790698952,83.199997208712,
    -0.156714414572));
#3971 = CARTESIAN_POINT('',(82.037720665143,88.40001041723,
    -0.151067287757));
#3972 = CARTESIAN_POINT('',(82.936804416552,93.599961122367,
    -0.145419019036));
#3973 = CARTESIAN_POINT('',(83.835314233713,98.800145093301,
    -0.139775011963));
#3974 = CARTESIAN_POINT('',(84.73596600265,103.99945850442,
    -0.134115100205));
#3975 = CARTESIAN_POINT('',(85.628623898733,109.20202088898,
    -0.128514545538));
#3976 = CARTESIAN_POINT('',(86.551115334456,114.39245793963,
    -0.122692467191));
#3977 = CARTESIAN_POINT('',(87.362266484471,119.62814735247,
    -0.117697126477));
#3978 = CARTESIAN_POINT('',(88.588945237679,124.69495265046,
    -0.10961635891));
#3979 = CARTESIAN_POINT('',(88.308433150342,129.62597694457,
    -0.112588777518));
#3980 = CARTESIAN_POINT('',(91.423517976662,132.3953133071,
    -9.020345696722E-02));
#3981 = CARTESIAN_POINT('',(93.122955428185,134.93127636708,
    9.687897794429E-02));
#3982 = CARTESIAN_POINT('',(94.748238305749,137.36959409684,
    0.596215330029));
#3983 = CARTESIAN_POINT('',(96.13955558602,139.71443815921,
    1.496677467105));
#3984 = CARTESIAN_POINT('',(97.382760882981,141.84255147304,
    2.830337663168));
#3985 = CARTESIAN_POINT('',(98.500002973395,143.65758909846,
    4.567074114621));
#3986 = CARTESIAN_POINT('',(99.530008908592,145.08806121378,
    6.626919662318));
#3987 = CARTESIAN_POINT('',(100.50709471112,146.11862626327,
    8.905330351735));
#3988 = CARTESIAN_POINT('',(101.46663043709,146.79686578938,
    11.302684140687));
#3989 = CARTESIAN_POINT('',(102.44376600061,147.22490915474,
    13.747446711908));
#3990 = CARTESIAN_POINT('',(103.47160833295,147.56198050848,
    16.193892760505));
#3991 = CARTESIAN_POINT('',(104.58882317142,147.90286846513,
    18.644546260827));
#3992 = CARTESIAN_POINT('',(105.8293040828,148.24351245982,
    21.095902886737));
#3993 = CARTESIAN_POINT('',(107.22814964905,148.58508554953,
    23.547775102038));
#3994 = CARTESIAN_POINT('',(108.82059063991,148.92717918466,
    26.000063316668));
#3995 = CARTESIAN_POINT('',(110.64192818274,149.27096860238,
    28.452711407192));
#3996 = CARTESIAN_POINT('',(112.01113144485,149.49538293288,
    30.063219698484));
#3997 = CARTESIAN_POINT('',(112.74169064791,149.60938174392,
    30.86666040777));
#3998 = CARTESIAN_POINT('',(67.717439202841,0.,-0.174784786602));
#3999 = CARTESIAN_POINT('',(68.009763464335,1.733333612752,
    -0.173453092781));
#4000 = CARTESIAN_POINT('',(68.594411821208,5.199999870293,
    -0.170789705862));
#4001 = CARTESIAN_POINT('',(69.47138449006,10.400000034766,
    -0.166794624902));
#4002 = CARTESIAN_POINT('',(70.348357123121,15.599999990681,
    -0.162799544099));
#4003 = CARTESIAN_POINT('',(71.225329765777,20.800000002497,
    -0.158804463253));
#4004 = CARTESIAN_POINT('',(72.102302405856,25.999999999332,
    -0.154809382419));
#4005 = CARTESIAN_POINT('',(72.979275046645,31.200000000174,
    -0.150814301582));
#4006 = CARTESIAN_POINT('',(73.85624768717,36.399999999972,
    -0.146819220746));
#4007 = CARTESIAN_POINT('',(74.733220328041,41.599999999939,
    -0.142824139907));
#4008 = CARTESIAN_POINT('',(75.610192967795,46.800000000274,
    -0.138829059078));
#4009 = CARTESIAN_POINT('',(76.487165611669,51.999999998967,
    -0.134833978215));
#4010 = CARTESIAN_POINT('',(77.364138240178,57.200000003859,
    -0.130838897475));
#4011 = CARTESIAN_POINT('',(78.241110926029,62.399999985597,
    -0.126843816279));
#4012 = CARTESIAN_POINT('',(79.118083397876,67.600000053754,
    -0.122848736782));
#4013 = CARTESIAN_POINT('',(79.995056668397,72.799999799386,
    -0.118853650946));
#4014 = CARTESIAN_POINT('',(80.872026958228,78.000000748702,
    -0.114858588767));
#4015 = CARTESIAN_POINT('',(81.749008372145,83.199997205807,
    -0.110863438299));
#4016 = CARTESIAN_POINT('',(82.625948270406,88.40001042807,
    -0.106868617332));
#4017 = CARTESIAN_POINT('',(83.503043107207,93.599961081912,
    -0.10287256665));
#4018 = CARTESIAN_POINT('',(84.379559705504,98.80014524428,
    -9.888110532487E-02));
#4019 = CARTESIAN_POINT('',(85.258234319275,103.99945794096,
    -9.487251628693E-02));
#4020 = CARTESIAN_POINT('',(86.128855109654,109.20202299185,
    -9.092784874401E-02));
#4021 = CARTESIAN_POINT('',(87.029533178125,114.39245009162,
    -8.674462293396E-02));
#4022 = CARTESIAN_POINT('',(87.818035957624,119.62817664164,
    -8.345170869742E-02));
#4023 = CARTESIAN_POINT('',(89.025182614917,124.6948433418,
    -7.683610643398E-02));
#4024 = CARTESIAN_POINT('',(88.717698593231,129.62631533693,
    -8.184308035898E-02));
#4025 = CARTESIAN_POINT('',(91.835312070514,132.3946099399,
    -5.924933426376E-02));
#4026 = CARTESIAN_POINT('',(93.527799403362,134.9274198156,
    0.127137223694));
#4027 = CARTESIAN_POINT('',(95.144175359517,137.36145129137,
    0.624974284698));
#4028 = CARTESIAN_POINT('',(96.523453863874,139.7015598398,
    1.522693643425));
#4029 = CARTESIAN_POINT('',(97.752433880795,141.82536147538,
    2.85240673313));
#4030 = CARTESIAN_POINT('',(98.853658107686,143.63717842147,
    4.584373117722));
#4031 = CARTESIAN_POINT('',(99.866390061969,145.0658555396,
    6.639288660394));
#4032 = CARTESIAN_POINT('',(100.82544338979,146.0959837192,
    8.913317181124));
#4033 = CARTESIAN_POINT('',(101.7666962191,146.77478255518,
    11.307418681448));
#4034 = CARTESIAN_POINT('',(102.72580318666,147.20391112589,
    13.750331200248));
#4035 = CARTESIAN_POINT('',(103.73640751766,147.54228081668,
    16.196679419082));
#4036 = CARTESIAN_POINT('',(104.83761812534,147.88435534576,
    18.647143171677));
#4037 = CARTESIAN_POINT('',(106.06386084518,148.22605995224,
    21.09835716235));
#4038 = CARTESIAN_POINT('',(107.45074274525,148.56852280933,
    23.550101910274));
#4039 = CARTESIAN_POINT('',(109.03400353357,148.91130000068,
    26.002297264606));
#4040 = CARTESIAN_POINT('',(110.84945255167,149.25552602546,
    28.45487329339));
#4041 = CARTESIAN_POINT('',(112.21728682128,149.48004610184,
    30.065393732988));
#4042 = CARTESIAN_POINT('',(112.94784524983,149.59404230005,
    30.868816226014));
#4043 = CARTESIAN_POINT('',(68.511755413734,0.,-0.114506683588));
#4044 = CARTESIAN_POINT('',(68.798027738368,1.733333611767,
    -0.113634251571));
#4045 = CARTESIAN_POINT('',(69.37057223477,5.19999987075,-0.111889388029
    ));
#4046 = CARTESIAN_POINT('',(70.229389102266,10.400000034644,
    -0.10927209232));
#4047 = CARTESIAN_POINT('',(71.088205936824,15.599999990714,
    -0.106654796718));
#4048 = CARTESIAN_POINT('',(71.947022780212,20.800000002489,
    -0.104037501087));
#4049 = CARTESIAN_POINT('',(72.805839621228,25.999999999334,
    -0.101420205464));
#4050 = CARTESIAN_POINT('',(73.6646564629,31.200000000173,
    -9.880290983816E-02));
#4051 = CARTESIAN_POINT('',(74.523473304321,36.399999999972,
    -9.618561421395E-02));
#4052 = CARTESIAN_POINT('',(75.382290146086,41.599999999939,
    -9.35683185871E-02));
#4053 = CARTESIAN_POINT('',(76.241106986729,46.800000000274,
    -9.095102296957E-02));
#4054 = CARTESIAN_POINT('',(77.099923831517,51.999999998966,
    -8.83337273174E-02));
#4055 = CARTESIAN_POINT('',(77.958740660845,57.200000003862,
    -8.571643179445E-02));
#4056 = CARTESIAN_POINT('',(78.817557547868,62.399999985584,
    -8.309913578928E-02));
#4057 = CARTESIAN_POINT('',(79.676374219572,67.600000053801,
    -8.048184158375E-02));
#4058 = CARTESIAN_POINT('',(80.535191694858,72.799999799212,
    -7.786454066189E-02));
#4059 = CARTESIAN_POINT('',(81.394006171135,78.000000749351,
    -7.524726480574E-02));
#4060 = CARTESIAN_POINT('',(82.252831839866,83.199997203385,
    -7.262989540303E-02));
#4061 = CARTESIAN_POINT('',(83.111615737789,88.400010437109,
    -7.00128751209E-02));
#4062 = CARTESIAN_POINT('',(83.970555526488,93.599961048179,
    -6.739455190301E-02));
#4063 = CARTESIAN_POINT('',(84.828913522894,98.800145370176,
    -6.478109130754E-02));
#4064 = CARTESIAN_POINT('',(85.689442797694,103.99945747111,
    -6.214948315816E-02));
#4065 = CARTESIAN_POINT('',(86.541868751212,109.20202474536,
    -5.9585602602E-02));
#4066 = CARTESIAN_POINT('',(87.424536711463,114.39244354744,
    -5.676895922686E-02));
#4067 = CARTESIAN_POINT('',(88.194339966067,119.62820106486,
    -5.489563953444E-02));
#4068 = CARTESIAN_POINT('',(89.385360036524,124.69475219308,
    -4.950178793014E-02));
#4069 = CARTESIAN_POINT('',(89.055606758976,129.62659751062,
    -5.620530714793E-02));
#4070 = CARTESIAN_POINT('',(92.175308005514,132.39402342631,
    -3.343776220176E-02));
#4071 = CARTESIAN_POINT('',(93.862057004248,134.92420397074,
    0.152368528038));
#4072 = CARTESIAN_POINT('',(95.471079000942,137.3546612876,
    0.648955382079));
#4073 = CARTESIAN_POINT('',(96.8404177443,139.69082105477,1.544387632826
    ));
#4074 = CARTESIAN_POINT('',(98.057652722962,141.81102733103,
    2.870809367089));
#4075 = CARTESIAN_POINT('',(99.14565187313,143.62015866405,
    4.598798157948));
#4076 = CARTESIAN_POINT('',(100.14412164303,145.04733899611,
    6.649602739983));
#4077 = CARTESIAN_POINT('',(101.08828653951,146.07710288501,
    8.919977121846));
#4078 = CARTESIAN_POINT('',(102.0144441777,146.75636811015,
    11.311366651197));
#4079 = CARTESIAN_POINT('',(102.95866591638,147.18640159606,
    13.752736475286));
#4080 = CARTESIAN_POINT('',(103.95503776937,147.5258539252,
    16.199003117265));
#4081 = CARTESIAN_POINT('',(105.04303455616,147.868917896,
    18.649308645795));
#4082 = CARTESIAN_POINT('',(106.25752157731,148.21150690986,
    21.100403697875));
#4083 = CARTESIAN_POINT('',(107.63452573084,148.55471171358,
    23.552042155174));
#4084 = CARTESIAN_POINT('',(109.21020692466,148.89805889731,
    26.004160076479));
#4085 = CARTESIAN_POINT('',(111.02079411547,149.24264899942,
    28.456676015612));
#4086 = CARTESIAN_POINT('',(112.3874980658,149.46725723878,
    30.067206584901));
#4087 = CARTESIAN_POINT('',(113.11805586645,149.58125126848,
    30.870613888268));
#4088 = CARTESIAN_POINT('',(69.134055399076,0.,-6.688342535841E-02));
#4089 = CARTESIAN_POINT('',(69.415586393833,1.733333613784,
    -6.637383727474E-02));
#4090 = CARTESIAN_POINT('',(69.978648218895,5.199999869814,
    -6.535466138778E-02));
#4091 = CARTESIAN_POINT('',(70.823241088694,10.400000034895,
    -6.382589733195E-02));
#4092 = CARTESIAN_POINT('',(71.667833923059,15.599999990647,
    -6.229713333653E-02));
#4093 = CARTESIAN_POINT('',(72.512426766924,20.800000002507,
    -6.076836932491E-02));
#4094 = CARTESIAN_POINT('',(73.357019608237,25.999999999329,
    -5.923960531767E-02));
#4095 = CARTESIAN_POINT('',(74.201612450254,31.200000000175,
    -5.771084130909E-02));
#4096 = CARTESIAN_POINT('',(75.046205292007,36.399999999972,
    -5.618207730151E-02));
#4097 = CARTESIAN_POINT('',(75.890798134109,41.599999999939,
    -5.465331329125E-02));
#4098 = CARTESIAN_POINT('',(76.735390975082,46.800000000274,
    -5.31245492907E-02));
#4099 = CARTESIAN_POINT('',(77.579983820221,51.999999998965,
    -5.159578525399E-02));
#4100 = CARTESIAN_POINT('',(78.424576649826,57.200000003865,
    -5.006702135223E-02));
#4101 = CARTESIAN_POINT('',(79.269169537402,62.399999985574,
    -4.853825694684E-02));
#4102 = CARTESIAN_POINT('',(80.113762208628,67.600000053838,
    -4.7009494421E-02));
#4103 = CARTESIAN_POINT('',(80.958355687282,72.799999799075,
    -4.548072488061E-02));
#4104 = CARTESIAN_POINT('',(81.802946152575,78.000000749863,
    -4.395198151885E-02));
#4105 = CARTESIAN_POINT('',(82.647547863884,83.199997201472,
    -4.242314045713E-02));
#4106 = CARTESIAN_POINT('',(83.49210760449,88.40001044425,
    -4.089466401662E-02));
#4107 = CARTESIAN_POINT('',(84.336823981891,93.599961021527,
    -3.936482679123E-02));
#4108 = CARTESIAN_POINT('',(85.180955782815,98.800145469642,
    -3.784006808416E-02));
#4109 = CARTESIAN_POINT('',(86.02726925285,103.9994570999,
    -3.629635608867E-02));
#4110 = CARTESIAN_POINT('',(86.865440622921,109.20202613073,
    -3.482337872856E-02));
#4111 = CARTESIAN_POINT('',(87.733998723738,114.39243837715,
    -3.308641611533E-02));
#4112 = CARTESIAN_POINT('',(88.489152001533,119.62822036065,
    -3.233465987919E-02));
#4113 = CARTESIAN_POINT('',(89.667537840668,124.69468018022,
    -2.790606338782E-02));
#4114 = CARTESIAN_POINT('',(89.320337912271,129.62682044448,
    -3.594995349549E-02));
#4115 = CARTESIAN_POINT('',(92.441674803101,132.39356004598,
    -1.304509720165E-02));
#4116 = CARTESIAN_POINT('',(94.123928154904,134.92166326354,
    0.172302747301));
#4117 = CARTESIAN_POINT('',(95.72718875733,137.34929678395,
    0.667901864069));
#4118 = CARTESIAN_POINT('',(97.088740283155,139.68233678093,
    1.561527164557));
#4119 = CARTESIAN_POINT('',(98.296773715837,141.79970251117,
    2.885348533807));
#4120 = CARTESIAN_POINT('',(99.374411797028,143.60671205139,
    4.610194790909));
#4121 = CARTESIAN_POINT('',(100.36170798516,145.03270983414,
    6.657751471464));
#4122 = CARTESIAN_POINT('',(101.29420867225,146.0621859119,
    8.925238868001));
#4123 = CARTESIAN_POINT('',(102.20854011694,146.741819612,
    11.314485780257));
#4124 = CARTESIAN_POINT('',(103.14110015517,147.17256803431,
    13.754636784495));
#4125 = CARTESIAN_POINT('',(104.12632169958,147.51287571162,
    16.200838975945));
#4126 = CARTESIAN_POINT('',(105.20396623566,147.85672139978,
    18.651019498127));
#4127 = CARTESIAN_POINT('',(106.40924335907,148.2000091476,
    21.102020581702));
#4128 = CARTESIAN_POINT('',(107.77850887949,148.54380013317,
    23.553575063127));
#4129 = CARTESIAN_POINT('',(109.34825190827,148.88759764358,
    26.005631807801));
#4130 = CARTESIAN_POINT('',(111.1550301398,149.23247539185,
    28.458100272451));
#4131 = CARTESIAN_POINT('',(112.52084856133,149.45715327605,
    30.068638845083));
#4132 = CARTESIAN_POINT('',(113.25140586331,149.57114559878,
    30.872034147523));
#4133 = CARTESIAN_POINT('',(69.580978278853,0.,-3.245474898384E-02));
#4134 = CARTESIAN_POINT('',(69.859104147224,1.733333610965,
    -3.220747466659E-02));
#4135 = CARTESIAN_POINT('',(70.415355718416,5.199999871122,
    -3.171292616815E-02));
#4136 = CARTESIAN_POINT('',(71.249733208292,10.400000034544,
    -3.097110331112E-02));
#4137 = CARTESIAN_POINT('',(72.084110662499,15.599999990741,
    -3.02292804834E-02));
#4138 = CARTESIAN_POINT('',(72.918488126267,20.800000002481,
    -2.948745764781E-02));
#4139 = CARTESIAN_POINT('',(73.752865587467,25.999999999336,
    -2.874563481438E-02));
#4140 = CARTESIAN_POINT('',(74.587243049376,31.200000000173,
    -2.800381198019E-02));
#4141 = CARTESIAN_POINT('',(75.42162051102,36.399999999972,
    -2.726198914687E-02));
#4142 = CARTESIAN_POINT('',(76.255997973014,41.599999999938,
    -2.652016631084E-02));
#4143 = CARTESIAN_POINT('',(77.090375433875,46.800000000274,
    -2.57783434848E-02));
#4144 = CARTESIAN_POINT('',(77.924752898916,51.999999998965,
    -2.503652062149E-02));
#4145 = CARTESIAN_POINT('',(78.75913034837,57.200000003867,
    -2.429469789727E-02));
#4146 = CARTESIAN_POINT('',(79.593507855993,62.399999985567,
    -2.355287465396E-02));
#4147 = CARTESIAN_POINT('',(80.427885146526,67.600000053864,
    -2.281105334794E-02));
#4148 = CARTESIAN_POINT('',(81.262263247249,72.799999798975,
    -2.206922481181E-02));
#4149 = CARTESIAN_POINT('',(82.096638324303,78.000000750234,
    -2.132742325886E-02));
#4150 = CARTESIAN_POINT('',(82.931024685841,83.199997200088,
    -2.058552100331E-02));
#4151 = CARTESIAN_POINT('',(83.765368933115,88.400010449413,
    -1.984399457496E-02));
#4152 = CARTESIAN_POINT('',(84.59987035296,93.599961002259,
    -1.910106554038E-02));
#4153 = CARTESIAN_POINT('',(85.433785196785,98.800145541549,
    -1.836337110356E-02));
#4154 = CARTESIAN_POINT('',(86.269889172117,103.99945683154,
    -1.760614088196E-02));
#4155 = CARTESIAN_POINT('',(87.097823197443,109.20202713227,
    -1.692181920165E-02));
#4156 = CARTESIAN_POINT('',(87.956247891287,114.39243463935,
    -1.5965399141E-02));
#4157 = CARTESIAN_POINT('',(88.700879861067,119.62823431031,
    -1.602446406044E-02));
#4158 = CARTESIAN_POINT('',(89.870192058582,124.69462811937,
    -1.229368743982E-02));
#4159 = CARTESIAN_POINT('',(89.51046230916,129.6269816119,
    -2.130658297267E-02));
#4160 = CARTESIAN_POINT('',(92.632973885631,132.39322505059,
    1.697540950618E-03));
#4161 = CARTESIAN_POINT('',(94.311998557505,134.91982648905,
    0.186713957481));
#4162 = CARTESIAN_POINT('',(95.911121446644,137.34541857892,
    0.681599001165));
#4163 = CARTESIAN_POINT('',(97.267080355135,139.6762031746,1.57391798814
    ));
#4164 = CARTESIAN_POINT('',(98.468505429269,141.79151536538,
    2.895859453981));
#4165 = CARTESIAN_POINT('',(99.538702406661,143.59699098037,
    4.618433853135));
#4166 = CARTESIAN_POINT('',(100.51797396125,145.02213385295,
    6.663642501382));
#4167 = CARTESIAN_POINT('',(101.44209765625,146.05140186102,
    8.929042785715));
#4168 = CARTESIAN_POINT('',(102.34793577524,146.73130194577,
    11.316740718054));
#4169 = CARTESIAN_POINT('',(103.27212062326,147.16256722297,
    13.756010590765));
#4170 = CARTESIAN_POINT('',(104.24933424844,147.50349326423,
    16.202166188461));
#4171 = CARTESIAN_POINT('',(105.31954401384,147.84790408576,
    18.652256338768));
#4172 = CARTESIAN_POINT('',(106.51820678054,148.19169697523,
    21.103189488914));
#4173 = CARTESIAN_POINT('',(107.88191457634,148.53591173362,
    23.554683260967));
#4174 = CARTESIAN_POINT('',(109.44739293719,148.88003480429,
    26.006695778705));
#4175 = CARTESIAN_POINT('',(111.25143565955,149.22512049578,
    28.459129922264));
#4176 = CARTESIAN_POINT('',(112.61661809747,149.44984874727,
    30.069674280743));
#4177 = CARTESIAN_POINT('',(113.34717505184,149.56383982331,
    30.873060907306));
#4178 = CARTESIAN_POINT('',(69.85010492132,0.,-1.162808309903E-02));
#4179 = CARTESIAN_POINT('',(70.126180298354,1.733333611749,
    -1.153948816621E-02));
#4180 = CARTESIAN_POINT('',(70.678330895992,5.199999870758,
    -1.136229834897E-02));
#4181 = CARTESIAN_POINT('',(71.506556918205,10.400000034642,
    -1.109651358419E-02));
#4182 = CARTESIAN_POINT('',(72.334782906713,15.599999990715,
    -1.083072882985E-02));
#4183 = CARTESIAN_POINT('',(73.163008904257,20.800000002488,
    -1.05649440727E-02));
#4184 = CARTESIAN_POINT('',(73.991234899373,25.999999999334,
    -1.029915931635E-02));
#4185 = CARTESIAN_POINT('',(74.819460895161,31.200000000173,
    -1.003337455961E-02));
#4186 = CARTESIAN_POINT('',(75.647686890693,36.399999999972,
    -9.767589803643E-03));
#4187 = CARTESIAN_POINT('',(76.475912886573,41.599999999938,
    -9.501805044944E-03));
#4188 = CARTESIAN_POINT('',(77.304138881319,46.800000000274,
    -9.236020296412E-03));
#4189 = CARTESIAN_POINT('',(78.132364880253,51.999999998964,
    -8.970235509939E-03));
#4190 = CARTESIAN_POINT('',(78.960590863568,57.200000003868,
    -8.704450865069E-03));
#4191 = CARTESIAN_POINT('',(79.788816905172,62.399999985563,
    -8.438665691731E-03));
#4192 = CARTESIAN_POINT('',(80.61704272924,67.60000005388,
    -8.17288249065E-03));
#4193 = CARTESIAN_POINT('',(81.445269365161,72.799999798915,
    -7.907091929031E-03));
#4194 = CARTESIAN_POINT('',(82.273492971207,78.000000750458,
    -7.641328837287E-03));
#4195 = CARTESIAN_POINT('',(83.1017278849,83.199997199251,
    -7.37546322658E-03));
#4196 = CARTESIAN_POINT('',(83.92992059788,88.400010452536,
    -7.109980221848E-03));
#4197 = CARTESIAN_POINT('',(84.758270806063,93.599960990604,
    -6.843069312206E-03));
#4198 = CARTESIAN_POINT('',(85.586033234148,98.800145585048,
    -6.581487416201E-03));
#4199 = CARTESIAN_POINT('',(86.415989287423,103.9994566692,
    -6.300017370562E-03));
#4200 = CARTESIAN_POINT('',(87.237758620038,109.20202773813,
    -6.09277090983E-03));
#4201 = CARTESIAN_POINT('',(88.090081210098,114.39243237827,
    -5.608518259103E-03));
#4202 = CARTESIAN_POINT('',(88.828377491041,119.62824274877,
    -6.15806678344E-03));
#4203 = CARTESIAN_POINT('',(89.992225751009,124.69459662661,
    -2.849416797532E-03));
#4204 = CARTESIAN_POINT('',(89.624950832574,129.62707910563,
    -1.244848508973E-02));
#4205 = CARTESIAN_POINT('',(92.748169777625,132.39302240449,
    1.06156880126E-02));
#4206 = CARTESIAN_POINT('',(94.425250212969,134.91871538364,
    0.195431616451));
#4207 = CARTESIAN_POINT('',(96.021881466672,137.34307256713,
    0.689884701572));
#4208 = CARTESIAN_POINT('',(97.374472630091,139.67249282081,
    1.581413470685));
#4209 = CARTESIAN_POINT('',(98.57191830324,141.78656278027,
    2.902217741481));
#4210 = CARTESIAN_POINT('',(99.637634419677,143.59111049005,
    4.623417843641));
#4211 = CARTESIAN_POINT('',(100.61207372516,145.01573620861,
    6.667206115344));
#4212 = CARTESIAN_POINT('',(101.53115298889,146.04487835073,
    8.931343859459));
#4213 = CARTESIAN_POINT('',(102.43187662318,146.72493957743,
    11.318104779674));
#4214 = CARTESIAN_POINT('',(103.35101812496,147.15651751156,
    13.756841636486));
#4215 = CARTESIAN_POINT('',(104.32340956602,147.49781761481,
    16.202969048591));
#4216 = CARTESIAN_POINT('',(105.3891422841,147.84257029799,
    18.653004530959));
#4217 = CARTESIAN_POINT('',(106.58382203798,148.18666875874,
    21.103896586672));
#4218 = CARTESIAN_POINT('',(107.94418309985,148.53113986685,
    23.555353634294));
#4219 = CARTESIAN_POINT('',(109.50709337784,148.8754598754,
    26.007339398158));
#4220 = CARTESIAN_POINT('',(111.30948883306,149.22067135907,
    28.45975278023));
#4221 = CARTESIAN_POINT('',(112.67428831329,149.44543007184,
    30.070300638442));
#4222 = CARTESIAN_POINT('',(113.40484504665,149.55942039855,
    30.873682016951));
#4223 = CARTESIAN_POINT('',(69.969988219237,-0.,-2.32924480964E-03));
#4224 = CARTESIAN_POINT('',(70.245150200201,1.733333610465,
    -2.31149817968E-03));
#4225 = CARTESIAN_POINT('',(70.795474004015,5.199999871354,
    -2.276004929595E-03));
#4226 = CARTESIAN_POINT('',(71.620959836848,10.400000034482,
    -2.22276504656E-03));
#4227 = CARTESIAN_POINT('',(72.446445635613,15.599999990758,
    -2.169525165648E-03));
#4228 = CARTESIAN_POINT('',(73.271931443511,20.800000002477,
    -2.116285284153E-03));
#4229 = CARTESIAN_POINT('',(74.097417248955,25.999999999337,
    -2.063045402864E-03));
#4230 = CARTESIAN_POINT('',(74.922903055077,31.200000000173,
    -2.009805521337E-03));
#4231 = CARTESIAN_POINT('',(75.748388860943,36.399999999972,
    -1.956565640556E-03));
#4232 = CARTESIAN_POINT('',(76.573874667156,41.599999999938,
    -1.903325757027E-03));
#4233 = CARTESIAN_POINT('',(77.399360472234,46.800000000274,
    -1.850085883745E-03));
#4234 = CARTESIAN_POINT('',(78.224846281505,51.999999998964,
    -1.796845972221E-03));
#4235 = CARTESIAN_POINT('',(79.050332075142,57.200000003869,
    -1.743606203419E-03));
#4236 = CARTESIAN_POINT('',(79.875817927121,62.399999985561,
    -1.690365901973E-03));
#4237 = CARTESIAN_POINT('',(80.701303561366,67.600000053888,
    -1.637127588378E-03));
#4238 = CARTESIAN_POINT('',(81.526790008205,72.799999798888,
    -1.583881856026E-03));
#4239 = CARTESIAN_POINT('',(82.352273422403,78.000000750558,
    -1.530663810849E-03));
#4240 = CARTESIAN_POINT('',(83.177768154568,83.199997198878,
    -1.47734243573E-03));
#4241 = CARTESIAN_POINT('',(84.00322064751,88.400010453931,
    -1.424406693204E-03));
#4242 = CARTESIAN_POINT('',(84.828830779373,93.5999609854,
    -1.370031750251E-03));
#4243 = CARTESIAN_POINT('',(85.653852594777,98.800145604469,
    -1.321027976409E-03));
#4244 = CARTESIAN_POINT('',(86.481070037095,103.99945659672,
    -1.251978726549E-03));
#4245 = CARTESIAN_POINT('',(87.300093288216,109.20202800863,
    -1.257740211652E-03));
#4246 = CARTESIAN_POINT('',(88.149697677213,114.39243136873,
    -9.843042329185E-04));
#4247 = CARTESIAN_POINT('',(88.885171705904,119.62824651644,
    -1.752847374571E-03));
#4248 = CARTESIAN_POINT('',(90.046586037938,124.6945825655,
    1.367328501482E-03));
#4249 = CARTESIAN_POINT('',(89.675950100557,129.62712263533,
    -8.49345838403E-03));
#4250 = CARTESIAN_POINT('',(92.799484145137,132.39293192562,
    1.459752590394E-02));
#4251 = CARTESIAN_POINT('',(94.475698514285,134.91821928938,
    0.199323938989));
#4252 = CARTESIAN_POINT('',(96.071219861252,137.34202510306,
    0.693584160171));
#4253 = CARTESIAN_POINT('',(97.42231085218,139.6708361956,1.584760107178
    ));
#4254 = CARTESIAN_POINT('',(98.617983888813,141.78435151476,
    2.905056635021));
#4255 = CARTESIAN_POINT('',(99.681703991835,143.5884849268,
    4.625643131261));
#4256 = CARTESIAN_POINT('',(100.65399075697,145.01287974274,
    6.668797223116));
#4257 = CARTESIAN_POINT('',(101.57082296312,146.04196568734,
    8.932371259273));
#4258 = CARTESIAN_POINT('',(102.46926833434,146.72209886185,
    11.318713815633));
#4259 = CARTESIAN_POINT('',(103.3861632619,147.15381639327,
    13.757212687706));
#4260 = CARTESIAN_POINT('',(104.35640664608,147.49528351038,
    16.203327515307));
#4261 = CARTESIAN_POINT('',(105.42014504955,147.84018883039,
    18.653338589143));
#4262 = CARTESIAN_POINT('',(106.61305055793,148.18442372482,
    21.104212296723));
#4263 = CARTESIAN_POINT('',(107.9719208071,148.52900928966,
    23.55565294735));
#4264 = CARTESIAN_POINT('',(109.53368712343,148.87341722887,
    26.007626765986));
#4265 = CARTESIAN_POINT('',(111.33534880293,149.21868487542,
    28.460030878198));
#4266 = CARTESIAN_POINT('',(112.69997768188,149.44345719314,
    30.070580299312));
#4267 = CARTESIAN_POINT('',(113.43053432478,149.55744718227,
    30.873959334413));
#4268 = CARTESIAN_POINT('',(70.,0.,-1.163152258676E-15));
#4269 = CARTESIAN_POINT('',(70.274933317067,1.733333612002,
    -1.154290144809E-15));
#4270 = CARTESIAN_POINT('',(70.824799802477,5.199999870641,
    -1.318441620011E-15));
#4271 = CARTESIAN_POINT('',(71.649599650154,10.400000034673,
    -4.73414640751E-16));
#4272 = CARTESIAN_POINT('',(72.474399465786,15.599999990706,
    -3.447777320937E-15));
#4273 = CARTESIAN_POINT('',(73.299199290009,20.800000002491,
    7.764164444594E-15));
#4274 = CARTESIAN_POINT('',(74.123999111924,25.999999999334,
    -3.39497219133E-14));
#4275 = CARTESIAN_POINT('',(74.948798934477,31.200000000174,
    1.218533997768E-13));
#4276 = CARTESIAN_POINT('',(75.773598756784,36.399999999972,
    -4.594856826016E-13));
#4277 = CARTESIAN_POINT('',(76.598398579437,41.599999999938,
    1.710227043246E-12));
#4278 = CARTESIAN_POINT('',(77.423198400955,46.800000000274,
    -6.387125259742E-12));
#4279 = CARTESIAN_POINT('',(78.247998226666,51.999999998964,
    2.383273074439E-11));
#4280 = CARTESIAN_POINT('',(79.07279803674,57.200000003869,
    -8.894918145112E-11));
#4281 = CARTESIAN_POINT('',(79.897597905169,62.39999998556,
    3.319587708448E-10));
#4282 = CARTESIAN_POINT('',(80.722397555815,67.600000053889,
    -1.238890966625E-09));
#4283 = CARTESIAN_POINT('',(81.547198019239,72.799999798882,
    4.623600190477E-09));
#4284 = CARTESIAN_POINT('',(82.371995449332,78.000000750584,
    -1.725551454094E-08));
#4285 = CARTESIAN_POINT('',(83.196804199973,83.199997198784,
    6.439845338716E-08));
#4286 = CARTESIAN_POINT('',(84.021570701752,88.40001045428,
    -2.403383034343E-07));
#4287 = CARTESIAN_POINT('',(84.84649487843,93.599960984096,
    8.96954756083E-07));
#4288 = CARTESIAN_POINT('',(85.670830604376,98.800145609334,
    -3.347480725005E-06));
#4289 = CARTESIAN_POINT('',(86.497362458351,103.99945657856,
    1.249296813999E-05));
#4290 = CARTESIAN_POINT('',(87.315698250941,109.20202807639,
    -4.662439183874E-05));
#4291 = CARTESIAN_POINT('',(88.16462216104,114.39243111585,
    1.740045992114E-04));
#4292 = CARTESIAN_POINT('',(88.89938966249,119.62824746019,
    -6.493940050101E-04));
#4293 = CARTESIAN_POINT('',(90.060194681026,124.69457904336,
    2.423571420826E-03));
#4294 = CARTESIAN_POINT('',(89.688717340668,129.62713353898,
    -7.502772758628E-03));
#4295 = CARTESIAN_POINT('',(92.812330267779,132.39290926177,
    1.559492740213E-02));
#4296 = CARTESIAN_POINT('',(94.4883278245,134.91809502386,0.20029891799)
  );
#4297 = CARTESIAN_POINT('',(96.083571315601,137.34176272617,
    0.694510829124));
#4298 = CARTESIAN_POINT('',(97.434286750895,139.67042123132,
    1.585598398526));
#4299 = CARTESIAN_POINT('',(98.629516022805,141.7837976199,
    2.905767742994));
#4300 = CARTESIAN_POINT('',(99.692736440566,143.58782725545,
    4.626200538485));
#4301 = CARTESIAN_POINT('',(100.66448433523,145.01216423312,
    6.669195776075));
#4302 = CARTESIAN_POINT('',(101.58075400932,146.04123610093,
    8.932628610311));
#4303 = CARTESIAN_POINT('',(102.47862903643,146.72138729748,
    11.318866371663));
#4304 = CARTESIAN_POINT('',(103.39496155292,147.1531397963,
    13.75730563148));
#4305 = CARTESIAN_POINT('',(104.36466718904,147.49464874835,
    16.203417306818));
#4306 = CARTESIAN_POINT('',(105.42790633252,147.83959230198,
    18.653422266615));
#4307 = CARTESIAN_POINT('',(106.62036767342,148.18386137147,
    21.104291378217));
#4308 = CARTESIAN_POINT('',(107.97886470995,148.52847560592,
    23.555727921588));
#4309 = CARTESIAN_POINT('',(109.54034464564,148.87290557219,
    26.007698748129));
#4310 = CARTESIAN_POINT('',(111.34182262822,149.21818728104,
    28.460100538202));
#4311 = CARTESIAN_POINT('',(112.70640880448,149.44296302147,
    30.070650351195));
#4312 = CARTESIAN_POINT('',(113.43696542065,149.55695291582,
    30.874028799033));
#4313 = DEFINITIONAL_REPRESENTATION('',(#4314),#4318);
#4314 = LINE('',#4315,#4316);
#4315 = CARTESIAN_POINT('',(2.,0.));
#4316 = VECTOR('',#4317,1.);
#4317 = DIRECTION('',(0.,1.));
#4318 = ( GEOMETRIC_REPRESENTATION_CONTEXT(2) 
PARAMETRIC_REPRESENTATION_CONTEXT() REPRESENTATION_CONTEXT('2D SPACE',''
  ) );
#4319 = ORIENTED_EDGE('',*,*,#4320,.T.);
#4320 = EDGE_CURVE('',#22,#4321,#4323,.T.);
#4321 = VERTEX_POINT('',#4322);
#4322 = CARTESIAN_POINT('',(0.,0.,0.));
#4323 = SURFACE_CURVE('',#4324,(#4372,#4379),.PCURVE_S1.);
#4324 = B_SPLINE_CURVE_WITH_KNOTS('',3,(#4325,#4326,#4327,#4328,#4329,
    #4330,#4331,#4332,#4333,#4334,#4335,#4336,#4337,#4338,#4339,#4340,
    #4341,#4342,#4343,#4344,#4345,#4346,#4347,#4348,#4349,#4350,#4351,
    #4352,#4353,#4354,#4355,#4356,#4357,#4358,#4359,#4360,#4361,#4362,
    #4363,#4364,#4365,#4366,#4367,#4368,#4369,#4370,#4371),
  .UNSPECIFIED.,.F.,.F.,(4,1,1,1,1,1,1,1,1,1,1,1,1,1,1,1,1,1,1,1,1,1,1,1
    ,1,1,1,1,1,1,1,1,1,1,1,1,1,1,1,1,1,1,1,1,4),(0.,1.254956588655E-03,
    5.013258042861E-03,1.125524629923E-02,1.994831234723E-02,
    3.104712176402E-02,4.449391904138E-02,6.021890099618E-02,
    7.814064890659E-02,9.816660946618E-02,0.120193616026,0.144108443623,
    0.169788393653,0.19710190642,0.225909201994,0.256062951565,
    0.287408982857,0.319787023978,0.353031490349,0.386972319074,
    0.421435854087,0.456245783643,0.491224129199,0.526192281396,
    0.560972075084,0.595436158676,0.629586848814,0.663028746494,
    0.695594486647,0.727122299999,0.757457075469,0.786451400201,
    0.81396659126,0.839873754231,0.864054935332,0.886404482466,
    0.906830812748,0.925258934134,0.941634364655,0.955929713143,
    0.968156548194,0.978388219222,0.986805462839,0.993782843249,1.),
  .UNSPECIFIED.);
#4325 = CARTESIAN_POINT('',(70.,0.,-1.163152258676E-15));
#4326 = CARTESIAN_POINT('',(69.970562413364,0.,6.292622550817E-03));
#4327 = CARTESIAN_POINT('',(69.852961392458,0.,3.140797387568E-02));
#4328 = CARTESIAN_POINT('',(69.588893355164,0.,8.759551346569E-02));
#4329 = CARTESIAN_POINT('',(69.150174902096,0.,0.180259264655));
#4330 = CARTESIAN_POINT('',(68.538895797054,0.,0.307956630618));
#4331 = CARTESIAN_POINT('',(67.75797604284,0.,0.468727151141));
#4332 = CARTESIAN_POINT('',(66.811159399909,0.,0.660146998158));
#4333 = CARTESIAN_POINT('',(65.703004008018,0.,0.879392802784));
#4334 = CARTESIAN_POINT('',(64.43886951024,0.,1.123310860247));
#4335 = CARTESIAN_POINT('',(63.024900122443,0.,1.388487622008));
#4336 = CARTESIAN_POINT('',(61.468003198372,0.,1.671317583268));
#4337 = CARTESIAN_POINT('',(59.775822999367,0.,1.968065200302));
#4338 = CARTESIAN_POINT('',(57.95670956517,0.,2.274918275883));
#4339 = CARTESIAN_POINT('',(56.019682774231,0.,2.588031263645));
#4340 = CARTESIAN_POINT('',(53.974391853538,0.,2.903558068289));
#4341 = CARTESIAN_POINT('',(51.831070729478,0.,3.217675075483));
#4342 = CARTESIAN_POINT('',(49.6004896857,0.,3.526596149954));
#4343 = CARTESIAN_POINT('',(47.293903815522,0.,3.826582407155));
#4344 = CARTESIAN_POINT('',(44.922998687646,0.,4.113949373031));
#4345 = CARTESIAN_POINT('',(42.499833652671,0.,4.385077473133));
#4346 = CARTESIAN_POINT('',(40.036782713428,0.,4.636419860331));
#4347 = CARTESIAN_POINT('',(37.546474224107,0.,4.864546440324));
#4348 = CARTESIAN_POINT('',(35.041724982292,0.,5.066089971254));
#4349 = CARTESIAN_POINT('',(32.535485267964,0.,5.238108216773));
#4350 = CARTESIAN_POINT('',(30.039552568869,0.,5.37701176932));
#4351 = CARTESIAN_POINT('',(27.561596276583,0.,5.483073972855));
#4352 = CARTESIAN_POINT('',(25.114097270748,0.,5.541767833527));
#4353 = CARTESIAN_POINT('',(22.711433060655,0.,5.549498277437));
#4354 = CARTESIAN_POINT('',(20.372056129126,0.,5.506231291654));
#4355 = CARTESIAN_POINT('',(18.108745716404,0.,5.412163564669));
#4356 = CARTESIAN_POINT('',(15.933873373571,0.,5.268455728395));
#4357 = CARTESIAN_POINT('',(13.859302620153,0.,5.077015567336));
#4358 = CARTESIAN_POINT('',(11.89629274733,0.,4.840527436813));
#4359 = CARTESIAN_POINT('',(10.05540708645,0.,4.562383927071));
#4360 = CARTESIAN_POINT('',(8.34642760686,0.,4.246607026958));
#4361 = CARTESIAN_POINT('',(6.778276426836,0.,3.897734832926));
#4362 = CARTESIAN_POINT('',(5.358940618778,0.,3.520690913609));
#4363 = CARTESIAN_POINT('',(4.095399004706,0.,3.120604931387));
#4364 = CARTESIAN_POINT('',(2.99352061651,0.,2.702682453504));
#4365 = CARTESIAN_POINT('',(2.057958986453,0.,2.271779739204));
#4366 = CARTESIAN_POINT('',(1.29184440499,0.,1.832579038854));
#4367 = CARTESIAN_POINT('',(0.696768229588,0.,1.387121955606));
#4368 = CARTESIAN_POINT('',(0.272305998031,0.,0.93763587761));
#4369 = CARTESIAN_POINT('',(2.269432840369E-02,0.,0.469895332869));
#4370 = CARTESIAN_POINT('',(-1.603127355084E-02,0.,0.154326918711));
#4371 = CARTESIAN_POINT('',(0.,0.,0.));
#4372 = PCURVE('',#74,#4373);
#4373 = DEFINITIONAL_REPRESENTATION('',(#4374),#4378);
#4374 = LINE('',#4375,#4376);
#4375 = CARTESIAN_POINT('',(0.,0.));
#4376 = VECTOR('',#4377,1.);
#4377 = DIRECTION('',(1.,0.));
#4378 = ( GEOMETRIC_REPRESENTATION_CONTEXT(2) 
PARAMETRIC_REPRESENTATION_CONTEXT() REPRESENTATION_CONTEXT('2D SPACE',''
  ) );
#4379 = PCURVE('',#4380,#4385);
#4380 = PLANE('',#4381);
#4381 = AXIS2_PLACEMENT_3D('',#4382,#4383,#4384);
#4382 = CARTESIAN_POINT('',(70.,0.,-1.163152258676E-15));
#4383 = DIRECTION('',(0.,1.,0.));
#4384 = DIRECTION('',(-1.,0.,1.661646083822E-17));
#4385 = DEFINITIONAL_REPRESENTATION('',(#4386),#4434);
#4386 = B_SPLINE_CURVE_WITH_KNOTS('',3,(#4387,#4388,#4389,#4390,#4391,
    #4392,#4393,#4394,#4395,#4396,#4397,#4398,#4399,#4400,#4401,#4402,
    #4403,#4404,#4405,#4406,#4407,#4408,#4409,#4410,#4411,#4412,#4413,
    #4414,#4415,#4416,#4417,#4418,#4419,#4420,#4421,#4422,#4423,#4424,
    #4425,#4426,#4427,#4428,#4429,#4430,#4431,#4432,#4433),
  .UNSPECIFIED.,.F.,.F.,(4,1,1,1,1,1,1,1,1,1,1,1,1,1,1,1,1,1,1,1,1,1,1,1
    ,1,1,1,1,1,1,1,1,1,1,1,1,1,1,1,1,1,1,1,1,4),(0.,1.254956588655E-03,
    5.013258042861E-03,1.125524629923E-02,1.994831234723E-02,
    3.104712176402E-02,4.449391904138E-02,6.021890099618E-02,
    7.814064890659E-02,9.816660946618E-02,0.120193616026,0.144108443623,
    0.169788393653,0.19710190642,0.225909201994,0.256062951565,
    0.287408982857,0.319787023978,0.353031490349,0.386972319074,
    0.421435854087,0.456245783643,0.491224129199,0.526192281396,
    0.560972075084,0.595436158676,0.629586848814,0.663028746494,
    0.695594486647,0.727122299999,0.757457075469,0.786451400201,
    0.81396659126,0.839873754231,0.864054935332,0.886404482466,
    0.906830812748,0.925258934134,0.941634364655,0.955929713143,
    0.968156548194,0.978388219222,0.986805462839,0.993782843249,1.),
  .UNSPECIFIED.);
#4387 = CARTESIAN_POINT('',(0.,0.));
#4388 = CARTESIAN_POINT('',(2.943758663594E-02,6.292622550819E-03));
#4389 = CARTESIAN_POINT('',(0.147038607542,3.140797387568E-02));
#4390 = CARTESIAN_POINT('',(0.411106644836,8.759551346569E-02));
#4391 = CARTESIAN_POINT('',(0.849825097904,0.180259264655));
#4392 = CARTESIAN_POINT('',(1.461104202946,0.307956630618));
#4393 = CARTESIAN_POINT('',(2.24202395716,0.468727151141));
#4394 = CARTESIAN_POINT('',(3.188840600091,0.660146998158));
#4395 = CARTESIAN_POINT('',(4.296995991982,0.879392802784));
#4396 = CARTESIAN_POINT('',(5.56113048976,1.123310860247));
#4397 = CARTESIAN_POINT('',(6.975099877557,1.388487622008));
#4398 = CARTESIAN_POINT('',(8.531996801628,1.671317583268));
#4399 = CARTESIAN_POINT('',(10.224177000633,1.968065200302));
#4400 = CARTESIAN_POINT('',(12.04329043483,2.274918275883));
#4401 = CARTESIAN_POINT('',(13.980317225769,2.588031263645));
#4402 = CARTESIAN_POINT('',(16.025608146462,2.903558068289));
#4403 = CARTESIAN_POINT('',(18.168929270522,3.217675075483));
#4404 = CARTESIAN_POINT('',(20.3995103143,3.526596149954));
#4405 = CARTESIAN_POINT('',(22.706096184478,3.826582407155));
#4406 = CARTESIAN_POINT('',(25.077001312354,4.113949373031));
#4407 = CARTESIAN_POINT('',(27.500166347329,4.385077473133));
#4408 = CARTESIAN_POINT('',(29.963217286572,4.636419860331));
#4409 = CARTESIAN_POINT('',(32.453525775893,4.864546440324));
#4410 = CARTESIAN_POINT('',(34.958275017708,5.066089971254));
#4411 = CARTESIAN_POINT('',(37.464514732036,5.238108216773));
#4412 = CARTESIAN_POINT('',(39.960447431131,5.37701176932));
#4413 = CARTESIAN_POINT('',(42.438403723417,5.483073972855));
#4414 = CARTESIAN_POINT('',(44.885902729252,5.541767833527));
#4415 = CARTESIAN_POINT('',(47.288566939345,5.549498277437));
#4416 = CARTESIAN_POINT('',(49.627943870874,5.506231291654));
#4417 = CARTESIAN_POINT('',(51.891254283596,5.412163564669));
#4418 = CARTESIAN_POINT('',(54.066126626429,5.268455728395));
#4419 = CARTESIAN_POINT('',(56.140697379847,5.077015567336));
#4420 = CARTESIAN_POINT('',(58.10370725267,4.840527436813));
#4421 = CARTESIAN_POINT('',(59.94459291355,4.562383927071));
#4422 = CARTESIAN_POINT('',(61.65357239314,4.246607026958));
#4423 = CARTESIAN_POINT('',(63.221723573164,3.897734832926));
#4424 = CARTESIAN_POINT('',(64.641059381222,3.520690913609));
#4425 = CARTESIAN_POINT('',(65.904600995294,3.120604931387));
#4426 = CARTESIAN_POINT('',(67.00647938349,2.702682453504));
#4427 = CARTESIAN_POINT('',(67.942041013547,2.271779739204));
#4428 = CARTESIAN_POINT('',(68.70815559501,1.832579038854));
#4429 = CARTESIAN_POINT('',(69.303231770412,1.387121955606));
#4430 = CARTESIAN_POINT('',(69.727694001969,0.93763587761));
#4431 = CARTESIAN_POINT('',(69.977305671596,0.469895332869));
#4432 = CARTESIAN_POINT('',(70.016031273551,0.154326918711));
#4433 = CARTESIAN_POINT('',(70.,0.));
#4434 = ( GEOMETRIC_REPRESENTATION_CONTEXT(2) 
PARAMETRIC_REPRESENTATION_CONTEXT() REPRESENTATION_CONTEXT('2D SPACE',''
  ) );
#4435 = ORIENTED_EDGE('',*,*,#4436,.T.);
#4436 = EDGE_CURVE('',#4321,#4437,#4439,.T.);
#4437 = VERTEX_POINT('',#4438);
#4438 = CARTESIAN_POINT('',(98.436965420659,149.55695291582,
    30.874028799033));
#4439 = SURFACE_CURVE('',#4440,(#4486,#4493),.PCURVE_S1.);
#4440 = ( BOUNDED_CURVE() B_SPLINE_CURVE(3,(#4441,#4442,#4443,#4444,
    #4445,#4446,#4447,#4448,#4449,#4450,#4451,#4452,#4453,#4454,#4455,
    #4456,#4457,#4458,#4459,#4460,#4461,#4462,#4463,#4464,#4465,#4466,
    #4467,#4468,#4469,#4470,#4471,#4472,#4473,#4474,#4475,#4476,#4477,
    #4478,#4479,#4480,#4481,#4482,#4483,#4484,#4485),.UNSPECIFIED.,.F.,
.F.) B_SPLINE_CURVE_WITH_KNOTS((4,1,1,1,1,1,1,1,1,1,1,1,1,1,1,1,1,1,1,1,
    1,1,1,1,1,1,1,1,1,1,1,1,1,1,1,1,1,1,1,1,1,1,4),(0.,
    2.900131297246E-02,5.800262594491E-02,8.700393891737E-02,
    0.11600525189,0.145006564862,0.174007877835,0.203009190807,
    0.23201050378,0.261011816752,0.290013129725,0.319014442697,
    0.348015755669,0.377017068642,0.406018381614,0.435019694587,
    0.464021007559,0.493022320532,0.522023633504,0.551024946477,
    0.580026259449,0.609027572422,0.638028885394,0.667030198367,
    0.696031511339,0.725032824311,0.742335061381,0.759117460833,
    0.775491457371,0.791553830909,0.807387784336,0.823065100639,
    0.838648773393,0.85419567035,0.869758995487,0.885390500132,
    0.901135554835,0.916996390613,0.933015065352,0.949250630528,
0.96577175721,0.982657916868,1.),.UNSPECIFIED.) CURVE() 
GEOMETRIC_REPRESENTATION_ITEM() RATIONAL_B_SPLINE_CURVE((1.,
    0.999999999982,1.000000000008,0.999999999998,1.000000000001,1.,1.,1.
    ,1.,1.,1.,1.,1.,1.,1.,1.,1.,1.,1.,1.,1.,1.,1.,1.,1.,1.,1.,1.,1.,1.,
    1.,1.,1.,1.,1.,1.,1.,1.,1.,1.,1.000000000001,0.999999999998,
1.000000000008,0.999999999982,1.)) REPRESENTATION_ITEM('') );
#4441 = CARTESIAN_POINT('',(0.,0.,0.));
#4442 = CARTESIAN_POINT('',(0.80826673777,1.733333612002,0.));
#4443 = CARTESIAN_POINT('',(2.42479976192,5.199999870641,
    -1.818756980169E-16));
#4444 = CARTESIAN_POINT('',(4.849599661025,10.400000034673,
    6.365649430658E-16));
#4445 = CARTESIAN_POINT('',(7.274399462872,15.599999990706,
    -2.364384074238E-15));
#4446 = CARTESIAN_POINT('',(9.699199290789,20.800000002491,
    8.820971353893E-15));
#4447 = CARTESIAN_POINT('',(12.123999111716,25.999999999334,
    -3.291950134133E-14));
#4448 = CARTESIAN_POINT('',(14.548798934526,31.200000000174,
    1.228570340114E-13));
#4449 = CARTESIAN_POINT('',(16.973598756796,36.399999999972,
    -4.585086347044E-13));
#4450 = CARTESIAN_POINT('',(19.398398579342,41.599999999938,
    1.711177504806E-12));
#4451 = CARTESIAN_POINT('',(21.823198401326,46.800000000274,
    -6.38620138452E-12));
#4452 = CARTESIAN_POINT('',(24.247998225279,51.999999998964,
    2.383362803327E-11));
#4453 = CARTESIAN_POINT('',(26.672798041916,57.200000003869,
    -8.894831074857E-11));
#4454 = CARTESIAN_POINT('',(29.097597885851,62.39999998556,
    3.31959614961E-10));
#4455 = CARTESIAN_POINT('',(31.52239762791,67.600000053889,
    -1.238890149095E-09));
#4456 = CARTESIAN_POINT('',(33.947197750176,72.799999798882,
    4.623600981421E-09));
#4457 = CARTESIAN_POINT('',(36.37199645349,78.000000750584,
    -1.725551377659E-08));
#4458 = CARTESIAN_POINT('',(38.796800452402,83.199997198784,
    6.439845412493E-08));
#4459 = CARTESIAN_POINT('',(41.221584687877,88.40001045428,
    -2.403383027231E-07));
#4460 = CARTESIAN_POINT('',(43.6464426815,93.599960984096,
    8.969547567676E-07));
#4461 = CARTESIAN_POINT('',(46.071025405969,98.800145609334,
    -3.347480724347E-06));
#4462 = CARTESIAN_POINT('',(48.496635448907,103.99945657856,
    1.249296814062E-05));
#4463 = CARTESIAN_POINT('',(50.918411487122,109.20202807639,
    -4.662439183814E-05));
#4464 = CARTESIAN_POINT('',(53.35449622576,114.39243111585,
    1.740045992119E-04));
#4465 = CARTESIAN_POINT('',(55.737180167429,119.62824746019,
    -6.493940050096E-04));
#4466 = CARTESIAN_POINT('',(58.31915859655,124.69457904336,
    2.423571420826E-03));
#4467 = CARTESIAN_POINT('',(59.910184210166,129.62713353898,
    -7.502772758628E-03));
#4468 = CARTESIAN_POINT('',(62.849810148431,132.39290926177,
    1.559492740213E-02));
#4469 = CARTESIAN_POINT('',(65.031504784628,134.91809502386,
    0.20029891799));
#4470 = CARTESIAN_POINT('',(67.274824136695,137.34176272617,
    0.694510829124));
#4471 = CARTESIAN_POINT('',(69.501492070973,139.67042123132,
    1.585598398526));
#4472 = CARTESIAN_POINT('',(71.731765909398,141.7837976199,
    2.905767742994));
#4473 = CARTESIAN_POINT('',(73.96046093023,143.58782725545,
    4.626200538485));
#4474 = CARTESIAN_POINT('',(76.189079694142,145.01216423312,
    6.669195776075));
#4475 = CARTESIAN_POINT('',(78.417408948528,146.04123610093,
    8.932628610311));
#4476 = CARTESIAN_POINT('',(80.645564490986,146.72138729748,
    11.318866371663));
#4477 = CARTESIAN_POINT('',(82.873674366686,147.1531397963,
    13.75730563148));
#4478 = CARTESIAN_POINT('',(85.097632965328,147.49464874835,
    16.203417306818));
#4479 = CARTESIAN_POINT('',(87.325354780285,147.83959230198,
    18.653422266615));
#4480 = CARTESIAN_POINT('',(89.553800145963,148.18386137147,
    21.104291378217));
#4481 = CARTESIAN_POINT('',(91.78278460511,148.52847560592,
    23.555727921588));
#4482 = CARTESIAN_POINT('',(94.012224675667,148.87290557219,
    26.007698748129));
#4483 = CARTESIAN_POINT('',(96.242156849451,149.21818728104,
    28.460100538202));
#4484 = CARTESIAN_POINT('',(97.706353028107,149.44296302147,
    30.070650351195));
#4485 = CARTESIAN_POINT('',(98.436965420659,149.55695291582,
    30.874028799033));
#4486 = PCURVE('',#74,#4487);
#4487 = DEFINITIONAL_REPRESENTATION('',(#4488),#4492);
#4488 = LINE('',#4489,#4490);
#4489 = CARTESIAN_POINT('',(1.,0.));
#4490 = VECTOR('',#4491,1.);
#4491 = DIRECTION('',(0.,1.));
#4492 = ( GEOMETRIC_REPRESENTATION_CONTEXT(2) 
PARAMETRIC_REPRESENTATION_CONTEXT() REPRESENTATION_CONTEXT('2D SPACE',''
  ) );
#4493 = PCURVE('',#2197,#4494);
#4494 = DEFINITIONAL_REPRESENTATION('',(#4495),#4499);
#4495 = LINE('',#4496,#4497);
#4496 = CARTESIAN_POINT('',(1.,0.));
#4497 = VECTOR('',#4498,1.);
#4498 = DIRECTION('',(0.,1.));
#4499 = ( GEOMETRIC_REPRESENTATION_CONTEXT(2) 
PARAMETRIC_REPRESENTATION_CONTEXT() REPRESENTATION_CONTEXT('2D SPACE',''
  ) );
#4500 = ORIENTED_EDGE('',*,*,#4501,.F.);
#4501 = EDGE_CURVE('',#4502,#4437,#4504,.T.);
#4502 = VERTEX_POINT('',#4503);
#4503 = CARTESIAN_POINT('',(113.43696542065,149.55695291582,
    30.874028799033));
#4504 = SURFACE_CURVE('',#4505,(#4553,#4560),.PCURVE_S1.);
#4505 = B_SPLINE_CURVE_WITH_KNOTS('',3,(#4506,#4507,#4508,#4509,#4510,
    #4511,#4512,#4513,#4514,#4515,#4516,#4517,#4518,#4519,#4520,#4521,
    #4522,#4523,#4524,#4525,#4526,#4527,#4528,#4529,#4530,#4531,#4532,
    #4533,#4534,#4535,#4536,#4537,#4538,#4539,#4540,#4541,#4542,#4543,
    #4544,#4545,#4546,#4547,#4548,#4549,#4550,#4551,#4552),
  .UNSPECIFIED.,.F.,.F.,(4,1,1,1,1,1,1,1,1,1,1,1,1,1,1,1,1,1,1,1,1,1,1,1
    ,1,1,1,1,1,1,1,1,1,1,1,1,1,1,1,1,1,1,1,1,4),(0.,1.254956588655E-03,
    5.013258042861E-03,1.125524629923E-02,1.994831234723E-02,
    3.104712176402E-02,4.449391904138E-02,6.021890099618E-02,
    7.814064890659E-02,9.816660946618E-02,0.120193616026,0.144108443623,
    0.169788393653,0.19710190642,0.225909201994,0.256062951565,
    0.287408982857,0.319787023978,0.353031490349,0.386972319074,
    0.421435854087,0.456245783643,0.491224129199,0.526192281396,
    0.560972075084,0.595436158676,0.629586848814,0.663028746494,
    0.695594486647,0.727122299999,0.757457075469,0.786451400201,
    0.81396659126,0.839873754231,0.864054935332,0.886404482466,
    0.906830812748,0.925258934134,0.941634364655,0.955929713143,
    0.968156548194,0.978388219222,0.986805462839,0.993782843249,1.),
  .UNSPECIFIED.);
#4506 = CARTESIAN_POINT('',(113.43696542065,149.55695291582,
    30.874028799033));
#4507 = CARTESIAN_POINT('',(113.43065736638,149.55561761943,
    30.874216462703));
#4508 = CARTESIAN_POINT('',(113.40545714761,149.55028813433,
    30.874965472987));
#4509 = CARTESIAN_POINT('',(113.34887113962,149.53836512155,
    30.876641143155));
#4510 = CARTESIAN_POINT('',(113.25486004253,149.51870184571,
    30.879404636355));
#4511 = CARTESIAN_POINT('',(113.12387166288,149.49160442628,
    30.883212930299));
#4512 = CARTESIAN_POINT('',(112.95653171555,149.45748887352,
    30.88800755856));
#4513 = CARTESIAN_POINT('',(112.75364243492,149.41686952448,
    30.893716235781));
#4514 = CARTESIAN_POINT('',(112.51618056523,149.37034549886,
    30.900254761174));
#4515 = CARTESIAN_POINT('',(112.24529460142,149.31858601379,
    30.90752908241));
#4516 = CARTESIAN_POINT('',(111.94230116118,149.26231542527,
    30.91543739789));
#4517 = CARTESIAN_POINT('',(111.60868039173,149.20229882252,
    30.923872181337));
#4518 = CARTESIAN_POINT('',(111.24607034909,149.13932888902,
    30.932722028351));
#4519 = CARTESIAN_POINT('',(110.85626032748,149.07421457419,
    30.941873248508));
#4520 = CARTESIAN_POINT('',(110.44118315799,149.00777190412,
    30.951211156821));
#4521 = CARTESIAN_POINT('',(110.00290653213,148.94081702137,
    30.960621051929));
#4522 = CARTESIAN_POINT('',(109.54362343411,148.87416129807,
    30.969988902919));
#4523 = CARTESIAN_POINT('',(109.06564178188,148.80860815326,
    30.979201796609));
#4524 = CARTESIAN_POINT('',(108.57137338112,148.74495097935,
    30.988148228965));
#4525 = CARTESIAN_POINT('',(108.06332228229,148.68397162285,
    30.996718318626));
#4526 = CARTESIAN_POINT('',(107.54407263194,148.62643815855,
    31.004804119723));
#4527 = CARTESIAN_POINT('',(107.0162760021,148.57310322847,
    31.012299855315));
#4528 = CARTESIAN_POINT('',(106.48263846868,148.52469469966,
    31.019103230361));
#4529 = CARTESIAN_POINT('',(105.94590648829,148.48192710184,
    31.025113824256));
#4530 = CARTESIAN_POINT('',(105.40885512093,148.44542477846,
    31.030243891253));
#4531 = CARTESIAN_POINT('',(104.8740123997,148.41594940288,
    31.03438638514));
#4532 = CARTESIAN_POINT('',(104.34302176564,148.39344297142,
    31.037549457803));
#4533 = CARTESIAN_POINT('',(103.81855769296,148.38098811655,
    31.039299873503));
#4534 = CARTESIAN_POINT('',(103.30370107651,148.37934771403,
    31.039530417042));
#4535 = CARTESIAN_POINT('',(102.80240601975,148.38852898142,
    31.03824007406));
#4536 = CARTESIAN_POINT('',(102.31741093131,148.40849018134,
    31.035434710361));
#4537 = CARTESIAN_POINT('',(101.85136685785,148.43898502738,
    31.031148939245));
#4538 = CARTESIAN_POINT('',(101.40681598212,148.47960868707,
    31.025439656203));
#4539 = CARTESIAN_POINT('',(100.98617100937,148.52979153942,
    31.018386916246));
#4540 = CARTESIAN_POINT('',(100.59169551061,148.58881367575,
    31.01009189594));
#4541 = CARTESIAN_POINT('',(100.22548562212,148.65582162883,
    31.000674542283));
#4542 = CARTESIAN_POINT('',(99.88945322641,148.72985241322,
    30.990270194051));
#4543 = CARTESIAN_POINT('',(99.585309838969,148.80986124618,
    30.979025685883));
#4544 = CARTESIAN_POINT('',(99.314550921668,148.89475961181,
    30.967093998713));
#4545 = CARTESIAN_POINT('',(99.078434124197,148.98344288718,
    30.954630377168));
#4546 = CARTESIAN_POINT('',(98.877956632042,149.07488057262,
    30.941779648533));
#4547 = CARTESIAN_POINT('',(98.713789221728,149.16807909319,
    30.92868145066));
#4548 = CARTESIAN_POINT('',(98.586272898428,149.26260522009,
    30.915396669884));
#4549 = CARTESIAN_POINT('',(98.495316705951,149.35798630089,
    30.901991733174));
#4550 = CARTESIAN_POINT('',(98.441828491031,149.45724098501,
    30.888042397019));
#4551 = CARTESIAN_POINT('',(98.433530147755,149.52420469731,
    30.878631260998));
#4552 = CARTESIAN_POINT('',(98.436965420659,149.55695291582,
    30.874028799033));
#4553 = PCURVE('',#74,#4554);
#4554 = DEFINITIONAL_REPRESENTATION('',(#4555),#4559);
#4555 = LINE('',#4556,#4557);
#4556 = CARTESIAN_POINT('',(0.,1.));
#4557 = VECTOR('',#4558,1.);
#4558 = DIRECTION('',(1.,0.));
#4559 = ( GEOMETRIC_REPRESENTATION_CONTEXT(2) 
PARAMETRIC_REPRESENTATION_CONTEXT() REPRESENTATION_CONTEXT('2D SPACE',''
  ) );
#4560 = PCURVE('',#4561,#4566);
#4561 = PLANE('',#4562);
#4562 = AXIS2_PLACEMENT_3D('',#4563,#4564,#4565);
#4563 = CARTESIAN_POINT('',(113.43696542065,149.55695291582,
    30.874028799033));
#4564 = DIRECTION('',(0.,0.13917310096,0.990268068742));
#4565 = DIRECTION('',(-1.,0.,0.));
#4566 = DEFINITIONAL_REPRESENTATION('',(#4567),#4615);
#4567 = B_SPLINE_CURVE_WITH_KNOTS('',3,(#4568,#4569,#4570,#4571,#4572,
    #4573,#4574,#4575,#4576,#4577,#4578,#4579,#4580,#4581,#4582,#4583,
    #4584,#4585,#4586,#4587,#4588,#4589,#4590,#4591,#4592,#4593,#4594,
    #4595,#4596,#4597,#4598,#4599,#4600,#4601,#4602,#4603,#4604,#4605,
    #4606,#4607,#4608,#4609,#4610,#4611,#4612,#4613,#4614),
  .UNSPECIFIED.,.F.,.F.,(4,1,1,1,1,1,1,1,1,1,1,1,1,1,1,1,1,1,1,1,1,1,1,1
    ,1,1,1,1,1,1,1,1,1,1,1,1,1,1,1,1,1,1,1,1,4),(0.,1.254956588655E-03,
    5.013258042861E-03,1.125524629923E-02,1.994831234723E-02,
    3.104712176402E-02,4.449391904138E-02,6.021890099618E-02,
    7.814064890659E-02,9.816660946618E-02,0.120193616026,0.144108443623,
    0.169788393653,0.19710190642,0.225909201994,0.256062951565,
    0.287408982857,0.319787023978,0.353031490349,0.386972319074,
    0.421435854087,0.456245783643,0.491224129199,0.526192281396,
    0.560972075084,0.595436158676,0.629586848814,0.663028746494,
    0.695594486647,0.727122299999,0.757457075469,0.786451400201,
    0.81396659126,0.839873754231,0.864054935332,0.886404482466,
    0.906830812748,0.925258934134,0.941634364655,0.955929713143,
    0.968156548194,0.978388219222,0.986805462839,0.993782843249,1.),
  .UNSPECIFIED.);
#4568 = CARTESIAN_POINT('',(0.,0.));
#4569 = CARTESIAN_POINT('',(6.308054279131E-03,1.348419118045E-03));
#4570 = CARTESIAN_POINT('',(3.150827304459E-02,6.730280116244E-03));
#4571 = CARTESIAN_POINT('',(8.809428103626E-02,1.877046717124E-02));
#4572 = CARTESIAN_POINT('',(0.182105378122,3.862698528314E-02));
#4573 = CARTESIAN_POINT('',(0.313093757774,6.599070656108E-02));
#4574 = CARTESIAN_POINT('',(0.480433705106,0.100441532387));
#4575 = CARTESIAN_POINT('',(0.683322985734,0.141460071034));
#4576 = CARTESIAN_POINT('',(0.920784855425,0.188441314882));
#4577 = CARTESIAN_POINT('',(1.191670819234,0.240709470053));
#4578 = CARTESIAN_POINT('',(1.494664259477,0.297533061859));
#4579 = CARTESIAN_POINT('',(1.82828502892,0.358139482129));
#4580 = CARTESIAN_POINT('',(2.190895071564,0.421728257208));
#4581 = CARTESIAN_POINT('',(2.580705093178,0.487482487689));
#4582 = CARTESIAN_POINT('',(2.995782262665,0.554578127924));
#4583 = CARTESIAN_POINT('',(3.434058888528,0.622191014633));
#4584 = CARTESIAN_POINT('',(3.893341986541,0.689501801889));
#4585 = CARTESIAN_POINT('',(4.371323638779,0.75569917499));
#4586 = CARTESIAN_POINT('',(4.865592039531,0.81998194439));
#4587 = CARTESIAN_POINT('',(5.373643138362,0.881560579935));
#4588 = CARTESIAN_POINT('',(5.892892788713,0.939659458529));
#4589 = CARTESIAN_POINT('',(6.420689418551,0.993518541499));
#4590 = CARTESIAN_POINT('',(6.954326951977,1.042402808641));
#4591 = CARTESIAN_POINT('',(7.491058932366,1.085590708126));
#4592 = CARTESIAN_POINT('',(8.028110299722,1.122451760737));
#4593 = CARTESIAN_POINT('',(8.562953020957,1.152216807711));
#4594 = CARTESIAN_POINT('',(9.093943655018,1.174944422755));
#4595 = CARTESIAN_POINT('',(9.618407727697,1.187521678613));
#4596 = CARTESIAN_POINT('',(10.133264344145,1.189178202308));
#4597 = CARTESIAN_POINT('',(10.634559400902,1.179906705354));
#4598 = CARTESIAN_POINT('',(11.119554489342,1.159749335286));
#4599 = CARTESIAN_POINT('',(11.585598562806,1.128954798942));
#4600 = CARTESIAN_POINT('',(12.030149438539,1.087931907286));
#4601 = CARTESIAN_POINT('',(12.450794411286,1.037255879317));
#4602 = CARTESIAN_POINT('',(12.845269910046,0.977653698658));
#4603 = CARTESIAN_POINT('',(13.21147979853,0.909987220062));
#4604 = CARTESIAN_POINT('',(13.547512194249,0.83522889277));
#4605 = CARTESIAN_POINT('',(13.85165558169,0.754433767202));
#4606 = CARTESIAN_POINT('',(14.122414498991,0.668701056726));
#4607 = CARTESIAN_POINT('',(14.358531296462,0.579146240037));
#4608 = CARTESIAN_POINT('',(14.559008788617,0.486809944115));
#4609 = CARTESIAN_POINT('',(14.723176198931,0.392695508326));
#4610 = CARTESIAN_POINT('',(14.850692522231,0.297240419058));
#4611 = CARTESIAN_POINT('',(14.941648714708,0.200921973774));
#4612 = CARTESIAN_POINT('',(14.995136929628,0.100691857043));
#4613 = CARTESIAN_POINT('',(15.003435272904,3.307005400958E-02));
#4614 = CARTESIAN_POINT('',(15.,0.));
#4615 = ( GEOMETRIC_REPRESENTATION_CONTEXT(2) 
PARAMETRIC_REPRESENTATION_CONTEXT() REPRESENTATION_CONTEXT('2D SPACE',''
  ) );
#4616 = ORIENTED_EDGE('',*,*,#4617,.F.);
#4617 = EDGE_CURVE('',#4618,#4502,#4620,.T.);
#4618 = VERTEX_POINT('',#4619);
#4619 = CARTESIAN_POINT('',(89.83719677106,125.63306544257,
    -7.754175101956E-04));
#4620 = SURFACE_CURVE('',#4621,(#4667,#4674),.PCURVE_S1.);
#4621 = ( BOUNDED_CURVE() B_SPLINE_CURVE(3,(#4622,#4623,#4624,#4625,
    #4626,#4627,#4628,#4629,#4630,#4631,#4632,#4633,#4634,#4635,#4636,
    #4637,#4638,#4639,#4640,#4641,#4642,#4643,#4644,#4645,#4646,#4647,
    #4648,#4649,#4650,#4651,#4652,#4653,#4654,#4655,#4656,#4657,#4658,
    #4659,#4660,#4661,#4662,#4663,#4664,#4665,#4666),.UNSPECIFIED.,.F.,
.F.) B_SPLINE_CURVE_WITH_KNOTS((4,1,1,1,1,1,1,1,1,1,1,1,1,1,1,1,1,1,1,1,
    1,1,1,1,1,1,1,1,1,1,1,1,1,1,1,1,1,1,1,1,1,1,4),(0.,
    2.900131297246E-02,5.800262594491E-02,8.700393891737E-02,
    0.11600525189,0.145006564862,0.174007877835,0.203009190807,
    0.23201050378,0.261011816752,0.290013129725,0.319014442697,
    0.348015755669,0.377017068642,0.406018381614,0.435019694587,
    0.464021007559,0.493022320532,0.522023633504,0.551024946477,
    0.580026259449,0.609027572422,0.638028885394,0.667030198367,
    0.696031511339,0.725032824311,0.742335061381,0.759117460833,
    0.775491457371,0.791553830909,0.807387784336,0.823065100639,
    0.838648773393,0.85419567035,0.869758995487,0.885390500132,
    0.901135554835,0.916996390613,0.933015065352,0.949250630528,
0.96577175721,0.982657916868,1.),.UNSPECIFIED.) CURVE() 
GEOMETRIC_REPRESENTATION_ITEM() RATIONAL_B_SPLINE_CURVE((1.,
    0.999999999982,1.000000000008,0.999999999998,1.000000000001,1.,1.,1.
    ,1.,1.,1.,1.,1.,1.,1.,1.,1.,1.,1.,1.,1.,1.,1.,1.,1.,1.,1.,1.,1.,1.,
    1.,1.,1.,1.,1.,1.,1.,1.,1.,1.,1.000000000001,0.999999999998,
1.000000000008,0.999999999982,1.)) REPRESENTATION_ITEM('') );
#4622 = CARTESIAN_POINT('',(70.,0.,-1.163152258676E-15));
#4623 = CARTESIAN_POINT('',(70.274933317067,1.733333612002,
    -1.154290144809E-15));
#4624 = CARTESIAN_POINT('',(70.824799802477,5.199999870641,
    -1.318441620011E-15));
#4625 = CARTESIAN_POINT('',(71.649599650154,10.400000034673,
    -4.73414640751E-16));
#4626 = CARTESIAN_POINT('',(72.474399465786,15.599999990706,
    -3.447777320937E-15));
#4627 = CARTESIAN_POINT('',(73.299199290009,20.800000002491,
    7.764164444594E-15));
#4628 = CARTESIAN_POINT('',(74.123999111924,25.999999999334,
    -3.39497219133E-14));
#4629 = CARTESIAN_POINT('',(74.948798934477,31.200000000174,
    1.218533997768E-13));
#4630 = CARTESIAN_POINT('',(75.773598756784,36.399999999972,
    -4.594856826016E-13));
#4631 = CARTESIAN_POINT('',(76.598398579437,41.599999999938,
    1.710227043246E-12));
#4632 = CARTESIAN_POINT('',(77.423198400955,46.800000000274,
    -6.387125259742E-12));
#4633 = CARTESIAN_POINT('',(78.247998226666,51.999999998964,
    2.383273074439E-11));
#4634 = CARTESIAN_POINT('',(79.07279803674,57.200000003869,
    -8.894918145112E-11));
#4635 = CARTESIAN_POINT('',(79.897597905169,62.39999998556,
    3.319587708448E-10));
#4636 = CARTESIAN_POINT('',(80.722397555815,67.600000053889,
    -1.238890966625E-09));
#4637 = CARTESIAN_POINT('',(81.547198019239,72.799999798882,
    4.623600190477E-09));
#4638 = CARTESIAN_POINT('',(82.371995449332,78.000000750584,
    -1.725551454094E-08));
#4639 = CARTESIAN_POINT('',(83.196804199973,83.199997198784,
    6.439845338716E-08));
#4640 = CARTESIAN_POINT('',(84.021570701752,88.40001045428,
    -2.403383034343E-07));
#4641 = CARTESIAN_POINT('',(84.84649487843,93.599960984096,
    8.96954756083E-07));
#4642 = CARTESIAN_POINT('',(85.670830604376,98.800145609334,
    -3.347480725005E-06));
#4643 = CARTESIAN_POINT('',(86.497362458351,103.99945657856,
    1.249296813999E-05));
#4644 = CARTESIAN_POINT('',(87.315698250941,109.20202807639,
    -4.662439183874E-05));
#4645 = CARTESIAN_POINT('',(88.16462216104,114.39243111585,
    1.740045992114E-04));
#4646 = CARTESIAN_POINT('',(88.89938966249,119.62824746019,
    -6.493940050101E-04));
#4647 = CARTESIAN_POINT('',(90.060194681026,124.69457904336,
    2.423571420826E-03));
#4648 = CARTESIAN_POINT('',(89.688717340668,129.62713353898,
    -7.502772758628E-03));
#4649 = CARTESIAN_POINT('',(92.812330267779,132.39290926177,
    1.559492740213E-02));
#4650 = CARTESIAN_POINT('',(94.4883278245,134.91809502386,0.20029891799)
  );
#4651 = CARTESIAN_POINT('',(96.083571315601,137.34176272617,
    0.694510829124));
#4652 = CARTESIAN_POINT('',(97.434286750895,139.67042123132,
    1.585598398526));
#4653 = CARTESIAN_POINT('',(98.629516022805,141.7837976199,
    2.905767742994));
#4654 = CARTESIAN_POINT('',(99.692736440566,143.58782725545,
    4.626200538485));
#4655 = CARTESIAN_POINT('',(100.66448433523,145.01216423312,
    6.669195776075));
#4656 = CARTESIAN_POINT('',(101.58075400932,146.04123610093,
    8.932628610311));
#4657 = CARTESIAN_POINT('',(102.47862903643,146.72138729748,
    11.318866371663));
#4658 = CARTESIAN_POINT('',(103.39496155292,147.1531397963,
    13.75730563148));
#4659 = CARTESIAN_POINT('',(104.36466718904,147.49464874835,
    16.203417306818));
#4660 = CARTESIAN_POINT('',(105.42790633252,147.83959230198,
    18.653422266615));
#4661 = CARTESIAN_POINT('',(106.62036767342,148.18386137147,
    21.104291378217));
#4662 = CARTESIAN_POINT('',(107.97886470995,148.52847560592,
    23.555727921588));
#4663 = CARTESIAN_POINT('',(109.54034464564,148.87290557219,
    26.007698748129));
#4664 = CARTESIAN_POINT('',(111.34182262822,149.21818728104,
    28.460100538202));
#4665 = CARTESIAN_POINT('',(112.70640880448,149.44296302147,
    30.070650351195));
#4666 = CARTESIAN_POINT('',(113.43696542065,149.55695291582,
    30.874028799033));
#4667 = PCURVE('',#74,#4668);
#4668 = DEFINITIONAL_REPRESENTATION('',(#4669),#4673);
#4669 = LINE('',#4670,#4671);
#4670 = CARTESIAN_POINT('',(0.,0.));
#4671 = VECTOR('',#4672,1.);
#4672 = DIRECTION('',(0.,1.));
#4673 = ( GEOMETRIC_REPRESENTATION_CONTEXT(2) 
PARAMETRIC_REPRESENTATION_CONTEXT() REPRESENTATION_CONTEXT('2D SPACE',''
  ) );
#4674 = PCURVE('',#2197,#4675);
#4675 = DEFINITIONAL_REPRESENTATION('',(#4676),#4680);
#4676 = LINE('',#4677,#4678);
#4677 = CARTESIAN_POINT('',(2.,0.));
#4678 = VECTOR('',#4679,1.);
#4679 = DIRECTION('',(0.,1.));
#4680 = ( GEOMETRIC_REPRESENTATION_CONTEXT(2) 
PARAMETRIC_REPRESENTATION_CONTEXT() REPRESENTATION_CONTEXT('2D SPACE',''
  ) );
#4681 = ORIENTED_EDGE('',*,*,#4682,.F.);
#4682 = EDGE_CURVE('',#4683,#4618,#4685,.T.);
#4683 = VERTEX_POINT('',#4684);
#4684 = CARTESIAN_POINT('',(69.294672262931,118.,2.59293674501));
#4685 = SURFACE_CURVE('',#4686,(#4809,#4935),.PCURVE_S1.);
#4686 = B_SPLINE_CURVE_WITH_KNOTS('',7,(#4687,#4688,#4689,#4690,#4691,
    #4692,#4693,#4694,#4695,#4696,#4697,#4698,#4699,#4700,#4701,#4702,
    #4703,#4704,#4705,#4706,#4707,#4708,#4709,#4710,#4711,#4712,#4713,
    #4714,#4715,#4716,#4717,#4718,#4719,#4720,#4721,#4722,#4723,#4724,
    #4725,#4726,#4727,#4728,#4729,#4730,#4731,#4732,#4733,#4734,#4735,
    #4736,#4737,#4738,#4739,#4740,#4741,#4742,#4743,#4744,#4745,#4746,
    #4747,#4748,#4749,#4750,#4751,#4752,#4753,#4754,#4755,#4756,#4757,
    #4758,#4759,#4760,#4761,#4762,#4763,#4764,#4765,#4766,#4767,#4768,
    #4769,#4770,#4771,#4772,#4773,#4774,#4775,#4776,#4777,#4778,#4779,
    #4780,#4781,#4782,#4783,#4784,#4785,#4786,#4787,#4788,#4789,#4790,
    #4791,#4792,#4793,#4794,#4795,#4796,#4797,#4798,#4799,#4800,#4801,
    #4802,#4803,#4804,#4805,#4806,#4807,#4808),.UNSPECIFIED.,.F.,.F.,(8,
    6,6,6,6,6,6,6,6,6,6,6,6,6,6,6,6,6,6,6,8),(0.,2.238187486087E-02,
    6.021056825966E-02,9.248899238828E-02,0.11960509078,0.165646196688,
    0.219554405945,0.311949961936,0.393022701132,0.431036569012,
    0.486529621164,0.513618833054,0.540361782375,0.568051724062,
    0.616694681817,0.652752948126,0.70686027166,0.760389617035,
    0.866716072078,0.9723324939,1.),.UNSPECIFIED.);
#4687 = CARTESIAN_POINT('',(69.294672262931,118.,2.59293674501));
#4688 = CARTESIAN_POINT('',(69.330136730964,118.06373465573,
    2.590778189968));
#4689 = CARTESIAN_POINT('',(69.366278300399,118.12709453419,
    2.588591479289));
#4690 = CARTESIAN_POINT('',(69.403111605161,118.19005920687,
    2.586375632436));
#4691 = CARTESIAN_POINT('',(69.440643854331,118.25261216308,
    2.584129920232));
#4692 = CARTESIAN_POINT('',(69.478876299953,118.3147399307,
    2.581853816215));
#4693 = CARTESIAN_POINT('',(69.517805704839,118.37643119703,
    2.579546947987));
#4694 = CARTESIAN_POINT('',(69.624389433887,118.54118878145,
    2.573257653654));
#4695 = CARTESIAN_POINT('',(69.693328018905,118.64342799294,
    2.569217503308));
#4696 = CARTESIAN_POINT('',(69.764209033802,118.74434594056,
    2.56508755291));
#4697 = CARTESIAN_POINT('',(69.836978926265,118.84391425777,
    2.560866978431));
#4698 = CARTESIAN_POINT('',(69.911570590765,118.94211844529,
    2.556555115249));
#4699 = CARTESIAN_POINT('',(69.987910836023,119.03895248138,
    2.552151396953));
#4700 = CARTESIAN_POINT('',(70.132498063741,119.2158682918,
    2.543818881878));
#4701 = CARTESIAN_POINT('',(70.200288334469,119.29632518486,
    2.53991503041));
#4702 = CARTESIAN_POINT('',(70.269255397157,119.37578222943,
    2.535943736584));
#4703 = CARTESIAN_POINT('',(70.339350720371,119.45424552402,
    2.531904042613));
#4704 = CARTESIAN_POINT('',(70.410529975712,119.531720528,2.527795605601
    ));
#4705 = CARTESIAN_POINT('',(70.482752411387,119.60821266034,
    2.523618416737));
#4706 = CARTESIAN_POINT('',(70.617477927604,119.74718298425,
    2.515802246678));
#4707 = CARTESIAN_POINT('',(70.679687888491,119.80994607196,
    2.512183980168));
#4708 = CARTESIAN_POINT('',(70.742572609525,119.8720348156,
    2.508514942332));
#4709 = CARTESIAN_POINT('',(70.806105982537,119.93345790865,
    2.504794199669));
#4710 = CARTESIAN_POINT('',(70.870263196698,119.99422430198,
    2.501020813492));
#4711 = CARTESIAN_POINT('',(70.935020738516,120.05434320382,
    2.49719383993));
#4712 = CARTESIAN_POINT('',(71.111292170124,120.21481735679,
    2.486721824215));
#4713 = CARTESIAN_POINT('',(71.223886972814,120.31398024021,2.4799743102
    ));
#4714 = CARTESIAN_POINT('',(71.33808155553,120.41130199946,
    2.473062906138));
#4715 = CARTESIAN_POINT('',(71.453807430405,120.50678892721,
    2.465980580455));
#4716 = CARTESIAN_POINT('',(71.570992117856,120.60045800863,
    2.458720760209));
#4717 = CARTESIAN_POINT('',(71.689564398364,120.69233059074,
    2.451277939554));
#4718 = CARTESIAN_POINT('',(71.949841118015,120.887916575,2.434714901488
    ));
#4719 = CARTESIAN_POINT('',(72.092035063415,120.99097235393,
    2.425525063198));
#4720 = CARTESIAN_POINT('',(72.23593311471,121.09163181291,
    2.416071470279));
#4721 = CARTESIAN_POINT('',(72.381430693348,121.1899400901,2.40634782257
    ));
#4722 = CARTESIAN_POINT('',(72.528428337598,121.28594695618,
    2.39634873174));
#4723 = CARTESIAN_POINT('',(72.676833112178,121.37970473306,
    2.386069630247));
#4724 = CARTESIAN_POINT('',(73.083183211055,121.6281974129,
    2.357402360675));
#4725 = CARTESIAN_POINT('',(73.343681470725,121.77867501853,
    2.338464525446));
#4726 = CARTESIAN_POINT('',(73.607643821688,121.92295125391,
    2.318676725713));
#4727 = CARTESIAN_POINT('',(73.874664789426,122.0613430923,2.29801194639
    ));
#4728 = CARTESIAN_POINT('',(74.144426738112,122.19408951671,
    2.276464139803));
#4729 = CARTESIAN_POINT('',(74.416631701913,122.32146942787,
    2.254020073181));
#4730 = CARTESIAN_POINT('',(74.931826114379,122.55100710394,
    2.210190501825));
#4731 = CARTESIAN_POINT('',(75.174303084453,122.65433181245,
    2.189011617509));
#4732 = CARTESIAN_POINT('',(75.418294021058,122.7539101556,
    2.167137884868));
#4733 = CARTESIAN_POINT('',(75.663621712212,122.84997704991,
    2.144564681259));
#4734 = CARTESIAN_POINT('',(75.910178400155,122.94262848825,
    2.121299687362));
#4735 = CARTESIAN_POINT('',(76.157823829507,123.03208112309,
    2.097339538088));
#4736 = CARTESIAN_POINT('',(76.523064799774,123.15892846227,
    2.061125664179));
#4737 = CARTESIAN_POINT('',(76.639874338737,123.19873947389,
    2.049413214466));
#4738 = CARTESIAN_POINT('',(76.756894353382,123.23788285187,
    2.037548334071));
#4739 = CARTESIAN_POINT('',(76.874115578825,123.27637066362,
    2.025531172206));
#4740 = CARTESIAN_POINT('',(76.991529268395,123.31421449768,
    2.013361907034));
#4741 = CARTESIAN_POINT('',(77.109127193641,123.35142546367,
    2.00104074567));
#4742 = CARTESIAN_POINT('',(77.398830076868,123.44142670598,
    1.97035990272));
#4743 = CARTESIAN_POINT('',(77.57113407846,123.49351525538,
    1.951828621681));
#4744 = CARTESIAN_POINT('',(77.743789691112,123.54431125031,
    1.932974218321));
#4745 = CARTESIAN_POINT('',(77.916776605357,123.59384048401,
    1.913797663174));
#4746 = CARTESIAN_POINT('',(78.090064817712,123.64216494939,
    1.894300113658));
#4747 = CARTESIAN_POINT('',(78.263639056107,123.6893023876,
    1.874483438963));
#4748 = CARTESIAN_POINT('',(78.522336129566,123.75775453873,
    1.844519438695));
#4749 = CARTESIAN_POINT('',(78.607258526505,123.77993702815,
    1.834614603323));
#4750 = CARTESIAN_POINT('',(78.692241700278,123.80185088941,1.824634002)
  );
#4751 = CARTESIAN_POINT('',(78.777282911903,123.82350249886,
    1.814577847146));
#4752 = CARTESIAN_POINT('',(78.86238012267,123.84489564997,
    1.804446260929));
#4753 = CARTESIAN_POINT('',(78.947531773682,123.86603245741,
    1.794239309484));
#4754 = CARTESIAN_POINT('',(79.116848802986,123.90754325387,
    1.773806756121));
#4755 = CARTESIAN_POINT('',(79.201012619402,123.9279246028,
    1.763583072479));
#4756 = CARTESIAN_POINT('',(79.285223248839,123.94807420852,
    1.753286636173));
#4757 = CARTESIAN_POINT('',(79.369477722931,123.9680010651,
    1.742917805467));
#4758 = CARTESIAN_POINT('',(79.453773163774,123.98771425504,
    1.73247691947));
#4759 = CARTESIAN_POINT('',(79.53810678392,124.00722294917,
    1.721964298137));
#4760 = CARTESIAN_POINT('',(79.709832573912,124.04653377971,
    1.700421392532));
#4761 = CARTESIAN_POINT('',(79.797227293192,124.06632181869,
    1.689385957801));
#4762 = CARTESIAN_POINT('',(79.884657066224,124.08591075618,
    1.678274286875));
#4763 = CARTESIAN_POINT('',(79.972119025463,124.10531078744,
    1.66708673238));
#4764 = CARTESIAN_POINT('',(80.059610413815,124.12453207043,
    1.655823650768));
#4765 = CARTESIAN_POINT('',(80.147128584636,124.14358472583,
    1.644485402314));
#4766 = CARTESIAN_POINT('',(80.388457074027,124.19566925621,
    1.613023015098));
#4767 = CARTESIAN_POINT('',(80.542315944143,124.22837980416,
    1.592743044534));
#4768 = CARTESIAN_POINT('',(80.696243744993,124.26061857291,
    1.572233238697));
#4769 = CARTESIAN_POINT('',(80.850238504767,124.29238414394,
    1.551492775531));
#4770 = CARTESIAN_POINT('',(81.004295825212,124.32368731495,
    1.530521858869));
#4771 = CARTESIAN_POINT('',(81.158413802415,124.35452727117,
    1.509320299198));
#4772 = CARTESIAN_POINT('',(81.426877090777,124.4074315333,
    1.472000664995));
#4773 = CARTESIAN_POINT('',(81.541196291797,124.42970333685,
    1.455986543402));
#4774 = CARTESIAN_POINT('',(81.655546530011,124.45172192614,
    1.439845613656));
#4775 = CARTESIAN_POINT('',(81.769926203504,124.47349129585,
    1.423577861951));
#4776 = CARTESIAN_POINT('',(81.884333094542,124.4950189514,
    1.407183315954));
#4777 = CARTESIAN_POINT('',(81.998765085328,124.51631212115,
    1.390662019255));
#4778 = CARTESIAN_POINT('',(82.284967696268,124.56897893598,
    1.349032785256));
#4779 = CARTESIAN_POINT('',(82.456768024371,124.60006327292,
    1.323766259953));
#4780 = CARTESIAN_POINT('',(82.628614419977,124.63065469228,
    1.298214337717));
#4781 = CARTESIAN_POINT('',(82.800505573965,124.66074815317,
    1.272377922494));
#4782 = CARTESIAN_POINT('',(82.972429345687,124.69040003047,
    1.246255923847));
#4783 = CARTESIAN_POINT('',(83.144386804854,124.71959270922,
    1.219848290727));
#4784 = CARTESIAN_POINT('',(83.486520362801,124.77679857872,
    1.166745689597));
#4785 = CARTESIAN_POINT('',(83.65669614122,124.80481903455,
    1.140056892857));
#4786 = CARTESIAN_POINT('',(83.826895254718,124.8324247231,1.11308756568
    ));
#4787 = CARTESIAN_POINT('',(83.99711373151,124.85962891684,
    1.085837285729));
#4788 = CARTESIAN_POINT('',(84.167347850919,124.88644415155,
    1.058305654695));
#4789 = CARTESIAN_POINT('',(84.337594143373,124.91288222628,
    1.030492298301));
#4790 = CARTESIAN_POINT('',(84.846031007098,124.9907411034,
    0.946590359282));
#4791 = CARTESIAN_POINT('',(85.184246220267,125.04109039437,
    0.889669209443));
#4792 = CARTESIAN_POINT('',(85.522472538201,125.09007238499,
    0.83163025565));
#4793 = CARTESIAN_POINT('',(85.860675811657,125.13783838969,
    0.772464502502));
#4794 = CARTESIAN_POINT('',(86.198846632788,125.18437437357,
    0.712163174612));
#4795 = CARTESIAN_POINT('',(86.53695415273,125.22982215504,
    0.650714041861));
#4796 = CARTESIAN_POINT('',(87.21075546069,125.31831170812,
    0.525910675646));
#4797 = CARTESIAN_POINT('',(87.546448648722,125.36137553847,
    0.462571634883));
#4798 = CARTESIAN_POINT('',(87.882045976853,125.4034553583,
    0.398072794997));
#4799 = CARTESIAN_POINT('',(88.217523764934,125.44465022688,
    0.332398242855));
#4800 = CARTESIAN_POINT('',(88.552871909743,125.48494911863,
    0.265529602599));
#4801 = CARTESIAN_POINT('',(88.888066890003,125.52445034648,
    0.197447567845));
#4802 = CARTESIAN_POINT('',(89.310860043691,125.57330963623,
    0.109971177403));
#4803 = CARTESIAN_POINT('',(89.398613303792,125.58339866425,
    9.172775268786E-02));
#4804 = CARTESIAN_POINT('',(89.486354777557,125.59343490597,
    7.339913798719E-02));
#4805 = CARTESIAN_POINT('',(89.574084164009,125.60341903919,
    5.498493032488E-02));
#4806 = CARTESIAN_POINT('',(89.661801160926,125.61335173348,
    3.648471757024E-02));
#4807 = CARTESIAN_POINT('',(89.749505464845,125.62323365022,
    1.78980784383E-02));
#4808 = CARTESIAN_POINT('',(89.83719677106,125.63306544257,
    -7.754175101957E-04));
#4809 = PCURVE('',#74,#4810);
#4810 = DEFINITIONAL_REPRESENTATION('',(#4811),#4934);
#4811 = B_SPLINE_CURVE_WITH_KNOTS('',7,(#4812,#4813,#4814,#4815,#4816,
    #4817,#4818,#4819,#4820,#4821,#4822,#4823,#4824,#4825,#4826,#4827,
    #4828,#4829,#4830,#4831,#4832,#4833,#4834,#4835,#4836,#4837,#4838,
    #4839,#4840,#4841,#4842,#4843,#4844,#4845,#4846,#4847,#4848,#4849,
    #4850,#4851,#4852,#4853,#4854,#4855,#4856,#4857,#4858,#4859,#4860,
    #4861,#4862,#4863,#4864,#4865,#4866,#4867,#4868,#4869,#4870,#4871,
    #4872,#4873,#4874,#4875,#4876,#4877,#4878,#4879,#4880,#4881,#4882,
    #4883,#4884,#4885,#4886,#4887,#4888,#4889,#4890,#4891,#4892,#4893,
    #4894,#4895,#4896,#4897,#4898,#4899,#4900,#4901,#4902,#4903,#4904,
    #4905,#4906,#4907,#4908,#4909,#4910,#4911,#4912,#4913,#4914,#4915,
    #4916,#4917,#4918,#4919,#4920,#4921,#4922,#4923,#4924,#4925,#4926,
    #4927,#4928,#4929,#4930,#4931,#4932,#4933),.UNSPECIFIED.,.F.,.F.,(8,
    6,6,6,6,6,6,6,6,6,6,6,6,6,6,6,6,6,6,6,8),(0.,2.238187486087E-02,
    6.021056825966E-02,9.248899238828E-02,0.11960509078,0.165646196688,
    0.219554405945,0.311949961936,0.393022701132,0.431036569012,
    0.486529621164,0.513618833054,0.540361782375,0.568051724062,
    0.616694681817,0.652752948126,0.70686027166,0.760389617035,
    0.866716072078,0.9723324939,1.),.UNSPECIFIED.);
#4812 = CARTESIAN_POINT('',(0.565811851497,0.65805813415));
#4813 = CARTESIAN_POINT('',(0.565410418639,0.658414094148));
#4814 = CARTESIAN_POINT('',(0.564986298867,0.658768069966));
#4815 = CARTESIAN_POINT('',(0.564538836982,0.659119949216));
#4816 = CARTESIAN_POINT('',(0.564067626363,0.659469641016));
#4817 = CARTESIAN_POINT('',(0.563572459355,0.659817071108));
#4818 = CARTESIAN_POINT('',(0.563053277647,0.660162176987));
#4819 = CARTESIAN_POINT('',(0.561592118278,0.661084161787));
#4820 = CARTESIAN_POINT('',(0.560605596256,0.661656633095));
#4821 = CARTESIAN_POINT('',(0.559550827921,0.662222052807));
#4822 = CARTESIAN_POINT('',(0.558428881002,0.662780262218));
#4823 = CARTESIAN_POINT('',(0.557241355586,0.663331178291));
#4824 = CARTESIAN_POINT('',(0.555990120088,0.663874763898));
#4825 = CARTESIAN_POINT('',(0.553556640606,0.664868556442));
#4826 = CARTESIAN_POINT('',(0.552391205147,0.6653207678));
#4827 = CARTESIAN_POINT('',(0.551182005812,0.665767632508));
#4828 = CARTESIAN_POINT('',(0.549930216894,0.666209163285));
#4829 = CARTESIAN_POINT('',(0.548637136139,0.666645392507));
#4830 = CARTESIAN_POINT('',(0.547304111472,0.667076366246));
#4831 = CARTESIAN_POINT('',(0.544779660402,0.667859791664));
#4832 = CARTESIAN_POINT('',(0.54359967299,0.668213776988));
#4833 = CARTESIAN_POINT('',(0.542392856615,0.668564107495));
#4834 = CARTESIAN_POINT('',(0.541159831996,0.668910812519));
#4835 = CARTESIAN_POINT('',(0.539901202063,0.669253924266));
#4836 = CARTESIAN_POINT('',(0.538617551951,0.66959347782));
#4837 = CARTESIAN_POINT('',(0.535088357627,0.670500065982));
#4838 = CARTESIAN_POINT('',(0.532797086613,0.671060522885));
#4839 = CARTESIAN_POINT('',(0.530436351601,0.671610744536));
#4840 = CARTESIAN_POINT('',(0.528007438956,0.672150700004));
#4841 = CARTESIAN_POINT('',(0.52551197794,0.672680428168));
#4842 = CARTESIAN_POINT('',(0.522951712868,0.673200001153));
#4843 = CARTESIAN_POINT('',(0.517256578248,0.674306032916));
#4844 = CARTESIAN_POINT('',(0.514098325827,0.674888759118));
#4845 = CARTESIAN_POINT('',(0.510856339063,0.675457818107));
#4846 = CARTESIAN_POINT('',(0.5075335774,0.676013413831));
#4847 = CARTESIAN_POINT('',(0.504133050309,0.676555788615));
#4848 = CARTESIAN_POINT('',(0.500657728919,0.6770852093));
#4849 = CARTESIAN_POINT('',(0.491030643238,0.678487623575));
#4850 = CARTESIAN_POINT('',(0.484739714669,0.679336045177));
#4851 = CARTESIAN_POINT('',(0.478251358471,0.680148539479));
#4852 = CARTESIAN_POINT('',(0.471580670332,0.680926863706));
#4853 = CARTESIAN_POINT('',(0.464739941189,0.681672378487));
#4854 = CARTESIAN_POINT('',(0.45774165682,0.682386697237));
#4855 = CARTESIAN_POINT('',(0.444326761361,0.683671946257));
#4856 = CARTESIAN_POINT('',(0.437944009351,0.684249659186));
#4857 = CARTESIAN_POINT('',(0.431456281176,0.684805608851));
#4858 = CARTESIAN_POINT('',(0.424871973078,0.685341161142));
#4859 = CARTESIAN_POINT('',(0.418196214286,0.68585691166));
#4860 = CARTESIAN_POINT('',(0.411436201561,0.686354127746));
#4861 = CARTESIAN_POINT('',(0.401389289024,0.687058182106));
#4862 = CARTESIAN_POINT('',(0.398164684139,0.68727899169));
#4863 = CARTESIAN_POINT('',(0.394923084895,0.687495944413));
#4864 = CARTESIAN_POINT('',(0.39166498795,0.687709113719));
#4865 = CARTESIAN_POINT('',(0.388390870348,0.687918570338));
#4866 = CARTESIAN_POINT('',(0.385101189519,0.688124382279));
#4867 = CARTESIAN_POINT('',(0.376971989932,0.688621835513));
#4868 = CARTESIAN_POINT('',(0.372115398695,0.688909439692));
#4869 = CARTESIAN_POINT('',(0.367227953292,0.689189621077));
#4870 = CARTESIAN_POINT('',(0.362310851491,0.689462542439));
#4871 = CARTESIAN_POINT('',(0.357365843959,0.689728564891));
#4872 = CARTESIAN_POINT('',(0.352393887764,0.689987804758));
#4873 = CARTESIAN_POINT('',(0.34495682256,0.690363916715));
#4874 = CARTESIAN_POINT('',(0.342511172777,0.690485741215));
#4875 = CARTESIAN_POINT('',(0.340059555966,0.690606034152));
#4876 = CARTESIAN_POINT('',(0.337602141535,0.690724832586));
#4877 = CARTESIAN_POINT('',(0.335139058801,0.690842159356));
#4878 = CARTESIAN_POINT('',(0.332670409929,0.690958028038));
#4879 = CARTESIAN_POINT('',(0.327753983327,0.69118548253));
#4880 = CARTESIAN_POINT('',(0.325306357081,0.691297109973));
#4881 = CARTESIAN_POINT('',(0.322853696551,0.691407419205));
#4882 = CARTESIAN_POINT('',(0.320396188932,0.691516461217));
#4883 = CARTESIAN_POINT('',(0.317934016604,0.691624287355));
#4884 = CARTESIAN_POINT('',(0.315467357136,0.691730949318));
#4885 = CARTESIAN_POINT('',(0.310437910077,0.691945786663));
#4886 = CARTESIAN_POINT('',(0.307874811508,0.69205388175));
#4887 = CARTESIAN_POINT('',(0.305307278488,0.692160841949));
#4888 = CARTESIAN_POINT('',(0.302735495163,0.692266724443));
#4889 = CARTESIAN_POINT('',(0.300159638909,0.692371586064));
#4890 = CARTESIAN_POINT('',(0.297579880334,0.692475483299));
#4891 = CARTESIAN_POINT('',(0.290457939196,0.692759388323));
#4892 = CARTESIAN_POINT('',(0.285908078484,0.692937552763));
#4893 = CARTESIAN_POINT('',(0.28134709451,0.69311301586));
#4894 = CARTESIAN_POINT('',(0.276775160462,0.693285775946));
#4895 = CARTESIAN_POINT('',(0.27219259996,0.693455897838));
#4896 = CARTESIAN_POINT('',(0.267599588622,0.693623382971));
#4897 = CARTESIAN_POINT('',(0.259584094493,0.693910493909));
#4898 = CARTESIAN_POINT('',(0.256166218731,0.694031298473));
#4899 = CARTESIAN_POINT('',(0.252742797953,0.69415066697));
#4900 = CARTESIAN_POINT('',(0.249313953729,0.694268623439));
#4901 = CARTESIAN_POINT('',(0.245879844054,0.694385210886));
#4902 = CARTESIAN_POINT('',(0.24244062015,0.694500470701));
#4903 = CARTESIAN_POINT('',(0.233828130872,0.694785415151));
#4904 = CARTESIAN_POINT('',(0.228648597408,0.694953463413));
#4905 = CARTESIAN_POINT('',(0.223458302141,0.695118723876));
#4906 = CARTESIAN_POINT('',(0.218257425398,0.695281176443));
#4907 = CARTESIAN_POINT('',(0.213046734592,0.695441131741));
#4908 = CARTESIAN_POINT('',(0.207826249565,0.695598500698));
#4909 = CARTESIAN_POINT('',(0.197422393412,0.695906672526));
#4910 = CARTESIAN_POINT('',(0.19223917189,0.696057514235));
#4911 = CARTESIAN_POINT('',(0.187047065046,0.696206022815));
#4912 = CARTESIAN_POINT('',(0.181846409847,0.696352278125));
#4913 = CARTESIAN_POINT('',(0.176637533892,0.696496356303));
#4914 = CARTESIAN_POINT('',(0.171420755414,0.696638329767));
#4915 = CARTESIAN_POINT('',(0.15581908753,0.697056224601));
#4916 = CARTESIAN_POINT('',(0.145411822924,0.697326180094));
#4917 = CARTESIAN_POINT('',(0.13497672385,0.69758857149));
#4918 = CARTESIAN_POINT('',(0.124516250969,0.697844257337));
#4919 = CARTESIAN_POINT('',(0.114031497961,0.698093203071));
#4920 = CARTESIAN_POINT('',(0.103524502248,0.698336201255));
#4921 = CARTESIAN_POINT('',(8.25385734371E-02,0.69880913271));
#4922 = CARTESIAN_POINT('',(7.205998891075E-02,0.699039185266));
#4923 = CARTESIAN_POINT('',(6.156187333709E-02,0.699263905715));
#4924 = CARTESIAN_POINT('',(5.104562052535E-02,0.699483846082));
#4925 = CARTESIAN_POINT('',(4.051191191853E-02,0.699698967684));
#4926 = CARTESIAN_POINT('',(2.99619487622E-02,0.699909811865));
#4927 = CARTESIAN_POINT('',(1.662860585782E-02,0.700170599823));
#4928 = CARTESIAN_POINT('',(1.385976016625E-02,0.700224449964));
#4929 = CARTESIAN_POINT('',(1.108986061698E-02,0.700278018263));
#4930 = CARTESIAN_POINT('',(8.318921275809E-03,0.700331308588));
#4931 = CARTESIAN_POINT('',(5.546955864616E-03,0.700384324755));
#4932 = CARTESIAN_POINT('',(2.773977761343E-03,0.700437070524));
#4933 = CARTESIAN_POINT('',(0.,0.700489549604));
#4934 = ( GEOMETRIC_REPRESENTATION_CONTEXT(2) 
PARAMETRIC_REPRESENTATION_CONTEXT() REPRESENTATION_CONTEXT('2D SPACE',''
  ) );
#4935 = PCURVE('',#4936,#5689);
#4936 = ( BOUNDED_SURFACE() B_SPLINE_SURFACE(3,3,(
    (#4937,#4938,#4939,#4940,#4941,#4942,#4943,#4944,#4945,#4946,#4947
      ,#4948,#4949,#4950,#4951,#4952)
    ,(#4953,#4954,#4955,#4956,#4957,#4958,#4959,#4960,#4961,#4962,#4963
      ,#4964,#4965,#4966,#4967,#4968)
    ,(#4969,#4970,#4971,#4972,#4973,#4974,#4975,#4976,#4977,#4978,#4979
      ,#4980,#4981,#4982,#4983,#4984)
    ,(#4985,#4986,#4987,#4988,#4989,#4990,#4991,#4992,#4993,#4994,#4995
      ,#4996,#4997,#4998,#4999,#5000)
    ,(#5001,#5002,#5003,#5004,#5005,#5006,#5007,#5008,#5009,#5010,#5011
      ,#5012,#5013,#5014,#5015,#5016)
    ,(#5017,#5018,#5019,#5020,#5021,#5022,#5023,#5024,#5025,#5026,#5027
      ,#5028,#5029,#5030,#5031,#5032)
    ,(#5033,#5034,#5035,#5036,#5037,#5038,#5039,#5040,#5041,#5042,#5043
      ,#5044,#5045,#5046,#5047,#5048)
    ,(#5049,#5050,#5051,#5052,#5053,#5054,#5055,#5056,#5057,#5058,#5059
      ,#5060,#5061,#5062,#5063,#5064)
    ,(#5065,#5066,#5067,#5068,#5069,#5070,#5071,#5072,#5073,#5074,#5075
      ,#5076,#5077,#5078,#5079,#5080)
    ,(#5081,#5082,#5083,#5084,#5085,#5086,#5087,#5088,#5089,#5090,#5091
      ,#5092,#5093,#5094,#5095,#5096)
    ,(#5097,#5098,#5099,#5100,#5101,#5102,#5103,#5104,#5105,#5106,#5107
      ,#5108,#5109,#5110,#5111,#5112)
    ,(#5113,#5114,#5115,#5116,#5117,#5118,#5119,#5120,#5121,#5122,#5123
      ,#5124,#5125,#5126,#5127,#5128)
    ,(#5129,#5130,#5131,#5132,#5133,#5134,#5135,#5136,#5137,#5138,#5139
      ,#5140,#5141,#5142,#5143,#5144)
    ,(#5145,#5146,#5147,#5148,#5149,#5150,#5151,#5152,#5153,#5154,#5155
      ,#5156,#5157,#5158,#5159,#5160)
    ,(#5161,#5162,#5163,#5164,#5165,#5166,#5167,#5168,#5169,#5170,#5171
      ,#5172,#5173,#5174,#5175,#5176)
    ,(#5177,#5178,#5179,#5180,#5181,#5182,#5183,#5184,#5185,#5186,#5187
      ,#5188,#5189,#5190,#5191,#5192)
    ,(#5193,#5194,#5195,#5196,#5197,#5198,#5199,#5200,#5201,#5202,#5203
      ,#5204,#5205,#5206,#5207,#5208)
    ,(#5209,#5210,#5211,#5212,#5213,#5214,#5215,#5216,#5217,#5218,#5219
      ,#5220,#5221,#5222,#5223,#5224)
    ,(#5225,#5226,#5227,#5228,#5229,#5230,#5231,#5232,#5233,#5234,#5235
      ,#5236,#5237,#5238,#5239,#5240)
    ,(#5241,#5242,#5243,#5244,#5245,#5246,#5247,#5248,#5249,#5250,#5251
      ,#5252,#5253,#5254,#5255,#5256)
    ,(#5257,#5258,#5259,#5260,#5261,#5262,#5263,#5264,#5265,#5266,#5267
      ,#5268,#5269,#5270,#5271,#5272)
    ,(#5273,#5274,#5275,#5276,#5277,#5278,#5279,#5280,#5281,#5282,#5283
      ,#5284,#5285,#5286,#5287,#5288)
    ,(#5289,#5290,#5291,#5292,#5293,#5294,#5295,#5296,#5297,#5298,#5299
      ,#5300,#5301,#5302,#5303,#5304)
    ,(#5305,#5306,#5307,#5308,#5309,#5310,#5311,#5312,#5313,#5314,#5315
      ,#5316,#5317,#5318,#5319,#5320)
    ,(#5321,#5322,#5323,#5324,#5325,#5326,#5327,#5328,#5329,#5330,#5331
      ,#5332,#5333,#5334,#5335,#5336)
    ,(#5337,#5338,#5339,#5340,#5341,#5342,#5343,#5344,#5345,#5346,#5347
      ,#5348,#5349,#5350,#5351,#5352)
    ,(#5353,#5354,#5355,#5356,#5357,#5358,#5359,#5360,#5361,#5362,#5363
      ,#5364,#5365,#5366,#5367,#5368)
    ,(#5369,#5370,#5371,#5372,#5373,#5374,#5375,#5376,#5377,#5378,#5379
      ,#5380,#5381,#5382,#5383,#5384)
    ,(#5385,#5386,#5387,#5388,#5389,#5390,#5391,#5392,#5393,#5394,#5395
      ,#5396,#5397,#5398,#5399,#5400)
    ,(#5401,#5402,#5403,#5404,#5405,#5406,#5407,#5408,#5409,#5410,#5411
      ,#5412,#5413,#5414,#5415,#5416)
    ,(#5417,#5418,#5419,#5420,#5421,#5422,#5423,#5424,#5425,#5426,#5427
      ,#5428,#5429,#5430,#5431,#5432)
    ,(#5433,#5434,#5435,#5436,#5437,#5438,#5439,#5440,#5441,#5442,#5443
      ,#5444,#5445,#5446,#5447,#5448)
    ,(#5449,#5450,#5451,#5452,#5453,#5454,#5455,#5456,#5457,#5458,#5459
      ,#5460,#5461,#5462,#5463,#5464)
    ,(#5465,#5466,#5467,#5468,#5469,#5470,#5471,#5472,#5473,#5474,#5475
      ,#5476,#5477,#5478,#5479,#5480)
    ,(#5481,#5482,#5483,#5484,#5485,#5486,#5487,#5488,#5489,#5490,#5491
      ,#5492,#5493,#5494,#5495,#5496)
    ,(#5497,#5498,#5499,#5500,#5501,#5502,#5503,#5504,#5505,#5506,#5507
      ,#5508,#5509,#5510,#5511,#5512)
    ,(#5513,#5514,#5515,#5516,#5517,#5518,#5519,#5520,#5521,#5522,#5523
      ,#5524,#5525,#5526,#5527,#5528)
    ,(#5529,#5530,#5531,#5532,#5533,#5534,#5535,#5536,#5537,#5538,#5539
      ,#5540,#5541,#5542,#5543,#5544)
    ,(#5545,#5546,#5547,#5548,#5549,#5550,#5551,#5552,#5553,#5554,#5555
      ,#5556,#5557,#5558,#5559,#5560)
    ,(#5561,#5562,#5563,#5564,#5565,#5566,#5567,#5568,#5569,#5570,#5571
      ,#5572,#5573,#5574,#5575,#5576)
    ,(#5577,#5578,#5579,#5580,#5581,#5582,#5583,#5584,#5585,#5586,#5587
      ,#5588,#5589,#5590,#5591,#5592)
    ,(#5593,#5594,#5595,#5596,#5597,#5598,#5599,#5600,#5601,#5602,#5603
      ,#5604,#5605,#5606,#5607,#5608)
    ,(#5609,#5610,#5611,#5612,#5613,#5614,#5615,#5616,#5617,#5618,#5619
      ,#5620,#5621,#5622,#5623,#5624)
    ,(#5625,#5626,#5627,#5628,#5629,#5630,#5631,#5632,#5633,#5634,#5635
      ,#5636,#5637,#5638,#5639,#5640)
    ,(#5641,#5642,#5643,#5644,#5645,#5646,#5647,#5648,#5649,#5650,#5651
      ,#5652,#5653,#5654,#5655,#5656)
    ,(#5657,#5658,#5659,#5660,#5661,#5662,#5663,#5664,#5665,#5666,#5667
      ,#5668,#5669,#5670,#5671,#5672)
    ,(#5673,#5674,#5675,#5676,#5677,#5678,#5679,#5680,#5681,#5682,#5683
      ,#5684,#5685,#5686,#5687,#5688
)),.UNSPECIFIED.,.F.,.F.,.F.) B_SPLINE_SURFACE_WITH_KNOTS((4,1,1,1,1,1,1
    ,1,1,1,1,1,1,1,1,1,1,1,1,1,1,1,1,1,1,1,1,1,1,1,1,1,1,1,1,1,1,1,1,1,1
    ,1,1,1,4),(4,1,1,1,1,1,1,1,1,1,1,1,1,4),(0.,1.254956588656E-03,
    5.013258042862E-03,1.125524629923E-02,1.994831234723E-02,
    3.104712176402E-02,4.449391904138E-02,6.021890099618E-02,
    7.814064890659E-02,9.816660946618E-02,0.120193616026,0.144108443623,
    0.169788393653,0.19710190642,0.225909201994,0.256062951565,
    0.287408982857,0.319787023978,0.353031490349,0.386972319074,
    0.421435854087,0.456245783643,0.491224129199,0.526192281396,
    0.560972075084,0.595436158676,0.629586848814,0.663028746494,
    0.695594486647,0.727122299999,0.757457075469,0.786451400201,
    0.81396659126,0.839873754231,0.864054935332,0.886404482466,
    0.906830812748,0.925258934134,0.941634364655,0.955929713143,
    0.968156548194,0.978388219222,0.986805462839,0.993782843249,1.),(0.,
    8.536980790611E-02,0.166039155355,0.243755625141,0.319600958915,
    0.39415936203,0.467723648023,0.540484457584,0.612929923622,
    0.685806247237,0.759703979589,0.835617182777,0.915045351616,1.),
.UNSPECIFIED.) GEOMETRIC_REPRESENTATION_ITEM() RATIONAL_B_SPLINE_SURFACE
((
    (1.,0.999999999993,1.000000000003,0.999999999999,1.,1.,1.,1.,1.,1.
      ,1.,1.000000000001,0.999999999998,1.00000000001,0.999999999977,1.)
    ,(1.,0.999999999993,1.000000000003,0.999999999999,1.,1.,1.,1.,1.,1.
      ,1.,1.000000000001,0.999999999998,1.00000000001,0.999999999977,1.)
    ,(1.,0.999999999993,1.000000000003,0.999999999999,1.,1.,1.,1.,1.,1.
      ,1.,1.000000000001,0.999999999998,1.00000000001,0.999999999977,1.)
    ,(1.,0.999999999993,1.000000000003,0.999999999999,1.,1.,1.,1.,1.,1.
      ,1.,1.000000000001,0.999999999998,1.00000000001,0.999999999977,1.)
    ,(1.,0.999999999993,1.000000000003,0.999999999999,1.,1.,1.,1.,1.,1.
      ,1.,1.000000000001,0.999999999998,1.00000000001,0.999999999977,1.)
    ,(1.,0.999999999993,1.000000000003,0.999999999999,1.,1.,1.,1.,1.,1.
      ,1.,1.000000000001,0.999999999998,1.00000000001,0.999999999977,1.)
    ,(1.,0.999999999993,1.000000000003,0.999999999999,1.,1.,1.,1.,1.,1.
      ,1.,1.000000000001,0.999999999998,1.00000000001,0.999999999977,1.)
    ,(1.,0.999999999993,1.000000000003,0.999999999999,1.,1.,1.,1.,1.,1.
      ,1.,1.000000000001,0.999999999998,1.00000000001,0.999999999977,1.)
    ,(1.,0.999999999993,1.000000000003,0.999999999999,1.,1.,1.,1.,1.,1.
      ,1.,1.000000000001,0.999999999998,1.00000000001,0.999999999977,1.)
    ,(1.,0.999999999993,1.000000000003,0.999999999999,1.,1.,1.,1.,1.,1.
      ,1.,1.000000000001,0.999999999998,1.00000000001,0.999999999977,1.)
    ,(1.,0.999999999993,1.000000000003,0.999999999999,1.,1.,1.,1.,1.,1.
      ,1.,1.000000000001,0.999999999998,1.00000000001,0.999999999977,1.)
    ,(1.,0.999999999993,1.000000000003,0.999999999999,1.,1.,1.,1.,1.,1.
      ,1.,1.000000000001,0.999999999998,1.00000000001,0.999999999977,1.)
    ,(1.,0.999999999993,1.000000000003,0.999999999999,1.,1.,1.,1.,1.,1.
      ,1.,1.000000000001,0.999999999998,1.00000000001,0.999999999977,1.)
    ,(1.,0.999999999993,1.000000000003,0.999999999999,1.,1.,1.,1.,1.,1.
      ,1.,1.000000000001,0.999999999998,1.00000000001,0.999999999977,1.)
    ,(1.,0.999999999993,1.000000000003,0.999999999999,1.,1.,1.,1.,1.,1.
      ,1.,1.000000000001,0.999999999998,1.00000000001,0.999999999977,1.)
    ,(1.,0.999999999993,1.000000000003,0.999999999999,1.,1.,1.,1.,1.,1.
      ,1.,1.000000000001,0.999999999998,1.00000000001,0.999999999977,1.)
    ,(1.,0.999999999993,1.000000000003,0.999999999999,1.,1.,1.,1.,1.,1.
      ,1.,1.000000000001,0.999999999998,1.00000000001,0.999999999977,1.)
    ,(1.,0.999999999993,1.000000000003,0.999999999999,1.,1.,1.,1.,1.,1.
      ,1.,1.000000000001,0.999999999998,1.00000000001,0.999999999977,1.)
    ,(1.,0.999999999993,1.000000000003,0.999999999999,1.,1.,1.,1.,1.,1.
      ,1.,1.000000000001,0.999999999998,1.00000000001,0.999999999977,1.)
    ,(1.,0.999999999993,1.000000000003,0.999999999999,1.,1.,1.,1.,1.,1.
      ,1.,1.000000000001,0.999999999998,1.00000000001,0.999999999977,1.)
    ,(1.,0.999999999993,1.000000000003,0.999999999999,1.,1.,1.,1.,1.,1.
      ,1.,1.000000000001,0.999999999998,1.00000000001,0.999999999977,1.)
    ,(1.,0.999999999993,1.000000000003,0.999999999999,1.,1.,1.,1.,1.,1.
      ,1.,1.000000000001,0.999999999998,1.00000000001,0.999999999977,1.)
    ,(1.,0.999999999993,1.000000000003,0.999999999999,1.,1.,1.,1.,1.,1.
      ,1.,1.000000000001,0.999999999998,1.00000000001,0.999999999977,1.)
    ,(1.,0.999999999993,1.000000000003,0.999999999999,1.,1.,1.,1.,1.,1.
      ,1.,1.000000000001,0.999999999998,1.00000000001,0.999999999977,1.)
    ,(1.,0.999999999993,1.000000000003,0.999999999999,1.,1.,1.,1.,1.,1.
      ,1.,1.000000000001,0.999999999998,1.00000000001,0.999999999977,1.)
    ,(1.,0.999999999993,1.000000000003,0.999999999999,1.,1.,1.,1.,1.,1.
      ,1.,1.000000000001,0.999999999998,1.00000000001,0.999999999977,1.)
    ,(1.,0.999999999993,1.000000000003,0.999999999999,1.,1.,1.,1.,1.,1.
      ,1.,1.000000000001,0.999999999998,1.00000000001,0.999999999977,1.)
    ,(1.,0.999999999993,1.000000000003,0.999999999999,1.,1.,1.,1.,1.,1.
      ,1.,1.000000000001,0.999999999998,1.00000000001,0.999999999977,1.)
    ,(1.,0.999999999993,1.000000000003,0.999999999999,1.,1.,1.,1.,1.,1.
      ,1.,1.000000000001,0.999999999998,1.00000000001,0.999999999977,1.)
    ,(1.,0.999999999993,1.000000000003,0.999999999999,1.,1.,1.,1.,1.,1.
      ,1.,1.000000000001,0.999999999998,1.00000000001,0.999999999977,1.)
    ,(1.,0.999999999993,1.000000000003,0.999999999999,1.,1.,1.,1.,1.,1.
      ,1.,1.000000000001,0.999999999998,1.00000000001,0.999999999977,1.)
    ,(1.,0.999999999993,1.000000000003,0.999999999999,1.,1.,1.,1.,1.,1.
      ,1.,1.000000000001,0.999999999998,1.00000000001,0.999999999977,1.)
    ,(1.,0.999999999993,1.000000000003,0.999999999999,1.,1.,1.,1.,1.,1.
      ,1.,1.000000000001,0.999999999998,1.00000000001,0.999999999977,1.)
    ,(1.,0.999999999993,1.000000000003,0.999999999999,1.,1.,1.,1.,1.,1.
      ,1.,1.000000000001,0.999999999998,1.00000000001,0.999999999977,1.)
    ,(1.,0.999999999993,1.000000000003,0.999999999999,1.,1.,1.,1.,1.,1.
      ,1.,1.000000000001,0.999999999998,1.00000000001,0.999999999977,1.)
    ,(1.,0.999999999993,1.000000000003,0.999999999999,1.,1.,1.,1.,1.,1.
      ,1.,1.000000000001,0.999999999998,1.00000000001,0.999999999977,1.)
    ,(1.,0.999999999993,1.000000000003,0.999999999999,1.,1.,1.,1.,1.,1.
      ,1.,1.000000000001,0.999999999998,1.00000000001,0.999999999977,1.)
    ,(1.,0.999999999993,1.000000000003,0.999999999999,1.,1.,1.,1.,1.,1.
      ,1.,1.000000000001,0.999999999998,1.00000000001,0.999999999977,1.)
    ,(1.,0.999999999993,1.000000000003,0.999999999999,1.,1.,1.,1.,1.,1.
      ,1.,1.000000000001,0.999999999998,1.00000000001,0.999999999977,1.)
    ,(1.,0.999999999993,1.000000000003,0.999999999999,1.,1.,1.,1.,1.,1.
      ,1.,1.000000000001,0.999999999998,1.00000000001,0.999999999977,1.)
    ,(1.,0.999999999993,1.000000000003,0.999999999999,1.,1.,1.,1.,1.,1.
      ,1.,1.000000000001,0.999999999998,1.00000000001,0.999999999977,1.)
    ,(1.,0.999999999993,1.000000000003,0.999999999999,1.,1.,1.,1.,1.,1.
      ,1.,1.000000000001,0.999999999998,1.00000000001,0.999999999977,1.)
    ,(1.,0.999999999993,1.000000000003,0.999999999999,1.,1.,1.,1.,1.,1.
      ,1.,1.000000000001,0.999999999998,1.00000000001,0.999999999977,1.)
    ,(1.,0.999999999993,1.000000000003,0.999999999999,1.,1.,1.,1.,1.,1.
      ,1.,1.000000000001,0.999999999998,1.00000000001,0.999999999977,1.)
    ,(1.,0.999999999993,1.000000000003,0.999999999999,1.,1.,1.,1.,1.,1.
      ,1.,1.000000000001,0.999999999998,1.00000000001,0.999999999977,1.)
    ,(1.,0.999999999993,1.000000000003,0.999999999999,1.,1.,1.,1.,1.,1.
      ,1.,1.000000000001,0.999999999998,1.00000000001,0.999999999977,1.)
    ,(1.,0.999999999993,1.000000000003,0.999999999999,1.,1.,1.,1.,1.,1.
      ,1.,1.000000000001,0.999999999998,1.00000000001,0.999999999977,1.
))) REPRESENTATION_ITEM('') SURFACE() );
#4937 = CARTESIAN_POINT('',(95.02430366229,118.,-5.649596684996E-16));
#4938 = CARTESIAN_POINT('',(95.690437649247,118.6426641636,
    -4.650832280183E-03));
#4939 = CARTESIAN_POINT('',(96.82014925783,119.94375908182,
    -1.749017530193E-02));
#4940 = CARTESIAN_POINT('',(97.958898931721,121.95759647038,
    -0.236287407479));
#4941 = CARTESIAN_POINT('',(98.59289570804,123.90431032713,
    -0.796922764564));
#4942 = CARTESIAN_POINT('',(98.838220535635,125.69065543085,
    -1.745218543441));
#4943 = CARTESIAN_POINT('',(98.807918480002,127.23601913596,
    -3.041562344206));
#4944 = CARTESIAN_POINT('',(98.612729576442,128.51985477025,
    -4.587400010765));
#4945 = CARTESIAN_POINT('',(98.361545867771,129.62036408986,
    -6.266801487734));
#4946 = CARTESIAN_POINT('',(98.164829763257,130.67796765616,
    -7.977028493669));
#4947 = CARTESIAN_POINT('',(98.133886682302,131.74371714028,
    -9.678000257719));
#4948 = CARTESIAN_POINT('',(98.379802603299,132.81031746528,
    -11.38543054808));
#4949 = CARTESIAN_POINT('',(99.016697614123,133.87889812465,
    -13.09826520607));
#4950 = CARTESIAN_POINT('',(100.16042352008,134.95571241935,
    -14.8091378109));
#4951 = CARTESIAN_POINT('',(101.28434507242,135.62689281975,
    -15.91634615919));
#4952 = CARTESIAN_POINT('',(101.94809182084,135.97550449738,
    -16.45113702289));
#4953 = CARTESIAN_POINT('',(95.010005405924,118.,3.05641666754E-03));
#4954 = CARTESIAN_POINT('',(95.67613968782,118.64266162923,
    -1.59037066806E-03));
#4955 = CARTESIAN_POINT('',(96.805941842723,119.94387248541,
    -1.445190923984E-02));
#4956 = CARTESIAN_POINT('',(97.945092349378,121.95813685724,
    -0.233369961313));
#4957 = CARTESIAN_POINT('',(98.579699082828,123.90537263276,
    -0.794286322668));
#4958 = CARTESIAN_POINT('',(98.825794830817,125.69216999534,
    -1.743011570116));
#4959 = CARTESIAN_POINT('',(98.796378069642,127.23780596324,
    -3.039841311456));
#4960 = CARTESIAN_POINT('',(98.602143078027,128.52171235252,
    -4.58609952867));
#4961 = CARTESIAN_POINT('',(98.351938842129,129.62211966783,
    -6.265736418903));
#4962 = CARTESIAN_POINT('',(98.156181214563,130.67953172039,
    -7.976042619446));
#4963 = CARTESIAN_POINT('',(98.126125243272,131.74512505432,
    -9.677122612166));
#4964 = CARTESIAN_POINT('',(98.372814461493,132.81158440589,
    -11.38463909471));
#4965 = CARTESIAN_POINT('',(99.010320775011,133.8800525721,
    -13.09754060743));
#4966 = CARTESIAN_POINT('',(100.15444609124,134.95680255307,
    -14.80847030965));
#4967 = CARTESIAN_POINT('',(101.27845862969,135.62794475747,
    -15.91565712288));
#4968 = CARTESIAN_POINT('',(101.94220430351,135.97657178669,
    -16.4504701065));
#4969 = CARTESIAN_POINT('',(94.952884910055,118.,1.525530159676E-02));
#4970 = CARTESIAN_POINT('',(95.619020364254,118.64265150958,
    1.062465841545E-02));
#4971 = CARTESIAN_POINT('',(96.749184253694,119.944325108,
    -2.325467609372E-03));
#4972 = CARTESIAN_POINT('',(97.889936054873,121.96029366909,
    -0.221725740687));
#4973 = CARTESIAN_POINT('',(98.526979523589,123.90961254696,
    -0.783763656806));
#4974 = CARTESIAN_POINT('',(98.77615504236,125.69821498199,
    -1.734203015339));
#4975 = CARTESIAN_POINT('',(98.750274968309,127.24493761532,
    -3.032972260946));
#4976 = CARTESIAN_POINT('',(98.559850785629,128.52912640458,
    -4.580908995716));
#4977 = CARTESIAN_POINT('',(98.313559472328,129.62912659653,
    -6.261485476205));
#4978 = CARTESIAN_POINT('',(98.121630890588,130.68577427224,
    -7.972107761239));
#4979 = CARTESIAN_POINT('',(98.095118857919,131.75074437374,
    -9.673619720293));
#4980 = CARTESIAN_POINT('',(98.344897342648,132.81664106648,
    -11.38148021628));
#4981 = CARTESIAN_POINT('',(98.984845765037,133.88466024732,
    -13.0946485622));
#4982 = CARTESIAN_POINT('',(100.1305667003,134.96115353074,
    -14.80580615344));
#4983 = CARTESIAN_POINT('',(101.25494271104,135.63214330217,
    -15.9129070157));
#4984 = CARTESIAN_POINT('',(101.91868409933,135.98083159187,
    -16.4478082848));
#4985 = CARTESIAN_POINT('',(94.824623291941,118.,4.254639225476E-02));
#4986 = CARTESIAN_POINT('',(95.490761380662,118.64262887248,
    3.795186645066E-02));
#4987 = CARTESIAN_POINT('',(96.62173752634,119.94533770477,
    2.480355440785E-02));
#4988 = CARTESIAN_POINT('',(97.766084966726,121.96511884379,
    -0.195675533424));
#4989 = CARTESIAN_POINT('',(98.408600019438,123.91909799442,
    -0.760222568445));
#4990 = CARTESIAN_POINT('',(98.664691031189,125.7117386999,
    -1.714496700511));
#4991 = CARTESIAN_POINT('',(98.646752436029,127.26089239845,
    -3.017604964566));
#4992 = CARTESIAN_POINT('',(98.464885261007,128.54571296706,
    -4.569296843766));
#4993 = CARTESIAN_POINT('',(98.227380247202,129.64480235113,
    -6.251975355958));
#4994 = CARTESIAN_POINT('',(98.044049623264,130.69973997892,
    -7.963304778617));
#4995 = CARTESIAN_POINT('',(98.02549535245,131.76331579776,
    -9.665783123732));
#4996 = CARTESIAN_POINT('',(98.282210652256,132.82795372219,
    -11.37441323943));
#4997 = CARTESIAN_POINT('',(98.927642725433,133.89496844128,
    -13.08817853895));
#4998 = CARTESIAN_POINT('',(100.07694655346,134.97088745047,
    -14.79984595898));
#4999 = CARTESIAN_POINT('',(101.20213872875,135.64153619099,
    -15.90675453291));
#5000 = CARTESIAN_POINT('',(101.86587049187,135.99036153906,
    -16.44185331288));
#5001 = CARTESIAN_POINT('',(94.611531471879,118.,8.755449997512E-02));
#5002 = CARTESIAN_POINT('',(95.277673935813,118.642591538,
    8.301953852651E-02));
#5003 = CARTESIAN_POINT('',(96.409999553638,119.94700766677,
    6.954438063489E-02));
#5004 = CARTESIAN_POINT('',(97.560320731078,121.97307645825,
    -0.152713874271));
#5005 = CARTESIAN_POINT('',(98.211926186985,123.93474126964,
    -0.721398915187));
#5006 = CARTESIAN_POINT('',(98.479506489137,125.73404183758,
    -1.681997305317));
#5007 = CARTESIAN_POINT('',(98.474761741193,127.28720481692,
    -2.992261421522));
#5008 = CARTESIAN_POINT('',(98.307111043107,128.57306730772,
    -4.550146235519));
#5009 = CARTESIAN_POINT('',(98.084203448066,129.6706545994,
    -6.236291390744));
#5010 = CARTESIAN_POINT('',(97.915157334987,130.72277203866,
    -7.948787015472));
#5011 = CARTESIAN_POINT('',(97.909823963634,131.78404842492,
    -9.652859111766));
#5012 = CARTESIAN_POINT('',(98.178063978085,132.84661040511,
    -11.36275847417));
#5013 = CARTESIAN_POINT('',(98.832606501833,133.91196857943,
    -13.0775082617));
#5014 = CARTESIAN_POINT('',(99.987862890992,134.98694050182,
    -14.7900164847));
#5015 = CARTESIAN_POINT('',(101.11441102951,135.65702682209,
    -15.89660793919));
#5016 = CARTESIAN_POINT('',(101.77812680126,136.00607820262,
    -16.43203245151));
#5017 = CARTESIAN_POINT('',(94.314624478002,118.,0.149578934872));
#5018 = CARTESIAN_POINT('',(94.980773036945,118.64254008959,
    0.145126057385));
#5019 = CARTESIAN_POINT('',(96.114978914913,119.94930899493,
    0.131200482276));
#5020 = CARTESIAN_POINT('',(97.2736234723,121.98404262792,
    -9.350959384328E-02));
#5021 = CARTESIAN_POINT('',(97.937894849956,123.95629883678,
    -0.667897106824));
#5022 = CARTESIAN_POINT('',(98.221483512567,125.76477717798,
    -1.637210782988));
#5023 = CARTESIAN_POINT('',(98.235122133423,127.32346523686,
    -2.957336182154));
#5024 = CARTESIAN_POINT('',(98.087279663681,128.61076357196,
    -4.523755309204));
#5025 = CARTESIAN_POINT('',(97.884711074251,129.70628087145,
    -6.214677749811));
#5026 = CARTESIAN_POINT('',(97.735567983154,130.75451188648,
    -7.928780485525));
#5027 = CARTESIAN_POINT('',(97.748655673258,131.81261948795,
    -9.635048886469));
#5028 = CARTESIAN_POINT('',(98.032953405865,132.87232066655,
    -11.34669736283));
#5029 = CARTESIAN_POINT('',(98.700189783664,133.93539600196,
    -13.06280384623));
#5030 = CARTESIAN_POINT('',(99.863740048879,135.00906277062,
    -14.77647075659));
#5031 = CARTESIAN_POINT('',(100.99217748875,135.6783740336,
    -15.88262519766));
#5032 = CARTESIAN_POINT('',(101.65587098025,136.02773690424,
    -16.41849859266));
#5033 = CARTESIAN_POINT('',(93.935320597384,118.,0.227667473411));
#5034 = CARTESIAN_POINT('',(94.601476944712,118.6424753147,
    0.223317939271));
#5035 = CARTESIAN_POINT('',(95.73808488518,119.95220635941,
    0.208825290611));
#5036 = CARTESIAN_POINT('',(96.907362707153,121.9978489956,
    -1.897161955661E-02));
#5037 = CARTESIAN_POINT('',(97.587815021237,123.98343973565,
    -0.600538524174));
#5038 = CARTESIAN_POINT('',(97.891854644553,125.80347286004,
    -1.580824713841));
#5039 = CARTESIAN_POINT('',(97.928978340747,127.36911697402,
    -2.913365432482));
#5040 = CARTESIAN_POINT('',(97.806441229367,128.65822303189,
    -4.490529228707));
#5041 = CARTESIAN_POINT('',(97.629856075543,129.75113421872,
    -6.187466254282));
#5042 = CARTESIAN_POINT('',(97.506139443327,130.79447223976,
    -7.903592336895));
#5043 = CARTESIAN_POINT('',(97.542760361843,131.84859035266,
    -9.612625877426));
#5044 = CARTESIAN_POINT('',(97.847572110302,132.90468979249,
    -11.32647648191));
#5045 = CARTESIAN_POINT('',(98.531025109208,133.96489104179,
    -13.04429104049));
#5046 = CARTESIAN_POINT('',(99.705170944581,135.03691462741,
    -14.75941673403));
#5047 = CARTESIAN_POINT('',(100.83602200437,135.70525009402,
    -15.86502097681));
#5048 = CARTESIAN_POINT('',(101.49968702941,136.05500513101,
    -16.40145951347));
#5049 = CARTESIAN_POINT('',(93.47543822796,118.,0.320642827677));
#5050 = CARTESIAN_POINT('',(94.141604018047,118.64239819493,
    0.316416338333));
#5051 = CARTESIAN_POINT('',(95.281124310181,119.95565607639,
    0.301248509023));
#5052 = CARTESIAN_POINT('',(96.463294304174,122.01428741258,
    6.977629013174E-02));
#5053 = CARTESIAN_POINT('',(97.16336499754,124.01575478119,
    -0.520338686889));
#5054 = CARTESIAN_POINT('',(97.492200139025,125.84954549525,
    -1.513689192385));
#5055 = CARTESIAN_POINT('',(97.557798028722,127.42347176813,
    -2.861012089668));
#5056 = CARTESIAN_POINT('',(97.46594209082,128.71473017343,
    -4.450968921102));
#5057 = CARTESIAN_POINT('',(97.320860236969,129.80453841773,
    -6.155067153411));
#5058 = CARTESIAN_POINT('',(97.227971605085,130.84205064333,
    -7.873602314211));
#5059 = CARTESIAN_POINT('',(97.293125099698,131.89141871078,
    -9.585928141133));
#5060 = CARTESIAN_POINT('',(97.622808816826,132.94322977535,
    -11.30240068793));
#5061 = CARTESIAN_POINT('',(98.32592346026,134.00000902301,
    -13.02224894949));
#5062 = CARTESIAN_POINT('',(99.512915766335,135.07007616541,
    -14.73911152894));
#5063 = CARTESIAN_POINT('',(100.64669318823,135.73724981871,
    -15.84406068354));
#5064 = CARTESIAN_POINT('',(101.31032370082,136.08747177837,
    -16.38117210058));
#5065 = CARTESIAN_POINT('',(92.937191323327,118.,0.427133647066));
#5066 = CARTESIAN_POINT('',(93.603368165935,118.64230986037,
    0.423048089118));
#5067 = CARTESIAN_POINT('',(94.746297077115,119.95960726714,
    0.407106930697));
#5068 = CARTESIAN_POINT('',(95.943556085871,122.03311541776,
    0.171425137797));
#5069 = CARTESIAN_POINT('',(96.666588154971,124.05276733915,
    -0.428480511626));
#5070 = CARTESIAN_POINT('',(97.024444002189,125.90231552996,
    -1.436794441657));
#5071 = CARTESIAN_POINT('',(97.123368123833,127.48572790697,
    -2.801048345317));
#5072 = CARTESIAN_POINT('',(97.067421470032,128.77945153805,
    -4.405657885662));
#5073 = CARTESIAN_POINT('',(96.959211118161,129.86570577715,
    -6.117958321436));
#5074 = CARTESIAN_POINT('',(96.902403616715,130.89654533414,
    -7.839252758737));
#5075 = CARTESIAN_POINT('',(97.000951674323,131.94047286048,
    -9.555349458898));
#5076 = CARTESIAN_POINT('',(97.359745574995,132.98737216551,
    -11.27482508954));
#5077 = CARTESIAN_POINT('',(98.08587223167,134.040231968,-12.99700268557
    ));
#5078 = CARTESIAN_POINT('',(99.287900064398,135.10805826858,
    -14.71585463533));
#5079 = CARTESIAN_POINT('',(100.42510250112,135.77390121515,
    -15.82005347397));
#5080 = CARTESIAN_POINT('',(101.08869262244,136.12465797581,
    -16.35793558548));
#5081 = CARTESIAN_POINT('',(92.323183138692,118.,0.54560813212));
#5082 = CARTESIAN_POINT('',(92.989372587885,118.64221159066,
    0.541679364896));
#5083 = CARTESIAN_POINT('',(94.136189902779,119.96400309245,
    0.524877852819));
#5084 = CARTESIAN_POINT('',(95.350661789117,122.05406218381,
    0.284512772509));
#5085 = CARTESIAN_POINT('',(96.099887176992,124.09394500832,
    -0.326285317011));
#5086 = CARTESIAN_POINT('',(96.490848557487,125.96102390246,
    -1.351246541397));
#5087 = CARTESIAN_POINT('',(96.627789765734,127.55498987746,
    -2.734336737926));
#5088 = CARTESIAN_POINT('',(96.612806829791,128.85145615206,
    -4.355247891431));
#5089 = CARTESIAN_POINT('',(96.546657851245,129.93375644528,
    -6.076673544173));
#5090 = CARTESIAN_POINT('',(96.531010102338,130.95717244236,
    -7.801037765933));
#5091 = CARTESIAN_POINT('',(96.66765319556,131.99504719052,
    -9.521329684686));
#5092 = CARTESIAN_POINT('',(97.059654701887,133.03648200408,
    -11.24414634336));
#5093 = CARTESIAN_POINT('',(97.812032442113,134.08498129661,
    -12.96891539941));
#5094 = CARTESIAN_POINT('',(99.031212136537,135.15031458923,
    -14.68998058805));
#5095 = CARTESIAN_POINT('',(100.17232167799,135.81467707849,
    -15.79334467593));
#5096 = CARTESIAN_POINT('',(100.83586572289,136.16602882466,
    -16.33208420997));
#5097 = CARTESIAN_POINT('',(91.636398007476,118.,0.674408273547));
#5098 = CARTESIAN_POINT('',(92.302601559428,118.64210475159,
    0.670649962195));
#5099 = CARTESIAN_POINT('',(93.453768158588,119.96878203842,
    0.652913112198));
#5100 = CARTESIAN_POINT('',(94.687493125487,122.07683456697,
    0.407456572082));
#5101 = CARTESIAN_POINT('',(95.466016464363,124.13871152175,
    -0.215183289317));
#5102 = CARTESIAN_POINT('',(95.894007299231,126.0248490094,
    -1.258242704771));
#5103 = CARTESIAN_POINT('',(96.073471669958,127.63028838237,
    -2.661810873283));
#5104 = CARTESIAN_POINT('',(96.10430778505,128.92973633588,
    -4.30044440878));
#5105 = CARTESIAN_POINT('',(96.085205615523,130.00773807664,
    -6.031790587746));
#5106 = CARTESIAN_POINT('',(96.11559618785,131.02308351265,
    -7.759492141358));
#5107 = CARTESIAN_POINT('',(96.29484963172,132.05437795213,
    -9.484344913426));
#5108 = CARTESIAN_POINT('',(96.723994763033,133.08987201579,
    -11.21079378778));
#5109 = CARTESIAN_POINT('',(97.505735066399,134.13363075805,
    -12.93838016284));
#5110 = CARTESIAN_POINT('',(98.744099590866,135.19625376273,
    -14.66185148537));
#5111 = CARTESIAN_POINT('',(99.889579340959,135.85900676949,
    -15.76430806984));
#5112 = CARTESIAN_POINT('',(100.55307184533,136.21100535425,
    -16.30397975508));
#5113 = CARTESIAN_POINT('',(90.880190930071,118.,0.811782826159));
#5114 = CARTESIAN_POINT('',(91.546410007424,118.64199080242,
    0.808206318067));
#5115 = CARTESIAN_POINT('',(92.702365531472,119.9738791247,
    0.789471863506));
#5116 = CARTESIAN_POINT('',(93.957289726526,122.10112294079,
    0.538584917704));
#5117 = CARTESIAN_POINT('',(94.76807252643,124.18645820649,
    -9.668503939265E-02));
#5118 = CARTESIAN_POINT('',(95.236835844752,126.09292304577,
    -1.1590474686));
#5119 = CARTESIAN_POINT('',(95.463121724825,127.71059961735,
    -2.584456857224));
#5120 = CARTESIAN_POINT('',(95.544408394382,129.01322774443,
    -4.241992579246));
#5121 = CARTESIAN_POINT('',(95.577108642135,130.08664477191,
    -5.983919708175));
#5122 = CARTESIAN_POINT('',(95.658191203513,131.09338237795,
    -7.715180764633));
#5123 = CARTESIAN_POINT('',(95.884362158049,132.11765844812,
    -9.444898012599));
#5124 = CARTESIAN_POINT('',(96.354405484245,133.14681627758,
    -11.17522090448));
#5125 = CARTESIAN_POINT('',(97.168476391286,134.18551888432,
    -12.90581215152));
#5126 = CARTESIAN_POINT('',(98.427964997045,135.24525117317,
    -14.63184978783));
#5127 = CARTESIAN_POINT('',(99.578256704669,135.90628755219,
    -15.73333845486));
#5128 = CARTESIAN_POINT('',(100.24169246051,136.25897603629,
    -16.27400434608));
#5129 = CARTESIAN_POINT('',(90.058274833411,118.,0.955917383004));
#5130 = CARTESIAN_POINT('',(90.724510787787,118.64187124392,
    0.952531624488));
#5131 = CARTESIAN_POINT('',(91.88567135655,119.97922703217,
    0.932750474622));
#5132 = CARTESIAN_POINT('',(93.163636843394,122.12660651033,
    0.676165900699));
#5133 = CARTESIAN_POINT('',(94.009482221806,124.236554437,
    2.764433904709E-02));
#5134 = CARTESIAN_POINT('',(94.522560862639,126.16434690759,
    -1.054970977468));
#5135 = CARTESIAN_POINT('',(94.799736708349,127.79486285275,
    -2.503296361246));
#5136 = CARTESIAN_POINT('',(94.935857726913,129.10082764517,
    -4.180664419215));
#5137 = CARTESIAN_POINT('',(95.024861653752,130.16943435221,
    -5.933693171443));
#5138 = CARTESIAN_POINT('',(95.161040977661,131.16714054936,
    -7.668688888765));
#5139 = CARTESIAN_POINT('',(95.438206241034,132.1840528863,
    -9.403509986495));
#5140 = CARTESIAN_POINT('',(95.952701524416,133.20656268479,
    -11.13789753073));
#5141 = CARTESIAN_POINT('',(96.80191233512,134.23996035,-12.8716415152)
  );
#5142 = CARTESIAN_POINT('',(98.08436055321,135.29665967852,
    -14.6003717498));
#5143 = CARTESIAN_POINT('',(99.239882347128,135.95589494781,
    -15.70084486983));
#5144 = CARTESIAN_POINT('',(99.903256420718,136.30930728662,
    -16.2425538903));
#5145 = CARTESIAN_POINT('',(89.174705451086,118.,1.104960305429));
#5146 = CARTESIAN_POINT('',(89.840959547363,118.64174761472,
    1.101771792265));
#5147 = CARTESIAN_POINT('',(91.007715601429,119.98475705722,
    1.080908302905));
#5148 = CARTESIAN_POINT('',(92.310450744864,122.15295789875,
    0.818432073531));
#5149 = CARTESIAN_POINT('',(93.193988803935,124.28835664709,
    0.156207636507));
#5150 = CARTESIAN_POINT('',(93.754706932869,126.23820304126,
    -0.947350260178));
#5151 = CARTESIAN_POINT('',(94.086590084708,127.88199559268,
    -2.419372021582));
#5152 = CARTESIAN_POINT('',(94.281658667479,129.19141067742,
    -4.117247786881));
#5153 = CARTESIAN_POINT('',(94.431189705484,130.25504325312,
    -5.881756217658));
#5154 = CARTESIAN_POINT('',(94.626598691206,131.2434104853,
    -7.620613776176));
#5155 = CARTESIAN_POINT('',(94.958583430823,132.25270832414,
    -9.36071253043));
#5156 = CARTESIAN_POINT('',(95.520865086335,133.26834369895,
    -11.0993031449));
#5157 = CARTESIAN_POINT('',(96.407851702509,134.29625576919,
    -12.83630723026));
#5158 = CARTESIAN_POINT('',(97.714981773345,135.34981884751,
    -14.56782175712));
#5159 = CARTESIAN_POINT('',(98.876125965882,136.00719168599,
    -15.66724474643));
#5160 = CARTESIAN_POINT('',(99.539433733879,136.36135251993,
    -16.2100324191));
#5161 = CARTESIAN_POINT('',(88.233863866916,118.,1.257043756628));
#5162 = CARTESIAN_POINT('',(88.900137284368,118.64162146422,
    1.254056512757));
#5163 = CARTESIAN_POINT('',(90.072851513454,119.99039989642,
    1.232088603699));
#5164 = CARTESIAN_POINT('',(91.401961862987,122.17984686497,
    0.963600527036));
#5165 = CARTESIAN_POINT('',(92.325635809158,124.34121564071,
    0.287393671086));
#5166 = CARTESIAN_POINT('',(92.937081376657,126.31356586641,
    -0.837534041872));
#5167 = CARTESIAN_POINT('',(93.32721791478,127.97090587158,
    -2.333735595456));
#5168 = CARTESIAN_POINT('',(93.585054991806,129.28384163583,
    -4.052537432631));
#5169 = CARTESIAN_POINT('',(93.799036455881,130.34239860614,
    -5.828759731491));
#5170 = CARTESIAN_POINT('',(94.057514318777,131.32123635516,
    -7.571557914144));
#5171 = CARTESIAN_POINT('',(94.447871885604,132.32276435733,
    -9.317041990998));
#5172 = CARTESIAN_POINT('',(95.061037384441,133.33138506809,
    -11.05992141983));
#5173 = CARTESIAN_POINT('',(95.988248401241,134.35369963402,
    -12.80025211332));
#5174 = CARTESIAN_POINT('',(97.321660180439,135.40406248651,
    -14.53460773296));
#5175 = CARTESIAN_POINT('',(98.488791212442,136.05953488668,
    -15.63295916857));
#5176 = CARTESIAN_POINT('',(99.152028375691,136.41445949456,
    -16.17684749828));
#5177 = CARTESIAN_POINT('',(87.240436848294,118.,1.410299633169));
#5178 = CARTESIAN_POINT('',(87.906730661907,118.64149433957,
    1.407515210035));
#5179 = CARTESIAN_POINT('',(89.085736086866,119.9960862375,
    1.384434367435));
#5180 = CARTESIAN_POINT('',(90.442695800487,122.20694312052,
    1.109888097511));
#5181 = CARTESIAN_POINT('',(91.408748905884,124.39448212924,
    0.419591030902));
#5182 = CARTESIAN_POINT('',(92.073757165273,126.38950967051,
    -0.726871240218));
#5183 = CARTESIAN_POINT('',(92.525402982829,128.06050156802,
    -2.247438990229));
#5184 = CARTESIAN_POINT('',(92.849516805218,129.37698515301,
    -3.987328220295));
#5185 = CARTESIAN_POINT('',(93.13155095287,130.43042738962,
    -5.775354690528));
#5186 = CARTESIAN_POINT('',(93.456622733029,131.3996621918,
    -7.522123875949));
#5187 = CARTESIAN_POINT('',(93.908615695968,132.39336045897,
    -9.273034791352));
#5188 = CARTESIAN_POINT('',(94.575509033332,133.39491242883,
    -11.02023609742));
#5189 = CARTESIAN_POINT('',(95.545192669626,134.41158633936,
    -12.76391904415));
#5190 = CARTESIAN_POINT('',(96.906355091163,135.45872429282,
    -14.50113765882));
#5191 = CARTESIAN_POINT('',(98.079807581021,136.11228161032,
    -15.59840928005));
#5192 = CARTESIAN_POINT('',(98.742970191552,136.46797587576,
    -16.14340675184));
#5193 = CARTESIAN_POINT('',(86.199395159465,118.,1.562870750949));
#5194 = CARTESIAN_POINT('',(86.86571034961,118.64136778411,
    1.560288242549));
#5195 = CARTESIAN_POINT('',(88.051308501633,120.00174717106,
    1.536099438767));
#5196 = CARTESIAN_POINT('',(89.437452392853,122.23391830811,
    1.255522044163));
#5197 = CARTESIAN_POINT('',(90.447915877957,124.44751061906,
    0.551197722983));
#5198 = CARTESIAN_POINT('',(91.169054073694,126.465114152,
    -0.616702888268));
#5199 = CARTESIAN_POINT('',(91.685157292664,128.14969694416,
    -2.161527964712));
#5200 = CARTESIAN_POINT('',(92.078724485693,129.46971249797,
    -3.922410367615));
#5201 = CARTESIAN_POINT('',(92.432073062396,130.5180628539,
    -5.722188267298));
#5202 = CARTESIAN_POINT('',(92.826930587054,131.47773761592,
    -7.472910712749));
#5203 = CARTESIAN_POINT('',(93.343513112821,132.46364113195,
    -9.229224219178));
#5204 = CARTESIAN_POINT('',(94.066709448601,133.4581559445,-10.980728092
    ));
#5205 = CARTESIAN_POINT('',(95.080901404395,134.46921440275,
    -12.72774831388));
#5206 = CARTESIAN_POINT('',(96.471144550098,135.51314186535,
    -14.46781713146));
#5207 = CARTESIAN_POINT('',(97.651221479346,136.16479265932,
    -15.56401376309));
#5208 = CARTESIAN_POINT('',(98.31430596674,136.52125314174,
    -16.11011542118));
#5209 = CARTESIAN_POINT('',(85.115970081058,118.,1.712918129977));
#5210 = CARTESIAN_POINT('',(85.782307516819,118.64124332279,
    1.710534196246));
#5211 = CARTESIAN_POINT('',(86.974766803917,120.00731446458,
    1.685255758668));
#5212 = CARTESIAN_POINT('',(88.391283032337,122.2604472886,
    1.398747002522));
#5213 = CARTESIAN_POINT('',(89.447964954038,124.4996619438,
    0.680627457111));
#5214 = CARTESIAN_POINT('',(90.227518275027,126.53946803009,
    -0.508356874275));
#5215 = CARTESIAN_POINT('',(90.810703116126,128.23741690457,
    -2.077038027193));
#5216 = CARTESIAN_POINT('',(91.276551298799,129.56090600352,
    -3.85856634662));
#5217 = CARTESIAN_POINT('',(91.704117691865,130.60424870555,
    -5.669901290745));
#5218 = CARTESIAN_POINT('',(92.171602111792,131.55452156381,
    -7.424511603799));
#5219 = CARTESIAN_POINT('',(92.755403801714,132.53275926468,
    -9.186138334877));
#5220 = CARTESIAN_POINT('',(93.537195370632,133.52035332451,
    -10.94187360401));
#5221 = CARTESIAN_POINT('',(94.59770769006,134.52588921714,
    -12.69217589786));
#5222 = CARTESIAN_POINT('',(96.018215508183,135.56665929775,
    -14.435047772));
#5223 = CARTESIAN_POINT('',(97.205186574623,136.21643509715,
    -15.53018719595));
#5224 = CARTESIAN_POINT('',(97.868189757985,136.57364912755,
    -16.07737477548));
#5225 = CARTESIAN_POINT('',(83.995628372686,118.,1.858625740618));
#5226 = CARTESIAN_POINT('',(84.661988812199,118.6411224607,
    1.856434638291));
#5227 = CARTESIAN_POINT('',(85.861543020512,120.01272073742,
    1.830098081958));
#5228 = CARTESIAN_POINT('',(87.309466493334,122.28620898053,
    1.537829515008));
#5229 = CARTESIAN_POINT('',(88.413941698786,124.55030491384,
    0.806313739855));
#5230 = CARTESIAN_POINT('',(89.253900582216,126.61167139671,
    -0.403144514528));
#5231 = CARTESIAN_POINT('',(89.906452784875,128.32259977094,
    -1.994991762881));
#5232 = CARTESIAN_POINT('',(90.447044859889,129.64946195088,
    -3.796568864138));
#5233 = CARTESIAN_POINT('',(90.951357967457,130.68794183367,
    -5.619126592309));
#5234 = CARTESIAN_POINT('',(91.493943971732,131.62908471615,
    -7.37751232552));
#5235 = CARTESIAN_POINT('',(92.147255251881,132.59987831764,
    -9.144298608687));
#5236 = CARTESIAN_POINT('',(92.989638627988,133.58075179104,
    -10.90414289092));
#5237 = CARTESIAN_POINT('',(94.098049631791,134.58092484623,
    -12.65763233048));
#5238 = CARTESIAN_POINT('',(95.549853358862,135.61862886103,
    -14.40322618947));
#5239 = CARTESIAN_POINT('',(96.743953478719,136.26658390543,
    -15.49733898264));
#5240 = CARTESIAN_POINT('',(97.406872583949,136.62452968241,
    -16.04558107614));
#5241 = CARTESIAN_POINT('',(82.844045882003,118.,1.998203981186));
#5242 = CARTESIAN_POINT('',(83.510429967916,118.64100668121,
    1.996197598544));
#5243 = CARTESIAN_POINT('',(84.717276937956,120.01789958944,
    1.968847434565));
#5244 = CARTESIAN_POINT('',(86.197483448349,122.31088697498,
    1.671061350331));
#5245 = CARTESIAN_POINT('',(87.351084655397,124.59881752503,
    0.92671287434));
#5246 = CARTESIAN_POINT('',(88.25313351332,126.68083743978,
    -0.302358042258));
#5247 = CARTESIAN_POINT('',(88.976987389734,128.40419931513,
    -1.916396875713));
#5248 = CARTESIAN_POINT('',(89.594407594118,129.73429268327,
    -3.737179382103));
#5249 = CARTESIAN_POINT('',(90.177607502002,130.76811430728,
    -5.570487794089));
#5250 = CARTESIAN_POINT('',(90.797389301919,131.70051127768,
    -7.332490129758));
#5251 = CARTESIAN_POINT('',(91.522148450512,132.66417392494,
    -9.104218922104));
#5252 = CARTESIAN_POINT('',(92.426813239423,133.63860952186,
    -10.86799936675));
#5253 = CARTESIAN_POINT('',(93.584458584082,134.63364533317,
    -12.62454188083));
#5254 = CARTESIAN_POINT('',(95.068430910561,135.66841226326,
    -14.37274322093));
#5255 = CARTESIAN_POINT('',(96.26985887111,136.31462313629,
    -15.46587257007));
#5256 = CARTESIAN_POINT('',(96.932691558374,136.67326988408,
    -16.01512481792));
#5257 = CARTESIAN_POINT('',(81.667080007873,118.,2.129894772665));
#5258 = CARTESIAN_POINT('',(82.333488259174,118.64089744752,
    2.128062671357));
#5259 = CARTESIAN_POINT('',(83.547788742482,120.02278578749,
    2.099756177843));
#5260 = CARTESIAN_POINT('',(85.060989877605,122.33417043705,
    1.796764366592));
#5261 = CARTESIAN_POINT('',(86.264799930512,124.64458872923,
    1.040308354904));
#5262 = CARTESIAN_POINT('',(87.230307360965,126.7460949679,
    -0.207266928847));
#5263 = CARTESIAN_POINT('',(88.027034555166,128.48118773765,
    -1.842243319578));
#5264 = CARTESIAN_POINT('',(88.722976348031,129.81432970225,
    -3.681145949794));
#5265 = CARTESIAN_POINT('',(89.386801892939,130.84375630178,
    -5.524597533487));
#5266 = CARTESIAN_POINT('',(90.085481051772,131.76790158422,
    -7.290012100447));
#5267 = CARTESIAN_POINT('',(90.883262935297,132.72483624155,
    -9.066404104931));
#5268 = CARTESIAN_POINT('',(91.851581954743,133.69319776075,
    -10.83389828275));
#5269 = CARTESIAN_POINT('',(93.05954687265,134.68338663042,
    -12.59332134466));
#5270 = CARTESIAN_POINT('',(94.576396862822,135.71538244426,
    -14.34398281938));
#5271 = CARTESIAN_POINT('',(95.785314189935,136.35994771748,
    -15.4361842979));
#5272 = CARTESIAN_POINT('',(96.448058551379,136.7192558179,
    -15.98638961725));
#5273 = CARTESIAN_POINT('',(80.47074098024,118.,2.251975360732));
#5274 = CARTESIAN_POINT('',(81.137173795916,118.64079618148,
    2.250304822523));
#5275 = CARTESIAN_POINT('',(82.359050477438,120.02731541435,
    2.221111788067));
#5276 = CARTESIAN_POINT('',(83.905789337758,122.35575477606,
    1.91329414043));
#5277 = CARTESIAN_POINT('',(85.160634686551,124.68701975632,1.1456141467
    ));
#5278 = CARTESIAN_POINT('',(86.190645233601,126.80659029423,
    -0.119115138468));
#5279 = CARTESIAN_POINT('',(87.061445258667,128.55255789034,
    -1.773501157436));
#5280 = CARTESIAN_POINT('',(87.837201125057,129.8885259785,
    -3.629201586099));
#5281 = CARTESIAN_POINT('',(88.582979425194,130.91387828273,
    -5.482056138314));
#5282 = CARTESIAN_POINT('',(89.361854613267,131.83037404841,
    -7.250633927228));
#5283 = CARTESIAN_POINT('',(90.233861204235,132.78107169426,
    -9.03134884354));
#5284 = CARTESIAN_POINT('',(91.266882218901,133.74380239503,
    -10.80228574294));
#5285 = CARTESIAN_POINT('',(92.525994982524,134.72949802979,
    -12.56437914324));
#5286 = CARTESIAN_POINT('',(94.076263812296,135.75892495645,
    -14.31732122289));
#5287 = CARTESIAN_POINT('',(95.29279377934,136.40196470395,
    -15.40866254284));
#5288 = CARTESIAN_POINT('',(95.95544836353,136.76188590449,
    -15.95975138267));
#5289 = CARTESIAN_POINT('',(79.261162571142,118.,2.362779699586));
#5290 = CARTESIAN_POINT('',(79.927620223428,118.64070427347,
    2.361255801197));
#5291 = CARTESIAN_POINT('',(81.157156945202,120.03142665009,
    2.331258113352));
#5292 = CARTESIAN_POINT('',(82.737804678851,122.37534542934,
    2.019060378531));
#5293 = CARTESIAN_POINT('',(84.044250109657,124.72553154564,
    1.241193131227));
#5294 = CARTESIAN_POINT('',(85.139477602212,126.86149783316,
    -3.910568728256E-02));
#5295 = CARTESIAN_POINT('',(86.085170191042,128.6173357777,
    -1.711108520342));
#5296 = CARTESIAN_POINT('',(86.941623399784,129.95586894813,
    -3.582055180864));
#5297 = CARTESIAN_POINT('',(87.770261391864,130.97752328855,
    -5.443444175178));
#5298 = CARTESIAN_POINT('',(88.630220104944,131.88707610235,
    -7.214893007906));
#5299 = CARTESIAN_POINT('',(89.577272817012,132.83211283245,
    -8.999531540533));
#5300 = CARTESIAN_POINT('',(90.675711856705,133.78973281771,
    -10.77359316676));
#5301 = CARTESIAN_POINT('',(91.986538497743,134.77135024666,
    -12.5381102536));
#5302 = CARTESIAN_POINT('',(93.570595999471,135.79844556192,
    -14.29312228501));
#5303 = CARTESIAN_POINT('',(94.794822852078,136.44010070633,
    -15.38368289678));
#5304 = CARTESIAN_POINT('',(95.457386665666,136.80057836685,
    -15.93557364879));
#5305 = CARTESIAN_POINT('',(78.04457008226,118.,2.460672271752));
#5306 = CARTESIAN_POINT('',(78.711052716479,118.64062307137,
    2.459277925717));
#5307 = CARTESIAN_POINT('',(79.948293895529,120.03505881499,
    2.428569348655));
#5308 = CARTESIAN_POINT('',(81.563047133335,122.39265322984,
    2.112501927884));
#5309 = CARTESIAN_POINT('',(82.921391863528,124.75955564764,
    1.325634523476));
#5310 = CARTESIAN_POINT('',(84.08221448039,126.91000712683,
    3.158045240451E-02));
#5311 = CARTESIAN_POINT('',(85.103233918518,128.67456525155,
    -1.655986349202));
#5312 = CARTESIAN_POINT('',(86.040852415793,130.01536460131,
    -3.540402634362));
#5313 = CARTESIAN_POINT('',(86.952830584992,131.03375189286,
    -5.409331572488));
#5314 = CARTESIAN_POINT('',(87.894343008642,131.93717080049,
    -7.183316893107));
#5315 = CARTESIAN_POINT('',(88.916877017822,132.87720626789,
    -8.971421832348));
#5316 = CARTESIAN_POINT('',(90.081113427221,133.8303110773,
    -10.7482440684));
#5317 = CARTESIAN_POINT('',(91.443953823472,134.80832552371,
    -12.51490241534));
#5318 = CARTESIAN_POINT('',(93.061995928769,135.83336092623,
    -14.27174319193));
#5319 = CARTESIAN_POINT('',(94.293964303413,136.47379280806,
    -15.3616140696));
#5320 = CARTESIAN_POINT('',(94.956436817303,136.83476208839,
    -15.91421328886));
#5321 = CARTESIAN_POINT('',(76.827253649587,118.,2.544223991004));
#5322 = CARTESIAN_POINT('',(77.493761276955,118.64055376692,
    2.542940218464));
#5323 = CARTESIAN_POINT('',(78.738711503132,120.03815888209,
    2.511624894458));
#5324 = CARTESIAN_POINT('',(80.387590537868,122.40742551007,
    2.192254680575));
#5325 = CARTESIAN_POINT('',(81.797865451075,124.78859536077,
    1.397705604481));
#5326 = CARTESIAN_POINT('',(83.024322225056,126.95141001163,
    9.191136789204E-02));
#5327 = CARTESIAN_POINT('',(84.120713336401,128.72341084654,
    -1.608939345883));
#5328 = CARTESIAN_POINT('',(85.139545420304,130.06614438982,
    -3.504852011934));
#5329 = CARTESIAN_POINT('',(86.134913358908,131.08174324151,
    -5.380216323599));
#5330 = CARTESIAN_POINT('',(87.158028022366,131.97992683461,
    -7.156366547228));
#5331 = CARTESIAN_POINT('',(88.256088244442,132.91569370338,
    -8.947430078995));
#5332 = CARTESIAN_POINT('',(89.486161176872,133.86494479145,
    -10.72660850707));
#5333 = CARTESIAN_POINT('',(90.901046279428,134.83988407679,
    -12.49509442844));
#5334 = CARTESIAN_POINT('',(92.553093211675,135.86316133689,
    -14.25349604671));
#5335 = CARTESIAN_POINT('',(93.792807713556,136.50254915444,
    -15.34277823338));
#5336 = CARTESIAN_POINT('',(94.455188874437,136.86393803752,
    -15.89598213244));
#5337 = CARTESIAN_POINT('',(75.614943481455,118.,2.611691430813));
#5338 = CARTESIAN_POINT('',(76.281476002723,118.6404978008,
    2.610496945527));
#5339 = CARTESIAN_POINT('',(77.534103567165,120.04066216641,
    2.578691677649));
#5340 = CARTESIAN_POINT('',(79.216968057007,122.41935402461,
    2.256654480952));
#5341 = CARTESIAN_POINT('',(80.678959587698,124.81204472989,
    1.455902507708));
#5342 = CARTESIAN_POINT('',(81.970780595719,126.98484255689,
    0.140628168044));
#5343 = CARTESIAN_POINT('',(83.142233411103,128.76285332923,
    -1.570949213627));
#5344 = CARTESIAN_POINT('',(84.241945087382,130.10714872049,
    -3.476145128338));
#5345 = CARTESIAN_POINT('',(85.32035985149,131.12049592614,
    -5.356705959964));
#5346 = CARTESIAN_POINT('',(86.424741162144,132.01445203868,
    -7.134604327915));
#5347 = CARTESIAN_POINT('',(87.598016992422,132.94677204338,
    -8.928056902839));
#5348 = CARTESIAN_POINT('',(88.893655692433,133.89291127786,
    -10.70913793979));
#5349 = CARTESIAN_POINT('',(90.360371465293,134.86536739194,
    -12.47909961499));
#5350 = CARTESIAN_POINT('',(92.046283378137,135.8872249633,
    -14.23876160214));
#5351 = CARTESIAN_POINT('',(93.293712151213,136.52576970826,
    -15.32756842503));
#5352 = CARTESIAN_POINT('',(93.956002334618,136.88749741618,
    -15.88126059877));
#5353 = CARTESIAN_POINT('',(74.411364710916,118.,2.663207358244));
#5354 = CARTESIAN_POINT('',(75.077921944322,118.64045507014,
    2.662081049831));
#5355 = CARTESIAN_POINT('',(76.338171556237,120.04257359092,
    2.629901676786));
#5356 = CARTESIAN_POINT('',(78.05477672706,122.428462248,2.305828059386)
  );
#5357 = CARTESIAN_POINT('',(79.568112398003,124.82994990007,
    1.500339757022));
#5358 = CARTESIAN_POINT('',(80.924826868443,127.01037055354,
    0.177826721131));
#5359 = CARTESIAN_POINT('',(82.17080077246,128.79297031723,
    -1.54194119284));
#5360 = CARTESIAN_POINT('',(83.350809523619,130.13845828447,
    -3.454225492196));
#5361 = CARTESIAN_POINT('',(84.51167298672,131.15008620694,
    -5.338754216274));
#5362 = CARTESIAN_POINT('',(85.696735639402,132.04081435379,
    -7.117987409975));
#5363 = CARTESIAN_POINT('',(86.944685353987,132.97050244596,
    -8.913264180011));
#5364 = CARTESIAN_POINT('',(88.30541759856,133.91426557099,
    -10.6957979868));
#5365 = CARTESIAN_POINT('',(89.823590742653,134.8848256167,
    -12.46688649927));
#5366 = CARTESIAN_POINT('',(91.543123731247,135.9055991607,
    -14.22751086289));
#5367 = CARTESIAN_POINT('',(92.798211214551,136.54350016182,
    -15.31595471337));
#5368 = CARTESIAN_POINT('',(93.460411076161,136.90548658613,
    -15.8700197178));
#5369 = CARTESIAN_POINT('',(73.22257947951,118.,2.691715804856));
#5370 = CARTESIAN_POINT('',(73.889161121987,118.64043142698,
    2.690627224882));
#5371 = CARTESIAN_POINT('',(75.156939095585,120.04363135431,
    2.658240825468));
#5372 = CARTESIAN_POINT('',(76.906870231168,122.43350265654,
    2.333040271323));
#5373 = CARTESIAN_POINT('',(78.470918956407,124.83985845862,
    1.52493092742));
#5374 = CARTESIAN_POINT('',(79.89172926474,127.02449751518,
    0.198412062745));
#5375 = CARTESIAN_POINT('',(81.211308296859,128.809636785,
    -1.525888417452));
#5376 = CARTESIAN_POINT('',(82.470627168037,130.15578471297,
    -3.442095364527));
#5377 = CARTESIAN_POINT('',(83.712925929026,131.16646119974,
    -5.32881988427));
#5378 = CARTESIAN_POINT('',(84.977678245733,132.05540301967,
    -7.108791758425));
#5379 = CARTESIAN_POINT('',(86.299384006051,132.98363463535,
    -8.905078021477));
#5380 = CARTESIAN_POINT('',(87.724409711344,133.9260828429,
    -10.6884157779));
#5381 = CARTESIAN_POINT('',(89.293407749141,134.89559362189,
    -12.4601278719));
#5382 = CARTESIAN_POINT('',(91.046148566635,135.91576727379,
    -14.22128480589));
#5383 = CARTESIAN_POINT('',(92.308800625677,136.5533120361,
    -15.30952779081));
#5384 = CARTESIAN_POINT('',(92.970911274994,136.91544162949,
    -15.86379911631));
#5385 = CARTESIAN_POINT('',(72.055571148894,118.,2.695470591898));
#5386 = CARTESIAN_POINT('',(72.722176753651,118.64042831105,
    2.694386981054));
#5387 = CARTESIAN_POINT('',(73.997345179257,120.04377067093,
    2.661973314641));
#5388 = CARTESIAN_POINT('',(75.779991794224,122.43416651784,
    2.336624334044));
#5389 = CARTESIAN_POINT('',(77.393824580714,124.8411634939,1.52816977832
    ));
#5390 = CARTESIAN_POINT('',(78.877556579877,127.02635814732,
    0.201123314431));
#5391 = CARTESIAN_POINT('',(80.26939239598,128.81183189013,
    -1.523774140451));
#5392 = CARTESIAN_POINT('',(81.606568535502,130.15806674012,
    -3.440497731137));
#5393 = CARTESIAN_POINT('',(82.928810812385,131.16861791531,
    -5.327511454471));
#5394 = CARTESIAN_POINT('',(84.271792988722,132.05732446191,
    -7.107580618662));
#5395 = CARTESIAN_POINT('',(85.665903686049,132.98536424817,
    -8.903999839897));
#5396 = CARTESIAN_POINT('',(87.154045084834,133.92763927072,
    -10.68744348282));
#5397 = CARTESIAN_POINT('',(88.772936974502,134.89701185304,
    -12.45923770741));
#5398 = CARTESIAN_POINT('',(90.55827729979,135.91710649434,
    -14.22046478516));
#5399 = CARTESIAN_POINT('',(91.828355361008,136.55460433739,
    -15.30868131439));
#5400 = CARTESIAN_POINT('',(92.490378432976,136.91675278714,
    -15.86297981408));
#5401 = CARTESIAN_POINT('',(70.91930235358,118.,2.674455198804));
#5402 = CARTESIAN_POINT('',(71.585931288947,118.64044574428,
    2.673343776002));
#5403 = CARTESIAN_POINT('',(72.86829549937,120.04299092421,
    2.641082721806));
#5404 = CARTESIAN_POINT('',(74.682795852702,122.43045091192,
    2.316564478158));
#5405 = CARTESIAN_POINT('',(76.345101365479,124.83385926372,
    1.510042059203));
#5406 = CARTESIAN_POINT('',(77.890097669224,127.01594426349,
    0.185948547041));
#5407 = CARTESIAN_POINT('',(79.352286992446,128.79954597443,
    -1.535607664375));
#5408 = CARTESIAN_POINT('',(80.765269604112,130.14529432531,
    -3.449439621403));
#5409 = CARTESIAN_POINT('',(82.165349647971,131.1565468644,
    -5.334834683794));
#5410 = CARTESIAN_POINT('',(83.584501073512,132.04657022643,
    -7.11435931954));
#5411 = CARTESIAN_POINT('',(85.049109528566,132.97568367432,
    -8.910034379131));
#5412 = CARTESIAN_POINT('',(86.598704124469,133.91892800641,
    -10.69288537953));
#5413 = CARTESIAN_POINT('',(88.266175639141,134.88907406991,
    -12.46421992245));
#5414 = CARTESIAN_POINT('',(90.083256785814,135.9096109307,
    -14.22505440855));
#5415 = CARTESIAN_POINT('',(91.360565245973,136.54737137803,
    -15.31341900881));
#5416 = CARTESIAN_POINT('',(92.02250304667,136.90941429016,
    -15.86756541593));
#5417 = CARTESIAN_POINT('',(69.819980153115,118.,2.628765159982));
#5418 = CARTESIAN_POINT('',(70.486631659917,118.64048364,2.62759327032)
  );
#5419 = CARTESIAN_POINT('',(71.775957679864,120.04129566206,
    2.595664014151));
#5420 = CARTESIAN_POINT('',(73.621276024101,122.42237272881,
    2.272951894246));
#5421 = CARTESIAN_POINT('',(75.330478137781,124.81797897275,
    1.470630177336));
#5422 = CARTESIAN_POINT('',(76.934746693286,126.99330320437,
    0.152956743935));
#5423 = CARTESIAN_POINT('',(78.465001928887,128.77283488876,
    -1.561335194908));
#5424 = CARTESIAN_POINT('',(79.951326110883,130.11752553097,
    -3.468880386158));
#5425 = CARTESIAN_POINT('',(81.426712970899,131.1303029211,
    -5.350756281386));
#5426 = CARTESIAN_POINT('',(82.919556947873,132.02318920116,
    -7.129097045591));
#5427 = CARTESIAN_POINT('',(84.4523708755,132.95463692106,
    -8.923154206609));
#5428 = CARTESIAN_POINT('',(86.061420473733,133.89998865047,
    -10.70471672958));
#5429 = CARTESIAN_POINT('',(87.775892012089,134.87181635816,
    -12.4750518682));
#5430 = CARTESIAN_POINT('',(89.623681904452,135.89331465285,
    -14.23503281213));
#5431 = CARTESIAN_POINT('',(90.907985662268,136.53164604841,
    -15.32371933648));
#5432 = CARTESIAN_POINT('',(91.569840964126,136.8934594988,
    -15.87753507607));
#5433 = CARTESIAN_POINT('',(68.763613586596,118.,2.558964210935));
#5434 = CARTESIAN_POINT('',(69.430286785948,118.64054153927,
    2.557699945699));
#5435 = CARTESIAN_POINT('',(70.726302580687,120.03870579728,
    2.526277579363));
#5436 = CARTESIAN_POINT('',(72.601234715208,122.41003164018,
    2.206324685648));
#5437 = CARTESIAN_POINT('',(74.355500960939,124.79371855589,
    1.410420406694));
#5438 = CARTESIAN_POINT('',(76.016725725619,126.95871432125,
    0.102554966501));
#5439 = CARTESIAN_POINT('',(77.612387221637,128.73202820139,
    -1.600639299131));
#5440 = CARTESIAN_POINT('',(79.169187177531,130.07510297568,
    -3.498580160224));
#5441 = CARTESIAN_POINT('',(80.716938265961,131.09020988995,
    -5.375079802462));
#5442 = CARTESIAN_POINT('',(82.280595283472,131.98746986726,
    -7.151611958944));
#5443 = CARTESIAN_POINT('',(83.878949578445,132.92248366855,
    -8.943197446512));
#5444 = CARTESIAN_POINT('',(85.545130995505,133.87105488195,
    -10.7227915547));
#5445 = CARTESIAN_POINT('',(87.304766047498,134.84545164629,
    -12.49159989733));
#5446 = CARTESIAN_POINT('',(89.18206475361,135.86841873492,
    -14.25027687973));
#5447 = CARTESIAN_POINT('',(90.473090465872,136.50762235688,
    -15.33945520942));
#5448 = CARTESIAN_POINT('',(91.134866495559,136.86908526741,
    -15.89276578624));
#5449 = CARTESIAN_POINT('',(67.755964934936,118.,2.465978989849));
#5450 = CARTESIAN_POINT('',(68.422658823838,118.64061866948,
    2.464591666865));
#5451 = CARTESIAN_POINT('',(69.725055875494,120.03525571321,
    2.433844552678));
#5452 = CARTESIAN_POINT('',(71.628236058851,122.39359147895,
    2.117567357781));
#5453 = CARTESIAN_POINT('',(73.425488152218,124.76140008092,
    1.330212058362));
#5454 = CARTESIAN_POINT('',(75.141042397877,126.91263679669,
    3.541232042515E-02));
#5455 = CARTESIAN_POINT('',(76.799093723556,128.67766763897,
    -1.652998197838));
#5456 = CARTESIAN_POINT('',(78.423119224812,130.01858983743,
    -3.538144666087));
#5457 = CARTESIAN_POINT('',(80.039897220666,131.03680002353,
    -5.407482341621));
#5458 = CARTESIAN_POINT('',(81.671101495985,131.93988641451,
    -7.181605164258));
#5459 = CARTESIAN_POINT('',(83.331973542758,132.87965076537,
    -8.969898016048));
#5460 = CARTESIAN_POINT('',(85.052651951596,133.83251080906,
    -10.74686990369));
#5461 = CARTESIAN_POINT('',(86.855367649571,134.81032993844,
    -12.51364432748));
#5462 = CARTESIAN_POINT('',(88.760814269006,135.8352536769,
    -14.2705842397));
#5463 = CARTESIAN_POINT('',(90.058251934666,136.47561923818,
    -15.36041772699));
#5464 = CARTESIAN_POINT('',(90.719952344875,136.83661517459,
    -15.9130553521));
#5465 = CARTESIAN_POINT('',(66.802502996707,118.,2.351113326452));
#5466 = CARTESIAN_POINT('',(67.469216462574,118.64071394752,
    2.349573988695));
#5467 = CARTESIAN_POINT('',(68.777651616473,120.03099378729,
    2.319661021162));
#5468 = CARTESIAN_POINT('',(70.707560798427,122.37328276729,
    2.007924457223));
#5469 = CARTESIAN_POINT('',(72.545487158102,124.72147671439,
    1.231129806009));
#5470 = CARTESIAN_POINT('',(74.312449294946,126.85571672525,
    -4.752972664241E-02));
#5471 = CARTESIAN_POINT('',(76.029535411985,128.61051544005,
    -1.717677719641));
#5472 = CARTESIAN_POINT('',(77.717171377735,129.94877853796,
    -3.587019134091));
#5473 = CARTESIAN_POINT('',(79.399264331171,130.97082222978,
    -5.447509553611));
#5474 = CARTESIAN_POINT('',(81.094383483219,131.88110605347,
    -7.218656099724));
#5475 = CARTESIAN_POINT('',(82.814411364406,132.82673881037,
    -9.002881522428));
#5476 = CARTESIAN_POINT('',(84.586656167345,133.7848968929,
    -10.77661415225));
#5477 = CARTESIAN_POINT('',(86.430135831851,134.76694370832,
    -12.54087605385));
#5478 = CARTESIAN_POINT('',(88.362216700413,135.79428451389,
    -14.29567014406));
#5479 = CARTESIAN_POINT('',(89.665721510859,136.43608544183,
    -15.3863129551));
#5480 = CARTESIAN_POINT('',(90.327350370311,136.79650451281,
    -15.93811927532));
#5481 = CARTESIAN_POINT('',(65.908358532851,118.,2.216015050292));
#5482 = CARTESIAN_POINT('',(66.575090358363,118.64082601124,
    2.21429692162));
#5483 = CARTESIAN_POINT('',(67.889187966766,120.02598115782,
    2.185365028644));
#5484 = CARTESIAN_POINT('',(69.844163263564,122.3493968486,
    1.878968889295));
#5485 = CARTESIAN_POINT('',(71.720233432132,124.67452118523,
    1.114595054937));
#5486 = CARTESIAN_POINT('',(73.5354052347,126.78877066583,
    -0.145081312109));
#5487 = CARTESIAN_POINT('',(75.307853427294,128.5315349506,
    -1.79374999085));
#5488 = CARTESIAN_POINT('',(77.055142476605,129.86667056995,
    -3.644502425272));
#5489 = CARTESIAN_POINT('',(78.798486965512,130.89322300703,
    -5.494587219637));
#5490 = CARTESIAN_POINT('',(80.553544675034,131.81197203019,
    -7.262233243351));
#5491 = CARTESIAN_POINT('',(82.329048144424,132.76450686304,
    -9.041674793817));
#5492 = CARTESIAN_POINT('',(84.149651255051,133.7288961893,
    -10.81159759803));
#5493 = CARTESIAN_POINT('',(86.031358848384,134.71591536074,
    -12.57290441793));
#5494 = CARTESIAN_POINT('',(87.98841697612,135.74609898364,
    -14.32517471788));
#5495 = CARTESIAN_POINT('',(89.297611478968,136.38958809443,
    -15.41676940791));
#5496 = CARTESIAN_POINT('',(89.959173238135,136.74932869804,
    -15.96759799613));
#5497 = CARTESIAN_POINT('',(65.078282785622,118.,2.062637698808));
#5498 = CARTESIAN_POINT('',(65.745031655572,118.64095323588,
    2.060716588575));
#5499 = CARTESIAN_POINT('',(67.06438598246,120.02029030992,
    2.032898511374));
#5500 = CARTESIAN_POINT('',(69.0426313156,122.3222791157,1.732565367147)
  );
#5501 = CARTESIAN_POINT('',(70.954112149792,124.6212124762,
    0.982292911757));
#5502 = CARTESIAN_POINT('',(72.814039219465,126.71276666652,
    -0.25583182823));
#5503 = CARTESIAN_POINT('',(74.637882592693,128.44186823808,
    -1.880114997208));
#5504 = CARTESIAN_POINT('',(76.440550364248,129.77345322458,
    -3.709763324273));
#5505 = CARTESIAN_POINT('',(78.240757492393,130.80512444944,
    -5.548034590946));
#5506 = CARTESIAN_POINT('',(80.051458942825,131.733484031,
    -7.311706464362));
#5507 = CARTESIAN_POINT('',(81.878462971905,132.69385480495,
    -9.085716874814));
#5508 = CARTESIAN_POINT('',(83.743959340847,133.66531847489,
    -10.85131437615));
#5509 = CARTESIAN_POINT('',(85.661155692289,134.6579827731,
    -12.60926628572));
#5510 = CARTESIAN_POINT('',(87.641401367325,135.69139384945,
    -14.35867132133));
#5511 = CARTESIAN_POINT('',(88.955877875404,136.33679956545,
    -15.45134668169));
#5512 = CARTESIAN_POINT('',(89.617377342217,136.69576989825,
    -16.00106524864));
#5513 = CARTESIAN_POINT('',(64.316609355324,118.,1.893185490278));
#5514 = CARTESIAN_POINT('',(64.983373863998,118.64109379301,
    1.891040124744));
#5515 = CARTESIAN_POINT('',(66.307551731641,120.014003028,1.864452597922
    ));
#5516 = CARTESIAN_POINT('',(68.307149535241,122.29231928324,
    1.570817886664));
#5517 = CARTESIAN_POINT('',(70.251123022518,124.56231669801,
    0.836124718488));
#5518 = CARTESIAN_POINT('',(72.152117305513,126.62879699683,
    -0.378189655973));
#5519 = CARTESIAN_POINT('',(74.02312064417,128.34280392173,
    -1.975531568986));
#5520 = CARTESIAN_POINT('',(75.876603659366,129.67046614797,
    -3.781863952948));
#5521 = CARTESIAN_POINT('',(77.728987666102,130.70779263997,
    -5.607083564088));
#5522 = CARTESIAN_POINT('',(79.590747540001,131.64677002352,
    -7.366364772661));
#5523 = CARTESIAN_POINT('',(81.465008229809,132.61579799167,
    -9.13437482738));
#5524 = CARTESIAN_POINT('',(83.371698432154,133.5950774387,
    -10.89519370842));
#5525 = CARTESIAN_POINT('',(85.321459093869,134.59397850569,
    -12.64943909312));
#5526 = CARTESIAN_POINT('',(87.322981548188,135.63095529497,
    -14.39567856771));
#5527 = CARTESIAN_POINT('',(88.642304799073,136.27847847928,
    -15.489547859));
#5528 = CARTESIAN_POINT('',(89.303747106212,136.63659781826,
    -16.03804006792));
#5529 = CARTESIAN_POINT('',(63.627217677125,118.,1.710049872325));
#5530 = CARTESIAN_POINT('',(64.2939963413,118.64124570342,1.707662142665
    ));
#5531 = CARTESIAN_POINT('',(65.622540001117,120.00720804134,
    1.682404534233));
#5532 = CARTESIAN_POINT('',(67.641463955824,122.25994016927,
    1.396009160073));
#5533 = CARTESIAN_POINT('',(69.614846588355,124.49866503573,
    0.678153319757));
#5534 = CARTESIAN_POINT('',(71.553010863119,126.53804670518,
    -0.510427981987));
#5535 = CARTESIAN_POINT('',(73.466698751888,128.23574007789,
    -2.078653109786));
#5536 = CARTESIAN_POINT('',(75.366174714587,129.55916277767,
    -3.859786768483));
#5537 = CARTESIAN_POINT('',(77.265784086504,130.60260120441,
    -5.670900791846));
#5538 = CARTESIAN_POINT('',(79.173757010303,131.55305378645,
    -7.425436785669));
#5539 = CARTESIAN_POINT('',(81.090789769272,132.53143802457,
    -9.186961950845));
#5540 = CARTESIAN_POINT('',(83.034764567395,133.51916437936,
    -10.94261633396));
#5541 = CARTESIAN_POINT('',(85.013999231392,134.52480583933,
    -12.69285588876));
#5542 = CARTESIAN_POINT('',(87.034779328604,135.56563627649,
    -14.43567418064));
#5543 = CARTESIAN_POINT('',(88.358489371921,136.21544791491,
    -15.53083381363));
#5544 = CARTESIAN_POINT('',(89.0198799446,136.57264754267,
    -16.07800063518));
#5545 = CARTESIAN_POINT('',(63.013497464576,118.,1.515722395245));
#5546 = CARTESIAN_POINT('',(63.680288729233,118.64140689235,
    1.513077490057));
#5547 = CARTESIAN_POINT('',(65.012718969362,119.99999779889,
    1.489231074458));
#5548 = CARTESIAN_POINT('',(67.048847728644,122.22558228902,
    1.210517450769));
#5549 = CARTESIAN_POINT('',(69.048411395214,124.43112346706,
    0.510527908004));
#5550 = CARTESIAN_POINT('',(71.019665676632,126.44175044438,
    -0.650747710909));
#5551 = CARTESIAN_POINT('',(72.971352821852,128.12213330445,
    -2.188076656555));
#5552 = CARTESIAN_POINT('',(74.911773290276,129.44105739007,
    -3.942471635136));
#5553 = CARTESIAN_POINT('',(76.853424308581,130.49098126662,
    -5.738618044247));
#5554 = CARTESIAN_POINT('',(78.802537680839,131.4536103242,
    -7.488118831806));
#5555 = CARTESIAN_POINT('',(80.757647608734,132.44192261653,
    -9.242762800206));
#5556 = CARTESIAN_POINT('',(82.734814437933,133.43861208982,
    -10.99293707047));
#5557 = CARTESIAN_POINT('',(84.740287873981,134.45140586506,
    -12.73892598946));
#5558 = CARTESIAN_POINT('',(86.778211787181,135.49632545332,
    -14.47811402183));
#5559 = CARTESIAN_POINT('',(88.105827106553,136.14856540536,
    -15.57464285266));
#5560 = CARTESIAN_POINT('',(88.767171621786,136.50478911156,
    -16.12040328905));
#5561 = CARTESIAN_POINT('',(62.478299390309,118.,1.312731477416));
#5562 = CARTESIAN_POINT('',(63.14510164511,118.64157527234,
    1.309817931344));
#5563 = CARTESIAN_POINT('',(64.480921196272,119.9924661097,
    1.287445621958));
#5564 = CARTESIAN_POINT('',(66.532053500659,122.18969267812,
    1.016756213871));
#5565 = CARTESIAN_POINT('',(68.554448481172,124.36057078327,
    0.335429477795));
#5566 = CARTESIAN_POINT('',(70.554559084275,126.34116113685,
    -0.797323125728));
#5567 = CARTESIAN_POINT('',(72.539383689286,128.0034617529,
    -2.302378486252));
#5568 = CARTESIAN_POINT('',(74.515510038288,129.31768666869,
    -4.028842730076));
#5569 = CARTESIAN_POINT('',(76.493823704695,130.37438512715,
    -5.809354243904));
#5570 = CARTESIAN_POINT('',(78.478813830464,131.34973350771,
    -7.553595347366));
#5571 = CARTESIAN_POINT('',(80.467129162163,132.34841646338,
    -9.301051343841));
#5572 = CARTESIAN_POINT('',(82.473241283955,133.35446864572,
    -11.04550118875));
#5573 = CARTESIAN_POINT('',(84.501596384885,134.37473359872,
    -12.78704997155));
#5574 = CARTESIAN_POINT('',(86.554470657007,135.42392463748,
    -14.52244590143));
#5575 = CARTESIAN_POINT('',(87.885491593103,136.078701166,
    -15.62040497118));
#5576 = CARTESIAN_POINT('',(88.546795944147,136.43390543922,
    -16.16469632344));
#5577 = CARTESIAN_POINT('',(62.023883741424,118.,1.103435873328));
#5578 = CARTESIAN_POINT('',(62.690695327116,118.64174887762,
    1.100245342756));
#5579 = CARTESIAN_POINT('',(64.029392609647,119.98470049604,
    1.079392923653));
#5580 = CARTESIAN_POINT('',(66.093263834244,122.15268837284,
    0.816976954989));
#5581 = CARTESIAN_POINT('',(68.135043986096,124.2878268068,
    0.154892672907));
#5582 = CARTESIAN_POINT('',(70.159655357729,126.23744763027,
    -0.948451020103));
#5583 = CARTESIAN_POINT('',(72.172615677384,127.88110438669,
    -2.420230411603));
#5584 = CARTESIAN_POINT('',(74.179058486165,129.19048418135,
    -4.117896421171));
#5585 = CARTESIAN_POINT('',(76.188500966046,130.25416763316,
    -5.88228743617));
#5586 = CARTESIAN_POINT('',(78.203952633088,131.24263038562,
    -7.62110549523));
#5587 = CARTESIAN_POINT('',(80.220461368005,132.25200610657,
    -9.361150268867));
#5588 = CARTESIAN_POINT('',(82.251149800092,133.26771179413,
    -11.09969789374));
#5589 = CARTESIAN_POINT('',(84.298932823117,134.29567997114,
    -12.83666863433));
#5590 = CARTESIAN_POINT('',(86.364500858143,135.34927513019,
    -14.56815468305));
#5591 = CARTESIAN_POINT('',(87.698413367506,136.00666701066,
    -15.66758841325));
#5592 = CARTESIAN_POINT('',(88.359683618135,136.36082019392,
    -16.21036505331));
#5593 = CARTESIAN_POINT('',(61.651770944714,118.,0.890109818872));
#5594 = CARTESIAN_POINT('',(62.318590170273,118.64192583089,
    0.886636969702));
#5595 = CARTESIAN_POINT('',(63.659643976715,119.97678533617,
    0.867333709949));
#5596 = CARTESIAN_POINT('',(65.733946873242,122.11497146824,
    0.613350504025));
#5597 = CARTESIAN_POINT('',(67.79160119317,124.21368198383,
    -2.912076797542E-02));
#5598 = CARTESIAN_POINT('',(69.836275803173,126.13173689047,
    -1.102489216777));
#5599 = CARTESIAN_POINT('',(71.872275953198,127.75639075842,
    -2.540351836775));
#5600 = CARTESIAN_POINT('',(73.90354436528,129.0608321284,
    -4.208665038308));
#5601 = CARTESIAN_POINT('',(75.938477670291,130.13163508509,
    -5.956625118573));
#5602 = CARTESIAN_POINT('',(77.978873745257,131.1334647557,
    -7.689915700501));
#5603 = CARTESIAN_POINT('',(80.018469550683,132.15373915486,
    -9.422406531791));
#5604 = CARTESIAN_POINT('',(82.069283080914,133.17928424709,
    -11.1549382763));
#5605 = CARTESIAN_POINT('',(84.13297527991,134.21510399145,
    -12.88724281436));
#5606 = CARTESIAN_POINT('',(86.208938008074,135.27318807901,
    -14.61474368842));
#5607 = CARTESIAN_POINT('',(87.545218377006,135.93324568345,
    -15.71568047714));
#5608 = CARTESIAN_POINT('',(88.206460701843,136.28632753037,
    -16.2569132357));
#5609 = CARTESIAN_POINT('',(61.362733945233,118.,0.673744949866));
#5610 = CARTESIAN_POINT('',(62.029559105858,118.64210530253,
    0.669985760631));
#5611 = CARTESIAN_POINT('',(63.37244333082,119.96875742643,
    0.652253727691));
#5612 = CARTESIAN_POINT('',(65.454848983691,122.07671728876,
    0.406823408692));
#5613 = CARTESIAN_POINT('',(67.524833494647,124.13848097316,
    -0.215755467306));
#5614 = CARTESIAN_POINT('',(69.585092137988,126.02452030864,
    -1.258721676662));
#5615 = CARTESIAN_POINT('',(71.638988376227,127.62990059334,
    -2.662184383148));
#5616 = CARTESIAN_POINT('',(73.689539967906,128.92933319114,
    -4.300726647972));
#5617 = CARTESIAN_POINT('',(75.744273160678,130.00735706954,
    -6.032021736001));
#5618 = CARTESIAN_POINT('',(77.804044696215,131.02274406912,
    -7.759706102277));
#5619 = CARTESIAN_POINT('',(79.861573283436,132.05407239736,
    -9.484535385845));
#5620 = CARTESIAN_POINT('',(81.928018896295,133.08959705598,
    -11.21096555421));
#5621 = CARTESIAN_POINT('',(84.004068478624,134.1333802123,
    -12.93853742001));
#5622 = CARTESIAN_POINT('',(86.088105239716,135.19601717456,
    -14.6619963509));
#5623 = CARTESIAN_POINT('',(87.426224832875,135.85877847142,
    -15.76445760901));
#5624 = CARTESIAN_POINT('',(88.087445466762,136.2107737241,
    -16.30412449366));
#5625 = CARTESIAN_POINT('',(61.156566575619,118.,0.455423140553));
#5626 = CARTESIAN_POINT('',(61.823395969663,118.64228639677,
    0.451375021275));
#5627 = CARTESIAN_POINT('',(63.167585814929,119.96065690749,
    0.435228426512));
#5628 = CARTESIAN_POINT('',(65.255771087585,122.03811711427,
    0.198428352066));
#5629 = CARTESIAN_POINT('',(67.334550607677,124.06259979716,
    -0.404078208538));
#5630 = CARTESIAN_POINT('',(69.405925195229,125.91633399243,
    -1.416367201428));
#5631 = CARTESIAN_POINT('',(71.472586544648,127.50226637145,
    -2.785118859893));
#5632 = CARTESIAN_POINT('',(73.536892646728,128.79664489456,
    -4.393620920886));
#5633 = CARTESIAN_POINT('',(75.605748912965,129.88195500526,
    -6.108100287979));
#5634 = CARTESIAN_POINT('',(77.679340782055,130.91102195484,
    -7.830127732454));
#5635 = CARTESIAN_POINT('',(79.74966065363,131.95350419083,
    -9.547226172433));
#5636 = CARTESIAN_POINT('',(81.827256483847,132.99909867743,
    -11.26749957814));
#5637 = CARTESIAN_POINT('',(83.912120471171,134.0509172715,
    -12.99029596642));
#5638 = CARTESIAN_POINT('',(86.001916364539,135.1181482888,
    -14.70967639621));
#5639 = CARTESIAN_POINT('',(87.341347857348,135.78363772866,
    -15.81367591213));
#5640 = CARTESIAN_POINT('',(88.002553020451,136.13453656156,
    -16.35176276001));
#5641 = CARTESIAN_POINT('',(61.0353266218,118.,0.228234875965));
#5642 = CARTESIAN_POINT('',(61.702158504988,118.64247484666,
    0.22388609281));
#5643 = CARTESIAN_POINT('',(63.047116141295,119.95222741092,0.2093893236
    ));
#5644 = CARTESIAN_POINT('',(65.138700209763,121.99794931494,
    -1.843001590471E-02));
#5645 = CARTESIAN_POINT('',(67.222651772911,123.98363694525,
    -0.600049087025));
#5646 = CARTESIAN_POINT('',(69.300563265709,125.80375402845,
    -1.580415004551));
#5647 = CARTESIAN_POINT('',(71.374731338882,127.3694486861,
    -2.91304593469));
#5648 = CARTESIAN_POINT('',(73.447125996433,128.65856787915,
    -4.490287803227));
#5649 = CARTESIAN_POINT('',(75.524287557433,129.75146012959,
    -6.187268531641));
#5650 = CARTESIAN_POINT('',(77.606006690328,130.79476259743,
    -7.903409316184));
#5651 = CARTESIAN_POINT('',(79.683848677211,131.84885172216,
    -9.612462948617));
#5652 = CARTESIAN_POINT('',(81.7680015675,132.90492499114,
    -11.32632955408));
#5653 = CARTESIAN_POINT('',(83.858049004059,133.96510535728,
    -13.04415652378));
#5654 = CARTESIAN_POINT('',(85.951231644673,135.03711700183,
    -14.75929281704));
#5655 = CARTESIAN_POINT('',(87.291434622696,135.70544538207,
    -15.86489306203));
#5656 = CARTESIAN_POINT('',(87.952630686525,136.05520326587,
    -16.40133570507));
#5657 = CARTESIAN_POINT('',(61.016517043708,118.,7.495878908836E-02));
#5658 = CARTESIAN_POINT('',(61.683349314536,118.64260198323,
    7.040715831703E-02));
#5659 = CARTESIAN_POINT('',(63.028426066444,119.94654032209,
    5.702346960678E-02));
#5660 = CARTESIAN_POINT('',(65.120537436437,121.97084948558,
    -0.164736877797));
#5661 = CARTESIAN_POINT('',(67.205291407704,123.93036343244,
    -0.732263880119));
#5662 = CARTESIAN_POINT('',(69.28421705823,125.72780020937,
    -1.691092399659));
#5663 = CARTESIAN_POINT('',(71.35954975,127.27984117441,-2.999353920123)
  );
#5664 = CARTESIAN_POINT('',(73.433199293515,128.56541207883,
    -4.555505614907));
#5665 = CARTESIAN_POINT('',(75.511649366142,129.66341973747,
    -6.240680615295));
#5666 = CARTESIAN_POINT('',(77.594629390343,130.71632641851,
    -7.952849873401));
#5667 = CARTESIAN_POINT('',(79.673638383723,131.77824631079,
    -9.65647595163));
#5668 = CARTESIAN_POINT('',(81.758808558623,132.84138925282,
    -11.36602010993));
#5669 = CARTESIAN_POINT('',(83.849660172908,133.9072110183,
    -13.08049438428));
#5670 = CARTESIAN_POINT('',(85.943368245746,134.98244798681,
    -14.79276730504));
#5671 = CARTESIAN_POINT('',(87.283690912598,135.65269170321,
    -15.89944750662));
#5672 = CARTESIAN_POINT('',(87.944885566134,136.0016798273,
    -16.43478086144));
#5673 = CARTESIAN_POINT('',(61.02430366229,118.,0.));
#5674 = CARTESIAN_POINT('',(61.69113577172,118.6426641636,
    -4.650832220205E-03));
#5675 = CARTESIAN_POINT('',(63.036163214563,119.94375908182,
    -1.749017532821E-02));
#5676 = CARTESIAN_POINT('',(65.128056296545,121.95759647038,
    -0.236287407473));
#5677 = CARTESIAN_POINT('',(67.212478094303,123.90431032713,
    -0.796922764566));
#5678 = CARTESIAN_POINT('',(69.290983912975,125.69065543085,
    -1.745218543441));
#5679 = CARTESIAN_POINT('',(71.365834486508,127.23601913596,
    -3.041562344206));
#5680 = CARTESIAN_POINT('',(73.438964543707,128.51985477025,
    -4.587400010765));
#5681 = CARTESIAN_POINT('',(75.516881209975,129.62036408986,
    -6.266801487734));
#5682 = CARTESIAN_POINT('',(77.599339261825,130.67796765616,
    -7.977028493669));
#5683 = CARTESIAN_POINT('',(79.677865148444,131.74371714028,
    -9.678000257719));
#5684 = CARTESIAN_POINT('',(81.762614197059,132.81031746528,
    -11.38543054808));
#5685 = CARTESIAN_POINT('',(83.853132905243,133.87889812465,
    -13.09826520607));
#5686 = CARTESIAN_POINT('',(85.946623464005,134.95571241935,
    -14.8091378109));
#5687 = CARTESIAN_POINT('',(87.286896584243,135.62689281975,
    -15.91634615919));
#5688 = CARTESIAN_POINT('',(87.948091820845,135.97550449738,
    -16.45113702289));
#5689 = DEFINITIONAL_REPRESENTATION('',(#5690),#5813);
#5690 = B_SPLINE_CURVE_WITH_KNOTS('',7,(#5691,#5692,#5693,#5694,#5695,
    #5696,#5697,#5698,#5699,#5700,#5701,#5702,#5703,#5704,#5705,#5706,
    #5707,#5708,#5709,#5710,#5711,#5712,#5713,#5714,#5715,#5716,#5717,
    #5718,#5719,#5720,#5721,#5722,#5723,#5724,#5725,#5726,#5727,#5728,
    #5729,#5730,#5731,#5732,#5733,#5734,#5735,#5736,#5737,#5738,#5739,
    #5740,#5741,#5742,#5743,#5744,#5745,#5746,#5747,#5748,#5749,#5750,
    #5751,#5752,#5753,#5754,#5755,#5756,#5757,#5758,#5759,#5760,#5761,
    #5762,#5763,#5764,#5765,#5766,#5767,#5768,#5769,#5770,#5771,#5772,
    #5773,#5774,#5775,#5776,#5777,#5778,#5779,#5780,#5781,#5782,#5783,
    #5784,#5785,#5786,#5787,#5788,#5789,#5790,#5791,#5792,#5793,#5794,
    #5795,#5796,#5797,#5798,#5799,#5800,#5801,#5802,#5803,#5804,#5805,
    #5806,#5807,#5808,#5809,#5810,#5811,#5812),.UNSPECIFIED.,.F.,.F.,(8,
    6,6,6,6,6,6,6,6,6,6,6,6,6,6,6,6,6,6,6,8),(0.,2.238187486087E-02,
    6.021056825966E-02,9.248899238828E-02,0.11960509078,0.165646196688,
    0.219554405945,0.311949961936,0.393022701132,0.431036569012,
    0.486529621164,0.513618833054,0.540361782375,0.568051724062,
    0.616694681817,0.652752948126,0.70686027166,0.760389617035,
    0.866716072078,0.9723324939,1.),.UNSPECIFIED.);
#5691 = CARTESIAN_POINT('',(0.741787088742,0.));
#5692 = CARTESIAN_POINT('',(0.742672247157,2.831590939214E-03));
#5693 = CARTESIAN_POINT('',(0.743508239586,5.619476896866E-03));
#5694 = CARTESIAN_POINT('',(0.744295372469,8.364650371742E-03));
#5695 = CARTESIAN_POINT('',(0.745034160315,1.106812334784E-02));
#5696 = CARTESIAN_POINT('',(0.745725269091,1.37309018032E-02));
#5697 = CARTESIAN_POINT('',(0.746369459603,1.635396021873E-02));
#5698 = CARTESIAN_POINT('',(0.747978371057,2.330599874453E-02));
#5699 = CARTESIAN_POINT('',(0.748857469531,2.756302163688E-02));
#5700 = CARTESIAN_POINT('',(0.749608767595,3.17137455817E-02));
#5701 = CARTESIAN_POINT('',(0.750236679767,3.576255545161E-02));
#5702 = CARTESIAN_POINT('',(0.750745837001,3.971366521824E-02));
#5703 = CARTESIAN_POINT('',(0.751140829914,4.357102299618E-02));
#5704 = CARTESIAN_POINT('',(0.75166924337,5.055268420711E-02));
#5705 = CARTESIAN_POINT('',(0.751832606198,5.370157227874E-02));
#5706 = CARTESIAN_POINT('',(0.751918665089,5.678710622908E-02));
#5707 = CARTESIAN_POINT('',(0.751930216419,5.981155785238E-02));
#5708 = CARTESIAN_POINT('',(0.751869768912,6.277695909123E-02));
#5709 = CARTESIAN_POINT('',(0.751739603291,6.568515795666E-02));
#5710 = CARTESIAN_POINT('',(0.751376650713,7.093498364052E-02));
#5711 = CARTESIAN_POINT('',(0.75116362102,7.329284908959E-02));
#5712 = CARTESIAN_POINT('',(0.75090476846,7.561299851538E-02));
#5713 = CARTESIAN_POINT('',(0.750601526644,7.789656252696E-02));
#5714 = CARTESIAN_POINT('',(0.750255256267,8.01446162614E-02));
#5715 = CARTESIAN_POINT('',(0.749867245106,8.235817938375E-02));
#5716 = CARTESIAN_POINT('',(0.748711050329,8.823973620558E-02));
#5717 = CARTESIAN_POINT('',(0.747866962216,9.184487134645E-02));
#5718 = CARTESIAN_POINT('',(0.74690993854,9.535681615195E-02));
#5719 = CARTESIAN_POINT('',(0.745843856378,9.877890688072E-02));
#5720 = CARTESIAN_POINT('',(0.744672720747,0.102114463058));
#5721 = CARTESIAN_POINT('',(0.743400410333,0.105366629124));
#5722 = CARTESIAN_POINT('',(0.740426359113,0.112251747253));
#5723 = CARTESIAN_POINT('',(0.738688461484,0.115854870011));
#5724 = CARTESIAN_POINT('',(0.736822635533,0.119352343979));
#5725 = CARTESIAN_POINT('',(0.734834573158,0.122748684979));
#5726 = CARTESIAN_POINT('',(0.732729713208,0.126048172583));
#5727 = CARTESIAN_POINT('',(0.730513201745,0.129254857671));
#5728 = CARTESIAN_POINT('',(0.72420776972,0.137716151467));
#5729 = CARTESIAN_POINT('',(0.719912045492,0.142798294079));
#5730 = CARTESIAN_POINT('',(0.715326100172,0.147637777414));
#5731 = CARTESIAN_POINT('',(0.710473619933,0.152253414234));
#5732 = CARTESIAN_POINT('',(0.705373317431,0.156659926961));
#5733 = CARTESIAN_POINT('',(0.700043756714,0.160872342521));
#5734 = CARTESIAN_POINT('',(0.68963663109,0.168441087401));
#5735 = CARTESIAN_POINT('',(0.68460805394,0.171838611639));
#5736 = CARTESIAN_POINT('',(0.679427264472,0.175106940613));
#5737 = CARTESIAN_POINT('',(0.674106790381,0.178256984124));
#5738 = CARTESIAN_POINT('',(0.668653935876,0.181294565096));
#5739 = CARTESIAN_POINT('',(0.663079108147,0.184229039391));
#5740 = CARTESIAN_POINT('',(0.654720346511,0.188395887771));
#5741 = CARTESIAN_POINT('',(0.652026731969,0.189704530024));
#5742 = CARTESIAN_POINT('',(0.649308441116,0.190992323727));
#5743 = CARTESIAN_POINT('',(0.646566162582,0.192259857995));
#5744 = CARTESIAN_POINT('',(0.643800551555,0.193507693763));
#5745 = CARTESIAN_POINT('',(0.641012229784,0.194736363783));
#5746 = CARTESIAN_POINT('',(0.634099066375,0.197712754333));
#5747 = CARTESIAN_POINT('',(0.629949264032,0.199439433367));
#5748 = CARTESIAN_POINT('',(0.625754174694,0.201127937162));
#5749 = CARTESIAN_POINT('',(0.621515351654,0.202779572571));
#5750 = CARTESIAN_POINT('',(0.617235300152,0.20439667839));
#5751 = CARTESIAN_POINT('',(0.61291518604,0.20598021478));
#5752 = CARTESIAN_POINT('',(0.606429455921,0.208289526056));
#5753 = CARTESIAN_POINT('',(0.604292872315,0.20903947398));
#5754 = CARTESIAN_POINT('',(0.602147358648,0.209781991734));
#5755 = CARTESIAN_POINT('',(0.599993155268,0.210517313061));
#5756 = CARTESIAN_POINT('',(0.597830432151,0.211245593906));
#5757 = CARTESIAN_POINT('',(0.595659312136,0.211966939015));
#5758 = CARTESIAN_POINT('',(0.591328696065,0.213387198091));
#5759 = CARTESIAN_POINT('',(0.589169433252,0.214086312366));
#5760 = CARTESIAN_POINT('',(0.587002573604,0.214779275348));
#5761 = CARTESIAN_POINT('',(0.584828400853,0.215466386651));
#5762 = CARTESIAN_POINT('',(0.582647194074,0.216147946299));
#5763 = CARTESIAN_POINT('',(0.580459227684,0.216824254737));
#5764 = CARTESIAN_POINT('',(0.575992607705,0.218190744578));
#5765 = CARTESIAN_POINT('',(0.573713486136,0.218880568705));
#5766 = CARTESIAN_POINT('',(0.571427704763,0.219565417681));
#5767 = CARTESIAN_POINT('',(0.569135553493,0.220245620666));
#5768 = CARTESIAN_POINT('',(0.56683731412,0.220921503501));
#5769 = CARTESIAN_POINT('',(0.564533260321,0.22159338871));
#5770 = CARTESIAN_POINT('',(0.558166354795,0.223435409315));
#5771 = CARTESIAN_POINT('',(0.554092147501,0.224598145594));
#5772 = CARTESIAN_POINT('',(0.550001390978,0.225750179805));
#5773 = CARTESIAN_POINT('',(0.54589422686,0.226891619795));
#5774 = CARTESIAN_POINT('',(0.541771066575,0.228022917093));
#5775 = CARTESIAN_POINT('',(0.537632049023,0.229144182554));
#5776 = CARTESIAN_POINT('',(0.530397720704,0.231079667145));
#5777 = CARTESIAN_POINT('',(0.527309454683,0.231898311699));
#5778 = CARTESIAN_POINT('',(0.524212655493,0.232711607776));
#5779 = CARTESIAN_POINT('',(0.521107474103,0.233519723602));
#5780 = CARTESIAN_POINT('',(0.517994135083,0.234322927568));
#5781 = CARTESIAN_POINT('',(0.514872851959,0.235121478242));
#5782 = CARTESIAN_POINT('',(0.507048361445,0.237107023546));
#5783 = CARTESIAN_POINT('',(0.502335368737,0.238288374651));
#5784 = CARTESIAN_POINT('',(0.497605521099,0.239460532463));
#5785 = CARTESIAN_POINT('',(0.492858888937,0.240623498669));
#5786 = CARTESIAN_POINT('',(0.488096766323,0.241779063165));
#5787 = CARTESIAN_POINT('',(0.483318934006,0.242926863712));
#5788 = CARTESIAN_POINT('',(0.47378422138,0.245196382041));
#5789 = CARTESIAN_POINT('',(0.469027625815,0.246318189725));
#5790 = CARTESIAN_POINT('',(0.464256597136,0.247433694145));
#5791 = CARTESIAN_POINT('',(0.459471508366,0.248543423034));
#5792 = CARTESIAN_POINT('',(0.45467270275,0.249647880464));
#5793 = CARTESIAN_POINT('',(0.449860493756,0.250747546851));
#5794 = CARTESIAN_POINT('',(0.435450508159,0.254018548031));
#5795 = CARTESIAN_POINT('',(0.425814240727,0.256177334662));
#5796 = CARTESIAN_POINT('',(0.416128325343,0.258322362475));
#5797 = CARTESIAN_POINT('',(0.40639589775,0.2604591236));
#5798 = CARTESIAN_POINT('',(0.396617113207,0.262588380735));
#5799 = CARTESIAN_POINT('',(0.386794558403,0.264715420505));
#5800 = CARTESIAN_POINT('',(0.367128939591,0.268955343093));
#5801 = CARTESIAN_POINT('',(0.357286600174,0.271068458672));
#5802 = CARTESIAN_POINT('',(0.347402652629,0.273184484038));
#5803 = CARTESIAN_POINT('',(0.337478552936,0.275307574959));
#5804 = CARTESIAN_POINT('',(0.327513934859,0.27743883353));
#5805 = CARTESIAN_POINT('',(0.317509911451,0.279582554228));
#5806 = CARTESIAN_POINT('',(0.304835050412,0.282306090162));
#5807 = CARTESIAN_POINT('',(0.302201242063,0.282872456121));
#5808 = CARTESIAN_POINT('',(0.299564712507,0.283439872368));
#5809 = CARTESIAN_POINT('',(0.296925461607,0.284008387589));
#5810 = CARTESIAN_POINT('',(0.294283488316,0.284578050752));
#5811 = CARTESIAN_POINT('',(0.291638790681,0.285148911105));
#5812 = CARTESIAN_POINT('',(0.288991365839,0.285721018178));
#5813 = ( GEOMETRIC_REPRESENTATION_CONTEXT(2) 
PARAMETRIC_REPRESENTATION_CONTEXT() REPRESENTATION_CONTEXT('2D SPACE',''
  ) );
#5814 = ORIENTED_EDGE('',*,*,#5815,.T.);
#5815 = EDGE_CURVE('',#4683,#24,#5816,.T.);
#5816 = SURFACE_CURVE('',#5817,(#5925,#6036),.PCURVE_S1.);
#5817 = B_SPLINE_CURVE_WITH_KNOTS('',8,(#5818,#5819,#5820,#5821,#5822,
    #5823,#5824,#5825,#5826,#5827,#5828,#5829,#5830,#5831,#5832,#5833,
    #5834,#5835,#5836,#5837,#5838,#5839,#5840,#5841,#5842,#5843,#5844,
    #5845,#5846,#5847,#5848,#5849,#5850,#5851,#5852,#5853,#5854,#5855,
    #5856,#5857,#5858,#5859,#5860,#5861,#5862,#5863,#5864,#5865,#5866,
    #5867,#5868,#5869,#5870,#5871,#5872,#5873,#5874,#5875,#5876,#5877,
    #5878,#5879,#5880,#5881,#5882,#5883,#5884,#5885,#5886,#5887,#5888,
    #5889,#5890,#5891,#5892,#5893,#5894,#5895,#5896,#5897,#5898,#5899,
    #5900,#5901,#5902,#5903,#5904,#5905,#5906,#5907,#5908,#5909,#5910,
    #5911,#5912,#5913,#5914,#5915,#5916,#5917,#5918,#5919,#5920,#5921,
    #5922,#5923,#5924),.UNSPECIFIED.,.F.,.F.,(9,7,7,7,7,7,7,7,7,7,7,7,7,
    7,7,9),(0.,3.633394738258E-02,6.986394279008E-02,0.128230933692,
    0.171695662969,0.23841192019,0.271941677176,0.305471403865,
    0.345210193761,0.391158181708,0.473119417108,0.533969389067,
    0.627107043395,0.72024459955,0.86057164502,1.),.UNSPECIFIED.);
#5818 = CARTESIAN_POINT('',(61.016517043708,118.,2.36123819539));
#5819 = CARTESIAN_POINT('',(61.142161457202,118.,2.377124344589));
#5820 = CARTESIAN_POINT('',(61.267877631953,118.,2.39244210738));
#5821 = CARTESIAN_POINT('',(61.393660796978,118.,2.40720632226));
#5822 = CARTESIAN_POINT('',(61.519507130617,118.,2.421424417259));
#5823 = CARTESIAN_POINT('',(61.645412013129,118.,2.435113759625));
#5824 = CARTESIAN_POINT('',(61.771371203638,118.,2.448289694355));
#5825 = CARTESIAN_POINT('',(61.897381927269,118.,2.460954998892));
#5826 = CARTESIAN_POINT('',(62.139771609041,118.,2.484349055662));
#5827 = CARTESIAN_POINT('',(62.256143336559,118.,2.495151711281));
#5828 = CARTESIAN_POINT('',(62.372553574716,118.,2.505536325936));
#5829 = CARTESIAN_POINT('',(62.488999885971,118.,2.515510640221));
#5830 = CARTESIAN_POINT('',(62.605479915516,118.,2.525082591557));
#5831 = CARTESIAN_POINT('',(62.721991445441,118.,2.534259648246));
#5832 = CARTESIAN_POINT('',(62.838532448896,118.,2.54304814353));
#5833 = CARTESIAN_POINT('',(63.158016888766,118.,2.56608259665));
#5834 = CARTESIAN_POINT('',(63.361016363335,118.,2.579549637781));
#5835 = CARTESIAN_POINT('',(63.564089294753,118.,2.591887128546));
#5836 = CARTESIAN_POINT('',(63.767228102817,118.,2.603110828001));
#5837 = CARTESIAN_POINT('',(63.97042105458,118.,2.61328913056));
#5838 = CARTESIAN_POINT('',(64.173663740199,118.,2.622399837144));
#5839 = CARTESIAN_POINT('',(64.376947453566,118.,2.630491834705));
#5840 = CARTESIAN_POINT('',(64.731673942203,118.,2.642860830288));
#5841 = CARTESIAN_POINT('',(64.883100866975,118.,2.647584809609));
#5842 = CARTESIAN_POINT('',(65.034544414232,118.,2.651764213709));
#5843 = CARTESIAN_POINT('',(65.186002067148,118.,2.655406946551));
#5844 = CARTESIAN_POINT('',(65.337471448841,118.,2.658520553132));
#5845 = CARTESIAN_POINT('',(65.488950278063,118.,2.661113401474));
#5846 = CARTESIAN_POINT('',(65.640436380674,118.,2.663194418309));
#5847 = CARTESIAN_POINT('',(66.024459692404,118.,2.667191935994));
#5848 = CARTESIAN_POINT('',(66.257004290043,118.,2.668424795423));
#5849 = CARTESIAN_POINT('',(66.489553852589,118.,2.668506962168));
#5850 = CARTESIAN_POINT('',(66.722101778437,118.,2.667423534118));
#5851 = CARTESIAN_POINT('',(66.954641443833,118.,2.665256072601));
#5852 = CARTESIAN_POINT('',(67.187166726021,118.,2.661949534834));
#5853 = CARTESIAN_POINT('',(67.419672852399,118.,2.657584998532));
#5854 = CARTESIAN_POINT('',(67.768993817199,118.,2.649462367607));
#5855 = CARTESIAN_POINT('',(67.885826839801,118.,2.646482988728));
#5856 = CARTESIAN_POINT('',(68.002653106174,118.,2.643245616906));
#5857 = CARTESIAN_POINT('',(68.119472138624,118.,2.639749865411));
#5858 = CARTESIAN_POINT('',(68.236283483465,118.,2.636014502486));
#5859 = CARTESIAN_POINT('',(68.353086089205,118.,2.632013887724));
#5860 = CARTESIAN_POINT('',(68.469880431953,118.,2.627784754953));
#5861 = CARTESIAN_POINT('',(68.703451705311,118.,2.618872913202));
#5862 = CARTESIAN_POINT('',(68.820228642485,118.,2.61419115417));
#5863 = CARTESIAN_POINT('',(68.93699697794,118.,2.609295993168));
#5864 = CARTESIAN_POINT('',(69.053756296813,118.,2.604191472916));
#5865 = CARTESIAN_POINT('',(69.170507387092,118.,2.598900843935));
#5866 = CARTESIAN_POINT('',(69.287249427385,118.,2.593417581046));
#5867 = CARTESIAN_POINT('',(69.403983467049,118.,2.587767829901));
#5868 = CARTESIAN_POINT('',(69.65905032974,118.,2.575059145254));
#5869 = CARTESIAN_POINT('',(69.797379779782,118.,2.567932145238));
#5870 = CARTESIAN_POINT('',(69.935697096935,118.,2.560570942343));
#5871 = CARTESIAN_POINT('',(70.074001815407,118.,2.552975499845));
#5872 = CARTESIAN_POINT('',(70.212293468996,118.,2.545145781521));
#5873 = CARTESIAN_POINT('',(70.350571591084,118.,2.53708175165));
#5874 = CARTESIAN_POINT('',(70.488835714645,118.,2.528783375016));
#5875 = CARTESIAN_POINT('',(70.786936581028,118.,2.510384612732));
#5876 = CARTESIAN_POINT('',(70.946768394147,118.,2.500204438275));
#5877 = CARTESIAN_POINT('',(71.10658041074,118.,2.489715232534));
#5878 = CARTESIAN_POINT('',(71.266372269935,118.,2.478922147073));
#5879 = CARTESIAN_POINT('',(71.426143650843,118.,2.467830346012));
#5880 = CARTESIAN_POINT('',(71.58589427256,118.,2.456445006031));
#5881 = CARTESIAN_POINT('',(71.745623894163,118.,2.444771316367));
#5882 = CARTESIAN_POINT('',(72.190217465005,118.,2.411486076408));
#5883 = CARTESIAN_POINT('',(72.475035037496,118.,2.38925550434));
#5884 = CARTESIAN_POINT('',(72.759783000088,118.,2.366139724244));
#5885 = CARTESIAN_POINT('',(73.044459481187,118.,2.34215545647));
#5886 = CARTESIAN_POINT('',(73.329062776868,118.,2.317319141223));
#5887 = CARTESIAN_POINT('',(73.613591358034,118.,2.291646899699));
#5888 = CARTESIAN_POINT('',(73.898043877585,118.,2.26515449522));
#5889 = CARTESIAN_POINT('',(74.393546168847,118.,2.217591202746));
#5890 = CARTESIAN_POINT('',(74.604630632864,118.,2.196882072237));
#5891 = CARTESIAN_POINT('',(74.81567193265,118.,2.17573473773));
#5892 = CARTESIAN_POINT('',(75.026669521841,118.,2.154154406778));
#5893 = CARTESIAN_POINT('',(75.237622907601,118.,2.132146363465));
#5894 = CARTESIAN_POINT('',(75.448531613534,118.,2.109715672263));
#5895 = CARTESIAN_POINT('',(75.659395142602,118.,2.086866881891));
#5896 = CARTESIAN_POINT('',(76.192893041793,118.,2.027996884899));
#5897 = CARTESIAN_POINT('',(76.51546606479,118.,1.991420044703));
#5898 = CARTESIAN_POINT('',(76.837929482583,118.,1.953881406096));
#5899 = CARTESIAN_POINT('',(77.160284253164,118.,1.915417034813));
#5900 = CARTESIAN_POINT('',(77.482523939993,118.,1.876001645803));
#5901 = CARTESIAN_POINT('',(77.804650978031,118.,1.835679309798));
#5902 = CARTESIAN_POINT('',(78.126661112429,118.,1.794441464354));
#5903 = CARTESIAN_POINT('',(78.770444435617,118.,1.710157505122));
#5904 = CARTESIAN_POINT('',(79.092217412672,118.,1.667110438788));
#5905 = CARTESIAN_POINT('',(79.413870397408,118.,1.623169818857));
#5906 = CARTESIAN_POINT('',(79.735400302826,118.,1.578334444889));
#5907 = CARTESIAN_POINT('',(80.05680536234,118.,1.532612723071));
#5908 = CARTESIAN_POINT('',(80.37808361887,118.,1.486011635267));
#5909 = CARTESIAN_POINT('',(80.699231486947,118.,1.438525877404));
#5910 = CARTESIAN_POINT('',(81.503909417525,118.,1.317290681191));
#5911 = CARTESIAN_POINT('',(81.987270577642,118.,1.242422619163));
#5912 = CARTESIAN_POINT('',(82.470320919955,118.,1.165555218232));
#5913 = CARTESIAN_POINT('',(82.953050942962,118.,1.08669287811));
#5914 = CARTESIAN_POINT('',(83.435447588163,118.,1.005813461774));
#5915 = CARTESIAN_POINT('',(83.91749905902,118.,0.922911317739));
#5916 = CARTESIAN_POINT('',(84.399190438569,118.,0.83795780824));
#5917 = CARTESIAN_POINT('',(85.358740149757,118.,0.664454421603));
#5918 = CARTESIAN_POINT('',(85.836602654466,118.,0.575930550458));
#5919 = CARTESIAN_POINT('',(86.314078931228,118.,0.485328554074));
#5920 = CARTESIAN_POINT('',(86.791151936961,118.,0.392615601157));
#5921 = CARTESIAN_POINT('',(87.267802734304,118.,0.297753496721));
#5922 = CARTESIAN_POINT('',(87.744010527337,118.,0.200698884722));
#5923 = CARTESIAN_POINT('',(88.2197526973,118.,0.101403450696));
#5924 = CARTESIAN_POINT('',(88.695004838315,118.,-1.858756031071E-04));
#5925 = PCURVE('',#74,#5926);
#5926 = DEFINITIONAL_REPRESENTATION('',(#5927),#6035);
#5927 = B_SPLINE_CURVE_WITH_KNOTS('',8,(#5928,#5929,#5930,#5931,#5932,
    #5933,#5934,#5935,#5936,#5937,#5938,#5939,#5940,#5941,#5942,#5943,
    #5944,#5945,#5946,#5947,#5948,#5949,#5950,#5951,#5952,#5953,#5954,
    #5955,#5956,#5957,#5958,#5959,#5960,#5961,#5962,#5963,#5964,#5965,
    #5966,#5967,#5968,#5969,#5970,#5971,#5972,#5973,#5974,#5975,#5976,
    #5977,#5978,#5979,#5980,#5981,#5982,#5983,#5984,#5985,#5986,#5987,
    #5988,#5989,#5990,#5991,#5992,#5993,#5994,#5995,#5996,#5997,#5998,
    #5999,#6000,#6001,#6002,#6003,#6004,#6005,#6006,#6007,#6008,#6009,
    #6010,#6011,#6012,#6013,#6014,#6015,#6016,#6017,#6018,#6019,#6020,
    #6021,#6022,#6023,#6024,#6025,#6026,#6027,#6028,#6029,#6030,#6031,
    #6032,#6033,#6034),.UNSPECIFIED.,.F.,.F.,(9,7,7,7,7,7,7,7,7,7,7,7,7,
    7,7,9),(0.,3.633394738258E-02,6.986394279008E-02,0.128230933692,
    0.171695662969,0.23841192019,0.271941677176,0.305471403865,
    0.345210193761,0.391158181708,0.473119417108,0.533969389067,
    0.627107043395,0.72024459955,0.86057164502,1.),.UNSPECIFIED.);
#5928 = CARTESIAN_POINT('',(0.805257850019,0.658058446051));
#5929 = CARTESIAN_POINT('',(0.801600612237,0.658058424667));
#5930 = CARTESIAN_POINT('',(0.797943382884,0.658058404047));
#5931 = CARTESIAN_POINT('',(0.794286147048,0.658058384172));
#5932 = CARTESIAN_POINT('',(0.790628947486,0.658058365032));
#5933 = CARTESIAN_POINT('',(0.786971736515,0.658058346604));
#5934 = CARTESIAN_POINT('',(0.783314478688,0.658058328868));
#5935 = CARTESIAN_POINT('',(0.779657240084,0.658058311818));
#5936 = CARTESIAN_POINT('',(0.772624995298,0.658058280326));
#5937 = CARTESIAN_POINT('',(0.76924999283,0.658058265784));
#5938 = CARTESIAN_POINT('',(0.765874999254,0.658058251805));
#5939 = CARTESIAN_POINT('',(0.76250001087,0.658058238378));
#5940 = CARTESIAN_POINT('',(0.759125019469,0.658058225493));
#5941 = CARTESIAN_POINT('',(0.755750018164,0.658058213139));
#5942 = CARTESIAN_POINT('',(0.752375007242,0.658058201308));
#5943 = CARTESIAN_POINT('',(0.743124991231,0.6580581703));
#5944 = CARTESIAN_POINT('',(0.737249990499,0.658058152171));
#5945 = CARTESIAN_POINT('',(0.73137498999,0.658058135563));
#5946 = CARTESIAN_POINT('',(0.725500088642,0.658058120454));
#5947 = CARTESIAN_POINT('',(0.719624958195,0.658058106753));
#5948 = CARTESIAN_POINT('',(0.713749998723,0.658058094488));
#5949 = CARTESIAN_POINT('',(0.707874998639,0.658058083595));
#5950 = CARTESIAN_POINT('',(0.697625006164,0.658058066944));
#5951 = CARTESIAN_POINT('',(0.693250013372,0.658058060585));
#5952 = CARTESIAN_POINT('',(0.68887500414,0.658058054959));
#5953 = CARTESIAN_POINT('',(0.684499990981,0.658058050055));
#5954 = CARTESIAN_POINT('',(0.680124986893,0.658058045864));
#5955 = CARTESIAN_POINT('',(0.675749992044,0.658058042373));
#5956 = CARTESIAN_POINT('',(0.671374996642,0.658058039572));
#5957 = CARTESIAN_POINT('',(0.660284591755,0.65805803419));
#5958 = CARTESIAN_POINT('',(0.653569166274,0.658058032531));
#5959 = CARTESIAN_POINT('',(0.646853721247,0.65805803242));
#5960 = CARTESIAN_POINT('',(0.640138282891,0.658058033879));
#5961 = CARTESIAN_POINT('',(0.633422926399,0.658058036796));
#5962 = CARTESIAN_POINT('',(0.626707477039,0.658058041248));
#5963 = CARTESIAN_POINT('',(0.619992059365,0.658058047123));
#5964 = CARTESIAN_POINT('',(0.609901652284,0.658058058057));
#5965 = CARTESIAN_POINT('',(0.606526663492,0.658058062068));
#5966 = CARTESIAN_POINT('',(0.60315167711,0.658058066426));
#5967 = CARTESIAN_POINT('',(0.599776676091,0.658058071132));
#5968 = CARTESIAN_POINT('',(0.596401698386,0.658058076161));
#5969 = CARTESIAN_POINT('',(0.593026670037,0.658058081546));
#5970 = CARTESIAN_POINT('',(0.589651654487,0.658058087239));
#5971 = CARTESIAN_POINT('',(0.582901625187,0.658058099236));
#5972 = CARTESIAN_POINT('',(0.579526614606,0.658058105538));
#5973 = CARTESIAN_POINT('',(0.576151607537,0.658058112128));
#5974 = CARTESIAN_POINT('',(0.572776611836,0.658058119));
#5975 = CARTESIAN_POINT('',(0.569401615252,0.658058126122));
#5976 = CARTESIAN_POINT('',(0.566026629337,0.658058133503));
#5977 = CARTESIAN_POINT('',(0.562651636496,0.658058141108));
#5978 = CARTESIAN_POINT('',(0.555276655104,0.658058158216));
#5979 = CARTESIAN_POINT('',(0.55127666422,0.65805816781));
#5980 = CARTESIAN_POINT('',(0.547276667083,0.65805817772));
#5981 = CARTESIAN_POINT('',(0.543276665129,0.658058187945));
#5982 = CARTESIAN_POINT('',(0.539276659808,0.658058198485));
#5983 = CARTESIAN_POINT('',(0.53527665258,0.65805820934));
#5984 = CARTESIAN_POINT('',(0.531276644919,0.658058220511));
#5985 = CARTESIAN_POINT('',(0.522651629452,0.658058245278));
#5986 = CARTESIAN_POINT('',(0.518026622233,0.658058258983));
#5987 = CARTESIAN_POINT('',(0.513401618495,0.658058273103));
#5988 = CARTESIAN_POINT('',(0.508776618961,0.658058287632));
#5989 = CARTESIAN_POINT('',(0.504151623241,0.658058302563));
#5990 = CARTESIAN_POINT('',(0.499526629827,0.658058317889));
#5991 = CARTESIAN_POINT('',(0.494901636096,0.658058333604));
#5992 = CARTESIAN_POINT('',(0.482026646331,0.658058378411));
#5993 = CARTESIAN_POINT('',(0.473776646888,0.658058408336));
#5994 = CARTESIAN_POINT('',(0.465526644411,0.658058439453));
#5995 = CARTESIAN_POINT('',(0.457276641643,0.65805847174));
#5996 = CARTESIAN_POINT('',(0.449026639908,0.658058505173));
#5997 = CARTESIAN_POINT('',(0.440776639368,0.658058539731));
#5998 = CARTESIAN_POINT('',(0.432526639292,0.658058575393));
#5999 = CARTESIAN_POINT('',(0.418151641222,0.658058639419));
#6000 = CARTESIAN_POINT('',(0.412026640925,0.658058667297));
#6001 = CARTESIAN_POINT('',(0.405901640851,0.658058695763));
#6002 = CARTESIAN_POINT('',(0.399776641673,0.658058724813));
#6003 = CARTESIAN_POINT('',(0.393651642513,0.658058754439));
#6004 = CARTESIAN_POINT('',(0.38752664214,0.658058784633));
#6005 = CARTESIAN_POINT('',(0.38140164018,0.65805881539));
#6006 = CARTESIAN_POINT('',(0.365901641277,0.658058894635));
#6007 = CARTESIAN_POINT('',(0.356526643503,0.658058943872));
#6008 = CARTESIAN_POINT('',(0.347151660647,0.658058994403));
#6009 = CARTESIAN_POINT('',(0.337776632053,0.65805904618));
#6010 = CARTESIAN_POINT('',(0.328401656234,0.658059099236));
#6011 = CARTESIAN_POINT('',(0.319026644469,0.658059153514));
#6012 = CARTESIAN_POINT('',(0.30965164332,0.658059209023));
#6013 = CARTESIAN_POINT('',(0.290901643186,0.658059322476));
#6014 = CARTESIAN_POINT('',(0.28152664847,0.658059380421));
#6015 = CARTESIAN_POINT('',(0.272151648641,0.658059439568));
#6016 = CARTESIAN_POINT('',(0.262776650035,0.65805949992));
#6017 = CARTESIAN_POINT('',(0.253401650368,0.658059561464));
#6018 = CARTESIAN_POINT('',(0.244026646696,0.658059624192));
#6019 = CARTESIAN_POINT('',(0.234651644222,0.65805968811));
#6020 = CARTESIAN_POINT('',(0.211151650124,0.658059851298));
#6021 = CARTESIAN_POINT('',(0.19702666712,0.658059952073));
#6022 = CARTESIAN_POINT('',(0.18290167339,0.658060055539));
#6023 = CARTESIAN_POINT('',(0.168776676581,0.658060161689));
#6024 = CARTESIAN_POINT('',(0.154651668396,0.658060270554));
#6025 = CARTESIAN_POINT('',(0.140526666156,0.65806038214));
#6026 = CARTESIAN_POINT('',(0.126401658419,0.658060496487));
#6027 = CARTESIAN_POINT('',(9.824207846656E-02,0.658060730019));
#6028 = CARTESIAN_POINT('',(8.420752084652E-02,0.65806084917));
#6029 = CARTESIAN_POINT('',(7.017295355127E-02,0.658060971117));
#6030 = CARTESIAN_POINT('',(5.613837541479E-02,0.658061095904));
#6031 = CARTESIAN_POINT('',(4.210379052629E-02,0.658061223583));
#6032 = CARTESIAN_POINT('',(2.806920275074E-02,0.658061354212));
#6033 = CARTESIAN_POINT('',(1.403461024932E-02,0.658061487856));
#6034 = CARTESIAN_POINT('',(0.,0.658061624586));
#6035 = ( GEOMETRIC_REPRESENTATION_CONTEXT(2) 
PARAMETRIC_REPRESENTATION_CONTEXT() REPRESENTATION_CONTEXT('2D SPACE',''
  ) );
#6036 = PCURVE('',#6037,#6042);
#6037 = PLANE('',#6038);
#6038 = AXIS2_PLACEMENT_3D('',#6039,#6040,#6041);
#6039 = CARTESIAN_POINT('',(95.02430366229,118.,-5.649596684996E-16));
#6040 = DIRECTION('',(-1.75380192453E-31,1.,-1.055460571059E-14));
#6041 = DIRECTION('',(-1.,0.,1.661646083822E-17));
#6042 = DEFINITIONAL_REPRESENTATION('',(#6043),#6151);
#6043 = B_SPLINE_CURVE_WITH_KNOTS('',8,(#6044,#6045,#6046,#6047,#6048,
    #6049,#6050,#6051,#6052,#6053,#6054,#6055,#6056,#6057,#6058,#6059,
    #6060,#6061,#6062,#6063,#6064,#6065,#6066,#6067,#6068,#6069,#6070,
    #6071,#6072,#6073,#6074,#6075,#6076,#6077,#6078,#6079,#6080,#6081,
    #6082,#6083,#6084,#6085,#6086,#6087,#6088,#6089,#6090,#6091,#6092,
    #6093,#6094,#6095,#6096,#6097,#6098,#6099,#6100,#6101,#6102,#6103,
    #6104,#6105,#6106,#6107,#6108,#6109,#6110,#6111,#6112,#6113,#6114,
    #6115,#6116,#6117,#6118,#6119,#6120,#6121,#6122,#6123,#6124,#6125,
    #6126,#6127,#6128,#6129,#6130,#6131,#6132,#6133,#6134,#6135,#6136,
    #6137,#6138,#6139,#6140,#6141,#6142,#6143,#6144,#6145,#6146,#6147,
    #6148,#6149,#6150),.UNSPECIFIED.,.F.,.F.,(9,7,7,7,7,7,7,7,7,7,7,7,7,
    7,7,9),(0.,3.633394738258E-02,6.986394279008E-02,0.128230933692,
    0.171695662969,0.23841192019,0.271941677176,0.305471403865,
    0.345210193761,0.391158181708,0.473119417108,0.533969389067,
    0.627107043395,0.72024459955,0.86057164502,1.),.UNSPECIFIED.);
#6044 = CARTESIAN_POINT('',(34.007786618582,2.36123819539));
#6045 = CARTESIAN_POINT('',(33.882142205088,2.377124344589));
#6046 = CARTESIAN_POINT('',(33.756426030337,2.39244210738));
#6047 = CARTESIAN_POINT('',(33.630642865312,2.40720632226));
#6048 = CARTESIAN_POINT('',(33.504796531673,2.421424417259));
#6049 = CARTESIAN_POINT('',(33.378891649161,2.435113759625));
#6050 = CARTESIAN_POINT('',(33.252932458652,2.448289694355));
#6051 = CARTESIAN_POINT('',(33.12692173502,2.460954998892));
#6052 = CARTESIAN_POINT('',(32.884532053249,2.484349055662));
#6053 = CARTESIAN_POINT('',(32.768160325731,2.495151711281));
#6054 = CARTESIAN_POINT('',(32.651750087574,2.505536325936));
#6055 = CARTESIAN_POINT('',(32.535303776319,2.515510640221));
#6056 = CARTESIAN_POINT('',(32.418823746774,2.525082591557));
#6057 = CARTESIAN_POINT('',(32.302312216849,2.534259648246));
#6058 = CARTESIAN_POINT('',(32.185771213394,2.54304814353));
#6059 = CARTESIAN_POINT('',(31.866286773523,2.56608259665));
#6060 = CARTESIAN_POINT('',(31.663287298955,2.579549637781));
#6061 = CARTESIAN_POINT('',(31.460214367537,2.591887128546));
#6062 = CARTESIAN_POINT('',(31.257075559472,2.603110828001));
#6063 = CARTESIAN_POINT('',(31.05388260771,2.61328913056));
#6064 = CARTESIAN_POINT('',(30.850639922091,2.622399837144));
#6065 = CARTESIAN_POINT('',(30.647356208724,2.630491834705));
#6066 = CARTESIAN_POINT('',(30.292629720087,2.642860830288));
#6067 = CARTESIAN_POINT('',(30.141202795315,2.647584809609));
#6068 = CARTESIAN_POINT('',(29.989759248057,2.651764213709));
#6069 = CARTESIAN_POINT('',(29.838301595142,2.655406946551));
#6070 = CARTESIAN_POINT('',(29.686832213449,2.658520553132));
#6071 = CARTESIAN_POINT('',(29.535353384227,2.661113401474));
#6072 = CARTESIAN_POINT('',(29.383867281616,2.663194418309));
#6073 = CARTESIAN_POINT('',(28.999843969885,2.667191935994));
#6074 = CARTESIAN_POINT('',(28.767299372247,2.668424795423));
#6075 = CARTESIAN_POINT('',(28.534749809701,2.668506962168));
#6076 = CARTESIAN_POINT('',(28.302201883853,2.667423534118));
#6077 = CARTESIAN_POINT('',(28.069662218457,2.665256072601));
#6078 = CARTESIAN_POINT('',(27.837136936269,2.661949534834));
#6079 = CARTESIAN_POINT('',(27.604630809891,2.657584998532));
#6080 = CARTESIAN_POINT('',(27.255309845091,2.649462367607));
#6081 = CARTESIAN_POINT('',(27.138476822489,2.646482988728));
#6082 = CARTESIAN_POINT('',(27.021650556115,2.643245616906));
#6083 = CARTESIAN_POINT('',(26.904831523665,2.639749865411));
#6084 = CARTESIAN_POINT('',(26.788020178825,2.636014502486));
#6085 = CARTESIAN_POINT('',(26.671217573084,2.632013887724));
#6086 = CARTESIAN_POINT('',(26.554423230336,2.627784754953));
#6087 = CARTESIAN_POINT('',(26.320851956979,2.618872913202));
#6088 = CARTESIAN_POINT('',(26.204075019805,2.61419115417));
#6089 = CARTESIAN_POINT('',(26.08730668435,2.609295993168));
#6090 = CARTESIAN_POINT('',(25.970547365477,2.604191472916));
#6091 = CARTESIAN_POINT('',(25.853796275198,2.598900843935));
#6092 = CARTESIAN_POINT('',(25.737054234905,2.593417581046));
#6093 = CARTESIAN_POINT('',(25.620320195241,2.587767829901));
#6094 = CARTESIAN_POINT('',(25.36525333255,2.575059145254));
#6095 = CARTESIAN_POINT('',(25.226923882508,2.567932145238));
#6096 = CARTESIAN_POINT('',(25.088606565355,2.560570942343));
#6097 = CARTESIAN_POINT('',(24.950301846883,2.552975499845));
#6098 = CARTESIAN_POINT('',(24.812010193294,2.545145781521));
#6099 = CARTESIAN_POINT('',(24.673732071206,2.53708175165));
#6100 = CARTESIAN_POINT('',(24.535467947645,2.528783375016));
#6101 = CARTESIAN_POINT('',(24.237367081262,2.510384612732));
#6102 = CARTESIAN_POINT('',(24.077535268143,2.500204438275));
#6103 = CARTESIAN_POINT('',(23.91772325155,2.489715232534));
#6104 = CARTESIAN_POINT('',(23.757931392355,2.478922147073));
#6105 = CARTESIAN_POINT('',(23.598160011447,2.467830346012));
#6106 = CARTESIAN_POINT('',(23.43840938973,2.456445006031));
#6107 = CARTESIAN_POINT('',(23.278679768127,2.444771316367));
#6108 = CARTESIAN_POINT('',(22.834086197284,2.411486076408));
#6109 = CARTESIAN_POINT('',(22.549268624794,2.38925550434));
#6110 = CARTESIAN_POINT('',(22.264520662202,2.366139724244));
#6111 = CARTESIAN_POINT('',(21.979844181103,2.34215545647));
#6112 = CARTESIAN_POINT('',(21.695240885422,2.317319141223));
#6113 = CARTESIAN_POINT('',(21.410712304256,2.291646899699));
#6114 = CARTESIAN_POINT('',(21.126259784704,2.26515449522));
#6115 = CARTESIAN_POINT('',(20.630757493443,2.217591202746));
#6116 = CARTESIAN_POINT('',(20.419673029426,2.196882072237));
#6117 = CARTESIAN_POINT('',(20.208631729639,2.17573473773));
#6118 = CARTESIAN_POINT('',(19.997634140448,2.154154406778));
#6119 = CARTESIAN_POINT('',(19.786680754689,2.132146363465));
#6120 = CARTESIAN_POINT('',(19.575772048756,2.109715672263));
#6121 = CARTESIAN_POINT('',(19.364908519688,2.086866881891));
#6122 = CARTESIAN_POINT('',(18.831410620497,2.027996884899));
#6123 = CARTESIAN_POINT('',(18.5088375975,1.991420044703));
#6124 = CARTESIAN_POINT('',(18.186374179707,1.953881406096));
#6125 = CARTESIAN_POINT('',(17.864019409126,1.915417034813));
#6126 = CARTESIAN_POINT('',(17.541779722297,1.876001645803));
#6127 = CARTESIAN_POINT('',(17.219652684259,1.835679309798));
#6128 = CARTESIAN_POINT('',(16.897642549861,1.794441464354));
#6129 = CARTESIAN_POINT('',(16.253859226673,1.710157505122));
#6130 = CARTESIAN_POINT('',(15.932086249618,1.667110438788));
#6131 = CARTESIAN_POINT('',(15.610433264881,1.623169818857));
#6132 = CARTESIAN_POINT('',(15.288903359464,1.578334444889));
#6133 = CARTESIAN_POINT('',(14.967498299949,1.532612723071));
#6134 = CARTESIAN_POINT('',(14.64622004342,1.486011635267));
#6135 = CARTESIAN_POINT('',(14.325072175343,1.438525877404));
#6136 = CARTESIAN_POINT('',(13.520394244765,1.317290681191));
#6137 = CARTESIAN_POINT('',(13.037033084648,1.242422619163));
#6138 = CARTESIAN_POINT('',(12.553982742335,1.165555218232));
#6139 = CARTESIAN_POINT('',(12.071252719328,1.08669287811));
#6140 = CARTESIAN_POINT('',(11.588856074127,1.005813461774));
#6141 = CARTESIAN_POINT('',(11.10680460327,0.922911317739));
#6142 = CARTESIAN_POINT('',(10.62511322372,0.83795780824));
#6143 = CARTESIAN_POINT('',(9.665563512533,0.664454421603));
#6144 = CARTESIAN_POINT('',(9.187701007823,0.575930550458));
#6145 = CARTESIAN_POINT('',(8.710224731062,0.485328554074));
#6146 = CARTESIAN_POINT('',(8.233151725329,0.392615601157));
#6147 = CARTESIAN_POINT('',(7.756500927986,0.297753496721));
#6148 = CARTESIAN_POINT('',(7.280293134953,0.200698884722));
#6149 = CARTESIAN_POINT('',(6.80455096499,0.101403450696));
#6150 = CARTESIAN_POINT('',(6.329298823975,-1.858756031067E-04));
#6151 = ( GEOMETRIC_REPRESENTATION_CONTEXT(2) 
PARAMETRIC_REPRESENTATION_CONTEXT() REPRESENTATION_CONTEXT('2D SPACE',''
  ) );
#6152 = ADVANCED_FACE('',(#6153),#2197,.F.);
#6153 = FACE_BOUND('',#6154,.F.);
#6154 = EDGE_LOOP('',(#6155,#6156,#6267,#6307,#6584,#6624,#6733,#6734,
    #7090,#8346,#9015,#9016));
#6155 = ORIENTED_EDGE('',*,*,#4436,.F.);
#6156 = ORIENTED_EDGE('',*,*,#6157,.T.);
#6157 = EDGE_CURVE('',#4321,#6158,#6160,.T.);
#6158 = VERTEX_POINT('',#6159);
#6159 = CARTESIAN_POINT('',(16.,0.,-2.965347926186));
#6160 = SURFACE_CURVE('',#6161,(#6209,#6216),.PCURVE_S1.);
#6161 = B_SPLINE_CURVE_WITH_KNOTS('',3,(#6162,#6163,#6164,#6165,#6166,
    #6167,#6168,#6169,#6170,#6171,#6172,#6173,#6174,#6175,#6176,#6177,
    #6178,#6179,#6180,#6181,#6182,#6183,#6184,#6185,#6186,#6187,#6188,
    #6189,#6190,#6191,#6192,#6193,#6194,#6195,#6196,#6197,#6198,#6199,
    #6200,#6201,#6202,#6203,#6204,#6205,#6206,#6207,#6208),
  .UNSPECIFIED.,.F.,.F.,(4,1,1,1,1,1,1,1,1,1,1,1,1,1,1,1,1,1,1,1,1,1,1,1
    ,1,1,1,1,1,1,1,1,1,1,1,1,1,1,1,1,1,1,1,1,4),(1.,1.006306272119,
    1.013374840337,1.021878472168,1.032180969574,1.044452099658,
    1.058755159554,1.075093119796,1.093431814394,1.113712075531,
    1.13585648416,1.159773361275,1.185359262256,1.212500620141,
    1.241074892928,1.270951425024,1.301992155141,1.334052256939,
    1.36698076855,1.400621245402,1.435038952021,1.469885112111,
    1.504935691107,1.540014560117,1.574944533616,1.609548394557,
    1.643649903707,1.677074783173,1.709651667609,1.74121301989,
    1.771596010901,1.800643365189,1.828204175673,1.854134691185,
    1.878299080448,1.900570175159,1.920830193118,1.93897144,
    1.954896985468,1.968521306216,1.979770885524,1.988584756409,
    1.994914973922,1.998727001814,2.),.UNSPECIFIED.);
#6162 = CARTESIAN_POINT('',(0.,0.,0.));
#6163 = CARTESIAN_POINT('',(1.493403238416E-02,0.,-0.154371627608));
#6164 = CARTESIAN_POINT('',(0.115098205847,0.,-0.455826733376));
#6165 = CARTESIAN_POINT('',(0.450112593306,0.,-0.865066108194));
#6166 = CARTESIAN_POINT('',(0.949779966747,0.,-1.223888152442));
#6167 = CARTESIAN_POINT('',(1.6118882884,0.,-1.548514682247));
#6168 = CARTESIAN_POINT('',(2.435440345684,0.,-1.839008249463));
#6169 = CARTESIAN_POINT('',(3.417843736274,0.,-2.096488886987));
#6170 = CARTESIAN_POINT('',(4.554779742372,0.,-2.320289671435));
#6171 = CARTESIAN_POINT('',(5.840757539497,0.,-2.510217141616));
#6172 = CARTESIAN_POINT('',(7.269381026195,0.,-2.66623764007));
#6173 = CARTESIAN_POINT('',(8.83353801119,0.,-2.788759599027));
#6174 = CARTESIAN_POINT('',(10.52550825699,0.,-2.87863322949));
#6175 = CARTESIAN_POINT('',(12.337039260854,0.,-2.937198027128));
#6176 = CARTESIAN_POINT('',(14.259398780794,0.,-2.966283665234));
#6177 = CARTESIAN_POINT('',(16.283413614804,0.,-2.968192882475));
#6178 = CARTESIAN_POINT('',(18.399498899046,0.,-2.945662472947));
#6179 = CARTESIAN_POINT('',(20.597680853768,0.,-2.901784447325));
#6180 = CARTESIAN_POINT('',(22.867618575184,0.,-2.839976327623));
#6181 = CARTESIAN_POINT('',(25.198617085881,0.,-2.763664276834));
#6182 = CARTESIAN_POINT('',(27.585027328757,0.,-2.676815790028));
#6183 = CARTESIAN_POINT('',(30.016481872554,0.,-2.580893189715));
#6184 = CARTESIAN_POINT('',(32.480538884146,0.,-2.466856131139));
#6185 = CARTESIAN_POINT('',(34.959644330532,0.,-2.340596188121));
#6186 = CARTESIAN_POINT('',(37.440200184542,0.,-2.204252711969));
#6187 = CARTESIAN_POINT('',(39.909764662348,0.,-2.060686227632));
#6188 = CARTESIAN_POINT('',(42.355888533109,0.,-1.912276743957));
#6189 = CARTESIAN_POINT('',(44.766190382341,0.,-1.761219937012));
#6190 = CARTESIAN_POINT('',(47.128417845756,0.,-1.609430575983));
#6191 = CARTESIAN_POINT('',(49.430513176287,0.,-1.458572865689));
#6192 = CARTESIAN_POINT('',(51.660677367957,0.,-1.310076424279));
#6193 = CARTESIAN_POINT('',(53.807433608796,0.,-1.165170815044));
#6194 = CARTESIAN_POINT('',(55.85968928762,0.,-1.024924823031));
#6195 = CARTESIAN_POINT('',(57.806796365166,0.,-0.890288513875));
#6196 = CARTESIAN_POINT('',(59.638609921489,0.,-0.762133160003));
#6197 = CARTESIAN_POINT('',(61.345544791447,0.,-0.64128544855));
#6198 = CARTESIAN_POINT('',(62.918630206809,0.,-0.528553000713));
#6199 = CARTESIAN_POINT('',(64.34956232256,0.,-0.424739315164));
#6200 = CARTESIAN_POINT('',(65.630754412489,0.,-0.330647380138));
#6201 = CARTESIAN_POINT('',(66.755384393873,0.,-0.247072355625));
#6202 = CARTESIAN_POINT('',(67.717439202841,0.,-0.174784786602));
#6203 = CARTESIAN_POINT('',(68.511755413734,0.,-0.114506683588));
#6204 = CARTESIAN_POINT('',(69.134055399076,0.,-6.688342535841E-02));
#6205 = CARTESIAN_POINT('',(69.580978278853,0.,-3.245474898384E-02));
#6206 = CARTESIAN_POINT('',(69.85010492132,0.,-1.162808309903E-02));
#6207 = CARTESIAN_POINT('',(69.969988219237,0.,-2.32924480964E-03));
#6208 = CARTESIAN_POINT('',(70.,0.,-1.163152258676E-15));
#6209 = PCURVE('',#2197,#6210);
#6210 = DEFINITIONAL_REPRESENTATION('',(#6211),#6215);
#6211 = LINE('',#6212,#6213);
#6212 = CARTESIAN_POINT('',(0.,0.));
#6213 = VECTOR('',#6214,1.);
#6214 = DIRECTION('',(1.,0.));
#6215 = ( GEOMETRIC_REPRESENTATION_CONTEXT(2) 
PARAMETRIC_REPRESENTATION_CONTEXT() REPRESENTATION_CONTEXT('2D SPACE',''
  ) );
#6216 = PCURVE('',#4380,#6217);
#6217 = DEFINITIONAL_REPRESENTATION('',(#6218),#6266);
#6218 = B_SPLINE_CURVE_WITH_KNOTS('',3,(#6219,#6220,#6221,#6222,#6223,
    #6224,#6225,#6226,#6227,#6228,#6229,#6230,#6231,#6232,#6233,#6234,
    #6235,#6236,#6237,#6238,#6239,#6240,#6241,#6242,#6243,#6244,#6245,
    #6246,#6247,#6248,#6249,#6250,#6251,#6252,#6253,#6254,#6255,#6256,
    #6257,#6258,#6259,#6260,#6261,#6262,#6263,#6264,#6265),
  .UNSPECIFIED.,.F.,.F.,(4,1,1,1,1,1,1,1,1,1,1,1,1,1,1,1,1,1,1,1,1,1,1,1
    ,1,1,1,1,1,1,1,1,1,1,1,1,1,1,1,1,1,1,1,1,4),(1.,1.006306272119,
    1.013374840337,1.021878472168,1.032180969574,1.044452099658,
    1.058755159554,1.075093119796,1.093431814394,1.113712075531,
    1.13585648416,1.159773361275,1.185359262256,1.212500620141,
    1.241074892928,1.270951425024,1.301992155141,1.334052256939,
    1.36698076855,1.400621245402,1.435038952021,1.469885112111,
    1.504935691107,1.540014560117,1.574944533616,1.609548394557,
    1.643649903707,1.677074783173,1.709651667609,1.74121301989,
    1.771596010901,1.800643365189,1.828204175673,1.854134691185,
    1.878299080448,1.900570175159,1.920830193118,1.93897144,
    1.954896985468,1.968521306216,1.979770885524,1.988584756409,
    1.994914973922,1.998727001814,2.),.UNSPECIFIED.);
#6219 = CARTESIAN_POINT('',(70.,0.));
#6220 = CARTESIAN_POINT('',(69.985065967616,-0.154371627608));
#6221 = CARTESIAN_POINT('',(69.884901794153,-0.455826733376));
#6222 = CARTESIAN_POINT('',(69.549887406694,-0.865066108194));
#6223 = CARTESIAN_POINT('',(69.050220033253,-1.223888152442));
#6224 = CARTESIAN_POINT('',(68.3881117116,-1.548514682247));
#6225 = CARTESIAN_POINT('',(67.564559654316,-1.839008249463));
#6226 = CARTESIAN_POINT('',(66.582156263726,-2.096488886987));
#6227 = CARTESIAN_POINT('',(65.445220257628,-2.320289671435));
#6228 = CARTESIAN_POINT('',(64.159242460503,-2.510217141616));
#6229 = CARTESIAN_POINT('',(62.730618973805,-2.66623764007));
#6230 = CARTESIAN_POINT('',(61.16646198881,-2.788759599027));
#6231 = CARTESIAN_POINT('',(59.47449174301,-2.87863322949));
#6232 = CARTESIAN_POINT('',(57.662960739146,-2.937198027128));
#6233 = CARTESIAN_POINT('',(55.740601219206,-2.966283665234));
#6234 = CARTESIAN_POINT('',(53.716586385196,-2.968192882475));
#6235 = CARTESIAN_POINT('',(51.600501100954,-2.945662472947));
#6236 = CARTESIAN_POINT('',(49.402319146232,-2.901784447325));
#6237 = CARTESIAN_POINT('',(47.132381424816,-2.839976327623));
#6238 = CARTESIAN_POINT('',(44.801382914119,-2.763664276834));
#6239 = CARTESIAN_POINT('',(42.414972671243,-2.676815790028));
#6240 = CARTESIAN_POINT('',(39.983518127446,-2.580893189715));
#6241 = CARTESIAN_POINT('',(37.519461115854,-2.466856131139));
#6242 = CARTESIAN_POINT('',(35.040355669468,-2.340596188121));
#6243 = CARTESIAN_POINT('',(32.559799815458,-2.204252711969));
#6244 = CARTESIAN_POINT('',(30.090235337652,-2.060686227632));
#6245 = CARTESIAN_POINT('',(27.644111466891,-1.912276743957));
#6246 = CARTESIAN_POINT('',(25.233809617659,-1.761219937012));
#6247 = CARTESIAN_POINT('',(22.871582154244,-1.609430575983));
#6248 = CARTESIAN_POINT('',(20.569486823713,-1.458572865689));
#6249 = CARTESIAN_POINT('',(18.339322632043,-1.310076424279));
#6250 = CARTESIAN_POINT('',(16.192566391204,-1.165170815044));
#6251 = CARTESIAN_POINT('',(14.14031071238,-1.024924823031));
#6252 = CARTESIAN_POINT('',(12.193203634834,-0.890288513875));
#6253 = CARTESIAN_POINT('',(10.361390078511,-0.762133160003));
#6254 = CARTESIAN_POINT('',(8.654455208553,-0.64128544855));
#6255 = CARTESIAN_POINT('',(7.081369793191,-0.528553000713));
#6256 = CARTESIAN_POINT('',(5.65043767744,-0.424739315164));
#6257 = CARTESIAN_POINT('',(4.369245587511,-0.330647380138));
#6258 = CARTESIAN_POINT('',(3.244615606127,-0.247072355625));
#6259 = CARTESIAN_POINT('',(2.282560797159,-0.174784786602));
#6260 = CARTESIAN_POINT('',(1.488244586266,-0.114506683588));
#6261 = CARTESIAN_POINT('',(0.865944600924,-6.68834253584E-02));
#6262 = CARTESIAN_POINT('',(0.419021721147,-3.245474898383E-02));
#6263 = CARTESIAN_POINT('',(0.14989507868,-1.162808309903E-02));
#6264 = CARTESIAN_POINT('',(3.001178076347E-02,-2.329244809639E-03));
#6265 = CARTESIAN_POINT('',(0.,0.));
#6266 = ( GEOMETRIC_REPRESENTATION_CONTEXT(2) 
PARAMETRIC_REPRESENTATION_CONTEXT() REPRESENTATION_CONTEXT('2D SPACE',''
  ) );
#6267 = ORIENTED_EDGE('',*,*,#6268,.T.);
#6268 = EDGE_CURVE('',#6158,#6269,#6271,.T.);
#6269 = VERTEX_POINT('',#6270);
#6270 = CARTESIAN_POINT('',(16.,0.6,-2.958142270622));
#6271 = SURFACE_CURVE('',#6272,(#6280,#6291),.PCURVE_S1.);
#6272 = B_SPLINE_CURVE_WITH_KNOTS('',3,(#6273,#6274,#6275,#6276,#6277,
    #6278,#6279),.UNSPECIFIED.,.F.,.F.,(4,1,1,1,4),(0.,0.298466396252,
    0.59646400283,0.893993877869,1.),.UNSPECIFIED.);
#6273 = CARTESIAN_POINT('',(16.,0.,-2.965347926186));
#6274 = CARTESIAN_POINT('',(16.,5.96934804753E-02,-2.964647512918));
#6275 = CARTESIAN_POINT('',(16.,0.178986566416,-2.963238093457));
#6276 = CARTESIAN_POINT('',(16.,0.357785411487,-2.961096242106));
#6277 = CARTESIAN_POINT('',(16.,0.498091898975,-2.959392198149));
#6278 = CARTESIAN_POINT('',(16.,0.578798849091,-2.958402812085));
#6279 = CARTESIAN_POINT('',(16.,0.6,-2.958142270622));
#6280 = PCURVE('',#2197,#6281);
#6281 = DEFINITIONAL_REPRESENTATION('',(#6282),#6290);
#6282 = B_SPLINE_CURVE_WITH_KNOTS('',3,(#6283,#6284,#6285,#6286,#6287,
    #6288,#6289),.UNSPECIFIED.,.F.,.F.,(4,1,1,1,4),(0.,0.298466396252,
    0.59646400283,0.893993877869,1.),.UNSPECIFIED.);
#6283 = CARTESIAN_POINT('',(1.237514155827,0.));
#6284 = CARTESIAN_POINT('',(1.237180953506,3.329209675139E-04));
#6285 = CARTESIAN_POINT('',(1.236514549208,9.982393516027E-04));
#6286 = CARTESIAN_POINT('',(1.235514156813,1.995431769951E-03));
#6287 = CARTESIAN_POINT('',(1.234727896902,2.777945594127E-03));
#6288 = CARTESIAN_POINT('',(1.234275142725,3.228062377863E-03));
#6289 = CARTESIAN_POINT('',(1.23415617404,3.346304906826E-03));
#6290 = ( GEOMETRIC_REPRESENTATION_CONTEXT(2) 
PARAMETRIC_REPRESENTATION_CONTEXT() REPRESENTATION_CONTEXT('2D SPACE',''
  ) );
#6291 = PCURVE('',#6292,#6297);
#6292 = PLANE('',#6293);
#6293 = AXIS2_PLACEMENT_3D('',#6294,#6295,#6296);
#6294 = CARTESIAN_POINT('',(16.,-16.,-3.));
#6295 = DIRECTION('',(1.,0.,-0.));
#6296 = DIRECTION('',(0.,0.,1.));
#6297 = DEFINITIONAL_REPRESENTATION('',(#6298),#6306);
#6298 = B_SPLINE_CURVE_WITH_KNOTS('',3,(#6299,#6300,#6301,#6302,#6303,
    #6304,#6305),.UNSPECIFIED.,.F.,.F.,(4,1,1,1,4),(0.,0.298466396252,
    0.59646400283,0.893993877869,1.),.UNSPECIFIED.);
#6299 = CARTESIAN_POINT('',(3.465207381403E-02,-16.));
#6300 = CARTESIAN_POINT('',(3.535248708207E-02,-16.05969348047));
#6301 = CARTESIAN_POINT('',(3.676190654255E-02,-16.17898656641));
#6302 = CARTESIAN_POINT('',(3.890375789356E-02,-16.35778541148));
#6303 = CARTESIAN_POINT('',(4.060780185073E-02,-16.49809189897));
#6304 = CARTESIAN_POINT('',(4.159718791467E-02,-16.57879884909));
#6305 = CARTESIAN_POINT('',(4.185772937821E-02,-16.6));
#6306 = ( GEOMETRIC_REPRESENTATION_CONTEXT(2) 
PARAMETRIC_REPRESENTATION_CONTEXT() REPRESENTATION_CONTEXT('2D SPACE',''
  ) );
#6307 = ORIENTED_EDGE('',*,*,#6308,.F.);
#6308 = EDGE_CURVE('',#6309,#6269,#6311,.T.);
#6309 = VERTEX_POINT('',#6310);
#6310 = CARTESIAN_POINT('',(46.,0.6,-1.687536221443));
#6311 = SURFACE_CURVE('',#6312,(#6399,#6489),.PCURVE_S1.);
#6312 = B_SPLINE_CURVE_WITH_KNOTS('',8,(#6313,#6314,#6315,#6316,#6317,
    #6318,#6319,#6320,#6321,#6322,#6323,#6324,#6325,#6326,#6327,#6328,
    #6329,#6330,#6331,#6332,#6333,#6334,#6335,#6336,#6337,#6338,#6339,
    #6340,#6341,#6342,#6343,#6344,#6345,#6346,#6347,#6348,#6349,#6350,
    #6351,#6352,#6353,#6354,#6355,#6356,#6357,#6358,#6359,#6360,#6361,
    #6362,#6363,#6364,#6365,#6366,#6367,#6368,#6369,#6370,#6371,#6372,
    #6373,#6374,#6375,#6376,#6377,#6378,#6379,#6380,#6381,#6382,#6383,
    #6384,#6385,#6386,#6387,#6388,#6389,#6390,#6391,#6392,#6393,#6394,
    #6395,#6396,#6397,#6398),.UNSPECIFIED.,.F.,.F.,(9,7,7,7,7,7,7,7,7,7,
    7,7,9),(0.,0.107282136996,0.269844457625,0.349947652215,
    0.432406827536,0.526645956188,0.609105160065,0.675072484966,
    0.77637948641,0.82821101329,0.880042589916,0.938942167195,1.),
  .UNSPECIFIED.);
#6313 = CARTESIAN_POINT('',(46.,0.6,-1.687536221443));
#6314 = CARTESIAN_POINT('',(45.598100507008,0.6,-1.713316659444));
#6315 = CARTESIAN_POINT('',(45.196193774397,0.6,-1.738984217677));
#6316 = CARTESIAN_POINT('',(44.79427959347,0.6,-1.764535119677));
#6317 = CARTESIAN_POINT('',(44.39235765845,0.6,-1.789963925677));
#6318 = CARTESIAN_POINT('',(43.990427604232,0.6,-1.81526413225));
#6319 = CARTESIAN_POINT('',(43.588489044126,0.6,-1.84042877193));
#6320 = CARTESIAN_POINT('',(43.186541607611,0.6,-1.865451012843));
#6321 = CARTESIAN_POINT('',(42.175508720656,0.6,-1.928015411266));
#6322 = CARTESIAN_POINT('',(41.566411364494,0.6,-1.965364490996));
#6323 = CARTESIAN_POINT('',(40.957291905541,0.6,-2.002353340208));
#6324 = CARTESIAN_POINT('',(40.348147254972,0.6,-2.038926003171));
#6325 = CARTESIAN_POINT('',(39.738978361343,0.6,-2.075094624685));
#6326 = CARTESIAN_POINT('',(39.129781887179,0.6,-2.110794367809));
#6327 = CARTESIAN_POINT('',(38.520556778496,0.6,-2.146000709423));
#6328 = CARTESIAN_POINT('',(37.611088647705,0.6,-2.197764083977));
#6329 = CARTESIAN_POINT('',(37.310868496559,0.6,-2.214722535251));
#6330 = CARTESIAN_POINT('',(37.010640859162,0.6,-2.231548327472));
#6331 = CARTESIAN_POINT('',(36.710405458264,0.6,-2.248235306021));
#6332 = CARTESIAN_POINT('',(36.410162020008,0.6,-2.264777174011));
#6333 = CARTESIAN_POINT('',(36.109910320284,0.6,-2.281168280898));
#6334 = CARTESIAN_POINT('',(35.809650168406,0.6,-2.297403355367));
#6335 = CARTESIAN_POINT('',(35.200281034826,0.6,-2.330021740669));
#6336 = CARTESIAN_POINT('',(34.891171547268,0.6,-2.346395457822));
#6337 = CARTESIAN_POINT('',(34.582052608616,0.6,-2.36259052308));
#6338 = CARTESIAN_POINT('',(34.27292411915,0.6,-2.378602743991));
#6339 = CARTESIAN_POINT('',(33.963786004025,0.6,-2.394428162345));
#6340 = CARTESIAN_POINT('',(33.654638156001,0.6,-2.410062015738));
#6341 = CARTESIAN_POINT('',(33.345480453152,0.6,-2.425499044845));
#6342 = CARTESIAN_POINT('',(32.682978182977,0.6,-2.458147847085));
#6343 = CARTESIAN_POINT('',(32.329630446686,0.6,-2.475295702148));
#6344 = CARTESIAN_POINT('',(31.976270457215,0.6,-2.4921912011));
#6345 = CARTESIAN_POINT('',(31.622895283427,0.6,-2.508767805537));
#6346 = CARTESIAN_POINT('',(31.269505740068,0.6,-2.525036011229));
#6347 = CARTESIAN_POINT('',(30.916100042237,0.6,-2.540949179271));
#6348 = CARTESIAN_POINT('',(30.562677958414,0.6,-2.556491935465));
#6349 = CARTESIAN_POINT('',(29.899979641804,0.6,-2.584888818563));
#6350 = CARTESIAN_POINT('',(29.590707471389,0.6,-2.597836231186));
#6351 = CARTESIAN_POINT('',(29.281423790485,0.6,-2.610507060949));
#6352 = CARTESIAN_POINT('',(28.972130034409,0.6,-2.622929410752));
#6353 = CARTESIAN_POINT('',(28.662827556995,0.6,-2.635131474765));
#6354 = CARTESIAN_POINT('',(28.35351762669,0.6,-2.647141407211));
#6355 = CARTESIAN_POINT('',(28.044201422659,0.6,-2.658987191147));
#6356 = CARTESIAN_POINT('',(27.487423060761,0.6,-2.680063954691));
#6357 = CARTESIAN_POINT('',(27.239962716642,0.6,-2.689342264272));
#6358 = CARTESIAN_POINT('',(26.992498931859,0.6,-2.698528694838));
#6359 = CARTESIAN_POINT('',(26.745031644271,0.6,-2.707620505131));
#6360 = CARTESIAN_POINT('',(26.497560796264,0.6,-2.716614953781));
#6361 = CARTESIAN_POINT('',(26.250086334756,0.6,-2.725509299306));
#6362 = CARTESIAN_POINT('',(26.002608211189,0.6,-2.734300800113));
#6363 = CARTESIAN_POINT('',(25.375064856964,0.6,-2.756325802329));
#6364 = CARTESIAN_POINT('',(24.994994505571,0.6,-2.76941377864));
#6365 = CARTESIAN_POINT('',(24.614915871835,0.6,-2.78226117467));
#6366 = CARTESIAN_POINT('',(24.234826385682,0.6,-2.794786913839));
#6367 = CARTESIAN_POINT('',(23.854726977248,0.6,-2.807008272514));
#6368 = CARTESIAN_POINT('',(23.474615885167,0.6,-2.818861509664));
#6369 = CARTESIAN_POINT('',(23.094493206696,0.6,-2.830333551635));
#6370 = CARTESIAN_POINT('',(22.519870555951,0.6,-2.847042771325));
#6371 = CARTESIAN_POINT('',(22.325379618009,0.6,-2.85258889033));
#6372 = CARTESIAN_POINT('',(22.13088544901,0.6,-2.858021441692));
#6373 = CARTESIAN_POINT('',(21.936388006889,0.6,-2.863336169399));
#6374 = CARTESIAN_POINT('',(21.741887260791,0.6,-2.868528817151));
#6375 = CARTESIAN_POINT('',(21.547383191078,0.6,-2.873595128353));
#6376 = CARTESIAN_POINT('',(21.35287578932,0.6,-2.878530846123));
#6377 = CARTESIAN_POINT('',(20.963854140597,0.6,-2.888132585055));
#6378 = CARTESIAN_POINT('',(20.769339892029,0.6,-2.892798599452));
#6379 = CARTESIAN_POINT('',(20.574822326352,0.6,-2.897325883893));
#6380 = CARTESIAN_POINT('',(20.380301444902,0.6,-2.90170947999));
#6381 = CARTESIAN_POINT('',(20.185777248367,0.6,-2.905943775296));
#6382 = CARTESIAN_POINT('',(19.991249748551,0.6,-2.910022935042));
#6383 = CARTESIAN_POINT('',(19.796718980146,0.6,-2.913941333891));
#6384 = CARTESIAN_POINT('',(19.381123466504,0.6,-2.921958371199));
#6385 = CARTESIAN_POINT('',(19.160057803941,0.6,-2.92600888195));
#6386 = CARTESIAN_POINT('',(18.93898808343,0.6,-2.929835992003));
#6387 = CARTESIAN_POINT('',(18.717914437432,0.6,-2.933433406973));
#6388 = CARTESIAN_POINT('',(18.496837031968,0.6,-2.936793940719));
#6389 = CARTESIAN_POINT('',(18.275756047103,0.6,-2.939907893503));
#6390 = CARTESIAN_POINT('',(18.054671678201,0.6,-2.942763933592));
#6391 = CARTESIAN_POINT('',(17.604395334002,0.6,-2.948035883132));
#6392 = CARTESIAN_POINT('',(17.375203179749,0.6,-2.950431489063));
#6393 = CARTESIAN_POINT('',(17.146007933952,0.6,-2.952529767778));
#6394 = CARTESIAN_POINT('',(16.916809968652,0.6,-2.954316476187));
#6395 = CARTESIAN_POINT('',(16.687609671574,0.6,-2.955782247936));
#6396 = CARTESIAN_POINT('',(16.458407516031,0.6,-2.956918317911));
#6397 = CARTESIAN_POINT('',(16.229204107994,0.6,-2.957710342031));
#6398 = CARTESIAN_POINT('',(16.,0.6,-2.958142270622));
#6399 = PCURVE('',#2197,#6400);
#6400 = DEFINITIONAL_REPRESENTATION('',(#6401),#6488);
#6401 = B_SPLINE_CURVE_WITH_KNOTS('',8,(#6402,#6403,#6404,#6405,#6406,
    #6407,#6408,#6409,#6410,#6411,#6412,#6413,#6414,#6415,#6416,#6417,
    #6418,#6419,#6420,#6421,#6422,#6423,#6424,#6425,#6426,#6427,#6428,
    #6429,#6430,#6431,#6432,#6433,#6434,#6435,#6436,#6437,#6438,#6439,
    #6440,#6441,#6442,#6443,#6444,#6445,#6446,#6447,#6448,#6449,#6450,
    #6451,#6452,#6453,#6454,#6455,#6456,#6457,#6458,#6459,#6460,#6461,
    #6462,#6463,#6464,#6465,#6466,#6467,#6468,#6469,#6470,#6471,#6472,
    #6473,#6474,#6475,#6476,#6477,#6478,#6479,#6480,#6481,#6482,#6483,
    #6484,#6485,#6486,#6487),.UNSPECIFIED.,.F.,.F.,(9,7,7,7,7,7,7,7,7,7,
    7,7,9),(0.,0.107282136996,0.269844457625,0.349947652215,
    0.432406827536,0.526645956188,0.609105160065,0.675072484966,
    0.77637948641,0.82821101329,0.880042589916,0.938942167195,1.),
  .UNSPECIFIED.);
#6402 = CARTESIAN_POINT('',(1.658608395977,3.346304905504E-03));
#6403 = CARTESIAN_POINT('',(1.652916372084,3.346304905258E-03));
#6404 = CARTESIAN_POINT('',(1.647224347677,3.346304905044E-03));
#6405 = CARTESIAN_POINT('',(1.641532323705,3.346304905193E-03));
#6406 = CARTESIAN_POINT('',(1.635840300255,3.346304905751E-03));
#6407 = CARTESIAN_POINT('',(1.63014827696,3.346304906578E-03));
#6408 = CARTESIAN_POINT('',(1.624456253404,3.346304907457E-03));
#6409 = CARTESIAN_POINT('',(1.618764229524,3.346304908194E-03));
#6410 = CARTESIAN_POINT('',(1.604447204929,3.34630490952E-03));
#6411 = CARTESIAN_POINT('',(1.595822204584,3.346304909667E-03));
#6412 = CARTESIAN_POINT('',(1.587197207683,3.346304909286E-03));
#6413 = CARTESIAN_POINT('',(1.578572200784,3.346304908329E-03));
#6414 = CARTESIAN_POINT('',(1.569947204688,3.346304908225E-03));
#6415 = CARTESIAN_POINT('',(1.561322204651,3.346304908148E-03));
#6416 = CARTESIAN_POINT('',(1.552697204662,3.346304908119E-03));
#6417 = CARTESIAN_POINT('',(1.539822205523,3.346304908168E-03));
#6418 = CARTESIAN_POINT('',(1.5355722055,3.346304908194E-03));
#6419 = CARTESIAN_POINT('',(1.531322206225,3.346304908224E-03));
#6420 = CARTESIAN_POINT('',(1.527072207038,3.346304908264E-03));
#6421 = CARTESIAN_POINT('',(1.522822207367,3.346304908321E-03));
#6422 = CARTESIAN_POINT('',(1.518572207162,3.346304908397E-03));
#6423 = CARTESIAN_POINT('',(1.514322206735,3.346304908494E-03));
#6424 = CARTESIAN_POINT('',(1.505697205059,3.346304908743E-03));
#6425 = CARTESIAN_POINT('',(1.501322203965,3.346304908897E-03));
#6426 = CARTESIAN_POINT('',(1.496947203055,3.346304909091E-03));
#6427 = CARTESIAN_POINT('',(1.492572202269,3.346304909294E-03));
#6428 = CARTESIAN_POINT('',(1.488197201666,3.346304909471E-03));
#6429 = CARTESIAN_POINT('',(1.483822201644,3.346304909601E-03));
#6430 = CARTESIAN_POINT('',(1.479447202884,3.34630490967E-03));
#6431 = CARTESIAN_POINT('',(1.470072205839,3.346304909618E-03));
#6432 = CARTESIAN_POINT('',(1.465072207258,3.346304909482E-03));
#6433 = CARTESIAN_POINT('',(1.460072216547,3.346304909112E-03));
#6434 = CARTESIAN_POINT('',(1.455072219231,3.346304908748E-03));
#6435 = CARTESIAN_POINT('',(1.450072222391,3.346304908275E-03));
#6436 = CARTESIAN_POINT('',(1.445072219646,3.346304907838E-03));
#6437 = CARTESIAN_POINT('',(1.440072213827,3.346304907443E-03));
#6438 = CARTESIAN_POINT('',(1.430697200985,3.346304906887E-03));
#6439 = CARTESIAN_POINT('',(1.426322195245,3.346304906703E-03));
#6440 = CARTESIAN_POINT('',(1.421947191392,3.346304906581E-03));
#6441 = CARTESIAN_POINT('',(1.417572190777,3.346304906505E-03));
#6442 = CARTESIAN_POINT('',(1.413197193543,3.346304906462E-03));
#6443 = CARTESIAN_POINT('',(1.408822198654,3.346304906438E-03));
#6444 = CARTESIAN_POINT('',(1.404447203919,3.346304906419E-03));
#6445 = CARTESIAN_POINT('',(1.396572209736,3.346304906368E-03));
#6446 = CARTESIAN_POINT('',(1.393072211803,3.346304906341E-03));
#6447 = CARTESIAN_POINT('',(1.389572212437,3.346304906313E-03));
#6448 = CARTESIAN_POINT('',(1.386072211915,3.346304906287E-03));
#6449 = CARTESIAN_POINT('',(1.382572210577,3.346304906268E-03));
#6450 = CARTESIAN_POINT('',(1.379072208827,3.346304906259E-03));
#6451 = CARTESIAN_POINT('',(1.375572207132,3.346304906264E-03));
#6452 = CARTESIAN_POINT('',(1.366697202298,3.346304906321E-03));
#6453 = CARTESIAN_POINT('',(1.361322199084,3.346304906394E-03));
#6454 = CARTESIAN_POINT('',(1.355947204451,3.346304906545E-03));
#6455 = CARTESIAN_POINT('',(1.350572199477,3.346304906697E-03));
#6456 = CARTESIAN_POINT('',(1.345197204827,3.346304906872E-03));
#6457 = CARTESIAN_POINT('',(1.339822198166,3.346304907052E-03));
#6458 = CARTESIAN_POINT('',(1.334447202217,3.346304907193E-03));
#6459 = CARTESIAN_POINT('',(1.326322205969,3.34630490737E-03));
#6460 = CARTESIAN_POINT('',(1.323572206239,3.346304907424E-03));
#6461 = CARTESIAN_POINT('',(1.320822206481,3.346304907472E-03));
#6462 = CARTESIAN_POINT('',(1.318072206502,3.346304907514E-03));
#6463 = CARTESIAN_POINT('',(1.315322206265,3.346304907551E-03));
#6464 = CARTESIAN_POINT('',(1.312572205893,3.346304907582E-03));
#6465 = CARTESIAN_POINT('',(1.309822205666,3.346304907609E-03));
#6466 = CARTESIAN_POINT('',(1.304322203744,3.346304907655E-03));
#6467 = CARTESIAN_POINT('',(1.30157220202,3.346304907674E-03));
#6468 = CARTESIAN_POINT('',(1.298822201798,3.346304907689E-03));
#6469 = CARTESIAN_POINT('',(1.296072202857,3.3463049077E-03));
#6470 = CARTESIAN_POINT('',(1.293322204369,3.346304907706E-03));
#6471 = CARTESIAN_POINT('',(1.29057220546,3.346304907706E-03));
#6472 = CARTESIAN_POINT('',(1.287822205773,3.346304907699E-03));
#6473 = CARTESIAN_POINT('',(1.281947203213,3.346304907666E-03));
#6474 = CARTESIAN_POINT('',(1.278822200919,3.346304907637E-03));
#6475 = CARTESIAN_POINT('',(1.275697196585,3.3463049076E-03));
#6476 = CARTESIAN_POINT('',(1.272572193728,3.346304907547E-03));
#6477 = CARTESIAN_POINT('',(1.269447194954,3.346304907476E-03));
#6478 = CARTESIAN_POINT('',(1.266322199155,3.346304907389E-03));
#6479 = CARTESIAN_POINT('',(1.263197202902,3.346304907299E-03));
#6480 = CARTESIAN_POINT('',(1.256832699976,3.346304907115E-03));
#6481 = CARTESIAN_POINT('',(1.253593193479,3.346304907021E-03));
#6482 = CARTESIAN_POINT('',(1.250353688031,3.346304906937E-03));
#6483 = CARTESIAN_POINT('',(1.24711417911,3.346304906862E-03));
#6484 = CARTESIAN_POINT('',(1.243874670502,3.346304906807E-03));
#6485 = CARTESIAN_POINT('',(1.240635168439,3.346304906784E-03));
#6486 = CARTESIAN_POINT('',(1.237395671735,3.346304906793E-03));
#6487 = CARTESIAN_POINT('',(1.234156174074,3.346304906826E-03));
#6488 = ( GEOMETRIC_REPRESENTATION_CONTEXT(2) 
PARAMETRIC_REPRESENTATION_CONTEXT() REPRESENTATION_CONTEXT('2D SPACE',''
  ) );
#6489 = PCURVE('',#6490,#6495);
#6490 = PLANE('',#6491);
#6491 = AXIS2_PLACEMENT_3D('',#6492,#6493,#6494);
#6492 = CARTESIAN_POINT('',(16.,0.6,-3.));
#6493 = DIRECTION('',(-0.,1.,0.));
#6494 = DIRECTION('',(0.,0.,1.));
#6495 = DEFINITIONAL_REPRESENTATION('',(#6496),#6583);
#6496 = B_SPLINE_CURVE_WITH_KNOTS('',8,(#6497,#6498,#6499,#6500,#6501,
    #6502,#6503,#6504,#6505,#6506,#6507,#6508,#6509,#6510,#6511,#6512,
    #6513,#6514,#6515,#6516,#6517,#6518,#6519,#6520,#6521,#6522,#6523,
    #6524,#6525,#6526,#6527,#6528,#6529,#6530,#6531,#6532,#6533,#6534,
    #6535,#6536,#6537,#6538,#6539,#6540,#6541,#6542,#6543,#6544,#6545,
    #6546,#6547,#6548,#6549,#6550,#6551,#6552,#6553,#6554,#6555,#6556,
    #6557,#6558,#6559,#6560,#6561,#6562,#6563,#6564,#6565,#6566,#6567,
    #6568,#6569,#6570,#6571,#6572,#6573,#6574,#6575,#6576,#6577,#6578,
    #6579,#6580,#6581,#6582),.UNSPECIFIED.,.F.,.F.,(9,7,7,7,7,7,7,7,7,7,
    7,7,9),(0.,0.107282136996,0.269844457625,0.349947652215,
    0.432406827536,0.526645956188,0.609105160065,0.675072484966,
    0.77637948641,0.82821101329,0.880042589916,0.938942167195,1.),
  .UNSPECIFIED.);
#6497 = CARTESIAN_POINT('',(1.312463778557,30.));
#6498 = CARTESIAN_POINT('',(1.286683340556,29.598100507008));
#6499 = CARTESIAN_POINT('',(1.261015782323,29.196193774397));
#6500 = CARTESIAN_POINT('',(1.235464880323,28.79427959347));
#6501 = CARTESIAN_POINT('',(1.210036074323,28.39235765845));
#6502 = CARTESIAN_POINT('',(1.18473586775,27.990427604232));
#6503 = CARTESIAN_POINT('',(1.15957122807,27.588489044126));
#6504 = CARTESIAN_POINT('',(1.134548987157,27.186541607611));
#6505 = CARTESIAN_POINT('',(1.071984588734,26.175508720656));
#6506 = CARTESIAN_POINT('',(1.034635509004,25.566411364494));
#6507 = CARTESIAN_POINT('',(0.997646659792,24.957291905541));
#6508 = CARTESIAN_POINT('',(0.961073996829,24.348147254972));
#6509 = CARTESIAN_POINT('',(0.924905375315,23.738978361343));
#6510 = CARTESIAN_POINT('',(0.889205632191,23.129781887179));
#6511 = CARTESIAN_POINT('',(0.853999290577,22.520556778496));
#6512 = CARTESIAN_POINT('',(0.802235916023,21.611088647705));
#6513 = CARTESIAN_POINT('',(0.785277464749,21.310868496559));
#6514 = CARTESIAN_POINT('',(0.768451672528,21.010640859162));
#6515 = CARTESIAN_POINT('',(0.751764693979,20.710405458264));
#6516 = CARTESIAN_POINT('',(0.735222825989,20.410162020008));
#6517 = CARTESIAN_POINT('',(0.718831719102,20.109910320284));
#6518 = CARTESIAN_POINT('',(0.702596644633,19.809650168406));
#6519 = CARTESIAN_POINT('',(0.669978259331,19.200281034826));
#6520 = CARTESIAN_POINT('',(0.653604542178,18.891171547268));
#6521 = CARTESIAN_POINT('',(0.63740947692,18.582052608616));
#6522 = CARTESIAN_POINT('',(0.621397256009,18.27292411915));
#6523 = CARTESIAN_POINT('',(0.605571837655,17.963786004025));
#6524 = CARTESIAN_POINT('',(0.589937984262,17.654638156001));
#6525 = CARTESIAN_POINT('',(0.574500955155,17.345480453152));
#6526 = CARTESIAN_POINT('',(0.541852152915,16.682978182977));
#6527 = CARTESIAN_POINT('',(0.524704297852,16.329630446686));
#6528 = CARTESIAN_POINT('',(0.5078087989,15.976270457215));
#6529 = CARTESIAN_POINT('',(0.491232194463,15.622895283427));
#6530 = CARTESIAN_POINT('',(0.474963988771,15.269505740068));
#6531 = CARTESIAN_POINT('',(0.459050820729,14.916100042237));
#6532 = CARTESIAN_POINT('',(0.443508064535,14.562677958414));
#6533 = CARTESIAN_POINT('',(0.415111181437,13.899979641804));
#6534 = CARTESIAN_POINT('',(0.402163768814,13.590707471389));
#6535 = CARTESIAN_POINT('',(0.389492939051,13.281423790485));
#6536 = CARTESIAN_POINT('',(0.377070589248,12.972130034409));
#6537 = CARTESIAN_POINT('',(0.364868525235,12.662827556995));
#6538 = CARTESIAN_POINT('',(0.352858592789,12.35351762669));
#6539 = CARTESIAN_POINT('',(0.341012808853,12.044201422659));
#6540 = CARTESIAN_POINT('',(0.319936045309,11.487423060761));
#6541 = CARTESIAN_POINT('',(0.310657735728,11.239962716642));
#6542 = CARTESIAN_POINT('',(0.301471305162,10.992498931859));
#6543 = CARTESIAN_POINT('',(0.292379494869,10.745031644271));
#6544 = CARTESIAN_POINT('',(0.283385046219,10.497560796264));
#6545 = CARTESIAN_POINT('',(0.274490700694,10.250086334756));
#6546 = CARTESIAN_POINT('',(0.265699199887,10.002608211189));
#6547 = CARTESIAN_POINT('',(0.243674197671,9.375064856964));
#6548 = CARTESIAN_POINT('',(0.23058622136,8.994994505571));
#6549 = CARTESIAN_POINT('',(0.21773882533,8.614915871835));
#6550 = CARTESIAN_POINT('',(0.205213086161,8.234826385682));
#6551 = CARTESIAN_POINT('',(0.192991727486,7.854726977248));
#6552 = CARTESIAN_POINT('',(0.181138490336,7.474615885167));
#6553 = CARTESIAN_POINT('',(0.169666448365,7.094493206696));
#6554 = CARTESIAN_POINT('',(0.152957228675,6.519870555951));
#6555 = CARTESIAN_POINT('',(0.14741110967,6.325379618009));
#6556 = CARTESIAN_POINT('',(0.141978558308,6.13088544901));
#6557 = CARTESIAN_POINT('',(0.136663830601,5.936388006889));
#6558 = CARTESIAN_POINT('',(0.131471182849,5.741887260791));
#6559 = CARTESIAN_POINT('',(0.126404871647,5.547383191078));
#6560 = CARTESIAN_POINT('',(0.121469153877,5.35287578932));
#6561 = CARTESIAN_POINT('',(0.111867414945,4.963854140597));
#6562 = CARTESIAN_POINT('',(0.107201400548,4.769339892029));
#6563 = CARTESIAN_POINT('',(0.102674116107,4.574822326352));
#6564 = CARTESIAN_POINT('',(9.829052000971E-02,4.380301444902));
#6565 = CARTESIAN_POINT('',(9.405622470446E-02,4.185777248367));
#6566 = CARTESIAN_POINT('',(8.997706495774E-02,3.991249748551));
#6567 = CARTESIAN_POINT('',(8.605866610896E-02,3.796718980146));
#6568 = CARTESIAN_POINT('',(7.804162880143E-02,3.381123466504));
#6569 = CARTESIAN_POINT('',(7.399111805039E-02,3.160057803941));
#6570 = CARTESIAN_POINT('',(7.01640079966E-02,2.93898808343));
#6571 = CARTESIAN_POINT('',(6.656659302687E-02,2.717914437432));
#6572 = CARTESIAN_POINT('',(6.32060592813E-02,2.496837031968));
#6573 = CARTESIAN_POINT('',(6.009210649738E-02,2.275756047103));
#6574 = CARTESIAN_POINT('',(5.723606640842E-02,2.054671678201));
#6575 = CARTESIAN_POINT('',(5.196411686807E-02,1.604395334002));
#6576 = CARTESIAN_POINT('',(4.956851093655E-02,1.375203179749));
#6577 = CARTESIAN_POINT('',(4.747023222165E-02,1.146007933952));
#6578 = CARTESIAN_POINT('',(4.568352381312E-02,0.916809968652));
#6579 = CARTESIAN_POINT('',(4.421775206412E-02,0.687609671574));
#6580 = CARTESIAN_POINT('',(4.308168208862E-02,0.458407516031));
#6581 = CARTESIAN_POINT('',(4.228965796879E-02,0.229204107994));
#6582 = CARTESIAN_POINT('',(4.185772937821E-02,0.));
#6583 = ( GEOMETRIC_REPRESENTATION_CONTEXT(2) 
PARAMETRIC_REPRESENTATION_CONTEXT() REPRESENTATION_CONTEXT('2D SPACE',''
  ) );
#6584 = ORIENTED_EDGE('',*,*,#6585,.F.);
#6585 = EDGE_CURVE('',#6586,#6309,#6588,.T.);
#6586 = VERTEX_POINT('',#6587);
#6587 = CARTESIAN_POINT('',(46.,0.,-1.681799052744));
#6588 = SURFACE_CURVE('',#6589,(#6597,#6608),.PCURVE_S1.);
#6589 = B_SPLINE_CURVE_WITH_KNOTS('',3,(#6590,#6591,#6592,#6593,#6594,
    #6595,#6596),.UNSPECIFIED.,.F.,.F.,(4,1,1,1,4),(0.,0.298764283537,
    0.597528330779,0.896292141233,1.),.UNSPECIFIED.);
#6590 = CARTESIAN_POINT('',(46.,0.,-1.681799052744));
#6591 = CARTESIAN_POINT('',(46.,5.975285165049E-02,-1.682371165131));
#6592 = CARTESIAN_POINT('',(46.,0.179258510693,-1.683514939286));
#6593 = CARTESIAN_POINT('',(46.,0.358516937329,-1.685229240832));
#6594 = CARTESIAN_POINT('',(46.,0.498764086492,-1.68656939594));
#6595 = CARTESIAN_POINT('',(46.,0.579258426479,-1.687338156824));
#6596 = CARTESIAN_POINT('',(46.,0.6,-1.687536221443));
#6597 = PCURVE('',#2197,#6598);
#6598 = DEFINITIONAL_REPRESENTATION('',(#6599),#6607);
#6599 = B_SPLINE_CURVE_WITH_KNOTS('',3,(#6600,#6601,#6602,#6603,#6604,
    #6605,#6606),.UNSPECIFIED.,.F.,.F.,(4,1,1,1,4),(0.,0.298764283537,
    0.597528330779,0.896292141233,1.),.UNSPECIFIED.);
#6600 = CARTESIAN_POINT('',(1.660852724295,0.));
#6601 = CARTESIAN_POINT('',(1.660629804686,3.332520907812E-04));
#6602 = CARTESIAN_POINT('',(1.660183614743,9.997560319207E-04));
#6603 = CARTESIAN_POINT('',(1.659513274899,1.999511616647E-03));
#6604 = CARTESIAN_POINT('',(1.658987990891,2.781694500392E-03));
#6605 = CARTESIAN_POINT('',(1.6586861854,3.230625520105E-03));
#6606 = CARTESIAN_POINT('',(1.658608395633,3.346304905503E-03));
#6607 = ( GEOMETRIC_REPRESENTATION_CONTEXT(2) 
PARAMETRIC_REPRESENTATION_CONTEXT() REPRESENTATION_CONTEXT('2D SPACE',''
  ) );
#6608 = PCURVE('',#6609,#6614);
#6609 = PLANE('',#6610);
#6610 = AXIS2_PLACEMENT_3D('',#6611,#6612,#6613);
#6611 = CARTESIAN_POINT('',(46.,-16.,-3.));
#6612 = DIRECTION('',(1.,0.,-0.));
#6613 = DIRECTION('',(0.,0.,1.));
#6614 = DEFINITIONAL_REPRESENTATION('',(#6615),#6623);
#6615 = B_SPLINE_CURVE_WITH_KNOTS('',3,(#6616,#6617,#6618,#6619,#6620,
    #6621,#6622),.UNSPECIFIED.,.F.,.F.,(4,1,1,1,4),(0.,0.298764283537,
    0.597528330779,0.896292141233,1.),.UNSPECIFIED.);
#6616 = CARTESIAN_POINT('',(1.318200947256,-16.));
#6617 = CARTESIAN_POINT('',(1.317628834869,-16.05975285165));
#6618 = CARTESIAN_POINT('',(1.316485060714,-16.17925851069));
#6619 = CARTESIAN_POINT('',(1.314770759168,-16.35851693732));
#6620 = CARTESIAN_POINT('',(1.31343060406,-16.49876408649));
#6621 = CARTESIAN_POINT('',(1.312661843176,-16.57925842647));
#6622 = CARTESIAN_POINT('',(1.312463778557,-16.6));
#6623 = ( GEOMETRIC_REPRESENTATION_CONTEXT(2) 
PARAMETRIC_REPRESENTATION_CONTEXT() REPRESENTATION_CONTEXT('2D SPACE',''
  ) );
#6624 = ORIENTED_EDGE('',*,*,#6625,.T.);
#6625 = EDGE_CURVE('',#6586,#22,#6626,.T.);
#6626 = SURFACE_CURVE('',#6627,(#6675,#6682),.PCURVE_S1.);
#6627 = B_SPLINE_CURVE_WITH_KNOTS('',3,(#6628,#6629,#6630,#6631,#6632,
    #6633,#6634,#6635,#6636,#6637,#6638,#6639,#6640,#6641,#6642,#6643,
    #6644,#6645,#6646,#6647,#6648,#6649,#6650,#6651,#6652,#6653,#6654,
    #6655,#6656,#6657,#6658,#6659,#6660,#6661,#6662,#6663,#6664,#6665,
    #6666,#6667,#6668,#6669,#6670,#6671,#6672,#6673,#6674),
  .UNSPECIFIED.,.F.,.F.,(4,1,1,1,1,1,1,1,1,1,1,1,1,1,1,1,1,1,1,1,1,1,1,1
    ,1,1,1,1,1,1,1,1,1,1,1,1,1,1,1,1,1,1,1,1,4),(1.,1.006306272119,
    1.013374840337,1.021878472168,1.032180969574,1.044452099658,
    1.058755159554,1.075093119796,1.093431814394,1.113712075531,
    1.13585648416,1.159773361275,1.185359262256,1.212500620141,
    1.241074892928,1.270951425024,1.301992155141,1.334052256939,
    1.36698076855,1.400621245402,1.435038952021,1.469885112111,
    1.504935691107,1.540014560117,1.574944533616,1.609548394557,
    1.643649903707,1.677074783173,1.709651667609,1.74121301989,
    1.771596010901,1.800643365189,1.828204175673,1.854134691185,
    1.878299080448,1.900570175159,1.920830193118,1.93897144,
    1.954896985468,1.968521306216,1.979770885524,1.988584756409,
    1.994914973922,1.998727001814,2.),.UNSPECIFIED.);
#6628 = CARTESIAN_POINT('',(0.,0.,0.));
#6629 = CARTESIAN_POINT('',(1.493403238416E-02,0.,-0.154371627608));
#6630 = CARTESIAN_POINT('',(0.115098205847,0.,-0.455826733376));
#6631 = CARTESIAN_POINT('',(0.450112593306,0.,-0.865066108194));
#6632 = CARTESIAN_POINT('',(0.949779966747,0.,-1.223888152442));
#6633 = CARTESIAN_POINT('',(1.6118882884,0.,-1.548514682247));
#6634 = CARTESIAN_POINT('',(2.435440345684,0.,-1.839008249463));
#6635 = CARTESIAN_POINT('',(3.417843736274,0.,-2.096488886987));
#6636 = CARTESIAN_POINT('',(4.554779742372,0.,-2.320289671435));
#6637 = CARTESIAN_POINT('',(5.840757539497,0.,-2.510217141616));
#6638 = CARTESIAN_POINT('',(7.269381026195,0.,-2.66623764007));
#6639 = CARTESIAN_POINT('',(8.83353801119,0.,-2.788759599027));
#6640 = CARTESIAN_POINT('',(10.52550825699,0.,-2.87863322949));
#6641 = CARTESIAN_POINT('',(12.337039260854,0.,-2.937198027128));
#6642 = CARTESIAN_POINT('',(14.259398780794,0.,-2.966283665234));
#6643 = CARTESIAN_POINT('',(16.283413614804,0.,-2.968192882475));
#6644 = CARTESIAN_POINT('',(18.399498899046,0.,-2.945662472947));
#6645 = CARTESIAN_POINT('',(20.597680853768,0.,-2.901784447325));
#6646 = CARTESIAN_POINT('',(22.867618575184,0.,-2.839976327623));
#6647 = CARTESIAN_POINT('',(25.198617085881,0.,-2.763664276834));
#6648 = CARTESIAN_POINT('',(27.585027328757,0.,-2.676815790028));
#6649 = CARTESIAN_POINT('',(30.016481872554,0.,-2.580893189715));
#6650 = CARTESIAN_POINT('',(32.480538884146,0.,-2.466856131139));
#6651 = CARTESIAN_POINT('',(34.959644330532,0.,-2.340596188121));
#6652 = CARTESIAN_POINT('',(37.440200184542,0.,-2.204252711969));
#6653 = CARTESIAN_POINT('',(39.909764662348,0.,-2.060686227632));
#6654 = CARTESIAN_POINT('',(42.355888533109,0.,-1.912276743957));
#6655 = CARTESIAN_POINT('',(44.766190382341,0.,-1.761219937012));
#6656 = CARTESIAN_POINT('',(47.128417845756,0.,-1.609430575983));
#6657 = CARTESIAN_POINT('',(49.430513176287,0.,-1.458572865689));
#6658 = CARTESIAN_POINT('',(51.660677367957,0.,-1.310076424279));
#6659 = CARTESIAN_POINT('',(53.807433608796,0.,-1.165170815044));
#6660 = CARTESIAN_POINT('',(55.85968928762,0.,-1.024924823031));
#6661 = CARTESIAN_POINT('',(57.806796365166,0.,-0.890288513875));
#6662 = CARTESIAN_POINT('',(59.638609921489,0.,-0.762133160003));
#6663 = CARTESIAN_POINT('',(61.345544791447,0.,-0.64128544855));
#6664 = CARTESIAN_POINT('',(62.918630206809,0.,-0.528553000713));
#6665 = CARTESIAN_POINT('',(64.34956232256,0.,-0.424739315164));
#6666 = CARTESIAN_POINT('',(65.630754412489,0.,-0.330647380138));
#6667 = CARTESIAN_POINT('',(66.755384393873,0.,-0.247072355625));
#6668 = CARTESIAN_POINT('',(67.717439202841,0.,-0.174784786602));
#6669 = CARTESIAN_POINT('',(68.511755413734,0.,-0.114506683588));
#6670 = CARTESIAN_POINT('',(69.134055399076,0.,-6.688342535841E-02));
#6671 = CARTESIAN_POINT('',(69.580978278853,0.,-3.245474898384E-02));
#6672 = CARTESIAN_POINT('',(69.85010492132,0.,-1.162808309903E-02));
#6673 = CARTESIAN_POINT('',(69.969988219237,0.,-2.32924480964E-03));
#6674 = CARTESIAN_POINT('',(70.,0.,-1.163152258676E-15));
#6675 = PCURVE('',#2197,#6676);
#6676 = DEFINITIONAL_REPRESENTATION('',(#6677),#6681);
#6677 = LINE('',#6678,#6679);
#6678 = CARTESIAN_POINT('',(0.,0.));
#6679 = VECTOR('',#6680,1.);
#6680 = DIRECTION('',(1.,0.));
#6681 = ( GEOMETRIC_REPRESENTATION_CONTEXT(2) 
PARAMETRIC_REPRESENTATION_CONTEXT() REPRESENTATION_CONTEXT('2D SPACE',''
  ) );
#6682 = PCURVE('',#4380,#6683);
#6683 = DEFINITIONAL_REPRESENTATION('',(#6684),#6732);
#6684 = B_SPLINE_CURVE_WITH_KNOTS('',3,(#6685,#6686,#6687,#6688,#6689,
    #6690,#6691,#6692,#6693,#6694,#6695,#6696,#6697,#6698,#6699,#6700,
    #6701,#6702,#6703,#6704,#6705,#6706,#6707,#6708,#6709,#6710,#6711,
    #6712,#6713,#6714,#6715,#6716,#6717,#6718,#6719,#6720,#6721,#6722,
    #6723,#6724,#6725,#6726,#6727,#6728,#6729,#6730,#6731),
  .UNSPECIFIED.,.F.,.F.,(4,1,1,1,1,1,1,1,1,1,1,1,1,1,1,1,1,1,1,1,1,1,1,1
    ,1,1,1,1,1,1,1,1,1,1,1,1,1,1,1,1,1,1,1,1,4),(1.,1.006306272119,
    1.013374840337,1.021878472168,1.032180969574,1.044452099658,
    1.058755159554,1.075093119796,1.093431814394,1.113712075531,
    1.13585648416,1.159773361275,1.185359262256,1.212500620141,
    1.241074892928,1.270951425024,1.301992155141,1.334052256939,
    1.36698076855,1.400621245402,1.435038952021,1.469885112111,
    1.504935691107,1.540014560117,1.574944533616,1.609548394557,
    1.643649903707,1.677074783173,1.709651667609,1.74121301989,
    1.771596010901,1.800643365189,1.828204175673,1.854134691185,
    1.878299080448,1.900570175159,1.920830193118,1.93897144,
    1.954896985468,1.968521306216,1.979770885524,1.988584756409,
    1.994914973922,1.998727001814,2.),.UNSPECIFIED.);
#6685 = CARTESIAN_POINT('',(70.,0.));
#6686 = CARTESIAN_POINT('',(69.985065967616,-0.154371627608));
#6687 = CARTESIAN_POINT('',(69.884901794153,-0.455826733376));
#6688 = CARTESIAN_POINT('',(69.549887406694,-0.865066108194));
#6689 = CARTESIAN_POINT('',(69.050220033253,-1.223888152442));
#6690 = CARTESIAN_POINT('',(68.3881117116,-1.548514682247));
#6691 = CARTESIAN_POINT('',(67.564559654316,-1.839008249463));
#6692 = CARTESIAN_POINT('',(66.582156263726,-2.096488886987));
#6693 = CARTESIAN_POINT('',(65.445220257628,-2.320289671435));
#6694 = CARTESIAN_POINT('',(64.159242460503,-2.510217141616));
#6695 = CARTESIAN_POINT('',(62.730618973805,-2.66623764007));
#6696 = CARTESIAN_POINT('',(61.16646198881,-2.788759599027));
#6697 = CARTESIAN_POINT('',(59.47449174301,-2.87863322949));
#6698 = CARTESIAN_POINT('',(57.662960739146,-2.937198027128));
#6699 = CARTESIAN_POINT('',(55.740601219206,-2.966283665234));
#6700 = CARTESIAN_POINT('',(53.716586385196,-2.968192882475));
#6701 = CARTESIAN_POINT('',(51.600501100954,-2.945662472947));
#6702 = CARTESIAN_POINT('',(49.402319146232,-2.901784447325));
#6703 = CARTESIAN_POINT('',(47.132381424816,-2.839976327623));
#6704 = CARTESIAN_POINT('',(44.801382914119,-2.763664276834));
#6705 = CARTESIAN_POINT('',(42.414972671243,-2.676815790028));
#6706 = CARTESIAN_POINT('',(39.983518127446,-2.580893189715));
#6707 = CARTESIAN_POINT('',(37.519461115854,-2.466856131139));
#6708 = CARTESIAN_POINT('',(35.040355669468,-2.340596188121));
#6709 = CARTESIAN_POINT('',(32.559799815458,-2.204252711969));
#6710 = CARTESIAN_POINT('',(30.090235337652,-2.060686227632));
#6711 = CARTESIAN_POINT('',(27.644111466891,-1.912276743957));
#6712 = CARTESIAN_POINT('',(25.233809617659,-1.761219937012));
#6713 = CARTESIAN_POINT('',(22.871582154244,-1.609430575983));
#6714 = CARTESIAN_POINT('',(20.569486823713,-1.458572865689));
#6715 = CARTESIAN_POINT('',(18.339322632043,-1.310076424279));
#6716 = CARTESIAN_POINT('',(16.192566391204,-1.165170815044));
#6717 = CARTESIAN_POINT('',(14.14031071238,-1.024924823031));
#6718 = CARTESIAN_POINT('',(12.193203634834,-0.890288513875));
#6719 = CARTESIAN_POINT('',(10.361390078511,-0.762133160003));
#6720 = CARTESIAN_POINT('',(8.654455208553,-0.64128544855));
#6721 = CARTESIAN_POINT('',(7.081369793191,-0.528553000713));
#6722 = CARTESIAN_POINT('',(5.65043767744,-0.424739315164));
#6723 = CARTESIAN_POINT('',(4.369245587511,-0.330647380138));
#6724 = CARTESIAN_POINT('',(3.244615606127,-0.247072355625));
#6725 = CARTESIAN_POINT('',(2.282560797159,-0.174784786602));
#6726 = CARTESIAN_POINT('',(1.488244586266,-0.114506683588));
#6727 = CARTESIAN_POINT('',(0.865944600924,-6.68834253584E-02));
#6728 = CARTESIAN_POINT('',(0.419021721147,-3.245474898383E-02));
#6729 = CARTESIAN_POINT('',(0.14989507868,-1.162808309903E-02));
#6730 = CARTESIAN_POINT('',(3.001178076347E-02,-2.329244809639E-03));
#6731 = CARTESIAN_POINT('',(0.,0.));
#6732 = ( GEOMETRIC_REPRESENTATION_CONTEXT(2) 
PARAMETRIC_REPRESENTATION_CONTEXT() REPRESENTATION_CONTEXT('2D SPACE',''
  ) );
#6733 = ORIENTED_EDGE('',*,*,#21,.T.);
#6734 = ORIENTED_EDGE('',*,*,#6735,.T.);
#6735 = EDGE_CURVE('',#24,#6736,#6738,.T.);
#6736 = VERTEX_POINT('',#6737);
#6737 = CARTESIAN_POINT('',(65.709114152677,118.,-1.374690457293));
#6738 = SURFACE_CURVE('',#6739,(#6854,#6972),.PCURVE_S1.);
#6739 = B_SPLINE_CURVE_WITH_KNOTS('',8,(#6740,#6741,#6742,#6743,#6744,
    #6745,#6746,#6747,#6748,#6749,#6750,#6751,#6752,#6753,#6754,#6755,
    #6756,#6757,#6758,#6759,#6760,#6761,#6762,#6763,#6764,#6765,#6766,
    #6767,#6768,#6769,#6770,#6771,#6772,#6773,#6774,#6775,#6776,#6777,
    #6778,#6779,#6780,#6781,#6782,#6783,#6784,#6785,#6786,#6787,#6788,
    #6789,#6790,#6791,#6792,#6793,#6794,#6795,#6796,#6797,#6798,#6799,
    #6800,#6801,#6802,#6803,#6804,#6805,#6806,#6807,#6808,#6809,#6810,
    #6811,#6812,#6813,#6814,#6815,#6816,#6817,#6818,#6819,#6820,#6821,
    #6822,#6823,#6824,#6825,#6826,#6827,#6828,#6829,#6830,#6831,#6832,
    #6833,#6834,#6835,#6836,#6837,#6838,#6839,#6840,#6841,#6842,#6843,
    #6844,#6845,#6846,#6847,#6848,#6849,#6850,#6851,#6852,#6853),
  .UNSPECIFIED.,.F.,.F.,(9,7,7,7,7,7,7,7,7,7,7,7,7,7,7,7,9),(0.,
    0.126830352923,0.190861164737,0.280750524178,0.360788948385,
    0.455603650714,0.551649684421,0.623068530901,0.658777977352,
    0.69571879464,0.738816416601,0.773294497957,0.826243009733,
    0.880422983159,0.94075997139,0.969155303275,1.),.UNSPECIFIED.);
#6740 = CARTESIAN_POINT('',(88.695004838315,118.,-1.85875603107E-04));
#6741 = CARTESIAN_POINT('',(88.256821019046,118.,-3.419372510022E-02));
#6742 = CARTESIAN_POINT('',(87.818601871645,118.,-6.774564394448E-02));
#6743 = CARTESIAN_POINT('',(87.38035104614,118.,-0.100882576022));
#6744 = CARTESIAN_POINT('',(86.942071823527,118.,-0.133641963083));
#6745 = CARTESIAN_POINT('',(86.503767115767,118.,-0.166057744738));
#6746 = CARTESIAN_POINT('',(86.065439465789,118.,-0.198160358463));
#6747 = CARTESIAN_POINT('',(85.62709104749,118.,-0.229976739595));
#6748 = CARTESIAN_POINT('',(84.96741213675,118.,-0.277460273495));
#6749 = CARTESIAN_POINT('',(84.746095781378,118.,-0.293323161447));
#6750 = CARTESIAN_POINT('',(84.524774838002,118.,-0.309121984837));
#6751 = CARTESIAN_POINT('',(84.303449524239,118.,-0.324859489045));
#6752 = CARTESIAN_POINT('',(84.082120036935,118.,-0.340538165179));
#6753 = CARTESIAN_POINT('',(83.860786552167,118.,-0.356160250079));
#6754 = CARTESIAN_POINT('',(83.63944922524,118.,-0.371727726318));
#6755 = CARTESIAN_POINT('',(83.107379601606,118.,-0.409022415967));
#6756 = CARTESIAN_POINT('',(82.796643666181,118.,-0.430697642328));
#6757 = CARTESIAN_POINT('',(82.485900912635,118.,-0.452275088916));
#6758 = CARTESIAN_POINT('',(82.175151392724,118.,-0.473754880415));
#6759 = CARTESIAN_POINT('',(81.864395460527,118.,-0.495141695013));
#6760 = CARTESIAN_POINT('',(81.553633387167,118.,-0.51643901945));
#6761 = CARTESIAN_POINT('',(81.242864984397,118.,-0.537643580821));
#6762 = CARTESIAN_POINT('',(80.655373484039,118.,-0.577557352386));
#6763 = CARTESIAN_POINT('',(80.378651674052,118.,-0.596285361677));
#6764 = CARTESIAN_POINT('',(80.101924865542,118.,-0.614939503226));
#6765 = CARTESIAN_POINT('',(79.825193089581,118.,-0.633519898551));
#6766 = CARTESIAN_POINT('',(79.548456296454,118.,-0.652025420742));
#6767 = CARTESIAN_POINT('',(79.271714283949,118.,-0.670452663123));
#6768 = CARTESIAN_POINT('',(78.994966780286,118.,-0.688797164464));
#6769 = CARTESIAN_POINT('',(78.390367863575,118.,-0.728687632855));
#6770 = CARTESIAN_POINT('',(78.062514196585,118.,-0.750199225932));
#6771 = CARTESIAN_POINT('',(77.734651928192,118.,-0.771579721531));
#6772 = CARTESIAN_POINT('',(77.406781189363,118.,-0.792830299781));
#6773 = CARTESIAN_POINT('',(77.078901065342,118.,-0.813935687569));
#6774 = CARTESIAN_POINT('',(76.751010572877,118.,-0.834879345025));
#6775 = CARTESIAN_POINT('',(76.423109613736,118.,-0.85565811939));
#6776 = CARTESIAN_POINT('',(75.763025827435,118.,-0.897111445986));
#6777 = CARTESIAN_POINT('',(75.430842823918,118.,-0.917782561839));
#6778 = CARTESIAN_POINT('',(75.098646729777,118.,-0.938243650833));
#6779 = CARTESIAN_POINT('',(74.766438084357,118.,-0.958500347001));
#6780 = CARTESIAN_POINT('',(74.434213141464,118.,-0.978489175764));
#6781 = CARTESIAN_POINT('',(74.101973628804,118.,-0.998233821926));
#6782 = CARTESIAN_POINT('',(73.769716826555,118.,-1.017684401199));
#6783 = CARTESIAN_POINT('',(73.190365994701,118.,-1.051056046416));
#6784 = CARTESIAN_POINT('',(72.943279939793,118.,-1.065115336764));
#6785 = CARTESIAN_POINT('',(72.696183611445,118.,-1.078993956794));
#6786 = CARTESIAN_POINT('',(72.449076437192,118.,-1.092678936858));
#6787 = CARTESIAN_POINT('',(72.201957752118,118.,-1.106154844659));
#6788 = CARTESIAN_POINT('',(71.954826942526,118.,-1.119406227828));
#6789 = CARTESIAN_POINT('',(71.707683563631,118.,-1.132419927467));
#6790 = CARTESIAN_POINT('',(71.3369492848,118.,-1.151570934403));
#6791 = CARTESIAN_POINT('',(71.213367948678,118.,-1.157892722575));
#6792 = CARTESIAN_POINT('',(71.089783437537,118.,-1.164152418864));
#6793 = CARTESIAN_POINT('',(70.966195660239,118.,-1.170347435514));
#6794 = CARTESIAN_POINT('',(70.842604581764,118.,-1.17647627627));
#6795 = CARTESIAN_POINT('',(70.719010249812,118.,-1.182539120029));
#6796 = CARTESIAN_POINT('',(70.595412686161,118.,-1.188535517184));
#6797 = CARTESIAN_POINT('',(70.343948457684,118.,-1.200587146804));
#6798 = CARTESIAN_POINT('',(70.216081552735,118.,-1.206637439207));
#6799 = CARTESIAN_POINT('',(70.08821073865,118.,-1.21260503181));
#6800 = CARTESIAN_POINT('',(69.960335841517,118.,-1.218484879923));
#6801 = CARTESIAN_POINT('',(69.832456702779,118.,-1.224271938236));
#6802 = CARTESIAN_POINT('',(69.704573179231,118.,-1.229961160824));
#6803 = CARTESIAN_POINT('',(69.576685143025,118.,-1.235547501143));
#6804 = CARTESIAN_POINT('',(69.299584370536,118.,-1.247417391662));
#6805 = CARTESIAN_POINT('',(69.150369984318,118.,-1.253662072903));
#6806 = CARTESIAN_POINT('',(69.001150055694,118.,-1.259773545376));
#6807 = CARTESIAN_POINT('',(68.851925276297,118.,-1.265765373531));
#6808 = CARTESIAN_POINT('',(68.702696296708,118.,-1.271651096637));
#6809 = CARTESIAN_POINT('',(68.553463726454,118.,-1.277444228787));
#6810 = CARTESIAN_POINT('',(68.404228134011,118.,-1.283158258899));
#6811 = CARTESIAN_POINT('',(68.135599633185,118.,-1.293325362035));
#6812 = CARTESIAN_POINT('',(68.016207591264,118.,-1.297801046643));
#6813 = CARTESIAN_POINT('',(67.896813888899,118.,-1.302232382018));
#6814 = CARTESIAN_POINT('',(67.777418496129,118.,-1.306618045592));
#6815 = CARTESIAN_POINT('',(67.658021385177,118.,-1.310956714742));
#6816 = CARTESIAN_POINT('',(67.538622530454,118.,-1.315247066793));
#6817 = CARTESIAN_POINT('',(67.419221908549,118.,-1.319487779015));
#6818 = CARTESIAN_POINT('',(67.116451408149,118.,-1.330111790565));
#6819 = CARTESIAN_POINT('',(66.93307905994,118.,-1.336424891935));
#6820 = CARTESIAN_POINT('',(66.749702711029,118.,-1.342621726851));
#6821 = CARTESIAN_POINT('',(66.566321117812,118.,-1.348663139017));
#6822 = CARTESIAN_POINT('',(66.382934741037,118.,-1.354557699105));
#6823 = CARTESIAN_POINT('',(66.199542719058,118.,-1.360274388451));
#6824 = CARTESIAN_POINT('',(66.016145107314,118.,-1.365807068805));
#6825 = CARTESIAN_POINT('',(65.645072547944,118.,-1.376592489689));
#6826 = CARTESIAN_POINT('',(65.45739739441,118.,-1.381835664024));
#6827 = CARTESIAN_POINT('',(65.26971596524,118.,-1.386853414791));
#6828 = CARTESIAN_POINT('',(65.0820279389,118.,-1.391622883208));
#6829 = CARTESIAN_POINT('',(64.894333451699,118.,-1.396134523012));
#6830 = CARTESIAN_POINT('',(64.706632671415,118.,-1.400374680906));
#6831 = CARTESIAN_POINT('',(64.518925427491,118.,-1.404311745546));
#6832 = CARTESIAN_POINT('',(64.122166777132,118.,-1.411957588241));
#6833 = CARTESIAN_POINT('',(63.913114044295,118.,-1.415589167953));
#6834 = CARTESIAN_POINT('',(63.704053715449,118.,-1.418789926637));
#6835 = CARTESIAN_POINT('',(63.494986965118,118.,-1.421550619967));
#6836 = CARTESIAN_POINT('',(63.285913774559,118.,-1.423807343059));
#6837 = CARTESIAN_POINT('',(63.076835757626,118.,-1.425531747563));
#6838 = CARTESIAN_POINT('',(62.867754154952,118.,-1.426697507558));
#6839 = CARTESIAN_POINT('',(62.560273676862,118.,-1.427515177944));
#6840 = CARTESIAN_POINT('',(62.461876138589,118.,-1.427641809231));
#6841 = CARTESIAN_POINT('',(62.363478443366,118.,-1.427628496665));
#6842 = CARTESIAN_POINT('',(62.265080822267,118.,-1.42747032903));
#6843 = CARTESIAN_POINT('',(62.166683537806,118.,-1.427162395396));
#6844 = CARTESIAN_POINT('',(62.068286883932,118.,-1.42669978512));
#6845 = CARTESIAN_POINT('',(61.969891186033,118.,-1.426077587842));
#6846 = CARTESIAN_POINT('',(61.764614973318,118.,-1.424436339334));
#6847 = CARTESIAN_POINT('',(61.657734701407,118.,-1.423387891834));
#6848 = CARTESIAN_POINT('',(61.550856454104,118.,-1.422137168635));
#6849 = CARTESIAN_POINT('',(61.443980772391,118.,-1.420675785031));
#6850 = CARTESIAN_POINT('',(61.337108269324,118.,-1.418995353965));
#6851 = CARTESIAN_POINT('',(61.230239630035,118.,-1.417087486029));
#6852 = CARTESIAN_POINT('',(61.123375611735,118.,-1.414943789462));
#6853 = CARTESIAN_POINT('',(61.016517043708,118.,-1.412555870151));
#6854 = PCURVE('',#2197,#6855);
#6855 = DEFINITIONAL_REPRESENTATION('',(#6856),#6971);
#6856 = B_SPLINE_CURVE_WITH_KNOTS('',8,(#6857,#6858,#6859,#6860,#6861,
    #6862,#6863,#6864,#6865,#6866,#6867,#6868,#6869,#6870,#6871,#6872,
    #6873,#6874,#6875,#6876,#6877,#6878,#6879,#6880,#6881,#6882,#6883,
    #6884,#6885,#6886,#6887,#6888,#6889,#6890,#6891,#6892,#6893,#6894,
    #6895,#6896,#6897,#6898,#6899,#6900,#6901,#6902,#6903,#6904,#6905,
    #6906,#6907,#6908,#6909,#6910,#6911,#6912,#6913,#6914,#6915,#6916,
    #6917,#6918,#6919,#6920,#6921,#6922,#6923,#6924,#6925,#6926,#6927,
    #6928,#6929,#6930,#6931,#6932,#6933,#6934,#6935,#6936,#6937,#6938,
    #6939,#6940,#6941,#6942,#6943,#6944,#6945,#6946,#6947,#6948,#6949,
    #6950,#6951,#6952,#6953,#6954,#6955,#6956,#6957,#6958,#6959,#6960,
    #6961,#6962,#6963,#6964,#6965,#6966,#6967,#6968,#6969,#6970),
  .UNSPECIFIED.,.F.,.F.,(9,7,7,7,7,7,7,7,7,7,7,7,7,7,7,7,9),(0.,
    0.126830352923,0.190861164737,0.280750524178,0.360788948385,
    0.455603650714,0.551649684421,0.623068530901,0.658777977352,
    0.69571879464,0.738816416601,0.773294497957,0.826243009733,
    0.880422983159,0.94075997139,0.969155303275,1.),.UNSPECIFIED.);
#6857 = CARTESIAN_POINT('',(2.,0.658061624586));
#6858 = CARTESIAN_POINT('',(1.987125004855,0.658061670358));
#6859 = CARTESIAN_POINT('',(1.974250008816,0.658061715515));
#6860 = CARTESIAN_POINT('',(1.961375011597,0.658061760114));
#6861 = CARTESIAN_POINT('',(1.948500012943,0.658061804205));
#6862 = CARTESIAN_POINT('',(1.935625012633,0.658061847833));
#6863 = CARTESIAN_POINT('',(1.922750010474,0.65806189104));
#6864 = CARTESIAN_POINT('',(1.909875006306,0.658061933861));
#6865 = CARTESIAN_POINT('',(1.890500001483,0.658061997768));
#6866 = CARTESIAN_POINT('',(1.884000002555,0.658062019118));
#6867 = CARTESIAN_POINT('',(1.87750000321,0.658062040381));
#6868 = CARTESIAN_POINT('',(1.87100000344,0.658062061562));
#6869 = CARTESIAN_POINT('',(1.864500003239,0.658062082664));
#6870 = CARTESIAN_POINT('',(1.858000002603,0.658062103689));
#6871 = CARTESIAN_POINT('',(1.851500001525,0.658062124641));
#6872 = CARTESIAN_POINT('',(1.835875002879,0.658062174835));
#6873 = CARTESIAN_POINT('',(1.826750005096,0.658062204007));
#6874 = CARTESIAN_POINT('',(1.817625006222,0.658062233047));
#6875 = CARTESIAN_POINT('',(1.808500006623,0.658062261956));
#6876 = CARTESIAN_POINT('',(1.799375006221,0.65806229074));
#6877 = CARTESIAN_POINT('',(1.790250004892,0.658062319403));
#6878 = CARTESIAN_POINT('',(1.781125002937,0.658062347941));
#6879 = CARTESIAN_POINT('',(1.763875002108,0.658062401659));
#6880 = CARTESIAN_POINT('',(1.755750003718,0.658062426864));
#6881 = CARTESIAN_POINT('',(1.747625004554,0.65806245197));
#6882 = CARTESIAN_POINT('',(1.739500004762,0.658062476977));
#6883 = CARTESIAN_POINT('',(1.731375004464,0.658062501882));
#6884 = CARTESIAN_POINT('',(1.723250003601,0.658062526682));
#6885 = CARTESIAN_POINT('',(1.715125002046,0.658062551371));
#6886 = CARTESIAN_POINT('',(1.697375002282,0.658062605057));
#6887 = CARTESIAN_POINT('',(1.687750004439,0.658062634008));
#6888 = CARTESIAN_POINT('',(1.678125004317,0.658062662783));
#6889 = CARTESIAN_POINT('',(1.668500005226,0.658062691383));
#6890 = CARTESIAN_POINT('',(1.65887500526,0.658062719787));
#6891 = CARTESIAN_POINT('',(1.649250002907,0.658062747974));
#6892 = CARTESIAN_POINT('',(1.639625002118,0.658062775938));
#6893 = CARTESIAN_POINT('',(1.620250000737,0.658062831727));
#6894 = CARTESIAN_POINT('',(1.610500002153,0.658062859547));
#6895 = CARTESIAN_POINT('',(1.600749997751,0.658062887084));
#6896 = CARTESIAN_POINT('',(1.591000009347,0.658062914345));
#6897 = CARTESIAN_POINT('',(1.581249995778,0.658062941247));
#6898 = CARTESIAN_POINT('',(1.571500001836,0.658062967819));
#6899 = CARTESIAN_POINT('',(1.561750000661,0.658062993996));
#6900 = CARTESIAN_POINT('',(1.544749999417,0.658063038908));
#6901 = CARTESIAN_POINT('',(1.537499997995,0.658063057829));
#6902 = CARTESIAN_POINT('',(1.530250000506,0.658063076507));
#6903 = CARTESIAN_POINT('',(1.5230000032,0.658063094924));
#6904 = CARTESIAN_POINT('',(1.515750002972,0.65806311306));
#6905 = CARTESIAN_POINT('',(1.508500000963,0.658063130894));
#6906 = CARTESIAN_POINT('',(1.501250000588,0.658063148408));
#6907 = CARTESIAN_POINT('',(1.49037499735,0.658063174181));
#6908 = CARTESIAN_POINT('',(1.486749994983,0.658063182689));
#6909 = CARTESIAN_POINT('',(1.483124993447,0.658063191113));
#6910 = CARTESIAN_POINT('',(1.479499992205,0.65806319945));
#6911 = CARTESIAN_POINT('',(1.47587499144,0.658063207698));
#6912 = CARTESIAN_POINT('',(1.47224999234,0.658063215858));
#6913 = CARTESIAN_POINT('',(1.468624995865,0.658063223928));
#6914 = CARTESIAN_POINT('',(1.4612500032,0.658063240147));
#6915 = CARTESIAN_POINT('',(1.457500007034,0.658063248289));
#6916 = CARTESIAN_POINT('',(1.453750010164,0.65806325632));
#6917 = CARTESIAN_POINT('',(1.450000011704,0.658063264233));
#6918 = CARTESIAN_POINT('',(1.446250011218,0.658063272021));
#6919 = CARTESIAN_POINT('',(1.44250000872,0.658063279678));
#6920 = CARTESIAN_POINT('',(1.438750004676,0.658063287196));
#6921 = CARTESIAN_POINT('',(1.430624994363,0.65806330317));
#6922 = CARTESIAN_POINT('',(1.426249988339,0.658063311574));
#6923 = CARTESIAN_POINT('',(1.421874984388,0.658063319799));
#6924 = CARTESIAN_POINT('',(1.417499983802,0.658063327863));
#6925 = CARTESIAN_POINT('',(1.413124986702,0.658063335784));
#6926 = CARTESIAN_POINT('',(1.40874999204,0.65806334358));
#6927 = CARTESIAN_POINT('',(1.404374997602,0.65806335127));
#6928 = CARTESIAN_POINT('',(1.396500003565,0.658063364953));
#6929 = CARTESIAN_POINT('',(1.393000005516,0.658063370976));
#6930 = CARTESIAN_POINT('',(1.389500006072,0.658063376939));
#6931 = CARTESIAN_POINT('',(1.386000005514,0.658063382842));
#6932 = CARTESIAN_POINT('',(1.382500004186,0.658063388681));
#6933 = CARTESIAN_POINT('',(1.379000002498,0.658063394454));
#6934 = CARTESIAN_POINT('',(1.375500000924,0.658063400161));
#6935 = CARTESIAN_POINT('',(1.366624995567,0.658063414459));
#6936 = CARTESIAN_POINT('',(1.361249991823,0.658063422955));
#6937 = CARTESIAN_POINT('',(1.355874996731,0.658063431295));
#6938 = CARTESIAN_POINT('',(1.350499991501,0.658063439425));
#6939 = CARTESIAN_POINT('',(1.345124996832,0.658063447358));
#6940 = CARTESIAN_POINT('',(1.339749990427,0.658063455051));
#6941 = CARTESIAN_POINT('',(1.334374995172,0.658063462497));
#6942 = CARTESIAN_POINT('',(1.323499994696,0.658063477012));
#6943 = CARTESIAN_POINT('',(1.317999991319,0.658063484068));
#6944 = CARTESIAN_POINT('',(1.312499992758,0.658063490821));
#6945 = CARTESIAN_POINT('',(1.306999980688,0.658063497239));
#6946 = CARTESIAN_POINT('',(1.30149997538,0.658063503311));
#6947 = CARTESIAN_POINT('',(1.29599999026,0.658063509017));
#6948 = CARTESIAN_POINT('',(1.290499994889,0.658063514315));
#6949 = CARTESIAN_POINT('',(1.278874985426,0.658063524605));
#6950 = CARTESIAN_POINT('',(1.27274997589,0.658063529492));
#6951 = CARTESIAN_POINT('',(1.266624947499,0.6580635338));
#6952 = CARTESIAN_POINT('',(1.260499986264,0.658063537515));
#6953 = CARTESIAN_POINT('',(1.254374981852,0.658063540552));
#6954 = CARTESIAN_POINT('',(1.248249962188,0.658063542873));
#6955 = CARTESIAN_POINT('',(1.242124979558,0.658063544442));
#6956 = CARTESIAN_POINT('',(1.23311750897,0.658063545542));
#6957 = CARTESIAN_POINT('',(1.230235019288,0.658063545712));
#6958 = CARTESIAN_POINT('',(1.227352529329,0.658063545694));
#6959 = CARTESIAN_POINT('',(1.22447003839,0.658063545482));
#6960 = CARTESIAN_POINT('',(1.221587546687,0.658063545067));
#6961 = CARTESIAN_POINT('',(1.21870505536,0.658063544445));
#6962 = CARTESIAN_POINT('',(1.215822566468,0.658063543607));
#6963 = CARTESIAN_POINT('',(1.209808958169,0.658063541399));
#6964 = CARTESIAN_POINT('',(1.206677840952,0.658063539988));
#6965 = CARTESIAN_POINT('',(1.20354672585,0.658063538305));
#6966 = CARTESIAN_POINT('',(1.200415609511,0.658063536338));
#6967 = CARTESIAN_POINT('',(1.19728449073,0.658063534076));
#6968 = CARTESIAN_POINT('',(1.194153370446,0.658063531508));
#6969 = CARTESIAN_POINT('',(1.191022251743,0.658063528623));
#6970 = CARTESIAN_POINT('',(1.187891139849,0.65806352541));
#6971 = ( GEOMETRIC_REPRESENTATION_CONTEXT(2) 
PARAMETRIC_REPRESENTATION_CONTEXT() REPRESENTATION_CONTEXT('2D SPACE',''
  ) );
#6972 = PCURVE('',#6037,#6973);
#6973 = DEFINITIONAL_REPRESENTATION('',(#6974),#7089);
#6974 = B_SPLINE_CURVE_WITH_KNOTS('',8,(#6975,#6976,#6977,#6978,#6979,
    #6980,#6981,#6982,#6983,#6984,#6985,#6986,#6987,#6988,#6989,#6990,
    #6991,#6992,#6993,#6994,#6995,#6996,#6997,#6998,#6999,#7000,#7001,
    #7002,#7003,#7004,#7005,#7006,#7007,#7008,#7009,#7010,#7011,#7012,
    #7013,#7014,#7015,#7016,#7017,#7018,#7019,#7020,#7021,#7022,#7023,
    #7024,#7025,#7026,#7027,#7028,#7029,#7030,#7031,#7032,#7033,#7034,
    #7035,#7036,#7037,#7038,#7039,#7040,#7041,#7042,#7043,#7044,#7045,
    #7046,#7047,#7048,#7049,#7050,#7051,#7052,#7053,#7054,#7055,#7056,
    #7057,#7058,#7059,#7060,#7061,#7062,#7063,#7064,#7065,#7066,#7067,
    #7068,#7069,#7070,#7071,#7072,#7073,#7074,#7075,#7076,#7077,#7078,
    #7079,#7080,#7081,#7082,#7083,#7084,#7085,#7086,#7087,#7088),
  .UNSPECIFIED.,.F.,.F.,(9,7,7,7,7,7,7,7,7,7,7,7,7,7,7,7,9),(0.,
    0.126830352923,0.190861164737,0.280750524178,0.360788948385,
    0.455603650714,0.551649684421,0.623068530901,0.658777977352,
    0.69571879464,0.738816416601,0.773294497957,0.826243009733,
    0.880422983159,0.94075997139,0.969155303275,1.),.UNSPECIFIED.);
#6975 = CARTESIAN_POINT('',(6.329298823975,-1.858756031066E-04));
#6976 = CARTESIAN_POINT('',(6.767482643244,-3.419372510022E-02));
#6977 = CARTESIAN_POINT('',(7.205701790645,-6.774564394448E-02));
#6978 = CARTESIAN_POINT('',(7.64395261615,-0.100882576022));
#6979 = CARTESIAN_POINT('',(8.082231838763,-0.133641963083));
#6980 = CARTESIAN_POINT('',(8.520536546523,-0.166057744738));
#6981 = CARTESIAN_POINT('',(8.958864196501,-0.198160358463));
#6982 = CARTESIAN_POINT('',(9.3972126148,-0.229976739595));
#6983 = CARTESIAN_POINT('',(10.05689152554,-0.277460273495));
#6984 = CARTESIAN_POINT('',(10.278207880912,-0.293323161447));
#6985 = CARTESIAN_POINT('',(10.499528824288,-0.309121984837));
#6986 = CARTESIAN_POINT('',(10.72085413805,-0.324859489045));
#6987 = CARTESIAN_POINT('',(10.942183625354,-0.340538165179));
#6988 = CARTESIAN_POINT('',(11.163517110123,-0.356160250079));
#6989 = CARTESIAN_POINT('',(11.38485443705,-0.371727726318));
#6990 = CARTESIAN_POINT('',(11.916924060684,-0.409022415967));
#6991 = CARTESIAN_POINT('',(12.227659996109,-0.430697642328));
#6992 = CARTESIAN_POINT('',(12.538402749655,-0.452275088916));
#6993 = CARTESIAN_POINT('',(12.849152269566,-0.473754880415));
#6994 = CARTESIAN_POINT('',(13.159908201763,-0.495141695013));
#6995 = CARTESIAN_POINT('',(13.470670275123,-0.51643901945));
#6996 = CARTESIAN_POINT('',(13.781438677893,-0.537643580821));
#6997 = CARTESIAN_POINT('',(14.368930178251,-0.577557352386));
#6998 = CARTESIAN_POINT('',(14.645651988237,-0.596285361677));
#6999 = CARTESIAN_POINT('',(14.922378796748,-0.614939503226));
#7000 = CARTESIAN_POINT('',(15.199110572709,-0.633519898551));
#7001 = CARTESIAN_POINT('',(15.475847365836,-0.652025420742));
#7002 = CARTESIAN_POINT('',(15.752589378341,-0.670452663123));
#7003 = CARTESIAN_POINT('',(16.029336882004,-0.688797164464));
#7004 = CARTESIAN_POINT('',(16.633935798715,-0.728687632855));
#7005 = CARTESIAN_POINT('',(16.961789465704,-0.750199225932));
#7006 = CARTESIAN_POINT('',(17.289651734098,-0.771579721531));
#7007 = CARTESIAN_POINT('',(17.617522472926,-0.792830299781));
#7008 = CARTESIAN_POINT('',(17.945402596947,-0.813935687569));
#7009 = CARTESIAN_POINT('',(18.273293089413,-0.834879345025));
#7010 = CARTESIAN_POINT('',(18.601194048554,-0.85565811939));
#7011 = CARTESIAN_POINT('',(19.261277834855,-0.897111445986));
#7012 = CARTESIAN_POINT('',(19.593460838372,-0.917782561839));
#7013 = CARTESIAN_POINT('',(19.925656932513,-0.938243650833));
#7014 = CARTESIAN_POINT('',(20.257865577933,-0.958500347001));
#7015 = CARTESIAN_POINT('',(20.590090520826,-0.978489175764));
#7016 = CARTESIAN_POINT('',(20.922330033486,-0.998233821926));
#7017 = CARTESIAN_POINT('',(21.254586835735,-1.017684401199));
#7018 = CARTESIAN_POINT('',(21.833937667588,-1.051056046416));
#7019 = CARTESIAN_POINT('',(22.081023722497,-1.065115336764));
#7020 = CARTESIAN_POINT('',(22.328120050845,-1.078993956794));
#7021 = CARTESIAN_POINT('',(22.575227225098,-1.092678936858));
#7022 = CARTESIAN_POINT('',(22.822345910172,-1.106154844659));
#7023 = CARTESIAN_POINT('',(23.069476719764,-1.119406227828));
#7024 = CARTESIAN_POINT('',(23.316620098659,-1.132419927467));
#7025 = CARTESIAN_POINT('',(23.68735437749,-1.151570934403));
#7026 = CARTESIAN_POINT('',(23.810935713611,-1.157892722575));
#7027 = CARTESIAN_POINT('',(23.934520224753,-1.164152418864));
#7028 = CARTESIAN_POINT('',(24.058108002051,-1.170347435514));
#7029 = CARTESIAN_POINT('',(24.181699080526,-1.17647627627));
#7030 = CARTESIAN_POINT('',(24.305293412478,-1.182539120029));
#7031 = CARTESIAN_POINT('',(24.428890976129,-1.188535517184));
#7032 = CARTESIAN_POINT('',(24.680355204606,-1.200587146804));
#7033 = CARTESIAN_POINT('',(24.808222109555,-1.206637439207));
#7034 = CARTESIAN_POINT('',(24.93609292364,-1.21260503181));
#7035 = CARTESIAN_POINT('',(25.063967820772,-1.218484879923));
#7036 = CARTESIAN_POINT('',(25.191846959511,-1.224271938236));
#7037 = CARTESIAN_POINT('',(25.319730483058,-1.229961160824));
#7038 = CARTESIAN_POINT('',(25.447618519265,-1.235547501143));
#7039 = CARTESIAN_POINT('',(25.724719291754,-1.247417391662));
#7040 = CARTESIAN_POINT('',(25.873933677972,-1.253662072903));
#7041 = CARTESIAN_POINT('',(26.023153606596,-1.259773545376));
#7042 = CARTESIAN_POINT('',(26.172378385992,-1.265765373531));
#7043 = CARTESIAN_POINT('',(26.321607365582,-1.271651096637));
#7044 = CARTESIAN_POINT('',(26.470839935836,-1.277444228787));
#7045 = CARTESIAN_POINT('',(26.620075528278,-1.283158258899));
#7046 = CARTESIAN_POINT('',(26.888704029105,-1.293325362035));
#7047 = CARTESIAN_POINT('',(27.008096071026,-1.297801046643));
#7048 = CARTESIAN_POINT('',(27.127489773391,-1.302232382018));
#7049 = CARTESIAN_POINT('',(27.246885166161,-1.306618045592));
#7050 = CARTESIAN_POINT('',(27.366282277112,-1.310956714742));
#7051 = CARTESIAN_POINT('',(27.485681131836,-1.315247066793));
#7052 = CARTESIAN_POINT('',(27.60508175374,-1.319487779015));
#7053 = CARTESIAN_POINT('',(27.90785225414,-1.330111790565));
#7054 = CARTESIAN_POINT('',(28.09122460235,-1.336424891935));
#7055 = CARTESIAN_POINT('',(28.274600951261,-1.342621726851));
#7056 = CARTESIAN_POINT('',(28.457982544478,-1.348663139017));
#7057 = CARTESIAN_POINT('',(28.641368921252,-1.354557699105));
#7058 = CARTESIAN_POINT('',(28.824760943232,-1.360274388451));
#7059 = CARTESIAN_POINT('',(29.008158554976,-1.365807068805));
#7060 = CARTESIAN_POINT('',(29.379231114346,-1.376592489689));
#7061 = CARTESIAN_POINT('',(29.56690626788,-1.381835664024));
#7062 = CARTESIAN_POINT('',(29.75458769705,-1.386853414791));
#7063 = CARTESIAN_POINT('',(29.94227572339,-1.391622883208));
#7064 = CARTESIAN_POINT('',(30.129970210591,-1.396134523012));
#7065 = CARTESIAN_POINT('',(30.317670990875,-1.400374680906));
#7066 = CARTESIAN_POINT('',(30.505378234798,-1.404311745546));
#7067 = CARTESIAN_POINT('',(30.902136885158,-1.411957588241));
#7068 = CARTESIAN_POINT('',(31.111189617995,-1.415589167953));
#7069 = CARTESIAN_POINT('',(31.320249946841,-1.418789926637));
#7070 = CARTESIAN_POINT('',(31.529316697172,-1.421550619967));
#7071 = CARTESIAN_POINT('',(31.738389887731,-1.423807343059));
#7072 = CARTESIAN_POINT('',(31.947467904664,-1.425531747563));
#7073 = CARTESIAN_POINT('',(32.156549507337,-1.426697507558));
#7074 = CARTESIAN_POINT('',(32.464029985427,-1.427515177944));
#7075 = CARTESIAN_POINT('',(32.5624275237,-1.427641809231));
#7076 = CARTESIAN_POINT('',(32.660825218924,-1.427628496665));
#7077 = CARTESIAN_POINT('',(32.759222840023,-1.42747032903));
#7078 = CARTESIAN_POINT('',(32.857620124484,-1.427162395396));
#7079 = CARTESIAN_POINT('',(32.956016778358,-1.42669978512));
#7080 = CARTESIAN_POINT('',(33.054412476257,-1.426077587842));
#7081 = CARTESIAN_POINT('',(33.259688688972,-1.424436339334));
#7082 = CARTESIAN_POINT('',(33.366568960883,-1.423387891834));
#7083 = CARTESIAN_POINT('',(33.473447208185,-1.422137168635));
#7084 = CARTESIAN_POINT('',(33.580322889898,-1.420675785031));
#7085 = CARTESIAN_POINT('',(33.687195392966,-1.418995353965));
#7086 = CARTESIAN_POINT('',(33.794064032254,-1.417087486029));
#7087 = CARTESIAN_POINT('',(33.900928050555,-1.414943789462));
#7088 = CARTESIAN_POINT('',(34.007786618582,-1.412555870151));
#7089 = ( GEOMETRIC_REPRESENTATION_CONTEXT(2) 
PARAMETRIC_REPRESENTATION_CONTEXT() REPRESENTATION_CONTEXT('2D SPACE',''
  ) );
#7090 = ORIENTED_EDGE('',*,*,#7091,.F.);
#7091 = EDGE_CURVE('',#7092,#6736,#7094,.T.);
#7092 = VERTEX_POINT('',#7093);
#7093 = CARTESIAN_POINT('',(68.257025266516,124.79391076266,
    -1.288770629395));
#7094 = SURFACE_CURVE('',#7095,(#7259,#7426),.PCURVE_S1.);
#7095 = B_SPLINE_CURVE_WITH_KNOTS('',8,(#7096,#7097,#7098,#7099,#7100,
    #7101,#7102,#7103,#7104,#7105,#7106,#7107,#7108,#7109,#7110,#7111,
    #7112,#7113,#7114,#7115,#7116,#7117,#7118,#7119,#7120,#7121,#7122,
    #7123,#7124,#7125,#7126,#7127,#7128,#7129,#7130,#7131,#7132,#7133,
    #7134,#7135,#7136,#7137,#7138,#7139,#7140,#7141,#7142,#7143,#7144,
    #7145,#7146,#7147,#7148,#7149,#7150,#7151,#7152,#7153,#7154,#7155,
    #7156,#7157,#7158,#7159,#7160,#7161,#7162,#7163,#7164,#7165,#7166,
    #7167,#7168,#7169,#7170,#7171,#7172,#7173,#7174,#7175,#7176,#7177,
    #7178,#7179,#7180,#7181,#7182,#7183,#7184,#7185,#7186,#7187,#7188,
    #7189,#7190,#7191,#7192,#7193,#7194,#7195,#7196,#7197,#7198,#7199,
    #7200,#7201,#7202,#7203,#7204,#7205,#7206,#7207,#7208,#7209,#7210,
    #7211,#7212,#7213,#7214,#7215,#7216,#7217,#7218,#7219,#7220,#7221,
    #7222,#7223,#7224,#7225,#7226,#7227,#7228,#7229,#7230,#7231,#7232,
    #7233,#7234,#7235,#7236,#7237,#7238,#7239,#7240,#7241,#7242,#7243,
    #7244,#7245,#7246,#7247,#7248,#7249,#7250,#7251,#7252,#7253,#7254,
    #7255,#7256,#7257,#7258),.UNSPECIFIED.,.F.,.F.,(9,7,7,7,7,7,7,7,7,7,
    7,7,7,7,7,7,7,7,7,7,7,7,7,9),(0.,5.025304982409E-02,0.10973719756,
    0.138137237012,0.165293679586,0.196207855733,0.225892347734,
    0.258897984915,0.292362165116,0.316377021663,0.334548597487,
    0.390367908889,0.429004320598,0.457888516957,0.480040080625,
    0.503490123702,0.544867996267,0.575936385538,0.672677970761,
    0.716935528378,0.856797659052,0.89714289805,0.924708614164,1.),
  .UNSPECIFIED.);
#7096 = CARTESIAN_POINT('',(68.257025266516,124.79391076266,
    -1.288770629395));
#7097 = CARTESIAN_POINT('',(68.227052399694,124.75867785619,
    -1.289788949629));
#7098 = CARTESIAN_POINT('',(68.197422487841,124.72315203209,
    -1.29079407819));
#7099 = CARTESIAN_POINT('',(68.168146889864,124.68733115073,
    -1.291785857062));
#7100 = CARTESIAN_POINT('',(68.139236934326,124.65121339393,
    -1.292764130693));
#7101 = CARTESIAN_POINT('',(68.110703919453,124.61479726497,
    -1.293728745996));
#7102 = CARTESIAN_POINT('',(68.08255911313,124.57808158857,
    -1.294679552348));
#7103 = CARTESIAN_POINT('',(68.054813752903,124.54106551091,
    -1.295616401591));
#7104 = CARTESIAN_POINT('',(67.995122957453,124.45957679247,
    -1.297631400087));
#7105 = CARTESIAN_POINT('',(67.963343872464,124.41498201878,
    -1.298703851973));
#7106 = CARTESIAN_POINT('',(67.932149135288,124.36997312696,
    -1.299756521209));
#7107 = CARTESIAN_POINT('',(67.901595895293,124.32452409131,
    -1.300788216172));
#7108 = CARTESIAN_POINT('',(67.871632572354,124.27868453737,
    -1.301800398117));
#7109 = CARTESIAN_POINT('',(67.842319904899,124.23242785339,
    -1.302791757119));
#7110 = CARTESIAN_POINT('',(67.813641391351,124.18578020184,
    -1.303762873188));
#7111 = CARTESIAN_POINT('',(67.772243443384,124.11628239835,
    -1.305167080853));
#7112 = CARTESIAN_POINT('',(67.759014621595,124.09373532799,
    -1.30561616587));
#7113 = CARTESIAN_POINT('',(67.745937287899,124.07109974451,
    -1.306060519434));
#7114 = CARTESIAN_POINT('',(67.733012908682,124.04837637064,
    -1.306500122015));
#7115 = CARTESIAN_POINT('',(67.720242692289,124.02556612349,
    -1.306934959504));
#7116 = CARTESIAN_POINT('',(67.707628319612,124.00266970936,
    -1.307365005273));
#7117 = CARTESIAN_POINT('',(67.695172674664,123.97968721859,
    -1.307790202238));
#7118 = CARTESIAN_POINT('',(67.671126987668,123.93455826428,
    -1.308612279552));
#7119 = CARTESIAN_POINT('',(67.659522904699,123.91241926622,
    -1.309009584872));
#7120 = CARTESIAN_POINT('',(67.648072441477,123.89020013771,
    -1.30940227088));
#7121 = CARTESIAN_POINT('',(67.636779137165,123.86790065306,
    -1.309790260633));
#7122 = CARTESIAN_POINT('',(67.625645954863,123.84552094926,
    -1.310173490262));
#7123 = CARTESIAN_POINT('',(67.614675281608,123.82306152605,
    -1.310551908966));
#7124 = CARTESIAN_POINT('',(67.603868928373,123.80052324586,
    -1.310925479016));
#7125 = CARTESIAN_POINT('',(67.581114807224,123.75216203389,
    -1.31171389326));
#7126 = CARTESIAN_POINT('',(67.56921555341,123.72631604102,
    -1.31212730796));
#7127 = CARTESIAN_POINT('',(67.557531436647,123.70037173033,
    -1.312534401071));
#7128 = CARTESIAN_POINT('',(67.546062037102,123.67433190414,
    -1.312935189515));
#7129 = CARTESIAN_POINT('',(67.53480481073,123.64820007141,
    -1.313329741826));
#7130 = CARTESIAN_POINT('',(67.523754452919,123.62198072713,
    -1.313718194063));
#7131 = CARTESIAN_POINT('',(67.51290226213,123.59567963162,
    -1.314100765723));
#7132 = CARTESIAN_POINT('',(67.491993538867,123.54397749588,
    -1.314839776738));
#7133 = CARTESIAN_POINT('',(67.481925560374,123.51858074337,
    -1.315196575656));
#7134 = CARTESIAN_POINT('',(67.472036022231,123.49311374495,
    -1.315548063048));
#7135 = CARTESIAN_POINT('',(67.46232871114,123.46757673792,
    -1.315894144563));
#7136 = CARTESIAN_POINT('',(67.45280674633,123.44197028443,
    -1.316234740859));
#7137 = CARTESIAN_POINT('',(67.44347257956,123.41629527146,
    -1.316569787598));
#7138 = CARTESIAN_POINT('',(67.434327995115,123.39055291083,
    -1.316899235451));
#7139 = CARTESIAN_POINT('',(67.415418321316,123.33604915579,
    -1.317583096895));
#7140 = CARTESIAN_POINT('',(67.405697809136,123.30727208243,
    -1.317936192396));
#7141 = CARTESIAN_POINT('',(67.396213540342,123.27841602765,
    -1.318282303448));
#7142 = CARTESIAN_POINT('',(67.386964655311,123.24948386669,
    -1.318621441098));
#7143 = CARTESIAN_POINT('',(67.377947984583,123.22047899383,
    -1.318953673625));
#7144 = CARTESIAN_POINT('',(67.369157565702,123.19140547473,
    -1.319279139571));
#7145 = CARTESIAN_POINT('',(67.360584160071,123.16226819879,
    -1.319598060776));
#7146 = CARTESIAN_POINT('',(67.343729457913,123.10347215819,
    -1.320227785033));
#7147 = CARTESIAN_POINT('',(67.335455723567,123.07381087843,
    -1.320538368442));
#7148 = CARTESIAN_POINT('',(67.327397277186,123.04409021479,
    -1.32084239587));
#7149 = CARTESIAN_POINT('',(67.319556398639,123.01431154615,
    -1.321139792887));
#7150 = CARTESIAN_POINT('',(67.311933937243,122.98447660768,
    -1.321430520405));
#7151 = CARTESIAN_POINT('',(67.304529311753,122.95458749086,
    -1.321714574674));
#7152 = CARTESIAN_POINT('',(67.297340510371,122.92464664348,
    -1.321991987281));
#7153 = CARTESIAN_POINT('',(67.28535751638,122.87313536901,
    -1.322457188726));
#7154 = CARTESIAN_POINT('',(67.280459960682,122.85158866546,
    -1.322648176613));
#7155 = CARTESIAN_POINT('',(67.275670025326,122.83001780926,
    -1.322835816814));
#7156 = CARTESIAN_POINT('',(67.270985612456,122.80842393235,
    -1.323020156031));
#7157 = CARTESIAN_POINT('',(67.266403924684,122.78680824834,
    -1.323201259669));
#7158 = CARTESIAN_POINT('',(67.261921465088,122.76517205249,
    -1.323379211837));
#7159 = CARTESIAN_POINT('',(67.257534037209,122.74351672175,
    -1.323554115348));
#7160 = CARTESIAN_POINT('',(67.24998467975,122.70544424791,
    -1.323856233236));
#7161 = CARTESIAN_POINT('',(67.246785603707,122.68903440942,
    -1.323984662526));
#7162 = CARTESIAN_POINT('',(67.243634379753,122.67261534765,
    -1.324111512133));
#7163 = CARTESIAN_POINT('',(67.240528937289,122.65618762846,
    -1.324236834104));
#7164 = CARTESIAN_POINT('',(67.237469107854,122.63975145152,
    -1.324360630553));
#7165 = CARTESIAN_POINT('',(67.234455460689,122.62330686662,
    -1.324482884232));
#7166 = CARTESIAN_POINT('',(67.231488138302,122.60685399003,
    -1.324603589104));
#7167 = CARTESIAN_POINT('',(67.219588901194,122.53982908889,
    -1.325088904372));
#7168 = CARTESIAN_POINT('',(67.211039531186,122.48918926661,
    -1.325440646861));
#7169 = CARTESIAN_POINT('',(67.202906139032,122.43848103771,
    -1.325778243707));
#7170 = CARTESIAN_POINT('',(67.195168993759,122.38771182205,
    -1.326102151036));
#7171 = CARTESIAN_POINT('',(67.187798538381,122.3368894072,
    -1.326413098043));
#7172 = CARTESIAN_POINT('',(67.18075385189,122.28602218009,
    -1.326712139265));
#7173 = CARTESIAN_POINT('',(67.173981111245,122.23511935852,
    -1.327000706855));
#7174 = CARTESIAN_POINT('',(67.162865512746,122.14894028608,
    -1.327474429697));
#7175 = CARTESIAN_POINT('',(67.158413712453,122.11367735543,
    -1.327664150491));
#7176 = CARTESIAN_POINT('',(67.154049698088,122.07840362696,
    -1.3278500153));
#7177 = CARTESIAN_POINT('',(67.14976514375,122.04312037622,
    -1.328032256409));
#7178 = CARTESIAN_POINT('',(67.145550352031,122.00782895817,
    -1.328211148325));
#7179 = CARTESIAN_POINT('',(67.141394254022,121.9725308072,
    -1.328387007779));
#7180 = CARTESIAN_POINT('',(67.137284409306,121.93722743709,
    -1.328560193724));
#7181 = CARTESIAN_POINT('',(67.130158669487,121.87552529538,
    -1.328858884059));
#7182 = CARTESIAN_POINT('',(67.127128534521,121.84912813478,
    -1.328985389636));
#7183 = CARTESIAN_POINT('',(67.124110700091,121.82272962512,
    -1.329110795859));
#7184 = CARTESIAN_POINT('',(67.121098546761,121.79633051499,
    -1.329235296656));
#7185 = CARTESIAN_POINT('',(67.118085141103,121.76993158969,
    -1.329359096747));
#7186 = CARTESIAN_POINT('',(67.115063640165,121.74353362525,
    -1.329482400311));
#7187 = CARTESIAN_POINT('',(67.11202769595,121.71713734251,
    -1.329605399638));
#7188 = CARTESIAN_POINT('',(67.10662809777,121.6705015915,
    -1.329822495408));
#7189 = CARTESIAN_POINT('',(67.104272155193,121.65026123394,
    -1.329916661077));
#7190 = CARTESIAN_POINT('',(67.101901571944,121.63002258319,
    -1.330010836665));
#7191 = CARTESIAN_POINT('',(67.099511571907,121.60978620786,
    -1.330105164606));
#7192 = CARTESIAN_POINT('',(67.097099066489,121.58955248728,
    -1.330199740353));
#7193 = CARTESIAN_POINT('',(67.094663654049,121.56932149727,
    -1.330294583832));
#7194 = CARTESIAN_POINT('',(67.092205615324,121.54909324483,
    -1.330389695909));
#7195 = CARTESIAN_POINT('',(67.087090760186,121.50745768459,
    -1.330586296026));
#7196 = CARTESIAN_POINT('',(67.084431772,121.48605064631,-1.330687801853
    ));
#7197 = CARTESIAN_POINT('',(67.081742005842,121.46464741312,
    -1.330789782807));
#7198 = CARTESIAN_POINT('',(67.079019471629,121.44324828273,
    -1.330892306345));
#7199 = CARTESIAN_POINT('',(67.076262123642,121.42185357448,
    -1.330995441916));
#7200 = CARTESIAN_POINT('',(67.073467860529,121.40046362926,
    -1.331099260967));
#7201 = CARTESIAN_POINT('',(67.070634525298,121.37907880955,
    -1.331203836937));
#7202 = CARTESIAN_POINT('',(67.062687541972,121.31997546757,
    -1.331495241451));
#7203 = CARTESIAN_POINT('',(67.057486830938,121.2822686292,
    -1.331683823202));
#7204 = CARTESIAN_POINT('',(67.052145417149,121.24458106427,
    -1.331875411262));
#7205 = CARTESIAN_POINT('',(67.046650694633,121.20691513874,
    -1.332070436942));
#7206 = CARTESIAN_POINT('',(67.040989806527,121.16927350463,
    -1.332269342113));
#7207 = CARTESIAN_POINT('',(67.03514964507,121.13165909992,
    -1.332472579212));
#7208 = CARTESIAN_POINT('',(67.029116851607,121.09407514863,
    -1.332680611236));
#7209 = CARTESIAN_POINT('',(67.018193074536,121.02833095322,
    -1.333054072876));
#7210 = CARTESIAN_POINT('',(67.013393097166,121.00015569069,
    -1.333217173891));
#7211 = CARTESIAN_POINT('',(67.008470504212,120.97200126671,
    -1.3333834616));
#7212 = CARTESIAN_POINT('',(67.003419323821,120.94386934956,
    -1.333553143465));
#7213 = CARTESIAN_POINT('',(66.998235851204,120.91576128145,
    -1.33372636133));
#7214 = CARTESIAN_POINT('',(66.99291819314,120.88767818083,
    -1.33390320401));
#7215 = CARTESIAN_POINT('',(66.98746449833,120.85962124774,
    -1.334083758717));
#7216 = CARTESIAN_POINT('',(66.964449667348,120.74431479843,
    -1.334842510285));
#7217 = CARTESIAN_POINT('',(66.945671187266,120.6573042195,
    -1.335454277503));
#7218 = CARTESIAN_POINT('',(66.925446571827,120.57060679095,
    -1.336107068052));
#7219 = CARTESIAN_POINT('',(66.903698552729,120.48427072479,
    -1.336804111602));
#7220 = CARTESIAN_POINT('',(66.880364377492,120.39834516761,
    -1.337548153387));
#7221 = CARTESIAN_POINT('',(66.855399732045,120.31287917873,
    -1.338341305153));
#7222 = CARTESIAN_POINT('',(66.828782663305,120.22792070816,
    -1.339184896102));
#7223 = CARTESIAN_POINT('',(66.787586678226,120.10490172947,
    -1.340488509454));
#7224 = CARTESIAN_POINT('',(66.774310472732,120.06640301854,
    -1.340908349369));
#7225 = CARTESIAN_POINT('',(66.760691205085,120.02802277112,
    -1.341338826105));
#7226 = CARTESIAN_POINT('',(66.746732447274,119.98976380177,
    -1.341779879273));
#7227 = CARTESIAN_POINT('',(66.732437201006,119.95162899138,
    -1.342231459404));
#7228 = CARTESIAN_POINT('',(66.717808449607,119.9136210472,
    -1.342693511622));
#7229 = CARTESIAN_POINT('',(66.702852084337,119.87574144193,
    -1.343165889174));
#7230 = CARTESIAN_POINT('',(66.639325445036,119.71868274361,
    -1.345172444272));
#7231 = CARTESIAN_POINT('',(66.587916819358,119.60064995767,
    -1.346796358464));
#7232 = CARTESIAN_POINT('',(66.533635073989,119.48388991368,
    -1.348512221282));
#7233 = CARTESIAN_POINT('',(66.47684288481,119.36833342895,
    -1.350312763301));
#7234 = CARTESIAN_POINT('',(66.417834502979,119.25390616168,
    -1.352179827466));
#7235 = CARTESIAN_POINT('',(66.357035685417,119.1404431747,
    -1.354106922134));
#7236 = CARTESIAN_POINT('',(66.294788172764,119.02778456359,
    -1.356078391114));
#7237 = CARTESIAN_POINT('',(66.213236489609,118.88338057789,
    -1.358661895344));
#7238 = CARTESIAN_POINT('',(66.194891268163,118.85110028671,
    -1.359243055663));
#7239 = CARTESIAN_POINT('',(66.176468411177,118.81886410106,
    -1.359826687257));
#7240 = CARTESIAN_POINT('',(66.157977655876,118.78666674801,
    -1.360412489178));
#7241 = CARTESIAN_POINT('',(66.139428930574,118.75450274544,
    -1.361000158102));
#7242 = CARTESIAN_POINT('',(66.120832354677,118.72236640203,
    -1.361589388329));
#7243 = CARTESIAN_POINT('',(66.102198238676,118.69025181731,
    -1.362179871788));
#7244 = CARTESIAN_POINT('',(66.070786929021,118.63622141737,
    -1.363175387593));
#7245 = CARTESIAN_POINT('',(66.058024186808,118.61429726101,
    -1.363579916464));
#7246 = CARTESIAN_POINT('',(66.045252209172,118.59237846885,
    -1.363984785646));
#7247 = CARTESIAN_POINT('',(66.032474426891,118.57046304924,
    -1.364389894708));
#7248 = CARTESIAN_POINT('',(66.019694349858,118.54854896252,
    -1.364795141782));
#7249 = CARTESIAN_POINT('',(66.006915567087,118.52663412107,
    -1.365200423563));
#7250 = CARTESIAN_POINT('',(65.99414174671,118.50471638927,
    -1.365605635309));
#7251 = CARTESIAN_POINT('',(65.946510885395,118.42291483935,
    -1.367116957554));
#7252 = CARTESIAN_POINT('',(65.911710869568,118.36300025678,
    -1.36822190535));
#7253 = CARTESIAN_POINT('',(65.877052882096,118.30300237322,
    -1.369323357395));
#7254 = CARTESIAN_POINT('',(65.842618788772,118.24287355017,
    -1.370419044037));
#7255 = CARTESIAN_POINT('',(65.808498892818,118.18256436721,
    -1.371506505352));
#7256 = CARTESIAN_POINT('',(65.774794800114,118.122022016,
    -1.372583013677));
#7257 = CARTESIAN_POINT('',(65.741622284434,118.06118869432,
    -1.373645496159));
#7258 = CARTESIAN_POINT('',(65.709114152677,118.,-1.374690457293));
#7259 = PCURVE('',#2197,#7260);
#7260 = DEFINITIONAL_REPRESENTATION('',(#7261),#7425);
#7261 = B_SPLINE_CURVE_WITH_KNOTS('',8,(#7262,#7263,#7264,#7265,#7266,
    #7267,#7268,#7269,#7270,#7271,#7272,#7273,#7274,#7275,#7276,#7277,
    #7278,#7279,#7280,#7281,#7282,#7283,#7284,#7285,#7286,#7287,#7288,
    #7289,#7290,#7291,#7292,#7293,#7294,#7295,#7296,#7297,#7298,#7299,
    #7300,#7301,#7302,#7303,#7304,#7305,#7306,#7307,#7308,#7309,#7310,
    #7311,#7312,#7313,#7314,#7315,#7316,#7317,#7318,#7319,#7320,#7321,
    #7322,#7323,#7324,#7325,#7326,#7327,#7328,#7329,#7330,#7331,#7332,
    #7333,#7334,#7335,#7336,#7337,#7338,#7339,#7340,#7341,#7342,#7343,
    #7344,#7345,#7346,#7347,#7348,#7349,#7350,#7351,#7352,#7353,#7354,
    #7355,#7356,#7357,#7358,#7359,#7360,#7361,#7362,#7363,#7364,#7365,
    #7366,#7367,#7368,#7369,#7370,#7371,#7372,#7373,#7374,#7375,#7376,
    #7377,#7378,#7379,#7380,#7381,#7382,#7383,#7384,#7385,#7386,#7387,
    #7388,#7389,#7390,#7391,#7392,#7393,#7394,#7395,#7396,#7397,#7398,
    #7399,#7400,#7401,#7402,#7403,#7404,#7405,#7406,#7407,#7408,#7409,
    #7410,#7411,#7412,#7413,#7414,#7415,#7416,#7417,#7418,#7419,#7420,
    #7421,#7422,#7423,#7424),.UNSPECIFIED.,.F.,.F.,(9,7,7,7,7,7,7,7,7,7,
    7,7,7,7,7,7,7,7,7,7,7,7,7,9),(0.,5.025304982409E-02,0.10973719756,
    0.138137237012,0.165293679586,0.196207855733,0.225892347734,
    0.258897984915,0.292362165116,0.316377021663,0.334548597487,
    0.390367908889,0.429004320598,0.457888516957,0.480040080625,
    0.503490123702,0.544867996267,0.575936385538,0.672677970761,
    0.716935528378,0.856797659052,0.89714289805,0.924708614164,1.),
  .UNSPECIFIED.);
#7262 = CARTESIAN_POINT('',(1.326238185085,0.695998654912));
#7263 = CARTESIAN_POINT('',(1.325634460837,0.695808532326));
#7264 = CARTESIAN_POINT('',(1.325046577227,0.695616668333));
#7265 = CARTESIAN_POINT('',(1.324474929053,0.695423048001));
#7266 = CARTESIAN_POINT('',(1.323919905295,0.695227658171));
#7267 = CARTESIAN_POINT('',(1.323381889117,0.695030487457));
#7268 = CARTESIAN_POINT('',(1.322861257866,0.694831526249));
#7269 = CARTESIAN_POINT('',(1.32235838307,0.694630766709));
#7270 = CARTESIAN_POINT('',(1.321299824408,0.694188430244));
#7271 = CARTESIAN_POINT('',(1.320751474251,0.693946121815));
#7272 = CARTESIAN_POINT('',(1.320228737834,0.693701321045));
#7273 = CARTESIAN_POINT('',(1.319733666953,0.693453881191));
#7274 = CARTESIAN_POINT('',(1.319264172885,0.693204067331));
#7275 = CARTESIAN_POINT('',(1.318822410208,0.692951730573));
#7276 = CARTESIAN_POINT('',(1.318407601149,0.692697009229));
#7277 = CARTESIAN_POINT('',(1.317835677812,0.692317139767));
#7278 = CARTESIAN_POINT('',(1.317657135419,0.692193842051));
#7279 = CARTESIAN_POINT('',(1.317484942752,0.692070002899));
#7280 = CARTESIAN_POINT('',(1.317319136601,0.691945625885));
#7281 = CARTESIAN_POINT('',(1.317159743384,0.691820715675));
#7282 = CARTESIAN_POINT('',(1.317006806005,0.691695275794));
#7283 = CARTESIAN_POINT('',(1.316860410695,0.691569306411));
#7284 = CARTESIAN_POINT('',(1.316587143649,0.691321836497));
#7285 = CARTESIAN_POINT('',(1.316459696969,0.691200381861));
#7286 = CARTESIAN_POINT('',(1.316338505371,0.691078434683));
#7287 = CARTESIAN_POINT('',(1.316223678427,0.690955993449));
#7288 = CARTESIAN_POINT('',(1.316115303745,0.69083305865));
#7289 = CARTESIAN_POINT('',(1.316013446966,0.690709632787));
#7290 = CARTESIAN_POINT('',(1.315918151766,0.690585720368));
#7291 = CARTESIAN_POINT('',(1.315728448244,0.690319723139));
#7292 = CARTESIAN_POINT('',(1.315635974155,0.690177495801));
#7293 = CARTESIAN_POINT('',(1.315552020181,0.690034658664));
#7294 = CARTESIAN_POINT('',(1.315476537707,0.689891226885));
#7295 = CARTESIAN_POINT('',(1.315409404281,0.689747219578));
#7296 = CARTESIAN_POINT('',(1.315350400987,0.689602661371));
#7297 = CARTESIAN_POINT('',(1.315299189824,0.689457583966));
#7298 = CARTESIAN_POINT('',(1.31521315606,0.689172260166));
#7299 = CARTESIAN_POINT('',(1.315177872572,0.689032042751));
#7300 = CARTESIAN_POINT('',(1.315149571891,0.688891374978));
#7301 = CARTESIAN_POINT('',(1.315128360764,0.688750258189));
#7302 = CARTESIAN_POINT('',(1.315114321395,0.688608695549));
#7303 = CARTESIAN_POINT('',(1.315107511452,0.688466692045));
#7304 = CARTESIAN_POINT('',(1.315107964061,0.688324254484));
#7305 = CARTESIAN_POINT('',(1.315124271233,0.688022545042));
#7306 = CARTESIAN_POINT('',(1.315141830391,0.687863171937));
#7307 = CARTESIAN_POINT('',(1.315168355272,0.687703286263));
#7308 = CARTESIAN_POINT('',(1.315203774859,0.687542904186));
#7309 = CARTESIAN_POINT('',(1.315247940723,0.687382044816));
#7310 = CARTESIAN_POINT('',(1.315300610613,0.687220731066));
#7311 = CARTESIAN_POINT('',(1.315361432044,0.68705899051));
#7312 = CARTESIAN_POINT('',(1.315499383254,0.68673246889));
#7313 = CARTESIAN_POINT('',(1.315576794733,0.686567671849));
#7314 = CARTESIAN_POINT('',(1.315662247544,0.686402471318));
#7315 = CARTESIAN_POINT('',(1.315755780539,0.686236875529));
#7316 = CARTESIAN_POINT('',(1.31585738421,0.686070894745));
#7317 = CARTESIAN_POINT('',(1.315967000683,0.685904541259));
#7318 = CARTESIAN_POINT('',(1.316084523724,0.685737829395));
#7319 = CARTESIAN_POINT('',(1.316299696519,0.685450892967));
#7320 = CARTESIAN_POINT('',(1.316393575776,0.685330834259));
#7321 = CARTESIAN_POINT('',(1.316491375337,0.685210605508));
#7322 = CARTESIAN_POINT('',(1.316593011664,0.685090213311));
#7323 = CARTESIAN_POINT('',(1.316698378854,0.684969664738));
#7324 = CARTESIAN_POINT('',(1.316807348641,0.684848967329));
#7325 = CARTESIAN_POINT('',(1.316919770392,0.684728129097));
#7326 = CARTESIAN_POINT('',(1.317123006884,0.684515622872));
#7327 = CARTESIAN_POINT('',(1.317212465186,0.684424010046));
#7328 = CARTESIAN_POINT('',(1.317303672996,0.684332326607));
#7329 = CARTESIAN_POINT('',(1.317396557735,0.684240575869));
#7330 = CARTESIAN_POINT('',(1.317491109172,0.684148759107));
#7331 = CARTESIAN_POINT('',(1.317587341336,0.68405687676));
#7332 = CARTESIAN_POINT('',(1.317685254425,0.683964929643));
#7333 = CARTESIAN_POINT('',(1.318090581702,0.683590285708));
#7334 = CARTESIAN_POINT('',(1.318411875144,0.683307055887));
#7335 = CARTESIAN_POINT('',(1.318748161779,0.683023276185));
#7336 = CARTESIAN_POINT('',(1.319098670037,0.682738993112));
#7337 = CARTESIAN_POINT('',(1.319462324194,0.682454255483));
#7338 = CARTESIAN_POINT('',(1.319837696533,0.682169115702));
#7339 = CARTESIAN_POINT('',(1.320222959494,0.681883631065));
#7340 = CARTESIAN_POINT('',(1.320887787565,0.681400066329));
#7341 = CARTESIAN_POINT('',(1.321163297974,0.681202133555));
#7342 = CARTESIAN_POINT('',(1.321442117477,0.681004075358));
#7343 = CARTESIAN_POINT('',(1.321723952338,0.68080590085));
#7344 = CARTESIAN_POINT('',(1.322008466665,0.680607619611));
#7345 = CARTESIAN_POINT('',(1.322295282415,0.680409241696));
#7346 = CARTESIAN_POINT('',(1.322583979392,0.680210777632));
#7347 = CARTESIAN_POINT('',(1.32309097953,0.679863812549));
#7348 = CARTESIAN_POINT('',(1.323308658945,0.679715344744));
#7349 = CARTESIAN_POINT('',(1.323526936461,0.679566839598));
#7350 = CARTESIAN_POINT('',(1.323745592545,0.679418302179));
#7351 = CARTESIAN_POINT('',(1.323964397971,0.67926973777));
#7352 = CARTESIAN_POINT('',(1.324183126627,0.679121151608));
#7353 = CARTESIAN_POINT('',(1.32440156832,0.678972548625));
#7354 = CARTESIAN_POINT('',(1.32478670062,0.678709958746));
#7355 = CARTESIAN_POINT('',(1.324953568891,0.678595977307));
#7356 = CARTESIAN_POINT('',(1.325120064225,0.67848199093));
#7357 = CARTESIAN_POINT('',(1.325286031284,0.678368003216));
#7358 = CARTESIAN_POINT('',(1.325451368145,0.678254016702));
#7359 = CARTESIAN_POINT('',(1.325616057857,0.678140032215));
#7360 = CARTESIAN_POINT('',(1.325780104974,0.678026050199));
#7361 = CARTESIAN_POINT('',(1.326116226612,0.67779141659));
#7362 = CARTESIAN_POINT('',(1.326288240771,0.677670765001));
#7363 = CARTESIAN_POINT('',(1.326459353186,0.677550121263));
#7364 = CARTESIAN_POINT('',(1.326629495651,0.677429487531));
#7365 = CARTESIAN_POINT('',(1.326798598103,0.677308866085));
#7366 = CARTESIAN_POINT('',(1.326966588615,0.677188259328));
#7367 = CARTESIAN_POINT('',(1.3271333934,0.677067669783));
#7368 = CARTESIAN_POINT('',(1.327591038039,0.676734353542));
#7369 = CARTESIAN_POINT('',(1.327879217444,0.676521669037));
#7370 = CARTESIAN_POINT('',(1.328163053681,0.676309060963));
#7371 = CARTESIAN_POINT('',(1.328442115399,0.676096545314));
#7372 = CARTESIAN_POINT('',(1.328715961245,0.6758841397));
#7373 = CARTESIAN_POINT('',(1.328984139863,0.675671863346));
#7374 = CARTESIAN_POINT('',(1.329246189894,0.675459737094));
#7375 = CARTESIAN_POINT('',(1.329693437431,0.675088639103));
#7376 = CARTESIAN_POINT('',(1.329881547743,0.674929590943));
#7377 = CARTESIAN_POINT('',(1.330065717803,0.674770650724));
#7378 = CARTESIAN_POINT('',(1.330245740078,0.674611828979));
#7379 = CARTESIAN_POINT('',(1.330421479421,0.674453134396));
#7380 = CARTESIAN_POINT('',(1.330592858046,0.674294574394));
#7381 = CARTESIAN_POINT('',(1.330759798656,0.674136156847));
#7382 = CARTESIAN_POINT('',(1.331427599807,0.67348508604));
#7383 = CARTESIAN_POINT('',(1.331888637562,0.672993745318));
#7384 = CARTESIAN_POINT('',(1.332301831856,0.672504164912));
#7385 = CARTESIAN_POINT('',(1.332664097384,0.672016649291));
#7386 = CARTESIAN_POINT('',(1.33297279938,0.671531507129));
#7387 = CARTESIAN_POINT('',(1.333225882313,0.671049045154));
#7388 = CARTESIAN_POINT('',(1.333421998566,0.670569562002));
#7389 = CARTESIAN_POINT('',(1.33362406124,0.669875479944));
#7390 = CARTESIAN_POINT('',(1.333675449953,0.669658296977));
#7391 = CARTESIAN_POINT('',(1.333714823518,0.669441814441));
#7392 = CARTESIAN_POINT('',(1.3337422461,0.669226050618));
#7393 = CARTESIAN_POINT('',(1.333757765023,0.669011024067));
#7394 = CARTESIAN_POINT('',(1.33376142998,0.668796752272));
#7395 = CARTESIAN_POINT('',(1.333753392225,0.66858324567));
#7396 = CARTESIAN_POINT('',(1.333673002988,0.667698176511));
#7397 = CARTESIAN_POINT('',(1.333498742969,0.667033461121));
#7398 = CARTESIAN_POINT('',(1.333219518744,0.666376401752));
#7399 = CARTESIAN_POINT('',(1.332844326566,0.665726886331));
#7400 = CARTESIAN_POINT('',(1.332389511295,0.665083909767));
#7401 = CARTESIAN_POINT('',(1.331864751783,0.6644470133));
#7402 = CARTESIAN_POINT('',(1.331285846247,0.663814963202));
#7403 = CARTESIAN_POINT('',(1.330487516616,0.663005367256));
#7404 = CARTESIAN_POINT('',(1.3303054194,0.662824421966));
#7405 = CARTESIAN_POINT('',(1.330120299365,0.662643757184));
#7406 = CARTESIAN_POINT('',(1.329932512724,0.662463342754));
#7407 = CARTESIAN_POINT('',(1.32974242263,0.66228314738));
#7408 = CARTESIAN_POINT('',(1.329550399175,0.662103138632));
#7409 = CARTESIAN_POINT('',(1.329356819394,0.661923282944));
#7410 = CARTESIAN_POINT('',(1.329029003706,0.661620740834));
#7411 = CARTESIAN_POINT('',(1.32889539386,0.661497991319));
#7412 = CARTESIAN_POINT('',(1.328761360204,0.661375286031));
#7413 = CARTESIAN_POINT('',(1.328627027842,0.661252613669));
#7414 = CARTESIAN_POINT('',(1.328492524514,0.661129962671));
#7415 = CARTESIAN_POINT('',(1.328357980585,0.661007321214));
#7416 = CARTESIAN_POINT('',(1.32822352905,0.660884677215));
#7417 = CARTESIAN_POINT('',(1.327722699661,0.6604269946));
#7418 = CARTESIAN_POINT('',(1.327357795498,0.660091871066));
#7419 = CARTESIAN_POINT('',(1.326997386184,0.659756379583));
#7420 = CARTESIAN_POINT('',(1.326644419081,0.659420251429));
#7421 = CARTESIAN_POINT('',(1.326302095322,0.659083208318));
#7422 = CARTESIAN_POINT('',(1.325973969363,0.658744953427));
#7423 = CARTESIAN_POINT('',(1.325664048534,0.658405162416));
#7424 = CARTESIAN_POINT('',(1.325376892587,0.658063474452));
#7425 = ( GEOMETRIC_REPRESENTATION_CONTEXT(2) 
PARAMETRIC_REPRESENTATION_CONTEXT() REPRESENTATION_CONTEXT('2D SPACE',''
  ) );
#7426 = PCURVE('',#7427,#8180);
#7427 = ( BOUNDED_SURFACE() B_SPLINE_SURFACE(3,3,(
    (#7428,#7429,#7430,#7431,#7432,#7433,#7434,#7435,#7436,#7437,#7438
      ,#7439,#7440,#7441,#7442,#7443)
    ,(#7444,#7445,#7446,#7447,#7448,#7449,#7450,#7451,#7452,#7453,#7454
      ,#7455,#7456,#7457,#7458,#7459)
    ,(#7460,#7461,#7462,#7463,#7464,#7465,#7466,#7467,#7468,#7469,#7470
      ,#7471,#7472,#7473,#7474,#7475)
    ,(#7476,#7477,#7478,#7479,#7480,#7481,#7482,#7483,#7484,#7485,#7486
      ,#7487,#7488,#7489,#7490,#7491)
    ,(#7492,#7493,#7494,#7495,#7496,#7497,#7498,#7499,#7500,#7501,#7502
      ,#7503,#7504,#7505,#7506,#7507)
    ,(#7508,#7509,#7510,#7511,#7512,#7513,#7514,#7515,#7516,#7517,#7518
      ,#7519,#7520,#7521,#7522,#7523)
    ,(#7524,#7525,#7526,#7527,#7528,#7529,#7530,#7531,#7532,#7533,#7534
      ,#7535,#7536,#7537,#7538,#7539)
    ,(#7540,#7541,#7542,#7543,#7544,#7545,#7546,#7547,#7548,#7549,#7550
      ,#7551,#7552,#7553,#7554,#7555)
    ,(#7556,#7557,#7558,#7559,#7560,#7561,#7562,#7563,#7564,#7565,#7566
      ,#7567,#7568,#7569,#7570,#7571)
    ,(#7572,#7573,#7574,#7575,#7576,#7577,#7578,#7579,#7580,#7581,#7582
      ,#7583,#7584,#7585,#7586,#7587)
    ,(#7588,#7589,#7590,#7591,#7592,#7593,#7594,#7595,#7596,#7597,#7598
      ,#7599,#7600,#7601,#7602,#7603)
    ,(#7604,#7605,#7606,#7607,#7608,#7609,#7610,#7611,#7612,#7613,#7614
      ,#7615,#7616,#7617,#7618,#7619)
    ,(#7620,#7621,#7622,#7623,#7624,#7625,#7626,#7627,#7628,#7629,#7630
      ,#7631,#7632,#7633,#7634,#7635)
    ,(#7636,#7637,#7638,#7639,#7640,#7641,#7642,#7643,#7644,#7645,#7646
      ,#7647,#7648,#7649,#7650,#7651)
    ,(#7652,#7653,#7654,#7655,#7656,#7657,#7658,#7659,#7660,#7661,#7662
      ,#7663,#7664,#7665,#7666,#7667)
    ,(#7668,#7669,#7670,#7671,#7672,#7673,#7674,#7675,#7676,#7677,#7678
      ,#7679,#7680,#7681,#7682,#7683)
    ,(#7684,#7685,#7686,#7687,#7688,#7689,#7690,#7691,#7692,#7693,#7694
      ,#7695,#7696,#7697,#7698,#7699)
    ,(#7700,#7701,#7702,#7703,#7704,#7705,#7706,#7707,#7708,#7709,#7710
      ,#7711,#7712,#7713,#7714,#7715)
    ,(#7716,#7717,#7718,#7719,#7720,#7721,#7722,#7723,#7724,#7725,#7726
      ,#7727,#7728,#7729,#7730,#7731)
    ,(#7732,#7733,#7734,#7735,#7736,#7737,#7738,#7739,#7740,#7741,#7742
      ,#7743,#7744,#7745,#7746,#7747)
    ,(#7748,#7749,#7750,#7751,#7752,#7753,#7754,#7755,#7756,#7757,#7758
      ,#7759,#7760,#7761,#7762,#7763)
    ,(#7764,#7765,#7766,#7767,#7768,#7769,#7770,#7771,#7772,#7773,#7774
      ,#7775,#7776,#7777,#7778,#7779)
    ,(#7780,#7781,#7782,#7783,#7784,#7785,#7786,#7787,#7788,#7789,#7790
      ,#7791,#7792,#7793,#7794,#7795)
    ,(#7796,#7797,#7798,#7799,#7800,#7801,#7802,#7803,#7804,#7805,#7806
      ,#7807,#7808,#7809,#7810,#7811)
    ,(#7812,#7813,#7814,#7815,#7816,#7817,#7818,#7819,#7820,#7821,#7822
      ,#7823,#7824,#7825,#7826,#7827)
    ,(#7828,#7829,#7830,#7831,#7832,#7833,#7834,#7835,#7836,#7837,#7838
      ,#7839,#7840,#7841,#7842,#7843)
    ,(#7844,#7845,#7846,#7847,#7848,#7849,#7850,#7851,#7852,#7853,#7854
      ,#7855,#7856,#7857,#7858,#7859)
    ,(#7860,#7861,#7862,#7863,#7864,#7865,#7866,#7867,#7868,#7869,#7870
      ,#7871,#7872,#7873,#7874,#7875)
    ,(#7876,#7877,#7878,#7879,#7880,#7881,#7882,#7883,#7884,#7885,#7886
      ,#7887,#7888,#7889,#7890,#7891)
    ,(#7892,#7893,#7894,#7895,#7896,#7897,#7898,#7899,#7900,#7901,#7902
      ,#7903,#7904,#7905,#7906,#7907)
    ,(#7908,#7909,#7910,#7911,#7912,#7913,#7914,#7915,#7916,#7917,#7918
      ,#7919,#7920,#7921,#7922,#7923)
    ,(#7924,#7925,#7926,#7927,#7928,#7929,#7930,#7931,#7932,#7933,#7934
      ,#7935,#7936,#7937,#7938,#7939)
    ,(#7940,#7941,#7942,#7943,#7944,#7945,#7946,#7947,#7948,#7949,#7950
      ,#7951,#7952,#7953,#7954,#7955)
    ,(#7956,#7957,#7958,#7959,#7960,#7961,#7962,#7963,#7964,#7965,#7966
      ,#7967,#7968,#7969,#7970,#7971)
    ,(#7972,#7973,#7974,#7975,#7976,#7977,#7978,#7979,#7980,#7981,#7982
      ,#7983,#7984,#7985,#7986,#7987)
    ,(#7988,#7989,#7990,#7991,#7992,#7993,#7994,#7995,#7996,#7997,#7998
      ,#7999,#8000,#8001,#8002,#8003)
    ,(#8004,#8005,#8006,#8007,#8008,#8009,#8010,#8011,#8012,#8013,#8014
      ,#8015,#8016,#8017,#8018,#8019)
    ,(#8020,#8021,#8022,#8023,#8024,#8025,#8026,#8027,#8028,#8029,#8030
      ,#8031,#8032,#8033,#8034,#8035)
    ,(#8036,#8037,#8038,#8039,#8040,#8041,#8042,#8043,#8044,#8045,#8046
      ,#8047,#8048,#8049,#8050,#8051)
    ,(#8052,#8053,#8054,#8055,#8056,#8057,#8058,#8059,#8060,#8061,#8062
      ,#8063,#8064,#8065,#8066,#8067)
    ,(#8068,#8069,#8070,#8071,#8072,#8073,#8074,#8075,#8076,#8077,#8078
      ,#8079,#8080,#8081,#8082,#8083)
    ,(#8084,#8085,#8086,#8087,#8088,#8089,#8090,#8091,#8092,#8093,#8094
      ,#8095,#8096,#8097,#8098,#8099)
    ,(#8100,#8101,#8102,#8103,#8104,#8105,#8106,#8107,#8108,#8109,#8110
      ,#8111,#8112,#8113,#8114,#8115)
    ,(#8116,#8117,#8118,#8119,#8120,#8121,#8122,#8123,#8124,#8125,#8126
      ,#8127,#8128,#8129,#8130,#8131)
    ,(#8132,#8133,#8134,#8135,#8136,#8137,#8138,#8139,#8140,#8141,#8142
      ,#8143,#8144,#8145,#8146,#8147)
    ,(#8148,#8149,#8150,#8151,#8152,#8153,#8154,#8155,#8156,#8157,#8158
      ,#8159,#8160,#8161,#8162,#8163)
    ,(#8164,#8165,#8166,#8167,#8168,#8169,#8170,#8171,#8172,#8173,#8174
      ,#8175,#8176,#8177,#8178,#8179
)),.UNSPECIFIED.,.F.,.F.,.F.) B_SPLINE_SURFACE_WITH_KNOTS((4,1,1,1,1,1,1
    ,1,1,1,1,1,1,1,1,1,1,1,1,1,1,1,1,1,1,1,1,1,1,1,1,1,1,1,1,1,1,1,1,1,1
    ,1,1,1,4),(4,1,1,1,1,1,1,1,1,1,1,1,1,4),(1.,1.006306272119,
    1.013374840337,1.021878472168,1.032180969574,1.044452099658,
    1.058755159554,1.075093119796,1.093431814394,1.113712075531,
    1.13585648416,1.159773361275,1.185359262256,1.212500620141,
    1.241074892928,1.270951425024,1.301992155141,1.334052256939,
    1.36698076855,1.400621245402,1.435038952021,1.469885112111,
    1.504935691107,1.540014560117,1.574944533616,1.609548394557,
    1.643649903707,1.677074783173,1.709651667609,1.74121301989,
    1.771596010901,1.800643365189,1.828204175673,1.854134691185,
    1.878299080448,1.900570175159,1.920830193118,1.93897144,
    1.954896985468,1.968521306216,1.979770885524,1.988584756409,
    1.994914973922,1.998727001814,2.),(0.,8.536980790611E-02,
    0.166039155355,0.243755625141,0.319600958915,0.39415936203,
    0.467723648023,0.540484457584,0.612929923622,0.685806247237,
    0.759703979589,0.835617182777,0.915045351616,1.),.UNSPECIFIED.) 
GEOMETRIC_REPRESENTATION_ITEM() RATIONAL_B_SPLINE_SURFACE((
    (1.,0.999999999993,1.000000000003,0.999999999999,1.,1.,1.,1.,1.,1.
      ,1.,1.000000000001,0.999999999998,1.00000000001,0.999999999977,1.)
    ,(1.,0.999999999993,1.000000000003,0.999999999999,1.,1.,1.,1.,1.,1.
      ,1.,1.000000000001,0.999999999998,1.00000000001,0.999999999977,1.)
    ,(1.,0.999999999993,1.000000000003,0.999999999999,1.,1.,1.,1.,1.,1.
      ,1.,1.000000000001,0.999999999998,1.00000000001,0.999999999977,1.)
    ,(1.,0.999999999993,1.000000000003,0.999999999999,1.,1.,1.,1.,1.,1.
      ,1.,1.000000000001,0.999999999998,1.00000000001,0.999999999977,1.)
    ,(1.,0.999999999993,1.000000000003,0.999999999999,1.,1.,1.,1.,1.,1.
      ,1.,1.000000000001,0.999999999998,1.00000000001,0.999999999977,1.)
    ,(1.,0.999999999993,1.000000000003,0.999999999999,1.,1.,1.,1.,1.,1.
      ,1.,1.000000000001,0.999999999998,1.00000000001,0.999999999977,1.)
    ,(1.,0.999999999993,1.000000000003,0.999999999999,1.,1.,1.,1.,1.,1.
      ,1.,1.000000000001,0.999999999998,1.00000000001,0.999999999977,1.)
    ,(1.,0.999999999993,1.000000000003,0.999999999999,1.,1.,1.,1.,1.,1.
      ,1.,1.000000000001,0.999999999998,1.00000000001,0.999999999977,1.)
    ,(1.,0.999999999993,1.000000000003,0.999999999999,1.,1.,1.,1.,1.,1.
      ,1.,1.000000000001,0.999999999998,1.00000000001,0.999999999977,1.)
    ,(1.,0.999999999993,1.000000000003,0.999999999999,1.,1.,1.,1.,1.,1.
      ,1.,1.000000000001,0.999999999998,1.00000000001,0.999999999977,1.)
    ,(1.,0.999999999993,1.000000000003,0.999999999999,1.,1.,1.,1.,1.,1.
      ,1.,1.000000000001,0.999999999998,1.00000000001,0.999999999977,1.)
    ,(1.,0.999999999993,1.000000000003,0.999999999999,1.,1.,1.,1.,1.,1.
      ,1.,1.000000000001,0.999999999998,1.00000000001,0.999999999977,1.)
    ,(1.,0.999999999993,1.000000000003,0.999999999999,1.,1.,1.,1.,1.,1.
      ,1.,1.000000000001,0.999999999998,1.00000000001,0.999999999977,1.)
    ,(1.,0.999999999993,1.000000000003,0.999999999999,1.,1.,1.,1.,1.,1.
      ,1.,1.000000000001,0.999999999998,1.00000000001,0.999999999977,1.)
    ,(1.,0.999999999993,1.000000000003,0.999999999999,1.,1.,1.,1.,1.,1.
      ,1.,1.000000000001,0.999999999998,1.00000000001,0.999999999977,1.)
    ,(1.,0.999999999993,1.000000000003,0.999999999999,1.,1.,1.,1.,1.,1.
      ,1.,1.000000000001,0.999999999998,1.00000000001,0.999999999977,1.)
    ,(1.,0.999999999993,1.000000000003,0.999999999999,1.,1.,1.,1.,1.,1.
      ,1.,1.000000000001,0.999999999998,1.00000000001,0.999999999977,1.)
    ,(1.,0.999999999993,1.000000000003,0.999999999999,1.,1.,1.,1.,1.,1.
      ,1.,1.000000000001,0.999999999998,1.00000000001,0.999999999977,1.)
    ,(1.,0.999999999993,1.000000000003,0.999999999999,1.,1.,1.,1.,1.,1.
      ,1.,1.000000000001,0.999999999998,1.00000000001,0.999999999977,1.)
    ,(1.,0.999999999993,1.000000000003,0.999999999999,1.,1.,1.,1.,1.,1.
      ,1.,1.000000000001,0.999999999998,1.00000000001,0.999999999977,1.)
    ,(1.,0.999999999993,1.000000000003,0.999999999999,1.,1.,1.,1.,1.,1.
      ,1.,1.000000000001,0.999999999998,1.00000000001,0.999999999977,1.)
    ,(1.,0.999999999993,1.000000000003,0.999999999999,1.,1.,1.,1.,1.,1.
      ,1.,1.000000000001,0.999999999998,1.00000000001,0.999999999977,1.)
    ,(1.,0.999999999993,1.000000000003,0.999999999999,1.,1.,1.,1.,1.,1.
      ,1.,1.000000000001,0.999999999998,1.00000000001,0.999999999977,1.)
    ,(1.,0.999999999993,1.000000000003,0.999999999999,1.,1.,1.,1.,1.,1.
      ,1.,1.000000000001,0.999999999998,1.00000000001,0.999999999977,1.)
    ,(1.,0.999999999993,1.000000000003,0.999999999999,1.,1.,1.,1.,1.,1.
      ,1.,1.000000000001,0.999999999998,1.00000000001,0.999999999977,1.)
    ,(1.,0.999999999993,1.000000000003,0.999999999999,1.,1.,1.,1.,1.,1.
      ,1.,1.000000000001,0.999999999998,1.00000000001,0.999999999977,1.)
    ,(1.,0.999999999993,1.000000000003,0.999999999999,1.,1.,1.,1.,1.,1.
      ,1.,1.000000000001,0.999999999998,1.00000000001,0.999999999977,1.)
    ,(1.,0.999999999993,1.000000000003,0.999999999999,1.,1.,1.,1.,1.,1.
      ,1.,1.000000000001,0.999999999998,1.00000000001,0.999999999977,1.)
    ,(1.,0.999999999993,1.000000000003,0.999999999999,1.,1.,1.,1.,1.,1.
      ,1.,1.000000000001,0.999999999998,1.00000000001,0.999999999977,1.)
    ,(1.,0.999999999993,1.000000000003,0.999999999999,1.,1.,1.,1.,1.,1.
      ,1.,1.000000000001,0.999999999998,1.00000000001,0.999999999977,1.)
    ,(1.,0.999999999993,1.000000000003,0.999999999999,1.,1.,1.,1.,1.,1.
      ,1.,1.000000000001,0.999999999998,1.00000000001,0.999999999977,1.)
    ,(1.,0.999999999993,1.000000000003,0.999999999999,1.,1.,1.,1.,1.,1.
      ,1.,1.000000000001,0.999999999998,1.00000000001,0.999999999977,1.)
    ,(1.,0.999999999993,1.000000000003,0.999999999999,1.,1.,1.,1.,1.,1.
      ,1.,1.000000000001,0.999999999998,1.00000000001,0.999999999977,1.)
    ,(1.,0.999999999993,1.000000000003,0.999999999999,1.,1.,1.,1.,1.,1.
      ,1.,1.000000000001,0.999999999998,1.00000000001,0.999999999977,1.)
    ,(1.,0.999999999993,1.000000000003,0.999999999999,1.,1.,1.,1.,1.,1.
      ,1.,1.000000000001,0.999999999998,1.00000000001,0.999999999977,1.)
    ,(1.,0.999999999993,1.000000000003,0.999999999999,1.,1.,1.,1.,1.,1.
      ,1.,1.000000000001,0.999999999998,1.00000000001,0.999999999977,1.)
    ,(1.,0.999999999993,1.000000000003,0.999999999999,1.,1.,1.,1.,1.,1.
      ,1.,1.000000000001,0.999999999998,1.00000000001,0.999999999977,1.)
    ,(1.,0.999999999993,1.000000000003,0.999999999999,1.,1.,1.,1.,1.,1.
      ,1.,1.000000000001,0.999999999998,1.00000000001,0.999999999977,1.)
    ,(1.,0.999999999993,1.000000000003,0.999999999999,1.,1.,1.,1.,1.,1.
      ,1.,1.000000000001,0.999999999998,1.00000000001,0.999999999977,1.)
    ,(1.,0.999999999993,1.000000000003,0.999999999999,1.,1.,1.,1.,1.,1.
      ,1.,1.000000000001,0.999999999998,1.00000000001,0.999999999977,1.)
    ,(1.,0.999999999993,1.000000000003,0.999999999999,1.,1.,1.,1.,1.,1.
      ,1.,1.000000000001,0.999999999998,1.00000000001,0.999999999977,1.)
    ,(1.,0.999999999993,1.000000000003,0.999999999999,1.,1.,1.,1.,1.,1.
      ,1.,1.000000000001,0.999999999998,1.00000000001,0.999999999977,1.)
    ,(1.,0.999999999993,1.000000000003,0.999999999999,1.,1.,1.,1.,1.,1.
      ,1.,1.000000000001,0.999999999998,1.00000000001,0.999999999977,1.)
    ,(1.,0.999999999993,1.000000000003,0.999999999999,1.,1.,1.,1.,1.,1.
      ,1.,1.000000000001,0.999999999998,1.00000000001,0.999999999977,1.)
    ,(1.,0.999999999993,1.000000000003,0.999999999999,1.,1.,1.,1.,1.,1.
      ,1.,1.000000000001,0.999999999998,1.00000000001,0.999999999977,1.)
    ,(1.,0.999999999993,1.000000000003,0.999999999999,1.,1.,1.,1.,1.,1.
      ,1.,1.000000000001,0.999999999998,1.00000000001,0.999999999977,1.)
    ,(1.,0.999999999993,1.000000000003,0.999999999999,1.,1.,1.,1.,1.,1.
      ,1.,1.000000000001,0.999999999998,1.00000000001,0.999999999977,1.
))) REPRESENTATION_ITEM('') SURFACE() );
#7428 = CARTESIAN_POINT('',(61.02430366229,118.,0.));
#7429 = CARTESIAN_POINT('',(61.69113577172,118.6426641636,
    -4.650832220205E-03));
#7430 = CARTESIAN_POINT('',(63.036163214563,119.94375908182,
    -1.749017532821E-02));
#7431 = CARTESIAN_POINT('',(65.128056296545,121.95759647038,
    -0.236287407473));
#7432 = CARTESIAN_POINT('',(67.212478094303,123.90431032713,
    -0.796922764566));
#7433 = CARTESIAN_POINT('',(69.290983912975,125.69065543085,
    -1.745218543441));
#7434 = CARTESIAN_POINT('',(71.365834486508,127.23601913596,
    -3.041562344206));
#7435 = CARTESIAN_POINT('',(73.438964543707,128.51985477025,
    -4.587400010765));
#7436 = CARTESIAN_POINT('',(75.516881209975,129.62036408986,
    -6.266801487734));
#7437 = CARTESIAN_POINT('',(77.599339261825,130.67796765616,
    -7.977028493669));
#7438 = CARTESIAN_POINT('',(79.677865148444,131.74371714028,
    -9.678000257719));
#7439 = CARTESIAN_POINT('',(81.762614197059,132.81031746528,
    -11.38543054808));
#7440 = CARTESIAN_POINT('',(83.853132905243,133.87889812465,
    -13.09826520607));
#7441 = CARTESIAN_POINT('',(85.946623464005,134.95571241935,
    -14.8091378109));
#7442 = CARTESIAN_POINT('',(87.286896584243,135.62689281975,
    -15.91634615919));
#7443 = CARTESIAN_POINT('',(87.948091820845,135.97550449738,
    -16.45113702289));
#7444 = CARTESIAN_POINT('',(61.031557335162,118.,-7.498050483806E-02));
#7445 = CARTESIAN_POINT('',(61.698389295283,118.64272635787,
    -7.973056727244E-02));
#7446 = CARTESIAN_POINT('',(63.043370802463,119.94097703761,
    -9.202540704197E-02));
#7447 = CARTESIAN_POINT('',(65.135060537463,121.94433961529,
    -0.307858665519));
#7448 = CARTESIAN_POINT('',(67.219172896783,123.8782496743,
    -0.861600380854));
#7449 = CARTESIAN_POINT('',(69.297287618524,125.65349989136,
    -1.799360367703));
#7450 = CARTESIAN_POINT('',(71.371689071809,127.19218440217,
    -3.083782996175));
#7451 = CARTESIAN_POINT('',(73.444335198311,128.4742842636,
    -4.619303646511));
#7452 = CARTESIAN_POINT('',(75.521754966572,129.57729596892,
    -6.292929927457));
#7453 = CARTESIAN_POINT('',(77.603726771843,130.63959778117,
    -8.001214118544));
#7454 = CARTESIAN_POINT('',(79.681802617341,131.70917796659,
    -9.699530799454));
#7455 = CARTESIAN_POINT('',(81.766159363227,132.77923667614,
    -11.40484660948));
#7456 = CARTESIAN_POINT('',(83.856367950368,133.85057702877,
    -13.11604117609));
#7457 = CARTESIAN_POINT('',(85.949655883736,134.92896910623,
    -14.82551305936));
#7458 = CARTESIAN_POINT('',(87.289882845355,135.60108646301,
    -15.9332497073));
#7459 = CARTESIAN_POINT('',(87.951078627321,135.9493215844,
    -16.46749792275));
#7460 = CARTESIAN_POINT('',(61.08020850513,118.,-0.221401556211));
#7461 = CARTESIAN_POINT('',(61.747039467174,118.64284781284,
    -0.226345394191));
#7462 = CARTESIAN_POINT('',(63.091712874053,119.93554429309,
    -0.237576934299));
#7463 = CARTESIAN_POINT('',(65.182038740655,121.91845178429,
    -0.447622179695));
#7464 = CARTESIAN_POINT('',(67.264075662375,123.82735873668,
    -0.987902072178));
#7465 = CARTESIAN_POINT('',(69.339567254736,125.58094298919,
    -1.905087887795));
#7466 = CARTESIAN_POINT('',(71.410956409826,127.10658444759,
    -3.166230990683));
#7467 = CARTESIAN_POINT('',(73.480356760703,128.38529471212,
    -4.68160469261));
#7468 = CARTESIAN_POINT('',(75.554443780193,129.49319304692,
    -6.343953238424));
#7469 = CARTESIAN_POINT('',(77.63315427696,130.56466953883,
    -8.048443523441));
#7470 = CARTESIAN_POINT('',(79.708211647934,131.64173027283,
    -9.741575389101));
#7471 = CARTESIAN_POINT('',(81.789937176728,132.71854247534,
    -11.44276206671));
#7472 = CARTESIAN_POINT('',(83.878065749136,133.79527192418,
    -13.15075388211));
#7473 = CARTESIAN_POINT('',(85.96999464921,134.87674507909,
    -14.85749045267));
#7474 = CARTESIAN_POINT('',(87.309912027438,135.55069210864,
    -15.96625875808));
#7475 = CARTESIAN_POINT('',(87.971111462014,135.8981918987,
    -16.49944729632));
#7476 = CARTESIAN_POINT('',(61.242929779038,118.,-0.420174966837));
#7477 = CARTESIAN_POINT('',(61.909757400153,118.64301269248,
    -0.425381864169));
#7478 = CARTESIAN_POINT('',(63.253400322385,119.92816908936,
    -0.435169925354));
#7479 = CARTESIAN_POINT('',(65.339164521182,121.88330784542,
    -0.637357672873));
#7480 = CARTESIAN_POINT('',(67.414259825012,123.75827191386,
    -1.159362512577));
#7481 = CARTESIAN_POINT('',(69.480977960141,125.48244360829,
    -2.048617930562));
#7482 = CARTESIAN_POINT('',(71.542292023535,126.99037851435,
    -3.278157991027));
#7483 = CARTESIAN_POINT('',(73.600836381739,128.2644872429,
    -4.766181270244));
#7484 = CARTESIAN_POINT('',(75.663776513579,129.37901940529,
    -6.413219764292));
#7485 = CARTESIAN_POINT('',(77.731579065574,130.462950953,
    -8.112559644758));
#7486 = CARTESIAN_POINT('',(79.796540687213,131.55016688085,
    -9.798652881743));
#7487 = CARTESIAN_POINT('',(81.869465708065,132.63614726508,
    -11.49423406939));
#7488 = CARTESIAN_POINT('',(83.950637354123,133.72019266407,
    -13.19787800055));
#7489 = CARTESIAN_POINT('',(86.038020756256,134.80584852328,
    -14.90090125645));
#7490 = CARTESIAN_POINT('',(87.376902694457,135.48227942466,
    -16.01107008502));
#7491 = CARTESIAN_POINT('',(88.038114339506,135.82878096416,
    -16.542820062));
#7492 = CARTESIAN_POINT('',(61.485625360424,118.,-0.594459959757));
#7493 = CARTESIAN_POINT('',(62.152447996951,118.64315725827,
    -0.599897508163));
#7494 = CARTESIAN_POINT('',(63.49455397397,119.9217024939,
    -0.608419923617));
#7495 = CARTESIAN_POINT('',(65.573514534,121.85249355722,-0.803718198566
    ));
#7496 = CARTESIAN_POINT('',(67.638256551429,123.6976964255,
    -1.309699429104));
#7497 = CARTESIAN_POINT('',(69.691889247499,125.39607911995,
    -2.174465408898));
#7498 = CARTESIAN_POINT('',(71.738176509692,126.88848887938,
    -3.376295847601));
#7499 = CARTESIAN_POINT('',(73.780529368217,128.15856297037,
    -4.840338211999));
#7500 = CARTESIAN_POINT('',(75.826844136247,129.27891168836,
    -6.473952816728));
#7501 = CARTESIAN_POINT('',(77.878377703035,130.37376385824,
    -8.168776810398));
#7502 = CARTESIAN_POINT('',(79.92828171299,131.46988388384,
    -9.848698561241));
#7503 = CARTESIAN_POINT('',(81.988080949256,132.56390295149,
    -11.53936484214));
#7504 = CARTESIAN_POINT('',(84.058876476354,133.6543629921,
    -13.23919653816));
#7505 = CARTESIAN_POINT('',(86.139480357913,134.74368625879,
    -14.93896395119));
#7506 = CARTESIAN_POINT('',(87.476817956999,135.42229501813,
    -16.05036076141));
#7507 = CARTESIAN_POINT('',(88.138047814194,135.76792129386,
    -16.58084940473));
#7508 = CARTESIAN_POINT('',(61.807220830941,118.,-0.752135702805));
#7509 = CARTESIAN_POINT('',(62.474036864309,118.64328804786,
    -0.757781921453));
#7510 = CARTESIAN_POINT('',(63.814106235295,119.91585216053,
    -0.765159306315));
#7511 = CARTESIAN_POINT('',(65.884051307099,121.82461585134,
    -0.954224671122));
#7512 = CARTESIAN_POINT('',(67.93507420341,123.64289374294,
    -1.445709332329));
#7513 = CARTESIAN_POINT('',(69.97136740821,125.31794511286,
    -2.288319701945));
#7514 = CARTESIAN_POINT('',(71.997742683629,126.79630926233,
    -3.465081228356));
#7515 = CARTESIAN_POINT('',(74.018640215582,128.06273321418,
    -4.907428043989));
#7516 = CARTESIAN_POINT('',(76.042924744466,129.1883441737,
    -6.528898047582));
#7517 = CARTESIAN_POINT('',(78.072900308746,130.29307623733,
    -8.219636515618));
#7518 = CARTESIAN_POINT('',(80.102851505028,131.39725180584,
    -9.893974919057));
#7519 = CARTESIAN_POINT('',(82.145257788178,132.49854347525,
    -11.58019468071));
#7520 = CARTESIAN_POINT('',(84.202303939015,133.59480684697,
    -13.27657744523));
#7521 = CARTESIAN_POINT('',(86.273924290381,134.68744801633,
    -14.97339929503));
#7522 = CARTESIAN_POINT('',(87.609215488247,135.36802709357,
    -16.08590706135));
#7523 = CARTESIAN_POINT('',(88.270469478525,135.71286151175,
    -16.6152545751));
#7524 = CARTESIAN_POINT('',(62.207231830193,118.,-0.893232578311));
#7525 = CARTESIAN_POINT('',(62.874039651323,118.64340508452,
    -0.89906552641));
#7526 = CARTESIAN_POINT('',(64.211575823475,119.91061696283,
    -0.905418275424));
#7527 = CARTESIAN_POINT('',(66.270307135724,121.79966935585,
    -1.088906091414));
#7528 = CARTESIAN_POINT('',(68.304265738865,123.59385330638,
    -1.567418429823));
#7529 = CARTESIAN_POINT('',(70.318991515471,125.24802653149,
    -2.390202748132));
#7530 = CARTESIAN_POINT('',(72.320599608326,126.71382190126,
    -3.54453124123));
#7531 = CARTESIAN_POINT('',(74.314810301043,127.97697950904,
    -4.967463693664));
#7532 = CARTESIAN_POINT('',(76.311692895563,129.10729940997,
    -6.578066044178));
#7533 = CARTESIAN_POINT('',(78.314853908913,130.2208725427,
    -8.265148560508));
#7534 = CARTESIAN_POINT('',(80.319987140782,131.33225665139,
    -9.93449067943));
#7535 = CARTESIAN_POINT('',(82.340759498188,132.44005624261,
    -11.61673145257));
#7536 = CARTESIAN_POINT('',(84.38070372333,133.54151275175,
    -13.31002792459));
#7537 = CARTESIAN_POINT('',(86.44115006634,134.63712296405,
    -15.00421392343));
#7538 = CARTESIAN_POINT('',(87.773895879805,135.31946518356,
    -16.11771583387));
#7539 = CARTESIAN_POINT('',(88.435179889981,135.66359100842,
    -16.64604220258));
#7540 = CARTESIAN_POINT('',(62.684399191337,118.,-1.018294602251));
#7541 = CARTESIAN_POINT('',(63.351197213737,118.64350882401,
    -1.024293059001));
#7542 = CARTESIAN_POINT('',(64.685711573027,119.90597671387,
    -1.02973761626));
#7543 = CARTESIAN_POINT('',(66.731066151619,121.77755788702,
    -1.208281739866));
#7544 = CARTESIAN_POINT('',(68.744669005493,123.55038603439,
    -1.675295985654));
#7545 = CARTESIAN_POINT('',(70.733667307473,125.18605379636,
    -2.480507369802));
#7546 = CARTESIAN_POINT('',(72.705730984901,126.64070875619,
    -3.614952215306));
#7547 = CARTESIAN_POINT('',(74.668107331358,127.90097122121,
    -5.020676635695));
#7548 = CARTESIAN_POINT('',(76.632302552945,129.03546491933,
    -6.621646379641));
#7549 = CARTESIAN_POINT('',(78.603476874596,130.15687438432,
    -8.305488422232));
#7550 = CARTESIAN_POINT('',(80.57900511409,131.2746478239,-9.97040205575
    ));
#7551 = CARTESIAN_POINT('',(82.573970672942,132.38821574884,
    -11.64911602961));
#7552 = CARTESIAN_POINT('',(84.593514257354,133.49427522534,
    -13.33967694863));
#7553 = CARTESIAN_POINT('',(86.640631285989,134.59251706483,
    -15.0315266458));
#7554 = CARTESIAN_POINT('',(87.970340748915,135.27642205831,
    -16.14590972174));
#7555 = CARTESIAN_POINT('',(88.631660568099,135.61991981553,
    -16.67333099258));
#7556 = CARTESIAN_POINT('',(63.236625251442,118.,-1.126997840411));
#7557 = CARTESIAN_POINT('',(63.903411935006,118.64359899204,
    -1.133140156516));
#7558 = CARTESIAN_POINT('',(65.234429146758,119.90194343523,
    -1.137795318208));
#7559 = CARTESIAN_POINT('',(67.264302824515,121.75833871712,
    -1.312042411067));
#7560 = CARTESIAN_POINT('',(69.254347957941,123.51260451556,
    -1.769062576612));
#7561 = CARTESIAN_POINT('',(71.213571838858,125.13218742848,
    -2.558999660964));
#7562 = CARTESIAN_POINT('',(73.151443747394,126.57715920398,
    -3.676161746987));
#7563 = CARTESIAN_POINT('',(75.076978186712,127.83490522648,
    -5.066929038531));
#7564 = CARTESIAN_POINT('',(77.003344292898,128.97302676667,
    -6.659526172689));
#7565 = CARTESIAN_POINT('',(78.937500397938,130.10124752947,
    -8.340551612945));
#7566 = CARTESIAN_POINT('',(80.87876676283,131.22457454109,
    -10.00161603078));
#7567 = CARTESIAN_POINT('',(82.843866098898,132.34315627065,
    -11.6772645297));
#7568 = CARTESIAN_POINT('',(84.839800010316,133.45321662158,
    -13.36544772073));
#7569 = CARTESIAN_POINT('',(86.871491015002,134.55374585736,
    -15.05526671717));
#7570 = CARTESIAN_POINT('',(88.197686509822,135.23900920533,
    -16.17041569716));
#7571 = CARTESIAN_POINT('',(88.859047769319,135.5819610497,
    -16.69705026198));
#7572 = CARTESIAN_POINT('',(63.861243038617,118.,-1.219248325928));
#7573 = CARTESIAN_POINT('',(64.528016896954,118.64367551274,
    -1.225512727533));
#7574 = CARTESIAN_POINT('',(65.855078517448,119.8985206125,
    -1.229497972515));
#7575 = CARTESIAN_POINT('',(67.867441891518,121.74202846008,
    -1.40009841066));
#7576 = CARTESIAN_POINT('',(69.830841105308,123.48054140948,
    -1.848637147597));
#7577 = CARTESIAN_POINT('',(71.756387414047,125.08647399185,
    -2.625611770148));
#7578 = CARTESIAN_POINT('',(73.655585329144,126.52322817906,
    -3.728106924623));
#7579 = CARTESIAN_POINT('',(75.539448228171,127.7788386346,
    -5.106180919985));
#7580 = CARTESIAN_POINT('',(77.423026171937,128.92003892568,
    -6.691672678709));
#7581 = CARTESIAN_POINT('',(79.315311314677,130.05404006394,
    -8.370307822803));
#7582 = CARTESIAN_POINT('',(81.217824390205,131.18208008803,
    -10.02810562207));
#7583 = CARTESIAN_POINT('',(83.149142318032,132.30491675902,
    -11.70115262028));
#7584 = CARTESIAN_POINT('',(85.118371546707,133.41837243294,
    -13.38731796381));
#7585 = CARTESIAN_POINT('',(87.132614318697,134.5208428569,
    -15.07541361563));
#7586 = CARTESIAN_POINT('',(88.454835196004,135.20725896538,
    -16.19121257672));
#7587 = CARTESIAN_POINT('',(89.116243328744,135.5497475238,
    -16.71717950704));
#7588 = CARTESIAN_POINT('',(64.555145875013,118.,-1.295029710891));
#7589 = CARTESIAN_POINT('',(65.221905486203,118.64373837085,
    -1.301394402558));
#7590 = CARTESIAN_POINT('',(66.544572744763,119.89570885299,
    -1.304829328334));
#7591 = CARTESIAN_POINT('',(68.537483504126,121.72863000612,
    -1.472434134055));
#7592 = CARTESIAN_POINT('',(70.471281128506,123.45420239818,
    -1.914005597025));
#7593 = CARTESIAN_POINT('',(72.359414216997,125.04892158743,
    -2.680331892877));
#7594 = CARTESIAN_POINT('',(74.215648267957,126.47892523868,
    -3.770778542895));
#7595 = CARTESIAN_POINT('',(76.053217256377,127.73278138125,
    -5.138425324146));
#7596 = CARTESIAN_POINT('',(77.889260807306,128.87651078647,
    -6.718080200949));
#7597 = CARTESIAN_POINT('',(79.735030496762,130.01526035349,
    -8.394751778646));
#7598 = CARTESIAN_POINT('',(81.594491616401,131.14717199525,
    -10.04986613536));
#7599 = CARTESIAN_POINT('',(83.48828097006,132.27350399052,
    -11.72077606809));
#7600 = CARTESIAN_POINT('',(85.427843327818,133.38974883408,
    -13.40528380213));
#7601 = CARTESIAN_POINT('',(87.422702441914,134.4938138949,
    -15.09196377107));
#7602 = CARTESIAN_POINT('',(88.740507818793,135.18117696352,
    -16.20829667455));
#7603 = CARTESIAN_POINT('',(89.401968026084,135.52328494647,
    -16.73371516059));
#7604 = CARTESIAN_POINT('',(65.314879267725,118.,-1.35454037667));
#7605 = CARTESIAN_POINT('',(65.981623278641,118.64378773451,
    -1.360983825448));
#7606 = CARTESIAN_POINT('',(67.299479284345,119.89350079448,
    -1.363986588964));
#7607 = CARTESIAN_POINT('',(69.271091958784,121.71810828098,
    -1.529238942522));
#7608 = CARTESIAN_POINT('',(71.172479691419,123.433518531,
    -1.965339047164));
#7609 = CARTESIAN_POINT('',(73.019650167716,125.01943191012,
    -2.723303276108));
#7610 = CARTESIAN_POINT('',(74.82884437312,126.44413440607,
    -3.80428830805));
#7611 = CARTESIAN_POINT('',(76.615727548014,127.69661289724,
    -5.163746660779));
#7612 = CARTESIAN_POINT('',(78.399727118654,128.84232840057,
    -6.73881786932));
#7613 = CARTESIAN_POINT('',(80.194568434157,129.98480688013,
    -8.413947470135));
#7614 = CARTESIAN_POINT('',(82.006893259223,131.11975887999,
    -10.06695453555));
#7615 = CARTESIAN_POINT('',(83.859593703147,132.24883573224,
    -11.73618624362));
#7616 = CARTESIAN_POINT('',(85.766674694372,133.36727089456,
    -13.4193922669));
#7617 = CARTESIAN_POINT('',(87.740311222387,134.47258821166,
    -15.10496050856));
#7618 = CARTESIAN_POINT('',(89.053282202269,135.16069492889,
    -16.22171271387));
#7619 = CARTESIAN_POINT('',(89.714799423083,135.50250404366,
    -16.74670050985));
#7620 = CARTESIAN_POINT('',(66.136693387113,118.,-1.398193282895));
#7621 = CARTESIAN_POINT('',(66.803420524066,118.64382394415,
    -1.404694502611));
#7622 = CARTESIAN_POINT('',(68.11607212947,119.89188111561,
    -1.407380261552));
#7623 = CARTESIAN_POINT('',(70.064646371441,121.71039027152,
    -1.570907019089));
#7624 = CARTESIAN_POINT('',(71.93097587574,123.41834627738,
    -2.002993713862));
#7625 = CARTESIAN_POINT('',(73.733836527878,124.99780032357,
    -2.754824109191));
#7626 = CARTESIAN_POINT('',(75.492147081686,126.41861425883,
    -3.828868752862));
#7627 = CARTESIAN_POINT('',(77.224202711015,127.67008220025,
    -5.182320641075));
#7628 = CARTESIAN_POINT('',(78.951905588316,128.81725456773,
    -6.754029587773));
#7629 = CARTESIAN_POINT('',(80.691656977279,129.96246831948,
    -8.428028101053));
#7630 = CARTESIAN_POINT('',(82.452993820532,131.09965051563,
    -10.0794894034));
#7631 = CARTESIAN_POINT('',(84.261247822437,132.23074080511,
    -11.747490082));
#7632 = CARTESIAN_POINT('',(86.133193270302,133.35078263329,
    -13.42974126034));
#7633 = CARTESIAN_POINT('',(88.083873033028,134.45701852058,
    -15.11449401581));
#7634 = CARTESIAN_POINT('',(89.391614579806,135.14567072264,
    -16.2315537919));
#7635 = CARTESIAN_POINT('',(90.053193472243,135.48726061142,
    -16.75622566348));
#7636 = CARTESIAN_POINT('',(67.016579874705,118.,-1.426639041748));
#7637 = CARTESIAN_POINT('',(67.68328894607,118.64384754051,
    -1.433177906952));
#7638 = CARTESIAN_POINT('',(68.99036838828,119.89082567588,
    -1.435657094743));
#7639 = CARTESIAN_POINT('',(70.914276218946,121.705360947,
    -1.598059393583));
#7640 = CARTESIAN_POINT('',(72.743070153158,123.4084595068,
    -2.027530810273));
#7641 = CARTESIAN_POINT('',(74.498489888178,124.983704426,-2.77536418531
    ));
#7642 = CARTESIAN_POINT('',(76.202321166896,126.40198443926,
    -3.8448862295));
#7643 = CARTESIAN_POINT('',(77.875674937313,127.65279387116,
    -5.194424095579));
#7644 = CARTESIAN_POINT('',(79.543102992607,128.80091558221,
    -6.763942074987));
#7645 = CARTESIAN_POINT('',(81.223871600897,129.9479117329,
    -8.437203532112));
#7646 = CARTESIAN_POINT('',(82.93061746647,131.08654720286,
    -10.08765756124));
#7647 = CARTESIAN_POINT('',(84.69128427956,132.21894951843,
    -11.75485605801));
#7648 = CARTESIAN_POINT('',(86.525611378659,133.34003830602,
    -13.43648502605));
#7649 = CARTESIAN_POINT('',(88.451712169338,134.44687276654,
    -15.12070638215));
#7650 = CARTESIAN_POINT('',(89.753854748078,135.13588042344,
    -16.23796658231));
#7651 = CARTESIAN_POINT('',(90.415499673015,135.47732745839,
    -16.76243258637));
#7652 = CARTESIAN_POINT('',(67.950297355818,118.,-1.440766351685));
#7653 = CARTESIAN_POINT('',(68.616987254434,118.64385925623,
    -1.447323913173));
#7654 = CARTESIAN_POINT('',(69.91815363419,119.89030150338,
    -1.449700509382));
#7655 = CARTESIAN_POINT('',(71.815885974401,121.70286318146,
    -1.611544356738));
#7656 = CARTESIAN_POINT('',(73.604847932313,123.40354933828,
    -2.039716920959));
#7657 = CARTESIAN_POINT('',(75.309924339737,124.97670383532,
    -2.785565214678));
#7658 = CARTESIAN_POINT('',(76.955943329924,126.39372540085,
    -3.852841153749));
#7659 = CARTESIAN_POINT('',(78.567003892505,127.64420779038,
    -5.200435158738));
#7660 = CARTESIAN_POINT('',(80.170469543818,128.7928009837,
    -6.768865015516));
#7661 = CARTESIAN_POINT('',(81.788646835862,129.9406823455,
    -8.441760420858));
#7662 = CARTESIAN_POINT('',(83.437461876415,131.0800395698,
    -10.09171419751));
#7663 = CARTESIAN_POINT('',(85.147630141361,132.21309349034,
    -11.75851429848));
#7664 = CARTESIAN_POINT('',(86.94203742122,133.33470224037,
    -13.43983425181));
#7665 = CARTESIAN_POINT('',(88.842055509802,134.44183397563,
    -15.12379169362));
#7666 = CARTESIAN_POINT('',(90.138256582392,135.13101816796,
    -16.24115143231));
#7667 = CARTESIAN_POINT('',(90.799971577003,135.47239425439,
    -16.76551519436));
#7668 = CARTESIAN_POINT('',(68.933390275195,118.,-1.441693685773));
#7669 = CARTESIAN_POINT('',(69.600059987063,118.64386002658,
    -1.448252474464));
#7670 = CARTESIAN_POINT('',(70.895000618916,119.89026709547,
    -1.450622336499));
#7671 = CARTESIAN_POINT('',(72.765173295827,121.70269922518,
    -1.612429526385));
#7672 = CARTESIAN_POINT('',(74.512196943019,123.40322702871,
    -2.04051683233));
#7673 = CARTESIAN_POINT('',(76.164267842992,124.9762443079,
    -2.786234822856));
#7674 = CARTESIAN_POINT('',(77.749417402483,126.39318326735,
    -3.853363324811));
#7675 = CARTESIAN_POINT('',(79.294890661849,127.64364418943,
    -5.200829732354));
#7676 = CARTESIAN_POINT('',(80.831011545895,128.79226833142,
    -6.769188163418));
#7677 = CARTESIAN_POINT('',(82.383287662198,129.94020779958,
    -8.442059540669));
#7678 = CARTESIAN_POINT('',(83.971108467295,131.07961240072,
    -10.09198048013));
#7679 = CARTESIAN_POINT('',(85.628107796116,132.21270909346,
    -11.75875442991));
#7680 = CARTESIAN_POINT('',(87.380484277093,133.33435197429,
    -13.44005409912));
#7681 = CARTESIAN_POINT('',(89.253040397597,134.44150322372,
    -15.12399421731));
#7682 = CARTESIAN_POINT('',(90.542985774022,135.13069900223,
    -16.24136048973));
#7683 = CARTESIAN_POINT('',(91.204774543805,135.47207043278,
    -16.76571754056));
#7684 = CARTESIAN_POINT('',(69.961203127541,118.,-1.430750344003));
#7685 = CARTESIAN_POINT('',(70.627851736889,118.64385094961,
    -1.437294650198));
#7686 = CARTESIAN_POINT('',(71.916283414071,119.89067313238,
    -1.439743981936));
#7687 = CARTESIAN_POINT('',(73.757642766994,121.70463405209,
    -1.601983761331));
#7688 = CARTESIAN_POINT('',(75.460820370486,123.40703055912,
    -2.031077188497));
#7689 = CARTESIAN_POINT('',(77.057474594535,124.98166712772,
    -2.778332869032));
#7690 = CARTESIAN_POINT('',(78.578985832588,126.39958090997,
    -3.84720125608));
#7691 = CARTESIAN_POINT('',(80.055888286632,127.65029516664,
    -5.196173423485));
#7692 = CARTESIAN_POINT('',(81.521600955979,128.79855408754,
    -6.765374739563));
#7693 = CARTESIAN_POINT('',(83.004978116671,129.94580785064,
    -8.438529669011));
#7694 = CARTESIAN_POINT('',(84.529030118355,131.08465336414,
    -10.08883811563));
#7695 = CARTESIAN_POINT('',(86.130441908244,132.21724530854,
    -11.75592067205));
#7696 = CARTESIAN_POINT('',(87.838875650643,133.33848541452,
    -13.43745971118));
#7697 = CARTESIAN_POINT('',(89.682720584535,134.44540638765,
    -15.12160426362));
#7698 = CARTESIAN_POINT('',(90.966125700726,135.13446541876,
    -16.23889343086));
#7699 = CARTESIAN_POINT('',(91.627991600654,135.47589180696,
    -16.76332968095));
#7700 = CARTESIAN_POINT('',(71.028891505549,118.,-1.409438160129));
#7701 = CARTESIAN_POINT('',(71.695518190767,118.64383327074,
    -1.415954261484));
#7702 = CARTESIAN_POINT('',(72.977188392897,119.89146389087,
    -1.418558360867));
#7703 = CARTESIAN_POINT('',(74.788616564554,121.70840213188,
    -1.581640609269));
#7704 = CARTESIAN_POINT('',(76.446247052381,123.41443794359,
    -2.012693459902));
#7705 = CARTESIAN_POINT('',(77.985334628181,124.99222808207,
    -2.762943795346));
#7706 = CARTESIAN_POINT('',(79.440738601654,126.41204033404,
    -3.835200612713));
#7707 = CARTESIAN_POINT('',(80.846409944165,127.66324796042,
    -5.187105250996));
#7708 = CARTESIAN_POINT('',(82.238982807585,128.81079561238,
    -6.757948087623));
#7709 = CARTESIAN_POINT('',(83.650787975391,129.95671396327,
    -8.431655235642));
#7710 = CARTESIAN_POINT('',(85.108597168228,131.09447065228,
    -10.08271835337));
#7711 = CARTESIAN_POINT('',(86.652264818172,132.22607959812,
    -11.75040192191));
#7712 = CARTESIAN_POINT('',(88.315050997844,133.34653529903,
    -13.43240713465));
#7713 = CARTESIAN_POINT('',(90.129070853459,134.45300780886,
    -15.11694982288));
#7714 = CARTESIAN_POINT('',(91.405681966467,135.14180052322,
    -16.23408882862));
#7715 = CARTESIAN_POINT('',(92.067627991598,135.48333394218,
    -16.75867931874));
#7716 = CARTESIAN_POINT('',(72.131432684522,118.,-1.379417073417));
#7717 = CARTESIAN_POINT('',(72.798036731829,118.64380836995,
    -1.385893444491));
#7718 = CARTESIAN_POINT('',(74.072724739776,119.89257777989,
    -1.388715554923));
#7719 = CARTESIAN_POINT('',(75.853244680667,121.71370998095,
    -1.552984534622));
#7720 = CARTESIAN_POINT('',(77.463841247439,123.42487224406,
    -1.986797497596));
#7721 = CARTESIAN_POINT('',(78.943483013519,125.00710461132,
    -2.74126620856));
#7722 = CARTESIAN_POINT('',(80.330621767526,126.42959111403,
    -3.818296087242));
#7723 = CARTESIAN_POINT('',(81.662736784706,127.68149371823,
    -5.174331506444));
#7724 = CARTESIAN_POINT('',(82.979782322439,128.82803945191,
    -6.747486646262));
#7725 = CARTESIAN_POINT('',(84.317679156087,129.97207669451,
    -8.421971668651));
#7726 = CARTESIAN_POINT('',(85.707083160609,131.10829962733,
    -10.07409784245));
#7727 = CARTESIAN_POINT('',(87.191121715147,132.23852388694,
    -11.74262801769));
#7728 = CARTESIAN_POINT('',(88.806770248125,133.35787464796,
    -13.42528989878));
#7729 = CARTESIAN_POINT('',(90.589991438156,134.46371543475,
    -15.11039341532));
#7730 = CARTESIAN_POINT('',(91.859586770582,135.15213301124,
    -16.22732089746));
#7731 = CARTESIAN_POINT('',(92.521615535881,135.49381719382,
    -16.75212865608));
#7732 = CARTESIAN_POINT('',(73.263631961146,118.,-1.342351220176));
#7733 = CARTESIAN_POINT('',(73.930212760698,118.64377762274,
    -1.348778537812));
#7734 = CARTESIAN_POINT('',(75.197730756365,119.8939530562,
    -1.351869817936));
#7735 = CARTESIAN_POINT('',(76.946511041886,121.72026337278,
    -1.517604008009));
#7736 = CARTESIAN_POINT('',(78.508808486343,123.43775506393,
    -1.954824772973));
#7737 = CARTESIAN_POINT('',(79.927405364412,125.02547207597,
    -2.714501746029));
#7738 = CARTESIAN_POINT('',(81.244442580659,126.45126037077,
    -3.797424735509));
#7739 = CARTESIAN_POINT('',(82.501022624705,127.7040210367,
    -5.158560267201));
#7740 = CARTESIAN_POINT('',(83.740509169506,128.84932974135,
    -6.734570316688));
#7741 = CARTESIAN_POINT('',(85.002509552238,129.99104445364,
    -8.410015749922));
#7742 = CARTESIAN_POINT('',(86.321668285023,131.12537371806,
    -10.06345443718));
#7743 = CARTESIAN_POINT('',(87.744473735526,132.25388836031,
    -11.73302988436));
#7744 = CARTESIAN_POINT('',(89.311716630334,133.37187489483,
    -13.41650252801));
#7745 = CARTESIAN_POINT('',(91.063310677534,134.47693572106,
    -15.10229847708));
#7746 = CARTESIAN_POINT('',(92.325701507618,135.16489012168,
    -16.21896479963));
#7747 = CARTESIAN_POINT('',(92.987815238021,135.5067604517,
    -16.74404081092));
#7748 = CARTESIAN_POINT('',(74.422745507686,118.,-1.300167669442));
#7749 = CARTESIAN_POINT('',(75.089302508077,118.64374263368,
    -1.306539160792));
#7750 = CARTESIAN_POINT('',(76.349480046511,119.89551821595,
    -1.309936775006));
#7751 = CARTESIAN_POINT('',(78.065766172658,121.72772159448,
    -1.477338477636));
#7752 = CARTESIAN_POINT('',(79.578616343733,123.45241661991,
    -1.918437561204));
#7753 = CARTESIAN_POINT('',(80.934717194776,125.046375544,
    -2.684041903226));
#7754 = CARTESIAN_POINT('',(82.179986442485,126.47592151063,
    -3.773671667718));
#7755 = CARTESIAN_POINT('',(83.35923592079,127.72965871123,
    -5.140611486515));
#7756 = CARTESIAN_POINT('',(84.519319765712,128.87355958975,
    -6.719870624215));
#7757 = CARTESIAN_POINT('',(85.703619511987,130.01263109902,
    -8.39640907261));
#7758 = CARTESIAN_POINT('',(86.950863125465,131.14480523548,
    -10.0513414926));
#7759 = CARTESIAN_POINT('',(88.310979858683,132.2713742128,
    -11.72210653285));
#7760 = CARTESIAN_POINT('',(89.828666432304,133.3878081615,
    -13.40650188138));
#7761 = CARTESIAN_POINT('',(91.547881506844,134.49198133773,
    -15.09308586738));
#7762 = CARTESIAN_POINT('',(92.802896570883,135.17940861148,
    -16.20945497203));
#7763 = CARTESIAN_POINT('',(93.465097286596,135.52149079048,
    -16.73483627367));
#7764 = CARTESIAN_POINT('',(75.603737714673,118.,-1.253576692147));
#7765 = CARTESIAN_POINT('',(76.270270465942,118.643703987,
    -1.259886524367));
#7766 = CARTESIAN_POINT('',(77.522968994598,119.89724690773,
    -1.263622479097));
#7767 = CARTESIAN_POINT('',(79.206147622708,121.73595906673,
    -1.432865919525));
#7768 = CARTESIAN_POINT('',(80.668617186486,123.46861004631,
    -1.878248536624));
#7769 = CARTESIAN_POINT('',(81.961042376817,125.06946305055,
    -2.650399551653));
#7770 = CARTESIAN_POINT('',(83.133189011302,126.50315929852,
    -3.747436829189));
#7771 = CARTESIAN_POINT('',(84.233648283266,127.7579750642,
    -5.120787379277));
#7772 = CARTESIAN_POINT('',(85.312830675479,128.90032102393,
    -6.703635076795));
#7773 = CARTESIAN_POINT('',(86.417963159489,130.03647316275,
    -8.381380740888));
#7774 = CARTESIAN_POINT('',(87.591934231449,131.16626699892,
    -10.03796296197));
#7775 = CARTESIAN_POINT('',(88.88817897662,132.29068702407,
    -11.71004188647));
#7776 = CARTESIAN_POINT('',(90.355373836747,133.40540616979,
    -13.39545634604));
#7777 = CARTESIAN_POINT('',(92.041598774458,134.50859895127,
    -15.08291070477));
#7778 = CARTESIAN_POINT('',(93.289098852647,135.19544402606,
    -16.19895153746));
#7779 = CARTESIAN_POINT('',(93.951388195355,135.53776018619,
    -16.72467002692));
#7780 = CARTESIAN_POINT('',(76.800565406018,118.,-1.198187263696));
#7781 = CARTESIAN_POINT('',(77.467073580507,118.64365804114,
    -1.204423792788));
#7782 = CARTESIAN_POINT('',(78.712192819741,119.89930205393,
    -1.208561981803));
#7783 = CARTESIAN_POINT('',(80.361820022337,121.74575214044,
    -1.379994962129));
#7784 = CARTESIAN_POINT('',(81.773233444377,123.48786151271,
    -1.830470034632));
#7785 = CARTESIAN_POINT('',(83.001129170704,125.09691050638,
    -2.610404026047));
#7786 = CARTESIAN_POINT('',(84.099172718119,126.53554079364,
    -3.716247684938));
#7787 = CARTESIAN_POINT('',(85.119785315223,127.7916388055,
    -5.097219597848));
#7788 = CARTESIAN_POINT('',(86.116981477302,128.93213620853,
    -6.684333535072));
#7789 = CARTESIAN_POINT('',(87.141885174728,130.06481766976,
    -8.363514390941));
#7790 = CARTESIAN_POINT('',(88.241601220978,131.19178169896,
    -10.02205796902));
#7791 = CARTESIAN_POINT('',(89.473117542389,132.31364695415,
    -11.69569889763));
#7792 = CARTESIAN_POINT('',(90.889143664568,133.42632746541,
    -13.38232492179));
#7793 = CARTESIAN_POINT('',(92.541936112545,134.52835471128,
    -15.07081401836));
#7794 = CARTESIAN_POINT('',(93.781820440445,135.21450763845,
    -16.18646458677));
#7795 = CARTESIAN_POINT('',(94.444199597674,135.55710196828,
    -16.71258394008));
#7796 = CARTESIAN_POINT('',(78.00470233712,118.,-1.136861005659));
#7797 = CARTESIAN_POINT('',(78.671185788341,118.64360717286,
    -1.143016374845));
#7798 = CARTESIAN_POINT('',(79.908679444896,119.9015774768,
    -1.147599910849));
#7799 = CARTESIAN_POINT('',(81.524550319426,121.75659486975,
    -1.321457113554));
#7800 = CARTESIAN_POINT('',(82.884595790284,123.50917641748,
    -1.777570468345));
#7801 = CARTESIAN_POINT('',(84.047567959811,125.12729987502,
    -2.566121642346));
#7802 = CARTESIAN_POINT('',(85.07105585938,126.57139304885,
    -3.681715580855));
#7803 = CARTESIAN_POINT('',(86.011334143776,127.82891074246,
    -5.071125740488));
#7804 = CARTESIAN_POINT('',(86.926043371216,128.96736145414,
    -6.662963187673));
#7805 = CARTESIAN_POINT('',(87.870228310581,130.09620023859,
    -8.343733064114));
#7806 = CARTESIAN_POINT('',(88.895235842454,131.22003115241,
    -10.00444822418));
#7807 = CARTESIAN_POINT('',(90.061628432118,132.3390678084,
    -11.67981857788));
#7808 = CARTESIAN_POINT('',(91.42617331969,133.44949117811,
    -13.36778602628));
#7809 = CARTESIAN_POINT('',(93.045329100035,134.55022795915,
    -15.05742076749));
#7810 = CARTESIAN_POINT('',(94.277551166192,135.23561456019,
    -16.17263924168));
#7811 = CARTESIAN_POINT('',(94.940020686951,135.57851686914,
    -16.69920242486));
#7812 = CARTESIAN_POINT('',(79.209543751925,118.,-1.070637031528));
#7813 = CARTESIAN_POINT('',(79.876002465283,118.64355224098,
    -1.076704759022));
#7814 = CARTESIAN_POINT('',(81.105866077978,119.90403462287,
    -1.081769209018));
#7815 = CARTESIAN_POINT('',(82.687960875136,121.76830353486,
    -1.258244240401));
#7816 = CARTESIAN_POINT('',(83.996608341866,123.53219360048,
    -1.720446169206));
#7817 = CARTESIAN_POINT('',(85.094618970879,125.16011623829,
    -2.518302722254));
#7818 = CARTESIAN_POINT('',(86.043507603611,126.61010858274,
    -3.644425629689));
#7819 = CARTESIAN_POINT('',(86.903404575483,127.86915933855,
    -5.042947942101));
#7820 = CARTESIAN_POINT('',(87.73557860907,129.00539990337,
    -6.639886134245));
#7821 = CARTESIAN_POINT('',(88.598997565636,130.1300891223,
    -8.32237193565));
#7822 = CARTESIAN_POINT('',(89.549252874705,131.2505366998,
    -9.985432107367));
#7823 = CARTESIAN_POINT('',(90.650483631805,132.36651885565,
    -11.66267000372));
#7824 = CARTESIAN_POINT('',(91.963517165503,133.47450482004,
    -13.3520860069));
#7825 = CARTESIAN_POINT('',(93.549016599099,134.57384807971,
    -15.04295788766));
#7826 = CARTESIAN_POINT('',(94.773571920392,135.25840714213,
    -16.15770975923));
#7827 = CARTESIAN_POINT('',(95.436131857753,135.60164203421,
    -16.68475221795));
#7828 = CARTESIAN_POINT('',(80.409046498287,118.,-1.000904739136));
#7829 = CARTESIAN_POINT('',(81.075480581142,118.64349439864,
    -1.006880181969));
#7830 = CARTESIAN_POINT('',(82.297747962047,119.90662194025,
    -1.012451023143));
#7831 = CARTESIAN_POINT('',(83.846216342848,121.78063248471,
    -1.191682566753));
#7832 = CARTESIAN_POINT('',(85.103693551006,123.55643015464,
    -1.660295621274));
#7833 = CARTESIAN_POINT('',(86.137030484881,125.19467109957,
    -2.467950520328));
#7834 = CARTESIAN_POINT('',(87.011650401146,126.6508751324,
    -3.605160185231));
#7835 = CARTESIAN_POINT('',(87.79152223116,127.91154016675,
    -5.01327738092));
#7836 = CARTESIAN_POINT('',(88.541526785445,129.04545349876,
    -6.615586537938));
#7837 = CARTESIAN_POINT('',(89.324537634366,130.16577332245,
    -8.299879168108));
#7838 = CARTESIAN_POINT('',(90.200371948726,131.28265832617,
    -9.965408582121));
#7839 = CARTESIAN_POINT('',(91.236729606231,132.39542416476,
    -11.6446129571));
#7840 = CARTESIAN_POINT('',(92.498480033488,133.50084359929,
    -13.33555425452));
#7841 = CARTESIAN_POINT('',(94.050472252316,134.59871951036,
    -15.02772881422));
#7842 = CARTESIAN_POINT('',(95.267394799515,135.28240720265,
    -16.14198936419));
#7843 = CARTESIAN_POINT('',(95.930044753314,135.62599229095,
    -16.6695364888));
#7844 = CARTESIAN_POINT('',(81.597163806943,118.,-0.928820132779));
#7845 = CARTESIAN_POINT('',(82.263573494298,118.64343460856,
    -0.934700177836));
#7846 = CARTESIAN_POINT('',(83.47831674356,119.90929653536,
    -0.940794492578));
#7847 = CARTESIAN_POINT('',(84.993477883821,121.79337733353,
    -1.12287553519));
#7848 = CARTESIAN_POINT('',(86.200270530994,123.58148429239,
    -1.598115985111));
#7849 = CARTESIAN_POINT('',(87.16954763942,125.23039161712,
    -2.41589976263));
#7850 = CARTESIAN_POINT('',(87.970603782859,126.69301688026,
    -3.564570180084));
#7851 = CARTESIAN_POINT('',(88.671210053496,127.95535064843,-4.982605928
    ));
#7852 = CARTESIAN_POINT('',(89.339825064574,129.08685824191,
    -6.59046723131));
#7853 = CARTESIAN_POINT('',(90.043191023356,130.20266127541,
    -8.276627640896));
#7854 = CARTESIAN_POINT('',(90.845310732066,131.3158635272,
    -9.944709593378));
#7855 = CARTESIAN_POINT('',(91.81741105228,132.42530455121,
    -11.6259467832));
#7856 = CARTESIAN_POINT('',(93.028365142177,133.52807087673,
    -13.31846482833));
#7857 = CARTESIAN_POINT('',(94.54716818916,134.62442994494,
    -15.01198601096));
#7858 = CARTESIAN_POINT('',(95.756530413104,135.30721686072,
    -16.12573866513));
#7859 = CARTESIAN_POINT('',(96.419269527466,135.65116396697,
    -16.65380747992));
#7860 = CARTESIAN_POINT('',(82.767881847998,118.,-0.855449683692));
#7861 = CARTESIAN_POINT('',(83.434267496256,118.6433737453,
    -0.861232629366));
#7862 = CARTESIAN_POINT('',(84.641596801515,119.91201884271,
    -0.867859755242));
#7863 = CARTESIAN_POINT('',(86.12393846539,121.80634952378,
    -1.052841126173));
#7864 = CARTESIAN_POINT('',(87.280788796787,123.60698534518,
    -1.534827190732));
#7865 = CARTESIAN_POINT('',(88.186944197576,125.26674931598,
    -2.362920525305));
#7866 = CARTESIAN_POINT('',(88.915513865664,126.73591035119,
    -3.523256131819));
#7867 = CARTESIAN_POINT('',(89.538015373646,127.99994261997,
    -4.951387358757));
#7868 = CARTESIAN_POINT('',(90.126432742714,129.12900156146,
    -6.564899847355));
#7869 = CARTESIAN_POINT('',(90.751320163155,130.24020723438,
    -8.252961353741));
#7870 = CARTESIAN_POINT('',(91.480804772532,131.34966104155,
    -9.923641376785));
#7871 = CARTESIAN_POINT('',(92.389588765766,132.45571794269,
    -11.60694764272));
#7872 = CARTESIAN_POINT('',(93.550490400191,133.55578383452,
    -13.30107056155));
#7873 = CARTESIAN_POINT('',(95.036590311314,134.65059899689,
    -14.99596238809));
#7874 = CARTESIAN_POINT('',(96.238502927337,135.33246908295,
    -16.10919808673));
#7875 = CARTESIAN_POINT('',(96.901329897313,135.67678465448,
    -16.63779789752));
#7876 = CARTESIAN_POINT('',(83.915249473086,118.,-0.78172342262));
#7877 = CARTESIAN_POINT('',(84.581611563148,118.64331259084,
    -0.787408797976));
#7878 = CARTESIAN_POINT('',(85.781674796272,119.91475435024,
    -0.79457131894));
#7879 = CARTESIAN_POINT('',(87.231851581467,121.81938462346,
    -0.982467083383));
#7880 = CARTESIAN_POINT('',(88.339755715347,123.6326100659,
    -1.471231475629));
#7881 = CARTESIAN_POINT('',(89.184048394983,125.30328333253,
    -2.309684363732));
#7882 = CARTESIAN_POINT('',(89.841577357988,126.77901183516,
    -3.481741729957));
#7883 = CARTESIAN_POINT('',(90.387531932474,128.04475084149,
    -4.920017394215));
#7884 = CARTESIAN_POINT('',(90.897351231957,129.17134925617,
    -6.539208473677));
#7885 = CARTESIAN_POINT('',(91.445325398321,130.27793527352,
    -8.229180296283));
#7886 = CARTESIAN_POINT('',(92.103623642972,131.38362245782,
    -9.902470989304));
#7887 = CARTESIAN_POINT('',(92.950354177554,132.48627882487,
    -11.58785636539));
#7888 = CARTESIAN_POINT('',(94.062201671199,133.58363118648,
    -13.28359194082));
#7889 = CARTESIAN_POINT('',(95.516250725103,134.67689495864,
    -14.97986105819));
#7890 = CARTESIAN_POINT('',(96.710862312699,135.35784376127,
    -16.09257729443));
#7891 = CARTESIAN_POINT('',(97.373775389996,135.70252959021,
    -16.62171067622));
#7892 = CARTESIAN_POINT('',(85.033410062201,118.,-0.70844967762));
#7893 = CARTESIAN_POINT('',(85.699749193384,118.64325181067,
    -0.714038081532));
#7894 = CARTESIAN_POINT('',(86.892731317798,119.91747306827,
    -0.72173271143));
#7895 = CARTESIAN_POINT('',(88.311562003329,121.83233971636,
    -0.912524981465));
#7896 = CARTESIAN_POINT('',(89.371765899033,123.65807750758,
    -1.408026097466));
#7897 = CARTESIAN_POINT('',(90.15577061583,125.33959311106,
    -2.256774954367));
#7898 = CARTESIAN_POINT('',(90.744067264009,126.82184877142,
    -3.440482134641));
#7899 = CARTESIAN_POINT('',(91.215423460099,128.0892840397,
    -4.888839971827));
#7900 = CARTESIAN_POINT('',(91.64864545819,129.21343702977,
    -6.513674788173));
#7901 = CARTESIAN_POINT('',(92.121664250508,130.31543174599,
    -8.205545201886));
#7902 = CARTESIAN_POINT('',(92.710588228608,131.41737542616,
    -9.881430541147));
#7903 = CARTESIAN_POINT('',(93.49684491801,132.51665213085,
    -11.56888226626));
#7904 = CARTESIAN_POINT('',(94.56088697875,133.61130761744,
    -13.2662206001));
#7905 = CARTESIAN_POINT('',(95.983701048892,134.703029521,
    -14.96385855491));
#7906 = CARTESIAN_POINT('',(97.171197469445,135.38306269611,
    -16.0760585168));
#7907 = CARTESIAN_POINT('',(97.834194456102,135.72811650901,
    -16.60572219485));
#7908 = CARTESIAN_POINT('',(86.116632669583,118.,-0.63632283465));
#7909 = CARTESIAN_POINT('',(86.782949558944,118.64319198478,
    -0.64181578499));
#7910 = CARTESIAN_POINT('',(87.96907183102,119.92014923085,
    -0.65003419503));
#7911 = CARTESIAN_POINT('',(89.357535855148,121.84509203269,
    -0.843677633732));
#7912 = CARTESIAN_POINT('',(90.37152995163,123.68314632535,
    -1.345810028317));
#7913 = CARTESIAN_POINT('',(91.097130459811,125.37533455837,
    -2.204693698512));
#7914 = CARTESIAN_POINT('',(91.61835802211,126.86401521144,
    -3.399868346547));
#7915 = CARTESIAN_POINT('',(92.017446736463,128.1331201913,
    -4.858150547549));
#7916 = CARTESIAN_POINT('',(92.376464788055,129.25486603326,
    -6.488540763363));
#7917 = CARTESIAN_POINT('',(92.776870257655,130.35234131273,
    -8.18228005088));
#7918 = CARTESIAN_POINT('',(93.298587633549,131.45060008322,
    -9.860719424224));
#7919 = CARTESIAN_POINT('',(94.02626004013,132.54655002492,
    -11.55020515525));
#7920 = CARTESIAN_POINT('',(95.043990393569,133.6385508491,
    -13.24912116072));
#7921 = CARTESIAN_POINT('',(96.436545447326,134.72875501643,
    -14.94810652733));
#7922 = CARTESIAN_POINT('',(97.617149018652,135.40788689946,
    -16.05979829623));
#7923 = CARTESIAN_POINT('',(98.280227294436,135.75330293389,
    -16.58998396985));
#7924 = CARTESIAN_POINT('',(87.159342843705,118.,-0.565940110164));
#7925 = CARTESIAN_POINT('',(87.825638322946,118.64313360076,
    -0.571339915124));
#7926 = CARTESIAN_POINT('',(89.005157300776,119.92276068253,
    -0.580069439634));
#7927 = CARTESIAN_POINT('',(90.364390373977,121.85753598132,
    -0.776495102133));
#7928 = CARTESIAN_POINT('',(91.333902913811,123.70760894747,
    -1.285098422579));
#7929 = CARTESIAN_POINT('',(92.003283525798,125.41021173214,
    -2.153871833436));
#7930 = CARTESIAN_POINT('',(92.459950380319,126.90516201351,
    -3.360236651327));
#7931 = CARTESIAN_POINT('',(92.789474410598,128.17589632919,
    -4.828203232448));
#7932 = CARTESIAN_POINT('',(93.077063736969,129.29529323092,
    -6.46401451113));
#7933 = CARTESIAN_POINT('',(93.407571615941,130.38835835938,
    -8.159577480715));
#7934 = CARTESIAN_POINT('',(93.864595910808,131.48302132593,
    -9.840509128358));
#7935 = CARTESIAN_POINT('',(94.535875081829,132.57572495012,
    -11.53197968046));
#7936 = CARTESIAN_POINT('',(95.509025781594,133.66513530445,
    -13.23243520744));
#7937 = CARTESIAN_POINT('',(96.87245350473,134.75385843854,
    -14.93273540382));
#7938 = CARTESIAN_POINT('',(98.046422015813,135.43211081801,
    -16.04393126824));
#7939 = CARTESIAN_POINT('',(98.709578542604,135.7778803191,
    -16.57462631509));
#7940 = CARTESIAN_POINT('',(88.156152744848,118.,-0.497820628329));
#7941 = CARTESIAN_POINT('',(88.822427755954,118.64307709942,
    -0.503130282958));
#7942 = CARTESIAN_POINT('',(89.995634118344,119.92528815747,
    -0.512354486649));
#7943 = CARTESIAN_POINT('',(91.326922991603,121.86957978013,
    -0.711472907048));
#7944 = CARTESIAN_POINT('',(92.253912060281,123.73128494388,
    -1.226339072836));
#7945 = CARTESIAN_POINT('',(92.869547585114,125.44396738774,
    -2.104684207634));
#7946 = CARTESIAN_POINT('',(93.264495704812,126.94498568979,
    -3.321879361774));
#7947 = CARTESIAN_POINT('',(93.527517299824,128.21729694802,
    -4.799218909919));
#7948 = CARTESIAN_POINT('',(93.74682220518,129.33442044257,
    -6.440276930556));
#7949 = CARTESIAN_POINT('',(94.010509396933,130.42321723381,
    -8.13760493948));
#7950 = CARTESIAN_POINT('',(94.405688410827,131.51440002388,
    -9.820948719293));
#7951 = CARTESIAN_POINT('',(95.023056785729,132.60396171997,
    -11.51434026812));
#7952 = CARTESIAN_POINT('',(95.953590235654,133.69086490381,
    -13.21628581141));
#7953 = CARTESIAN_POINT('',(97.289172817388,134.77815463056,
    -14.91785855759));
#7954 = CARTESIAN_POINT('',(98.456798346401,135.45555578412,
    -16.02857446398));
#7955 = CARTESIAN_POINT('',(99.120029678369,135.8016673884,
    -16.55976250451));
#7956 = CARTESIAN_POINT('',(89.101890468227,118.,-0.432425849596));
#7957 = CARTESIAN_POINT('',(89.768146061067,118.64302285357,
    -0.43764895998));
#7958 = CARTESIAN_POINT('',(90.935363237127,119.92771453821,
    -0.447348055987));
#7959 = CARTESIAN_POINT('',(92.24013964962,121.88114183996,
    -0.649051527078));
#7960 = CARTESIAN_POINT('',(93.12678396358,123.75401392704,
    -1.169930031372));
#7961 = CARTESIAN_POINT('',(93.691428064403,125.47637285483,
    -2.057464031864));
#7962 = CARTESIAN_POINT('',(94.027819647188,126.98321646356,
    -3.285056320912));
#7963 = CARTESIAN_POINT('',(94.227746100734,128.25704158838,
    -4.771393927881));
#7964 = CARTESIAN_POINT('',(94.382265180028,129.3719826095,
    -6.417488826662));
#7965 = CARTESIAN_POINT('',(94.582555284197,130.45668179223,
    -8.116511275325));
#7966 = CARTESIAN_POINT('',(94.919057698711,131.54452360904,
    -9.802170704717));
#7967 = CARTESIAN_POINT('',(95.485277430796,132.63106905041,
    -11.49740641256));
#7968 = CARTESIAN_POINT('',(96.375377152305,133.7155653487,
    -13.20078237315));
#7969 = CARTESIAN_POINT('',(97.684541255784,134.80147899913,
    -14.9035767686));
#7970 = CARTESIAN_POINT('',(98.84614878954,135.47806298458,
    -16.01383191466));
#7971 = CARTESIAN_POINT('',(99.509451093878,135.82450300153,
    -16.54549322973));
#7972 = CARTESIAN_POINT('',(89.991628481299,118.,-0.37017896343));
#7973 = CARTESIAN_POINT('',(90.657865805412,118.64297122184,
    -0.375319695354));
#7974 = CARTESIAN_POINT('',(91.819448431587,119.93002411958,
    -0.385470824153));
#7975 = CARTESIAN_POINT('',(93.099282258288,121.89214734004,
    -0.589634909882));
#7976 = CARTESIAN_POINT('',(93.947970740543,123.77564881058,
    -1.11623633823));
#7977 = CARTESIAN_POINT('',(94.464642758652,125.50721842786,
    -2.012516882214));
#7978 = CARTESIAN_POINT('',(94.745945096802,127.01960693186,
    -3.250005821816));
#7979 = CARTESIAN_POINT('',(94.886512444315,128.29487305066,
    -4.744908350238));
#7980 = CARTESIAN_POINT('',(94.980081843027,129.40773665554,
    -6.395797668186));
#7981 = CARTESIAN_POINT('',(95.120728774092,130.48853547534,
    -8.096432991753));
#7982 = CARTESIAN_POINT('',(95.402028990751,131.57319714249,
    -9.784296602864));
#7983 = CARTESIAN_POINT('',(95.920128730593,132.65687152199,
    -11.48128769788));
#7984 = CARTESIAN_POINT('',(96.772188915372,133.73907679385,
    -13.18602522014));
#7985 = CARTESIAN_POINT('',(98.056498849413,134.82368060996,
    -14.88998245858));
#7986 = CARTESIAN_POINT('',(99.212444733382,135.49948675742,
    -15.99979902391));
#7987 = CARTESIAN_POINT('',(99.875813805142,135.84623938231,
    -16.53191083157));
#7988 = CARTESIAN_POINT('',(90.820711132421,118.,-0.311481503581));
#7989 = CARTESIAN_POINT('',(91.486931432713,118.64292253081,
    -0.316544554566));
#7990 = CARTESIAN_POINT('',(92.643263629177,119.93220200609,
    -0.327121940231));
#7991 = CARTESIAN_POINT('',(93.899855259747,121.90252528689,
    -0.533606332134));
#7992 = CARTESIAN_POINT('',(94.713175441389,123.79605003532,
    -1.065604353376));
#7993 = CARTESIAN_POINT('',(95.185145737251,125.53630513233,
    -1.970132697651));
#7994 = CARTESIAN_POINT('',(95.415114383557,127.05392235201,
    -3.216953963482));
#7995 = CARTESIAN_POINT('',(95.500369263494,128.33054729678,
    -4.719933026556));
#7996 = CARTESIAN_POINT('',(95.537144052982,129.44145194334,
    -6.375343377503));
#7997 = CARTESIAN_POINT('',(95.622213814875,130.51857280573,
    -8.077499607027));
#7998 = CARTESIAN_POINT('',(95.852075086699,131.60023566092,
    -9.76744171356));
#7999 = CARTESIAN_POINT('',(96.325335278208,132.68120269144,
    -11.4660881005));
#8000 = CARTESIAN_POINT('',(97.14194916319,133.76124757553,
    -13.1721095458));
#8001 = CARTESIAN_POINT('',(98.403099291973,134.84461624508,
    -14.87716331993));
#8002 = CARTESIAN_POINT('',(99.553769488357,135.51968891165,
    -15.98656631306));
#8003 = CARTESIAN_POINT('',(100.21720077913,135.86673631663,
    -16.5191029255));
#8004 = CARTESIAN_POINT('',(91.584781191312,118.,-0.256725743203));
#8005 = CARTESIAN_POINT('',(92.25098580285,118.64287711328,
    -0.261716329736));
#8006 = CARTESIAN_POINT('',(93.402479282324,119.93423363975,
    -0.272691347929));
#8007 = CARTESIAN_POINT('',(94.637651255786,121.91220632584,
    -0.481340230918));
#8008 = CARTESIAN_POINT('',(95.418376545337,123.81508126035,
    -1.018372448669));
#8009 = CARTESIAN_POINT('',(95.849150408613,125.56343858284,
    -1.930594730254));
#8010 = CARTESIAN_POINT('',(96.031810699233,127.08593339521,
    -3.186121630367));
#8011 = CARTESIAN_POINT('',(96.066090443819,128.36382591698,
    -4.696634866083));
#8012 = CARTESIAN_POINT('',(96.050524178581,129.47290315476,
    -6.356262649951));
#8013 = CARTESIAN_POINT('',(96.084374860129,130.54659304492,
    -8.059837652322));
#8014 = CARTESIAN_POINT('',(96.266830776695,131.62545846683,
    -9.751718677465));
#8015 = CARTESIAN_POINT('',(96.698767517197,132.70389995441,
    -11.45190919883));
#8016 = CARTESIAN_POINT('',(97.482714627143,133.78192952707,
    -13.15912834811));
#8017 = CARTESIAN_POINT('',(98.722521029295,134.86414599268,
    -14.86520502249));
#8018 = CARTESIAN_POINT('',(99.868329230637,135.53853443617,
    -15.97422221593));
#8019 = CARTESIAN_POINT('',(100.5318178622,135.88585682418,
    -16.50715510634));
#8020 = CARTESIAN_POINT('',(92.279805361819,118.,-0.20630195308));
#8021 = CARTESIAN_POINT('',(92.94599570244,118.64283528669,
    -0.211225808004));
#8022 = CARTESIAN_POINT('',(94.093087719847,119.93610454286,
    -0.222567000457));
#8023 = CARTESIAN_POINT('',(95.308775643129,121.92112145475,-0.433209132
    ));
#8024 = CARTESIAN_POINT('',(96.059851507753,123.8326068411,
    -0.974877268738));
#8025 = CARTESIAN_POINT('',(96.453151691685,125.58842538612,
    -1.894184786236));
#8026 = CARTESIAN_POINT('',(96.592778689368,127.11541190328,
    -3.157728579422));
#8027 = CARTESIAN_POINT('',(96.580689713243,128.39447171842,
    -4.675179926076));
#8028 = CARTESIAN_POINT('',(96.517512240473,129.50186612182,
    -6.338691483104));
#8029 = CARTESIAN_POINT('',(96.504772300624,130.57239647913,
    -8.043573012928));
#8030 = CARTESIAN_POINT('',(96.644106690153,131.64868578503,
    -9.737239560259));
#8031 = CARTESIAN_POINT('',(97.038454210954,132.72480153669,
    -11.43885205274));
#8032 = CARTESIAN_POINT('',(97.792686509072,133.80097523751,
    -13.14717415037));
#8033 = CARTESIAN_POINT('',(99.013077928888,134.88213065762,
    -14.85419279878));
#8034 = CARTESIAN_POINT('',(100.15446349658,135.55588900331,
    -15.96285471501));
#8035 = CARTESIAN_POINT('',(100.81800428535,135.90346462386,
    -16.49615253196));
#8036 = CARTESIAN_POINT('',(92.902098662642,118.,-0.160600156067));
#8037 = CARTESIAN_POINT('',(93.568276226215,118.64279737993,
    -0.165463528684));
#8038 = CARTESIAN_POINT('',(94.711427372266,119.93780024185,
    -0.177136604387));
#8039 = CARTESIAN_POINT('',(95.909670155898,121.92920171661,
    -0.389585324536));
#8040 = CARTESIAN_POINT('',(96.634199262387,123.84849121884,
    -0.935455244341));
#8041 = CARTESIAN_POINT('',(96.993947203692,125.61107227184,
    -1.861184492791));
#8042 = CARTESIAN_POINT('',(97.095044131418,127.14212986297,
    -3.131994427988));
#8043 = CARTESIAN_POINT('',(97.041438693724,128.42224765897,
    -4.6557341583));
#8044 = CARTESIAN_POINT('',(96.935632292711,129.52811681892,
    -6.322765788138));
#8045 = CARTESIAN_POINT('',(96.881177211422,130.59578352143,
    -8.028831494168));
#8046 = CARTESIAN_POINT('',(96.981902530166,131.66973795463,
    -9.724116356434));
#8047 = CARTESIAN_POINT('',(97.342594358699,132.74374576654,
    -11.42701765793));
#8048 = CARTESIAN_POINT('',(98.070221354258,133.81823739081,
    -13.13633941705));
#8049 = CARTESIAN_POINT('',(99.27322947443,134.89843112793,
    -14.84421182731));
#8050 = CARTESIAN_POINT('',(100.41065521528,135.57161838286,
    -15.95255173652));
#8051 = CARTESIAN_POINT('',(101.07424270334,135.91942352113,
    -16.48618030617));
#8052 = CARTESIAN_POINT('',(93.448347510742,118.,-0.120006572732));
#8053 = CARTESIAN_POINT('',(94.114513856363,118.64276370655,
    -0.124816223244));
#8054 = CARTESIAN_POINT('',(95.254205710132,119.93930640953,
    -0.136784086806));
#8055 = CARTESIAN_POINT('',(96.437135154864,121.93637882532,
    -0.35083746822));
#8056 = CARTESIAN_POINT('',(97.138361526391,123.86260015675,
    -0.900439526424));
#8057 = CARTESIAN_POINT('',(97.468657320434,125.63118785376,
    -1.831872731556));
#8058 = CARTESIAN_POINT('',(97.535932565861,127.16586148392,
    -3.109136652385));
#8059 = CARTESIAN_POINT('',(97.445883992296,128.44691900738,
    -4.638461896675));
#8060 = CARTESIAN_POINT('',(97.302657932552,129.55143340448,
    -6.308620151248));
#8061 = CARTESIAN_POINT('',(97.211585314273,130.61655653064,
    -8.015737674902));
#8062 = CARTESIAN_POINT('',(97.278419603807,131.68843706624,
    -9.712459968656));
#8063 = CARTESIAN_POINT('',(97.609568477054,132.76057254833,
    -11.4165060255));
#8064 = CARTESIAN_POINT('',(98.313841347237,133.83357010711,
    -13.12671571123));
#8065 = CARTESIAN_POINT('',(99.501590412187,134.91290964791,
    -14.83534645608));
#8066 = CARTESIAN_POINT('',(100.63554022024,135.58558965306,
    -15.94340034984));
#8067 = CARTESIAN_POINT('',(101.29916869961,135.93359864922,
    -16.47732270307));
#8068 = CARTESIAN_POINT('',(93.915631275098,118.,-8.489546777791E-02));
#8069 = CARTESIAN_POINT('',(94.581788027406,118.64273458316,
    -8.965865175119E-02));
#8070 = CARTESIAN_POINT('',(95.718520655777,119.94060915664,
    -0.101881489815));
#8071 = CARTESIAN_POINT('',(96.888350441302,121.94258661005,
    -0.317322810528));
#8072 = CARTESIAN_POINT('',(97.569642693104,123.87480357307,
    -0.870152952887));
#8073 = CARTESIAN_POINT('',(97.874743907367,125.64858667029,
    -1.806519751095));
#8074 = CARTESIAN_POINT('',(97.91308669263,127.18638796533,
    -3.089365996723));
#8075 = CARTESIAN_POINT('',(97.791863159577,128.46825829878,
    -4.623522387992));
#8076 = CARTESIAN_POINT('',(97.616626782456,129.57160090426,
    -6.296384992371));
#8077 = CARTESIAN_POINT('',(97.494230014783,130.63452398379,
    -8.004412277517));
#8078 = CARTESIAN_POINT('',(97.532072521961,131.7046107177,
    -9.702377866486));
#8079 = CARTESIAN_POINT('',(97.837949134465,132.77512674285,
    -11.40741407058));
#8080 = CARTESIAN_POINT('',(98.5222439236,133.84683202046,
    -13.11839176155));
#8081 = CARTESIAN_POINT('',(99.696939765236,134.92543273409,
    -14.82767842196));
#8082 = CARTESIAN_POINT('',(100.82791611445,135.59767398867,
    -15.93548492905));
#8083 = CARTESIAN_POINT('',(101.49157966141,135.94585931628,
    -16.46966138799));
#8084 = CARTESIAN_POINT('',(94.301442006104,118.,-5.561753202822E-02));
#8085 = CARTESIAN_POINT('',(94.967590836544,118.6427102951,
    -6.034196924475E-02));
#8086 = CARTESIAN_POINT('',(96.101880195535,119.94169547372,
    -7.277742160577E-02));
#8087 = CARTESIAN_POINT('',(97.260894305906,121.94776306664,
    -0.28937609693));
#8088 = CARTESIAN_POINT('',(97.925728041893,123.88497957985,
    -0.844898026978));
#8089 = CARTESIAN_POINT('',(98.210027465031,125.66309494145,
    -1.785378777778));
#8090 = CARTESIAN_POINT('',(98.224482295155,127.20350428806,
    -3.072879930934));
#8091 = CARTESIAN_POINT('',(98.077519297501,128.48605239564,
    -4.611064848535));
#8092 = CARTESIAN_POINT('',(97.875853746315,129.58841788463,
    -6.28618251666));
#8093 = CARTESIAN_POINT('',(97.727594336073,130.64950642138,
    -7.994968420441));
#8094 = CARTESIAN_POINT('',(97.741499909001,131.71809736616,
    -9.693970750277));
#8095 = CARTESIAN_POINT('',(98.02651059348,132.78726298205,
    -11.39983260391));
#8096 = CARTESIAN_POINT('',(98.694310570187,133.85789067161,
    -13.11145070788));
#8097 = CARTESIAN_POINT('',(99.858229076828,134.93587530076,
    -14.82128431359));
#8098 = CARTESIAN_POINT('',(100.98675040339,135.6077507019,
    -15.92888453346));
#8099 = CARTESIAN_POINT('',(101.65044290359,135.95608306238,
    -16.46327288239));
#8100 = CARTESIAN_POINT('',(94.603701998984,118.,-3.248623517408E-02));
#8101 = CARTESIAN_POINT('',(95.269844622907,118.64269111119,
    -3.71800601602E-02));
#8102 = CARTESIAN_POINT('',(96.402219824477,119.9425537261,
    -4.978349037093E-02));
#8103 = CARTESIAN_POINT('',(97.552760490035,121.95185277335,
    -0.267296544127));
#8104 = CARTESIAN_POINT('',(98.204699947914,123.89301922552,
    -0.824945145286));
#8105 = CARTESIAN_POINT('',(98.472702392417,125.6745573318,
    -1.768676161385));
#8106 = CARTESIAN_POINT('',(98.468442416111,127.21702719301,
    -3.059854966162));
#8107 = CARTESIAN_POINT('',(98.301314063371,128.50011078214,
    -4.601222657278));
#8108 = CARTESIAN_POINT('',(98.078942810339,129.60170429144,
    -6.278121958827));
#8109 = CARTESIAN_POINT('',(97.910421542324,130.66134343116,
    -7.987507216094));
#8110 = CARTESIAN_POINT('',(97.905573936573,131.72875261421,
    -9.687328632392));
#8111 = CARTESIAN_POINT('',(98.174237394928,132.79685132727,
    -11.39384279788));
#8112 = CARTESIAN_POINT('',(98.829114657286,133.86662765808,
    -13.10596686592));
#8113 = CARTESIAN_POINT('',(99.984589756297,134.94412554657,
    -14.81623259065));
#8114 = CARTESIAN_POINT('',(101.11118771764,135.61571189546,
    -15.92366983155));
#8115 = CARTESIAN_POINT('',(101.77490290066,135.96416042507,
    -16.458225586));
#8116 = CARTESIAN_POINT('',(94.820778826304,118.,-1.576373522072E-02));
#8117 = CARTESIAN_POINT('',(95.486916993075,118.64267723896,
    -2.043542939612E-02));
#8118 = CARTESIAN_POINT('',(96.617917486335,119.9431741911,
    -3.316029730728E-02));
#8119 = CARTESIAN_POINT('',(97.76237270056,121.95480937851,
    -0.251334390203));
#8120 = CARTESIAN_POINT('',(98.405051756605,123.89883139322,
    -0.810520443323));
#8121 = CARTESIAN_POINT('',(98.661350050716,125.68284393254,
    -1.756601200625));
#8122 = CARTESIAN_POINT('',(98.643649490475,127.22680341865,
    -3.050438720538));
#8123 = CARTESIAN_POINT('',(98.462038799989,128.51027412789,
    -4.594107360463));
#8124 = CARTESIAN_POINT('',(98.22479714343,129.61130954353,
    -6.272294673015));
#8125 = CARTESIAN_POINT('',(98.041724231453,130.66990085864,
    -7.982113225861));
#8126 = CARTESIAN_POINT('',(98.023408483613,131.73645570092,
    -9.682526791112));
#8127 = CARTESIAN_POINT('',(98.280331704897,132.80378310903,
    -11.38951253782));
#8128 = CARTESIAN_POINT('',(98.925928143025,133.87294396019,
    -13.10200238661));
#8129 = CARTESIAN_POINT('',(100.0753393631,134.95008996448,
    -14.8125805069));
#8130 = CARTESIAN_POINT('',(101.20055600243,135.62146734841,
    -15.9198999236));
#8131 = CARTESIAN_POINT('',(101.86428747661,135.96999985976,
    -16.45457670223));
#8132 = CARTESIAN_POINT('',(94.951497481217,118.,-5.647926076673E-03));
#8133 = CARTESIAN_POINT('',(95.617632963927,118.64266884955,
    -1.030623287652E-02));
#8134 = CARTESIAN_POINT('',(96.747805639669,119.94354952311,
    -2.31045610741E-02));
#8135 = CARTESIAN_POINT('',(97.888596335527,121.95659789444,
    -0.24167853115));
#8136 = CARTESIAN_POINT('',(98.525698991342,123.90234730163,
    -0.801794622875));
#8137 = CARTESIAN_POINT('',(98.774949316237,125.68785668016,
    -1.74929679047));
#8138 = CARTESIAN_POINT('',(98.749155146581,127.23271727321,
    -3.044742625824));
#8139 = CARTESIAN_POINT('',(98.558823526582,128.51642215996,
    -4.589803160446));
#8140 = CARTESIAN_POINT('',(98.312627256253,129.61711997242,
    -6.268769619269));
#8141 = CARTESIAN_POINT('',(98.12079168016,130.67507743532,
    -7.978850282169));
#8142 = CARTESIAN_POINT('',(98.094365728017,131.74111546801,
    -9.67962205139));
#8143 = CARTESIAN_POINT('',(98.344219249536,132.80797629677,
    -11.38689306797));
#8144 = CARTESIAN_POINT('',(98.98422698947,133.8767648306,
    -13.09960418565));
#8145 = CARTESIAN_POINT('',(100.12998668186,134.95369797282,
    -14.81037128072));
#8146 = CARTESIAN_POINT('',(101.25437152031,135.62494894805,
    -15.91761942346));
#8147 = CARTESIAN_POINT('',(101.9181128051,135.97353226263,
    -16.45236941193));
#8148 = CARTESIAN_POINT('',(95.009726511633,118.,-1.131347478968E-03));
#8149 = CARTESIAN_POINT('',(95.67586079815,118.64266510042,
    -5.78367693892E-03));
#8150 = CARTESIAN_POINT('',(96.80566472083,119.94371710549,
    -1.861480427946E-02));
#8151 = CARTESIAN_POINT('',(97.944823045299,121.95739644341,
    -0.237367314344));
#8152 = CARTESIAN_POINT('',(98.579441676409,123.90391710958,
    -0.797898656344));
#8153 = CARTESIAN_POINT('',(98.825552461527,125.69009480743,
    -1.74603546534));
#8154 = CARTESIAN_POINT('',(98.796152968452,127.23535773317,
    -3.04219939284));
#8155 = CARTESIAN_POINT('',(98.60193658334,128.51916717715,
    -4.587881390531));
#8156 = CARTESIAN_POINT('',(98.351751452525,129.61971425414,
    -6.267195728137));
#8157 = CARTESIAN_POINT('',(98.156012520508,130.67738871018,
    -7.977393419803));
#8158 = CARTESIAN_POINT('',(98.125973852712,131.74319599406,
    -9.678325122484));
#8159 = CARTESIAN_POINT('',(98.372678154469,132.80984850105,
    -11.38572350839));
#8160 = CARTESIAN_POINT('',(99.010196391713,133.87847080034,
    -13.09853341976));
#8161 = CARTESIAN_POINT('',(100.15432949872,134.955308901,
    -14.80938488976));
#8162 = CARTESIAN_POINT('',(101.27834381166,135.62650344003,
    -15.91660120927));
#8163 = CARTESIAN_POINT('',(101.94208946469,135.97510943505,
    -16.45138388522));
#8164 = CARTESIAN_POINT('',(95.02430366229,118.,-5.649596684996E-16));
#8165 = CARTESIAN_POINT('',(95.690437649247,118.6426641636,
    -4.650832280183E-03));
#8166 = CARTESIAN_POINT('',(96.82014925783,119.94375908182,
    -1.749017530193E-02));
#8167 = CARTESIAN_POINT('',(97.958898931721,121.95759647038,
    -0.236287407479));
#8168 = CARTESIAN_POINT('',(98.59289570804,123.90431032713,
    -0.796922764564));
#8169 = CARTESIAN_POINT('',(98.838220535635,125.69065543085,
    -1.745218543441));
#8170 = CARTESIAN_POINT('',(98.807918480002,127.23601913596,
    -3.041562344206));
#8171 = CARTESIAN_POINT('',(98.612729576442,128.51985477025,
    -4.587400010765));
#8172 = CARTESIAN_POINT('',(98.361545867771,129.62036408986,
    -6.266801487734));
#8173 = CARTESIAN_POINT('',(98.164829763257,130.67796765616,
    -7.977028493669));
#8174 = CARTESIAN_POINT('',(98.133886682302,131.74371714028,
    -9.678000257719));
#8175 = CARTESIAN_POINT('',(98.379802603299,132.81031746528,
    -11.38543054808));
#8176 = CARTESIAN_POINT('',(99.016697614123,133.87889812465,
    -13.09826520607));
#8177 = CARTESIAN_POINT('',(100.16042352008,134.95571241935,
    -14.8091378109));
#8178 = CARTESIAN_POINT('',(101.28434507242,135.62689281975,
    -15.91634615919));
#8179 = CARTESIAN_POINT('',(101.94809182084,135.97550449738,
    -16.45113702289));
#8180 = DEFINITIONAL_REPRESENTATION('',(#8181),#8345);
#8181 = B_SPLINE_CURVE_WITH_KNOTS('',8,(#8182,#8183,#8184,#8185,#8186,
    #8187,#8188,#8189,#8190,#8191,#8192,#8193,#8194,#8195,#8196,#8197,
    #8198,#8199,#8200,#8201,#8202,#8203,#8204,#8205,#8206,#8207,#8208,
    #8209,#8210,#8211,#8212,#8213,#8214,#8215,#8216,#8217,#8218,#8219,
    #8220,#8221,#8222,#8223,#8224,#8225,#8226,#8227,#8228,#8229,#8230,
    #8231,#8232,#8233,#8234,#8235,#8236,#8237,#8238,#8239,#8240,#8241,
    #8242,#8243,#8244,#8245,#8246,#8247,#8248,#8249,#8250,#8251,#8252,
    #8253,#8254,#8255,#8256,#8257,#8258,#8259,#8260,#8261,#8262,#8263,
    #8264,#8265,#8266,#8267,#8268,#8269,#8270,#8271,#8272,#8273,#8274,
    #8275,#8276,#8277,#8278,#8279,#8280,#8281,#8282,#8283,#8284,#8285,
    #8286,#8287,#8288,#8289,#8290,#8291,#8292,#8293,#8294,#8295,#8296,
    #8297,#8298,#8299,#8300,#8301,#8302,#8303,#8304,#8305,#8306,#8307,
    #8308,#8309,#8310,#8311,#8312,#8313,#8314,#8315,#8316,#8317,#8318,
    #8319,#8320,#8321,#8322,#8323,#8324,#8325,#8326,#8327,#8328,#8329,
    #8330,#8331,#8332,#8333,#8334,#8335,#8336,#8337,#8338,#8339,#8340,
    #8341,#8342,#8343,#8344),.UNSPECIFIED.,.F.,.F.,(9,7,7,7,7,7,7,7,7,7,
    7,7,7,7,7,7,7,7,7,7,7,7,7,9),(0.,5.025304982409E-02,0.10973719756,
    0.138137237012,0.165293679586,0.196207855733,0.225892347734,
    0.258897984915,0.292362165116,0.316377021663,0.334548597487,
    0.390367908889,0.429004320598,0.457888516957,0.480040080625,
    0.503490123702,0.544867996267,0.575936385538,0.672677970761,
    0.716935528378,0.856797659052,0.89714289805,0.924708614164,1.),
  .UNSPECIFIED.);
#8182 = CARTESIAN_POINT('',(1.,0.281282222986));
#8183 = CARTESIAN_POINT('',(1.000546206342,0.280122936661));
#8184 = CARTESIAN_POINT('',(1.00110031993,0.278948331959));
#8185 = CARTESIAN_POINT('',(1.001662579481,0.277758177589));
#8186 = CARTESIAN_POINT('',(1.002233243933,0.276552252305));
#8187 = CARTESIAN_POINT('',(1.002812592435,0.275330344903));
#8188 = CARTESIAN_POINT('',(1.003400924359,0.274092254221));
#8189 = CARTESIAN_POINT('',(1.00399855929,0.272837789141));
#8190 = CARTESIAN_POINT('',(1.005324679019,0.270062277207));
#8191 = CARTESIAN_POINT('',(1.006056934446,0.26853453992));
#8192 = CARTESIAN_POINT('',(1.006803768335,0.266983608492));
#8193 = CARTESIAN_POINT('',(1.007563952863,0.265408288966));
#8194 = CARTESIAN_POINT('',(1.008341151961,0.263810077828));
#8195 = CARTESIAN_POINT('',(1.009134611138,0.262187787871));
#8196 = CARTESIAN_POINT('',(1.009947067412,0.260542107459));
#8197 = CARTESIAN_POINT('',(1.011178067554,0.25807578821));
#8198 = CARTESIAN_POINT('',(1.011580679161,0.257273424279));
#8199 = CARTESIAN_POINT('',(1.011988223316,0.25646567435));
#8200 = CARTESIAN_POINT('',(1.012400981017,0.255652540366));
#8201 = CARTESIAN_POINT('',(1.01281932444,0.254834032156));
#8202 = CARTESIAN_POINT('',(1.01324363823,0.254010152343));
#8203 = CARTESIAN_POINT('',(1.013674240796,0.253180881254));
#8204 = CARTESIAN_POINT('',(1.014529207405,0.251547988211));
#8205 = CARTESIAN_POINT('',(1.014952942366,0.250744833706));
#8206 = CARTESIAN_POINT('',(1.015382643719,0.249936655677));
#8207 = CARTESIAN_POINT('',(1.015818424161,0.249123425617));
#8208 = CARTESIAN_POINT('',(1.016260375849,0.248305129149));
#8209 = CARTESIAN_POINT('',(1.016708570397,0.247481766023));
#8210 = CARTESIAN_POINT('',(1.017163058881,0.246653350116));
#8211 = CARTESIAN_POINT('',(1.01814844467,0.244871144981));
#8212 = CARTESIAN_POINT('',(1.018681206846,0.243915866678));
#8213 = CARTESIAN_POINT('',(1.019222166658,0.242954136441));
#8214 = CARTESIAN_POINT('',(1.019771296688,0.241986037702));
#8215 = CARTESIAN_POINT('',(1.020328508376,0.241011685556));
#8216 = CARTESIAN_POINT('',(1.020893626584,0.240031236899));
#8217 = CARTESIAN_POINT('',(1.021466364164,0.239044900575));
#8218 = CARTESIAN_POINT('',(1.022603177289,0.237100444065));
#8219 = CARTESIAN_POINT('',(1.023166794799,0.2361427048));
#8220 = CARTESIAN_POINT('',(1.023737279079,0.23517971674));
#8221 = CARTESIAN_POINT('',(1.024314735506,0.234211480724));
#8222 = CARTESIAN_POINT('',(1.024899244811,0.233238011416));
#8223 = CARTESIAN_POINT('',(1.025490863082,0.232259337304));
#8224 = CARTESIAN_POINT('',(1.026089621758,0.231275500695));
#8225 = CARTESIAN_POINT('',(1.027369218458,0.229186972301));
#8226 = CARTESIAN_POINT('',(1.02805173773,0.228081069635));
#8227 = CARTESIAN_POINT('',(1.028743067382,0.226968943221));
#8228 = CARTESIAN_POINT('',(1.029443136515,0.225850703805));
#8229 = CARTESIAN_POINT('',(1.030151803412,0.22472648598));
#8230 = CARTESIAN_POINT('',(1.030868837542,0.223596454783));
#8231 = CARTESIAN_POINT('',(1.031593901575,0.222460812285));
#8232 = CARTESIAN_POINT('',(1.033069355326,0.220162940003));
#8233 = CARTESIAN_POINT('',(1.033820021779,0.219000524783));
#8234 = CARTESIAN_POINT('',(1.034578586044,0.217832608402));
#8235 = CARTESIAN_POINT('',(1.035345051156,0.216659257529));
#8236 = CARTESIAN_POINT('',(1.036119369887,0.215480555642));
#8237 = CARTESIAN_POINT('',(1.036901444739,0.21429660302));
#8238 = CARTESIAN_POINT('',(1.03769112795,0.213107516749));
#8239 = CARTESIAN_POINT('',(1.039060235389,0.211056521297));
#8240 = CARTESIAN_POINT('',(1.039636055974,0.210197037116));
#8241 = CARTESIAN_POINT('',(1.040215606216,0.20933502839));
#8242 = CARTESIAN_POINT('',(1.040798787366,0.20847054954));
#8243 = CARTESIAN_POINT('',(1.041385478956,0.207603659198));
#8244 = CARTESIAN_POINT('',(1.041975538794,0.206734420202));
#8245 = CARTESIAN_POINT('',(1.042568802972,0.205862899598));
#8246 = CARTESIAN_POINT('',(1.043616268749,0.204328036637));
#8247 = CARTESIAN_POINT('',(1.044069224598,0.203665628461));
#8248 = CARTESIAN_POINT('',(1.044523776458,0.203001996885));
#8249 = CARTESIAN_POINT('',(1.044979846975,0.202337170363));
#8250 = CARTESIAN_POINT('',(1.045437420698,0.201671162116));
#8251 = CARTESIAN_POINT('',(1.045896506378,0.201003979201));
#8252 = CARTESIAN_POINT('',(1.046357099277,0.200335631594));
#8253 = CARTESIAN_POINT('',(1.048238458899,0.197609603196));
#8254 = CARTESIAN_POINT('',(1.049671612461,0.195542232125));
#8255 = CARTESIAN_POINT('',(1.051117925622,0.19346448364));
#8256 = CARTESIAN_POINT('',(1.052576485823,0.191376832307));
#8257 = CARTESIAN_POINT('',(1.054046096352,0.189279780555));
#8258 = CARTESIAN_POINT('',(1.055525226208,0.187173867554));
#8259 = CARTESIAN_POINT('',(1.057011959975,0.185059678105));
#8260 = CARTESIAN_POINT('',(1.05953666704,0.181469186438));
#8261 = CARTESIAN_POINT('',(1.060571821518,0.179996868553));
#8262 = CARTESIAN_POINT('',(1.061609133312,0.178521013732));
#8263 = CARTESIAN_POINT('',(1.062648284536,0.17704174191));
#8264 = CARTESIAN_POINT('',(1.063688917232,0.175559177091));
#8265 = CARTESIAN_POINT('',(1.064730633363,0.174073447344));
#8266 = CARTESIAN_POINT('',(1.065772994816,0.172584684805));
#8267 = CARTESIAN_POINT('',(1.067594904193,0.169977876187));
#8268 = CARTESIAN_POINT('',(1.068374379538,0.168861109258));
#8269 = CARTESIAN_POINT('',(1.069153746552,0.167742780884));
#8270 = CARTESIAN_POINT('',(1.069932780346,0.16662294987));
#8271 = CARTESIAN_POINT('',(1.070711245862,0.165501677795));
#8272 = CARTESIAN_POINT('',(1.071488909703,0.164379028979));
#8273 = CARTESIAN_POINT('',(1.072265551971,0.163255070447));
#8274 = CARTESIAN_POINT('',(1.073635653539,0.161266946462));
#8275 = CARTESIAN_POINT('',(1.07422959976,0.160403291528));
#8276 = CARTESIAN_POINT('',(1.074822730388,0.159538935506));
#8277 = CARTESIAN_POINT('',(1.075414885094,0.158673918952));
#8278 = CARTESIAN_POINT('',(1.076005957601,0.157808273837));
#8279 = CARTESIAN_POINT('',(1.076595927577,0.156942018417));
#8280 = CARTESIAN_POINT('',(1.077184796418,0.1560751677));
#8281 = CARTESIAN_POINT('',(1.078394510035,0.154289504459));
#8282 = CARTESIAN_POINT('',(1.079015238963,0.153370619133));
#8283 = CARTESIAN_POINT('',(1.079634542938,0.152451133128));
#8284 = CARTESIAN_POINT('',(1.080252349249,0.151531076772));
#8285 = CARTESIAN_POINT('',(1.080868583243,0.150610481126));
#8286 = CARTESIAN_POINT('',(1.081483168326,0.149689377988));
#8287 = CARTESIAN_POINT('',(1.082096025965,0.148767799888));
#8288 = CARTESIAN_POINT('',(1.083785277866,0.146218865887));
#8289 = CARTESIAN_POINT('',(1.08485785548,0.144590578031));
#8290 = CARTESIAN_POINT('',(1.085924361563,0.142961098077));
#8291 = CARTESIAN_POINT('',(1.086984336421,0.141330617753));
#8292 = CARTESIAN_POINT('',(1.08803730763,0.139699338964));
#8293 = CARTESIAN_POINT('',(1.089082790035,0.138067473792));
#8294 = CARTESIAN_POINT('',(1.09012028575,0.136435244493));
#8295 = CARTESIAN_POINT('',(1.091921896573,0.133577233989));
#8296 = CARTESIAN_POINT('',(1.092689754593,0.13235150121));
#8297 = CARTESIAN_POINT('',(1.09345258288,0.131125801502));
#8298 = CARTESIAN_POINT('',(1.094210154841,0.129900240457));
#8299 = CARTESIAN_POINT('',(1.094962319972,0.128674908306));
#8300 = CARTESIAN_POINT('',(1.095708987455,0.127449884405));
#8301 = CARTESIAN_POINT('',(1.096450066013,0.126225250831));
#8302 = CARTESIAN_POINT('',(1.099474954803,0.121189364273));
#8303 = CARTESIAN_POINT('',(1.101708830601,0.117382254909));
#8304 = CARTESIAN_POINT('',(1.103883029084,0.11358268508));
#8305 = CARTESIAN_POINT('',(1.105993933099,0.109793555413));
#8306 = CARTESIAN_POINT('',(1.108038397134,0.106017725311));
#8307 = CARTESIAN_POINT('',(1.110013877769,0.102257969212));
#8308 = CARTESIAN_POINT('',(1.111918564138,9.851693285049E-02));
#8309 = CARTESIAN_POINT('',(1.114590047027,9.309532794783E-02));
#8310 = CARTESIAN_POINT('',(1.115413578937,9.139797150039E-02));
#8311 = CARTESIAN_POINT('',(1.116222100232,8.97052113503E-02));
#8312 = CARTESIAN_POINT('',(1.117015659554,8.801721444068E-02));
#8313 = CARTESIAN_POINT('',(1.117794290442,8.63341415923E-02));
#8314 = CARTESIAN_POINT('',(1.118558033184,8.465614031307E-02));
#8315 = CARTESIAN_POINT('',(1.119307046161,8.298331230461E-02));
#8316 = CARTESIAN_POINT('',(1.122363744248,7.604556261985E-02));
#8317 = CARTESIAN_POINT('',(1.124542542048,7.082735252692E-02));
#8318 = CARTESIAN_POINT('',(1.126587180286,6.566243188011E-02));
#8319 = CARTESIAN_POINT('',(1.128511199039,6.054880806609E-02));
#8320 = CARTESIAN_POINT('',(1.130326186935,5.548397012666E-02));
#8321 = CARTESIAN_POINT('',(1.132050237225,5.046121756777E-02));
#8322 = CARTESIAN_POINT('',(1.133698673361,4.547391779545E-02));
#8323 = CARTESIAN_POINT('',(1.135749431511,3.908154386124E-02));
#8324 = CARTESIAN_POINT('',(1.136203809145,3.76525999848E-02));
#8325 = CARTESIAN_POINT('',(1.136653879948,3.622563436417E-02));
#8326 = CARTESIAN_POINT('',(1.137100095889,3.480042156991E-02));
#8327 = CARTESIAN_POINT('',(1.137542919874,3.337672645485E-02));
#8328 = CARTESIAN_POINT('',(1.137982825748,3.195430415415E-02));
#8329 = CARTESIAN_POINT('',(1.138420298289,3.053290008525E-02));
#8330 = CARTESIAN_POINT('',(1.139153410676,2.814159667934E-02));
#8331 = CARTESIAN_POINT('',(1.139450084565,2.717129555262E-02));
#8332 = CARTESIAN_POINT('',(1.139746012906,2.620126252312E-02));
#8333 = CARTESIAN_POINT('',(1.140041357275,2.523141138073E-02));
#8334 = CARTESIAN_POINT('',(1.140336282794,2.426165374991E-02));
#8335 = CARTESIAN_POINT('',(1.140630958136,2.329189908961E-02));
#8336 = CARTESIAN_POINT('',(1.140925555524,2.23220546933E-02));
#8337 = CARTESIAN_POINT('',(1.142025169856,1.87025419434E-02));
#8338 = CARTESIAN_POINT('',(1.142830779811,1.60517701225E-02));
#8339 = CARTESIAN_POINT('',(1.14364075034,1.339764640844E-02));
#8340 = CARTESIAN_POINT('',(1.144458907125,1.07380978272E-02));
#8341 = CARTESIAN_POINT('',(1.145289363868,8.070973054269E-03));
#8342 = CARTESIAN_POINT('',(1.146136654366,5.393973220191E-03));
#8343 = CARTESIAN_POINT('',(1.147005864589,2.704582716235E-03));
#8344 = CARTESIAN_POINT('',(1.147902764764,0.));
#8345 = ( GEOMETRIC_REPRESENTATION_CONTEXT(2) 
PARAMETRIC_REPRESENTATION_CONTEXT() REPRESENTATION_CONTEXT('2D SPACE',''
  ) );
#8346 = ORIENTED_EDGE('',*,*,#8347,.F.);
#8347 = EDGE_CURVE('',#4618,#7092,#8348,.T.);
#8348 = SURFACE_CURVE('',#8349,(#8569,#8792),.PCURVE_S1.);
#8349 = B_SPLINE_CURVE_WITH_KNOTS('',8,(#8350,#8351,#8352,#8353,#8354,
    #8355,#8356,#8357,#8358,#8359,#8360,#8361,#8362,#8363,#8364,#8365,
    #8366,#8367,#8368,#8369,#8370,#8371,#8372,#8373,#8374,#8375,#8376,
    #8377,#8378,#8379,#8380,#8381,#8382,#8383,#8384,#8385,#8386,#8387,
    #8388,#8389,#8390,#8391,#8392,#8393,#8394,#8395,#8396,#8397,#8398,
    #8399,#8400,#8401,#8402,#8403,#8404,#8405,#8406,#8407,#8408,#8409,
    #8410,#8411,#8412,#8413,#8414,#8415,#8416,#8417,#8418,#8419,#8420,
    #8421,#8422,#8423,#8424,#8425,#8426,#8427,#8428,#8429,#8430,#8431,
    #8432,#8433,#8434,#8435,#8436,#8437,#8438,#8439,#8440,#8441,#8442,
    #8443,#8444,#8445,#8446,#8447,#8448,#8449,#8450,#8451,#8452,#8453,
    #8454,#8455,#8456,#8457,#8458,#8459,#8460,#8461,#8462,#8463,#8464,
    #8465,#8466,#8467,#8468,#8469,#8470,#8471,#8472,#8473,#8474,#8475,
    #8476,#8477,#8478,#8479,#8480,#8481,#8482,#8483,#8484,#8485,#8486,
    #8487,#8488,#8489,#8490,#8491,#8492,#8493,#8494,#8495,#8496,#8497,
    #8498,#8499,#8500,#8501,#8502,#8503,#8504,#8505,#8506,#8507,#8508,
    #8509,#8510,#8511,#8512,#8513,#8514,#8515,#8516,#8517,#8518,#8519,
    #8520,#8521,#8522,#8523,#8524,#8525,#8526,#8527,#8528,#8529,#8530,
    #8531,#8532,#8533,#8534,#8535,#8536,#8537,#8538,#8539,#8540,#8541,
    #8542,#8543,#8544,#8545,#8546,#8547,#8548,#8549,#8550,#8551,#8552,
    #8553,#8554,#8555,#8556,#8557,#8558,#8559,#8560,#8561,#8562,#8563,
    #8564,#8565,#8566,#8567,#8568),.UNSPECIFIED.,.F.,.F.,(9,7,7,7,7,7,7,
    7,7,7,7,7,7,7,7,7,7,7,7,7,7,7,7,7,7,7,7,7,7,7,7,9),(0.,
    6.505151064526E-02,0.129418538734,0.192356269662,0.255166543422,
    0.297565126563,0.339799463087,0.367745537226,0.38881433088,
    0.420723404884,0.452747327101,0.509883558558,0.567947877441,
    0.627444210282,0.657796695423,0.68948012699,0.721625480996,
    0.746722061365,0.765994106597,0.796480418261,0.811791237363,
    0.828054897912,0.850799166226,0.86809127418,0.881648963912,
    0.903232763763,0.92633426872,0.937975718835,0.950048458069,
    0.962965233998,0.982394891805,1.),.UNSPECIFIED.);
#8350 = CARTESIAN_POINT('',(89.83719677106,125.63306544257,
    -7.754175101955E-04));
#8351 = CARTESIAN_POINT('',(89.667825545129,125.70553432516,
    -1.421233464486E-02));
#8352 = CARTESIAN_POINT('',(89.497701078839,125.77624368974,
    -2.761827295651E-02));
#8353 = CARTESIAN_POINT('',(89.326879627893,125.84527031622,
    -4.09932885945E-02));
#8354 = CARTESIAN_POINT('',(89.155411428801,125.91268286407,
    -5.433753138876E-02));
#8355 = CARTESIAN_POINT('',(88.983340958143,125.97854253793,
    -6.765126481628E-02));
#8356 = CARTESIAN_POINT('',(88.810707191827,126.04290375319,
    -8.093488596755E-02));
#8357 = CARTESIAN_POINT('',(88.637543864354,126.10581480163,
    -9.418894551304E-02));
#8358 = CARTESIAN_POINT('',(88.292042983914,126.2281752756,
    -0.120500241687));
#8359 = CARTESIAN_POINT('',(88.119717457337,126.28765434374,
    -0.133557955891));
#8360 = CARTESIAN_POINT('',(87.946932419351,126.34579928223,
    -0.146587930808));
#8361 = CARTESIAN_POINT('',(87.773713940578,126.40264760644,
    -0.159590804708));
#8362 = CARTESIAN_POINT('',(87.600085316573,126.45823207298,
    -0.172567227379));
#8363 = CARTESIAN_POINT('',(87.426067493137,126.51258196647,
    -0.185517853906));
#8364 = CARTESIAN_POINT('',(87.251679491636,126.56572438624,
    -0.198443338442));
#8365 = CARTESIAN_POINT('',(86.906078268882,126.66849252476,
    -0.223958863559));
#8366 = CARTESIAN_POINT('',(86.734880586739,126.71816878698,
    -0.236549669288));
#8367 = CARTESIAN_POINT('',(86.563362102859,126.76673751493,
    -0.249118128453));
#8368 = CARTESIAN_POINT('',(86.391535689061,126.81421244145,
    -0.261664015634));
#8369 = CARTESIAN_POINT('',(86.219417519813,126.86062095738,
    -0.274187740828));
#8370 = CARTESIAN_POINT('',(86.047022008683,126.90598582706,
    -0.286690132274));
#8371 = CARTESIAN_POINT('',(85.874357628566,126.95031058352,
    -0.299171510773));
#8372 = CARTESIAN_POINT('',(85.528865113045,127.03682884752,
    -0.32406685232));
#8373 = CARTESIAN_POINT('',(85.356037928748,127.07902493158,
    -0.336481114215));
#8374 = CARTESIAN_POINT('',(85.182965312148,127.12021494842,
    -0.348874860567));
#8375 = CARTESIAN_POINT('',(85.009657015256,127.16040960308,
    -0.361248202515));
#8376 = CARTESIAN_POINT('',(84.836122102179,127.19961777682,
    -0.373601138067));
#8377 = CARTESIAN_POINT('',(84.662369065495,127.23784700624,
    -0.385933594383));
#8378 = CARTESIAN_POINT('',(84.488405942633,127.27510396249,
    -0.398245470046));
#8379 = CARTESIAN_POINT('',(84.19667412553,127.33589221431,
    -0.418833542836));
#8380 = CARTESIAN_POINT('',(84.079015544661,127.35994893068,
    -0.427120787647));
#8381 = CARTESIAN_POINT('',(83.961266547459,127.38356444366,
    -0.435398415196));
#8382 = CARTESIAN_POINT('',(83.843428963891,127.40673793709,
    -0.443666369229));
#8383 = CARTESIAN_POINT('',(83.725504596064,127.4294684145,
    -0.451924533809));
#8384 = CARTESIAN_POINT('',(83.607495218228,127.45175469904,
    -0.460172733323));
#8385 = CARTESIAN_POINT('',(83.489402576773,127.47359543356,
    -0.468410732473));
#8386 = CARTESIAN_POINT('',(83.253512001939,127.51629988009,
    -0.484833890218));
#8387 = CARTESIAN_POINT('',(83.13571467317,127.5371668383,
    -0.493019047946));
#8388 = CARTESIAN_POINT('',(83.017839156359,127.5575942138,
    -0.501193542415));
#8389 = CARTESIAN_POINT('',(82.899888099424,127.57758604784,
    -0.50935714096));
#8390 = CARTESIAN_POINT('',(82.781864045771,127.59714616431,
    -0.517509545301));
#8391 = CARTESIAN_POINT('',(82.663769434287,127.61627816974,
    -0.525650391549));
#8392 = CARTESIAN_POINT('',(82.545606599347,127.63498545332,
    -0.533779250202));
#8393 = CARTESIAN_POINT('',(82.349146834768,127.66537067037,
    -0.547266176172));
#8394 = CARTESIAN_POINT('',(82.27088714188,127.67728640861,
    -0.552631265875));
#8395 = CARTESIAN_POINT('',(82.192598066989,127.68901113967,
    -0.557990821949));
#8396 = CARTESIAN_POINT('',(82.114279069954,127.70053765055,
    -0.563344754711));
#8397 = CARTESIAN_POINT('',(82.03592969565,127.71185877714,
    -0.568692958097));
#8398 = CARTESIAN_POINT('',(81.957549573973,127.72296740423,
    -0.574035309665));
#8399 = CARTESIAN_POINT('',(81.879138419833,127.73385646551,
    -0.579371670595));
#8400 = CARTESIAN_POINT('',(81.741557642679,127.75255764773,
    -0.588720370922));
#8401 = CARTESIAN_POINT('',(81.682401409812,127.76046691799,
    -0.592735345654));
#8402 = CARTESIAN_POINT('',(81.623227419332,127.76824500183,
    -0.596746731999));
#8403 = CARTESIAN_POINT('',(81.564035579609,127.77588857515,
    -0.600754450663));
#8404 = CARTESIAN_POINT('',(81.504825761315,127.78339383071,
    -0.604758420647));
#8405 = CARTESIAN_POINT('',(81.445597936129,127.79075756659,
    -0.608758558947));
#8406 = CARTESIAN_POINT('',(81.386352315446,127.79797827468,
    -0.612754780251));
#8407 = CARTESIAN_POINT('',(81.237334826669,127.81577821492,
    -0.622793284982));
#8408 = CARTESIAN_POINT('',(81.147540430488,127.82617224437,
    -0.628830371217));
#8409 = CARTESIAN_POINT('',(81.057707371391,127.83623669234,
    -0.634858000396));
#8410 = CARTESIAN_POINT('',(80.967836756846,127.84596893382,
    -0.640875881406));
#8411 = CARTESIAN_POINT('',(80.877929730939,127.85536634389,
    -0.64688368697));
#8412 = CARTESIAN_POINT('',(80.787987474371,127.86442629773,
    -0.652881053646));
#8413 = CARTESIAN_POINT('',(80.69801120446,127.87314617061,
    -0.658867581829));
#8414 = CARTESIAN_POINT('',(80.517669205635,127.88993088788,
    -0.6708396233));
#8415 = CARTESIAN_POINT('',(80.427303172225,127.89799251632,
    -0.676825086376));
#8416 = CARTESIAN_POINT('',(80.336905498127,127.9057070717,
    -0.682798864849));
#8417 = CARTESIAN_POINT('',(80.24647762537,127.91307344856,
    -0.688760595389));
#8418 = CARTESIAN_POINT('',(80.156021014794,127.92009058745,
    -0.694709911462));
#8419 = CARTESIAN_POINT('',(80.065537146053,127.92675747497,
    -0.700646443333));
#8420 = CARTESIAN_POINT('',(79.975027517612,127.93307314371,
    -0.706569818061));
#8421 = CARTESIAN_POINT('',(79.722965524684,127.94967679121,
    -0.723023778571));
#8422 = CARTESIAN_POINT('',(79.561360184554,127.95919356479,
    -0.733524660274));
#8423 = CARTESIAN_POINT('',(79.399686378783,127.96758919164,
    -0.743979716351));
#8424 = CARTESIAN_POINT('',(79.237952356331,127.97484881491,
    -0.754386424792));
#8425 = CARTESIAN_POINT('',(79.076166635802,127.98095664347,
    -0.764742477423));
#8426 = CARTESIAN_POINT('',(78.91433832649,127.98590269938,
    -0.775045653567));
#8427 = CARTESIAN_POINT('',(78.75247699734,127.98968019192,
    -0.785293419781));
#8428 = CARTESIAN_POINT('',(78.426077633131,127.9949092909,
    -0.805836609027));
#8429 = CARTESIAN_POINT('',(78.261538992832,127.99632096449,
    -0.816130729887));
#8430 = CARTESIAN_POINT('',(78.096986259146,127.99649992366,
    -0.826360735123));
#8431 = CARTESIAN_POINT('',(77.93243006873,127.99541898334,
    -0.836524958924));
#8432 = CARTESIAN_POINT('',(77.767881341823,127.99307911881,
    -0.846620792604));
#8433 = CARTESIAN_POINT('',(77.603351597445,127.9894735115,
    -0.856644435344));
#8434 = CARTESIAN_POINT('',(77.43885310683,127.98456074709,
    -0.866592134762));
#8435 = CARTESIAN_POINT('',(77.105887304585,127.97196353432,
    -0.886574203585));
#8436 = CARTESIAN_POINT('',(76.937422724129,127.96420879184,
    -0.896604557619));
#8437 = CARTESIAN_POINT('',(76.769017190141,127.95505777129,
    -0.906548334203));
#8438 = CARTESIAN_POINT('',(76.600684920571,127.94451351109,
    -0.916405600993));
#8439 = CARTESIAN_POINT('',(76.432442104704,127.93251224595,
    -0.92616772284));
#8440 = CARTESIAN_POINT('',(76.264304503817,127.91905827642,
    -0.935835186655));
#8441 = CARTESIAN_POINT('',(76.096287629054,127.90413295213,
    -0.945402762163));
#8442 = CARTESIAN_POINT('',(75.842765851428,127.87933218296,
    -0.959696764632));
#8443 = CARTESIAN_POINT('',(75.757158045319,127.87056380226,
    -0.964498938448));
#8444 = CARTESIAN_POINT('',(75.671588907226,127.86140156089,
    -0.969274035378));
#8445 = CARTESIAN_POINT('',(75.586060922872,127.85184192284,
    -0.974021516078));
#8446 = CARTESIAN_POINT('',(75.500576616756,127.84188160687,
    -0.97874083481));
#8447 = CARTESIAN_POINT('',(75.415138552154,127.83151758662,
    -0.983431439437));
#8448 = CARTESIAN_POINT('',(75.32974933112,127.82074709052,
    -0.988092771425));
#8449 = CARTESIAN_POINT('',(75.155331826344,127.79789790157,
    -0.997558862642));
#8450 = CARTESIAN_POINT('',(75.06630813783,127.78578247435,
    -1.002361018879));
#8451 = CARTESIAN_POINT('',(74.977343917499,127.77321562304,
    -1.007130089768));
#8452 = CARTESIAN_POINT('',(74.888442594363,127.76019212977,
    -1.011865465674));
#8453 = CARTESIAN_POINT('',(74.799607637881,127.74670725597,
    -1.016566572111));
#8454 = CARTESIAN_POINT('',(74.710842557962,127.73275674235,
    -1.021232869747));
#8455 = CARTESIAN_POINT('',(74.622150904968,127.71833680891,
    -1.0258638544));
#8456 = CARTESIAN_POINT('',(74.443629739162,127.68833412347,
    -1.035121294756));
#8457 = CARTESIAN_POINT('',(74.353802209731,127.67273892274,
    -1.039746846382));
#8458 = CARTESIAN_POINT('',(74.264057732925,127.65665313259,
    -1.044335346431));
#8459 = CARTESIAN_POINT('',(74.174400880902,127.64006920871,
    -1.048886419825));
#8460 = CARTESIAN_POINT('',(74.084836271092,127.62298020586,
    -1.053399716847));
#8461 = CARTESIAN_POINT('',(73.995368372676,127.60538088624,
    -1.057874926591));
#8462 = CARTESIAN_POINT('',(73.906001594921,127.5872672129,
    -1.062311768919));
#8463 = CARTESIAN_POINT('',(73.747052661014,127.55408718767,
    -1.070143671461));
#8464 = CARTESIAN_POINT('',(73.677429310253,127.5392231344,
    -1.073554104446));
#8465 = CARTESIAN_POINT('',(73.607872038261,127.52404301632,
    -1.076940423217));
#8466 = CARTESIAN_POINT('',(73.538383709215,127.50854192906,
    -1.080303050511));
#8467 = CARTESIAN_POINT('',(73.468967408768,127.49271430626,
    -1.083642175559));
#8468 = CARTESIAN_POINT('',(73.399625897635,127.47655628088,
    -1.08695715708));
#8469 = CARTESIAN_POINT('',(73.330361728272,127.46006521771,
    -1.090246826169));
#8470 = CARTESIAN_POINT('',(73.208050826683,127.43031324972,
    -1.09601706617));
#8471 = CARTESIAN_POINT('',(73.154970861471,127.41719184523,
    -1.098508232086));
#8472 = CARTESIAN_POINT('',(73.101939694309,127.40386954228,
    -1.10098387219));
#8473 = CARTESIAN_POINT('',(73.048958507343,127.39034528178,
    -1.103443698422));
#8474 = CARTESIAN_POINT('',(72.996028349355,127.37661863946,
    -1.105887437262));
#8475 = CARTESIAN_POINT('',(72.943150385544,127.36268885838,
    -1.108314817693));
#8476 = CARTESIAN_POINT('',(72.890326147298,127.34855388149,
    -1.110725559169));
#8477 = CARTESIAN_POINT('',(72.75408379606,127.31151825092,
    -1.116906214056));
#8478 = CARTESIAN_POINT('',(72.670749541963,127.28830302432,
    -1.120649838225));
#8479 = CARTESIAN_POINT('',(72.587560247081,127.26455988657,
    -1.124353003877));
#8480 = CARTESIAN_POINT('',(72.504527259823,127.24026343379,
    -1.128005183073));
#8481 = CARTESIAN_POINT('',(72.421648350361,127.21543781442,
    -1.131620833046));
#8482 = CARTESIAN_POINT('',(72.338941834161,127.19003544212,
    -1.135182607962));
#8483 = CARTESIAN_POINT('',(72.256401469316,127.16409393872,
    -1.138698891622));
#8484 = CARTESIAN_POINT('',(72.132679905476,127.12426637485,
    -1.143916806481));
#8485 = CARTESIAN_POINT('',(72.091362909088,127.11080823355,
    -1.145650310251));
#8486 = CARTESIAN_POINT('',(72.050092465697,127.0972054619,
    -1.147373207197));
#8487 = CARTESIAN_POINT('',(72.008869678983,127.08345673713,
    -1.149085794846));
#8488 = CARTESIAN_POINT('',(71.967695625534,127.06956088146,
    -1.150788367813));
#8489 = CARTESIAN_POINT('',(71.926571354852,127.05551686207,
    -1.152481217806));
#8490 = CARTESIAN_POINT('',(71.885497889347,127.04132379118,
    -1.154164633624));
#8491 = CARTESIAN_POINT('',(71.800901704525,127.01174530016,
    -1.157617361824));
#8492 = CARTESIAN_POINT('',(71.75738542164,126.99634128098,
    -1.159385506114));
#8493 = CARTESIAN_POINT('',(71.713929039297,126.98076660413,
    -1.161143660937));
#8494 = CARTESIAN_POINT('',(71.670533503681,126.96502105767,
    -1.162892170787));
#8495 = CARTESIAN_POINT('',(71.627199546292,126.94910509965,
    -1.164631380942));
#8496 = CARTESIAN_POINT('',(71.583928186688,126.93301847593,
    -1.166361620663));
#8497 = CARTESIAN_POINT('',(71.540721235227,126.91675883788,
    -1.168083186386));
#8498 = CARTESIAN_POINT('',(71.437252339985,126.87733206002,
    -1.17219202693));
#8499 = CARTESIAN_POINT('',(71.377053817521,126.85399701854,
    -1.174571555529));
#8500 = CARTESIAN_POINT('',(71.316991812368,126.83030789121,
    -1.176935183129));
#8501 = CARTESIAN_POINT('',(71.25707143983,126.80625891841,
    -1.179283775435));
#8502 = CARTESIAN_POINT('',(71.197297426168,126.78184569341,
    -1.181618402238));
#8503 = CARTESIAN_POINT('',(71.137674188197,126.75706493054,
    -1.183939948189));
#8504 = CARTESIAN_POINT('',(71.078205912882,126.73191423324,
    -1.186248723587));
#8505 = CARTESIAN_POINT('',(70.973804811597,126.68698741904,
    -1.190289186789));
#8506 = CARTESIAN_POINT('',(70.928804210099,126.66736954965,
    -1.192026622614));
#8507 = CARTESIAN_POINT('',(70.883898821425,126.64753233672,
    -1.19375626131));
#8508 = CARTESIAN_POINT('',(70.839092406739,126.62747063244,
    -1.19547799186));
#8509 = CARTESIAN_POINT('',(70.794388499399,126.60718005844,
    -1.197191713551));
#8510 = CARTESIAN_POINT('',(70.749790404953,126.58665700577,
    -1.198897335971));
#8511 = CARTESIAN_POINT('',(70.705301201142,126.5658986349,
    -1.200594779014));
#8512 = CARTESIAN_POINT('',(70.626129984341,126.5284415577,
    -1.203608369072));
#8513 = CARTESIAN_POINT('',(70.591405294634,126.51183349653,
    -1.204927683004));
#8514 = CARTESIAN_POINT('',(70.556749981183,126.49507979227,
    -1.206241911077));
#8515 = CARTESIAN_POINT('',(70.522166200929,126.47817787703,
    -1.207550997337));
#8516 = CARTESIAN_POINT('',(70.487655369076,126.46112671666,
    -1.208854908167));
#8517 = CARTESIAN_POINT('',(70.453217616608,126.44392790433,
    -1.210153647756));
#8518 = CARTESIAN_POINT('',(70.418853291605,126.42658264596,
    -1.211447214319));
#8519 = CARTESIAN_POINT('',(70.32998206928,126.38122781717,
    -1.214786441408));
#8520 = CARTESIAN_POINT('',(70.275593993145,126.35298375411,
    -1.216823994223));
#8521 = CARTESIAN_POINT('',(70.221414327588,126.32433751958,
    -1.218847851468));
#8522 = CARTESIAN_POINT('',(70.167453700895,126.29527748692,
    -1.220857756022));
#8523 = CARTESIAN_POINT('',(70.113721318004,126.26579533177,
    -1.222853497718));
#8524 = CARTESIAN_POINT('',(70.060224960499,126.23588603206,
    -1.224834913335));
#8525 = CARTESIAN_POINT('',(70.006970986612,126.20554786803,
    -1.226801886605));
#8526 = CARTESIAN_POINT('',(69.897230650825,126.14185323801,
    -1.230844086604));
#8527 = CARTESIAN_POINT('',(69.840780022991,126.10843360006,
    -1.232917247801));
#8528 = CARTESIAN_POINT('',(69.784608035677,126.07454216681,
    -1.234973875604));
#8529 = CARTESIAN_POINT('',(69.728774291418,126.04009179162,
    -1.237012090129));
#8530 = CARTESIAN_POINT('',(69.673254838497,126.0051356376,-1.2390326089
    ));
#8531 = CARTESIAN_POINT('',(69.618093194937,125.96961554247,
    -1.241034068491));
#8532 = CARTESIAN_POINT('',(69.563282006693,125.93355919629,
    -1.243016694434));
#8533 = CARTESIAN_POINT('',(69.481398023578,125.87851668738,
    -1.245969426616));
#8534 = CARTESIAN_POINT('',(69.454051695818,125.85993805667,
    -1.246953960753));
#8535 = CARTESIAN_POINT('',(69.426802920412,125.84121559642,
    -1.247933466901));
#8536 = CARTESIAN_POINT('',(69.399639194053,125.82236910697,
    -1.248908272578));
#8537 = CARTESIAN_POINT('',(69.372571227855,125.80338497659,
    -1.249878087372));
#8538 = CARTESIAN_POINT('',(69.345611825612,125.7842466084,
    -1.250842570428));
#8539 = CARTESIAN_POINT('',(69.318753380204,125.76496703454,
    -1.25180192999));
#8540 = CARTESIAN_POINT('',(69.264267732398,125.72538092355,
    -1.25374521098));
#8541 = CARTESIAN_POINT('',(69.236646947089,125.70506561611,
    -1.254728777506));
#8542 = CARTESIAN_POINT('',(69.209147692421,125.68458496056,
    -1.255706497389));
#8543 = CARTESIAN_POINT('',(69.181773293617,125.66393691699,
    -1.256678289254));
#8544 = CARTESIAN_POINT('',(69.154526549608,125.6431202345,
    -1.257644086829));
#8545 = CARTESIAN_POINT('',(69.127409733026,125.62213445116,
    -1.25860383894));
#8546 = CARTESIAN_POINT('',(69.100424590207,125.60097989409,
    -1.259557509515));
#8547 = CARTESIAN_POINT('',(69.044842615296,125.55684498235,
    -1.261518896418));
#8548 = CARTESIAN_POINT('',(69.016265886146,125.53383933464,
    -1.262525705346));
#8549 = CARTESIAN_POINT('',(68.987842053597,125.51064367053,
    -1.263525520587));
#8550 = CARTESIAN_POINT('',(68.95957172694,125.4872602486,
    -1.264518337765));
#8551 = CARTESIAN_POINT('',(68.931456918831,125.46368968403,
    -1.265504116665));
#8552 = CARTESIAN_POINT('',(68.903500894048,125.43993107728,
    -1.266482786462));
#8553 = CARTESIAN_POINT('',(68.875707173091,125.41598323902,
    -1.267454271425));
#8554 = CARTESIAN_POINT('',(68.806517232781,125.35554046448,
    -1.269868995363));
#8555 = CARTESIAN_POINT('',(68.765328972433,125.31880721182,
    -1.271303101246));
#8556 = CARTESIAN_POINT('',(68.72452563924,125.28164291265,
    -1.272720583628));
#8557 = CARTESIAN_POINT('',(68.684117025934,125.24404714755,
    -1.274121242779));
#8558 = CARTESIAN_POINT('',(68.644116410886,125.20601659344,
    -1.275504796671));
#8559 = CARTESIAN_POINT('',(68.60454125259,125.16754424896,
    -1.276870864167));
#8560 = CARTESIAN_POINT('',(68.565408156073,125.12862471045,
    -1.278219085066));
#8561 = CARTESIAN_POINT('',(68.491669236883,125.05360199157,
    -1.280754740302));
#8562 = CARTESIAN_POINT('',(68.456984648984,125.01757594132,
    -1.281945351138));
#8563 = CARTESIAN_POINT('',(68.422676646263,124.98118817782,
    -1.283121041297));
#8564 = CARTESIAN_POINT('',(68.388752804604,124.94444036052,
    -1.284281654495));
#8565 = CARTESIAN_POINT('',(68.355219977038,124.90733497802,
    -1.285427046374));
#8566 = CARTESIAN_POINT('',(68.322084293751,124.86987534808,
    -1.286557084501));
#8567 = CARTESIAN_POINT('',(68.28935116208,124.8320656176,
    -1.287671648368));
#8568 = CARTESIAN_POINT('',(68.257025266516,124.79391076266,
    -1.288770629395));
#8569 = PCURVE('',#2197,#8570);
#8570 = DEFINITIONAL_REPRESENTATION('',(#8571),#8791);
#8571 = B_SPLINE_CURVE_WITH_KNOTS('',8,(#8572,#8573,#8574,#8575,#8576,
    #8577,#8578,#8579,#8580,#8581,#8582,#8583,#8584,#8585,#8586,#8587,
    #8588,#8589,#8590,#8591,#8592,#8593,#8594,#8595,#8596,#8597,#8598,
    #8599,#8600,#8601,#8602,#8603,#8604,#8605,#8606,#8607,#8608,#8609,
    #8610,#8611,#8612,#8613,#8614,#8615,#8616,#8617,#8618,#8619,#8620,
    #8621,#8622,#8623,#8624,#8625,#8626,#8627,#8628,#8629,#8630,#8631,
    #8632,#8633,#8634,#8635,#8636,#8637,#8638,#8639,#8640,#8641,#8642,
    #8643,#8644,#8645,#8646,#8647,#8648,#8649,#8650,#8651,#8652,#8653,
    #8654,#8655,#8656,#8657,#8658,#8659,#8660,#8661,#8662,#8663,#8664,
    #8665,#8666,#8667,#8668,#8669,#8670,#8671,#8672,#8673,#8674,#8675,
    #8676,#8677,#8678,#8679,#8680,#8681,#8682,#8683,#8684,#8685,#8686,
    #8687,#8688,#8689,#8690,#8691,#8692,#8693,#8694,#8695,#8696,#8697,
    #8698,#8699,#8700,#8701,#8702,#8703,#8704,#8705,#8706,#8707,#8708,
    #8709,#8710,#8711,#8712,#8713,#8714,#8715,#8716,#8717,#8718,#8719,
    #8720,#8721,#8722,#8723,#8724,#8725,#8726,#8727,#8728,#8729,#8730,
    #8731,#8732,#8733,#8734,#8735,#8736,#8737,#8738,#8739,#8740,#8741,
    #8742,#8743,#8744,#8745,#8746,#8747,#8748,#8749,#8750,#8751,#8752,
    #8753,#8754,#8755,#8756,#8757,#8758,#8759,#8760,#8761,#8762,#8763,
    #8764,#8765,#8766,#8767,#8768,#8769,#8770,#8771,#8772,#8773,#8774,
    #8775,#8776,#8777,#8778,#8779,#8780,#8781,#8782,#8783,#8784,#8785,
    #8786,#8787,#8788,#8789,#8790),.UNSPECIFIED.,.F.,.F.,(9,7,7,7,7,7,7,
    7,7,7,7,7,7,7,7,7,7,7,7,7,7,7,7,7,7,7,7,7,7,7,7,9),(0.,
    6.505151064526E-02,0.129418538734,0.192356269662,0.255166543422,
    0.297565126563,0.339799463087,0.367745537226,0.38881433088,
    0.420723404884,0.452747327101,0.509883558558,0.567947877441,
    0.627444210282,0.657796695423,0.68948012699,0.721625480996,
    0.746722061365,0.765994106597,0.796480418261,0.811791237363,
    0.828054897912,0.850799166226,0.86809127418,0.881648963912,
    0.903232763763,0.92633426872,0.937975718835,0.950048458069,
    0.962965233998,0.982394891805,1.),.UNSPECIFIED.);
#8572 = CARTESIAN_POINT('',(2.,0.700489549604));
#8573 = CARTESIAN_POINT('',(1.994557427955,0.700875650452));
#8574 = CARTESIAN_POINT('',(1.989085994984,0.701252209976));
#8575 = CARTESIAN_POINT('',(1.983586591912,0.701619709502));
#8576 = CARTESIAN_POINT('',(1.978060116946,0.701978574266));
#8577 = CARTESIAN_POINT('',(1.972507455063,0.702329178863));
#8578 = CARTESIAN_POINT('',(1.966929457394,0.702671852698));
#8579 = CARTESIAN_POINT('',(1.961326920604,0.703006885434));
#8580 = CARTESIAN_POINT('',(1.950133416435,0.703658732857));
#8581 = CARTESIAN_POINT('',(1.944542999216,0.703975702956));
#8582 = CARTESIAN_POINT('',(1.938930064732,0.704285700455));
#8583 = CARTESIAN_POINT('',(1.933295349777,0.70458894542));
#8584 = CARTESIAN_POINT('',(1.927639579108,0.704885627818));
#8585 = CARTESIAN_POINT('',(1.921963466724,0.705175915051));
#8586 = CARTESIAN_POINT('',(1.91626771715,0.705459959501));
#8587 = CARTESIAN_POINT('',(1.904965231043,0.706009678912));
#8588 = CARTESIAN_POINT('',(1.899359333517,0.70627561445));
#8589 = CARTESIAN_POINT('',(1.893735981919,0.706535841211));
#8590 = CARTESIAN_POINT('',(1.888095790205,0.706790434101));
#8591 = CARTESIAN_POINT('',(1.882439460327,0.707039539191));
#8592 = CARTESIAN_POINT('',(1.876767673179,0.707283275957));
#8593 = CARTESIAN_POINT('',(1.871081003675,0.707521659038));
#8594 = CARTESIAN_POINT('',(1.859690769926,0.707987430596));
#8595 = CARTESIAN_POINT('',(1.853987264329,0.708214832026));
#8596 = CARTESIAN_POINT('',(1.848270229421,0.708437049786));
#8597 = CARTESIAN_POINT('',(1.842540298742,0.708654134002));
#8598 = CARTESIAN_POINT('',(1.836798107925,0.708866123695));
#8599 = CARTESIAN_POINT('',(1.831044294525,0.709073049522));
#8600 = CARTESIAN_POINT('',(1.825279497838,0.709274936498));
#8601 = CARTESIAN_POINT('',(1.815605988208,0.709604698913));
#8602 = CARTESIAN_POINT('',(1.811702905191,0.709735302993));
#8603 = CARTESIAN_POINT('',(1.807795302698,0.709863611816));
#8604 = CARTESIAN_POINT('',(1.80388337689,0.709989617061));
#8605 = CARTESIAN_POINT('',(1.799967327072,0.710113309241));
#8606 = CARTESIAN_POINT('',(1.796047355686,0.710234677703));
#8607 = CARTESIAN_POINT('',(1.792123668313,0.710353710633));
#8608 = CARTESIAN_POINT('',(1.784284492426,0.710586627603));
#8609 = CARTESIAN_POINT('',(1.780369030958,0.710700528698));
#8610 = CARTESIAN_POINT('',(1.776450298058,0.710812116986));
#8611 = CARTESIAN_POINT('',(1.772528499213,0.710921409948));
#8612 = CARTESIAN_POINT('',(1.768603836604,0.711028423889));
#8613 = CARTESIAN_POINT('',(1.764676509111,0.711133173939));
#8614 = CARTESIAN_POINT('',(1.760746712311,0.711235674058));
#8615 = CARTESIAN_POINT('',(1.754212821252,0.711402280013));
#8616 = CARTESIAN_POINT('',(1.751610006189,0.711467648027));
#8617 = CARTESIAN_POINT('',(1.749006257765,0.711531999987));
#8618 = CARTESIAN_POINT('',(1.746401645474,0.711595294986));
#8619 = CARTESIAN_POINT('',(1.743796243817,0.711657492287));
#8620 = CARTESIAN_POINT('',(1.741190132316,0.711718551327));
#8621 = CARTESIAN_POINT('',(1.738583395501,0.711778431717));
#8622 = CARTESIAN_POINT('',(1.73401047644,0.711881319605));
#8623 = CARTESIAN_POINT('',(1.732044526983,0.711924849626));
#8624 = CARTESIAN_POINT('',(1.73007830953,0.711967672985));
#8625 = CARTESIAN_POINT('',(1.728111865088,0.712009770684));
#8626 = CARTESIAN_POINT('',(1.726145237537,0.712051121044));
#8627 = CARTESIAN_POINT('',(1.724178470476,0.712091705695));
#8628 = CARTESIAN_POINT('',(1.722211604075,0.712131515577));
#8629 = CARTESIAN_POINT('',(1.717265717789,0.712229684564));
#8630 = CARTESIAN_POINT('',(1.714286615854,0.712287039469));
#8631 = CARTESIAN_POINT('',(1.711307498544,0.712342604557));
#8632 = CARTESIAN_POINT('',(1.708328499228,0.712396362784));
#8633 = CARTESIAN_POINT('',(1.705349752217,0.712448297156));
#8634 = CARTESIAN_POINT('',(1.702371392762,0.712498390723));
#8635 = CARTESIAN_POINT('',(1.699393557051,0.712546626584));
#8636 = CARTESIAN_POINT('',(1.693428490808,0.712639517327));
#8637 = CARTESIAN_POINT('',(1.690441267785,0.712684154614));
#8638 = CARTESIAN_POINT('',(1.687454845668,0.712726890996));
#8639 = CARTESIAN_POINT('',(1.684469355768,0.712767718087));
#8640 = CARTESIAN_POINT('',(1.681484928187,0.712806627862));
#8641 = CARTESIAN_POINT('',(1.678501691815,0.712843612658));
#8642 = CARTESIAN_POINT('',(1.675519774334,0.712878665174));
#8643 = CARTESIAN_POINT('',(1.667221621787,0.712970859172));
#8644 = CARTESIAN_POINT('',(1.661908560116,0.713023753611));
#8645 = CARTESIAN_POINT('',(1.656600778345,0.713070463652));
#8646 = CARTESIAN_POINT('',(1.651299041101,0.713110897947));
#8647 = CARTESIAN_POINT('',(1.646004112785,0.713144961294));
#8648 = CARTESIAN_POINT('',(1.640716713253,0.713172592131));
#8649 = CARTESIAN_POINT('',(1.635437532886,0.713193748125));
#8650 = CARTESIAN_POINT('',(1.624811472345,0.71322317047));
#8651 = CARTESIAN_POINT('',(1.61946490159,0.713231215453));
#8652 = CARTESIAN_POINT('',(1.614128307315,0.713232423978));
#8653 = CARTESIAN_POINT('',(1.608802560885,0.713226644122));
#8654 = CARTESIAN_POINT('',(1.603488273057,0.713213882007));
#8655 = CARTESIAN_POINT('',(1.598186117917,0.713194102558));
#8656 = CARTESIAN_POINT('',(1.592897072342,0.713167081019));
#8657 = CARTESIAN_POINT('',(1.582216313648,0.713097701122));
#8658 = CARTESIAN_POINT('',(1.576825346322,0.713054953648));
#8659 = CARTESIAN_POINT('',(1.571449613198,0.713004485282));
#8660 = CARTESIAN_POINT('',(1.566089721832,0.712946322931));
#8661 = CARTESIAN_POINT('',(1.560746916528,0.712880125325));
#8662 = CARTESIAN_POINT('',(1.555421794928,0.712805931962));
#8663 = CARTESIAN_POINT('',(1.550115120047,0.712723656297));
#8664 = CARTESIAN_POINT('',(1.542130425786,0.712587014694));
#8665 = CARTESIAN_POINT('',(1.539438099313,0.712538715979));
#8666 = CARTESIAN_POINT('',(1.536750934829,0.712488261116));
#8667 = CARTESIAN_POINT('',(1.534069052482,0.712435633338));
#8668 = CARTESIAN_POINT('',(1.531392569846,0.712380817437));
#8669 = CARTESIAN_POINT('',(1.528721601918,0.712323799769));
#8670 = CARTESIAN_POINT('',(1.526056261119,0.712264568252));
#8671 = CARTESIAN_POINT('',(1.520620430649,0.7121389617));
#8672 = CARTESIAN_POINT('',(1.517850455492,0.712072386827));
#8673 = CARTESIAN_POINT('',(1.515086894635,0.712003360195));
#8674 = CARTESIAN_POINT('',(1.51232990641,0.711931857058));
#8675 = CARTESIAN_POINT('',(1.509579644669,0.71185785547));
#8676 = CARTESIAN_POINT('',(1.506836258784,0.711781336293));
#8677 = CARTESIAN_POINT('',(1.504099893651,0.71170228319));
#8678 = CARTESIAN_POINT('',(1.498601699524,0.711537890985));
#8679 = CARTESIAN_POINT('',(1.49584005895,0.71145248491));
#8680 = CARTESIAN_POINT('',(1.493085942163,0.711364439361));
#8681 = CARTESIAN_POINT('',(1.490339557834,0.711273717852));
#8682 = CARTESIAN_POINT('',(1.487601109539,0.711180287353));
#8683 = CARTESIAN_POINT('',(1.484870779824,0.711084124342));
#8684 = CARTESIAN_POINT('',(1.482148737907,0.710985211978));
#8685 = CARTESIAN_POINT('',(1.477316627859,0.710804142588));
#8686 = CARTESIAN_POINT('',(1.475203258665,0.710723065045));
#8687 = CARTESIAN_POINT('',(1.473095097749,0.710640303431));
#8688 = CARTESIAN_POINT('',(1.470992276019,0.710555833495));
#8689 = CARTESIAN_POINT('',(1.468894937394,0.710469627419));
#8690 = CARTESIAN_POINT('',(1.466803200892,0.710381666706));
#8691 = CARTESIAN_POINT('',(1.464717168369,0.710291939607));
#8692 = CARTESIAN_POINT('',(1.46103956932,0.710130145799));
#8693 = CARTESIAN_POINT('',(1.459445590665,0.710058818316));
#8694 = CARTESIAN_POINT('',(1.457855113925,0.709986427376));
#8695 = CARTESIAN_POINT('',(1.456268184824,0.70991296839));
#8696 = CARTESIAN_POINT('',(1.454684839332,0.709838440215));
#8697 = CARTESIAN_POINT('',(1.453105120162,0.709762839897));
#8698 = CARTESIAN_POINT('',(1.451529093264,0.709686157422));
#8699 = CARTESIAN_POINT('',(1.44746976084,0.709485321596));
#8700 = CARTESIAN_POINT('',(1.44499215758,0.709359510059));
#8701 = CARTESIAN_POINT('',(1.442524247145,0.709230919624));
#8702 = CARTESIAN_POINT('',(1.440066621489,0.709099417368));
#8703 = CARTESIAN_POINT('',(1.437618979695,0.708965138382));
#8704 = CARTESIAN_POINT('',(1.435182338843,0.708827829757));
#8705 = CARTESIAN_POINT('',(1.432756165169,0.70868769902));
#8706 = CARTESIAN_POINT('',(1.429128378237,0.708472700094));
#8707 = CARTESIAN_POINT('',(1.42791835517,0.708400073004));
#8708 = CARTESIAN_POINT('',(1.426711195359,0.708326688929));
#8709 = CARTESIAN_POINT('',(1.425506945612,0.708252541237));
#8710 = CARTESIAN_POINT('',(1.42430565079,0.708177624066));
#8711 = CARTESIAN_POINT('',(1.423107353816,0.708101932323));
#8712 = CARTESIAN_POINT('',(1.421912095667,0.708025461686));
#8713 = CARTESIAN_POINT('',(1.419453544998,0.707866146964));
#8714 = CARTESIAN_POINT('',(1.41819063549,0.70778320581));
#8715 = CARTESIAN_POINT('',(1.41693126038,0.707699373496));
#8716 = CARTESIAN_POINT('',(1.415675453152,0.70761464938));
#8717 = CARTESIAN_POINT('',(1.414423235067,0.707529036388));
#8718 = CARTESIAN_POINT('',(1.413174642986,0.707442533585));
#8719 = CARTESIAN_POINT('',(1.411929757186,0.70735512875));
#8720 = CARTESIAN_POINT('',(1.408953177472,0.707143255402));
#8721 = CARTESIAN_POINT('',(1.407225109182,0.707017911477));
#8722 = CARTESIAN_POINT('',(1.405504773287,0.706890720742));
#8723 = CARTESIAN_POINT('',(1.403792390595,0.706761653231));
#8724 = CARTESIAN_POINT('',(1.402088159106,0.706630686132));
#8725 = CARTESIAN_POINT('',(1.400392259372,0.706497802495));
#8726 = CARTESIAN_POINT('',(1.398704859856,0.706362989944));
#8727 = CARTESIAN_POINT('',(1.395749808717,0.706122269094));
#8728 = CARTESIAN_POINT('',(1.394478468411,0.706017186123));
#8729 = CARTESIAN_POINT('',(1.393212285967,0.705910958891));
#8730 = CARTESIAN_POINT('',(1.391951432931,0.705803559883));
#8731 = CARTESIAN_POINT('',(1.390696067805,0.705694965645));
#8732 = CARTESIAN_POINT('',(1.389446336043,0.705585156779));
#8733 = CARTESIAN_POINT('',(1.388202370058,0.70547411795));
#8734 = CARTESIAN_POINT('',(1.385993581217,0.705273806861));
#8735 = CARTESIAN_POINT('',(1.385026509802,0.705185008451));
#8736 = CARTESIAN_POINT('',(1.384063081286,0.705095448403));
#8737 = CARTESIAN_POINT('',(1.383103391746,0.705005112843));
#8738 = CARTESIAN_POINT('',(1.382147501171,0.704913996051));
#8739 = CARTESIAN_POINT('',(1.381195407077,0.704822106302));
#8740 = CARTESIAN_POINT('',(1.380247117561,0.704729449753));
#8741 = CARTESIAN_POINT('',(1.377799511924,0.704487208374));
#8742 = CARTESIAN_POINT('',(1.376306323684,0.704336394077));
#8743 = CARTESIAN_POINT('',(1.374823796892,0.704183468632));
#8744 = CARTESIAN_POINT('',(1.373352399833,0.704028368441));
#8745 = CARTESIAN_POINT('',(1.371892531273,0.703871047176));
#8746 = CARTESIAN_POINT('',(1.370444520453,0.703711475784));
#8747 = CARTESIAN_POINT('',(1.369008627092,0.703549642485));
#8748 = CARTESIAN_POINT('',(1.36606136482,0.703209922552));
#8749 = CARTESIAN_POINT('',(1.364551787892,0.703031702153));
#8750 = CARTESIAN_POINT('',(1.363056072716,0.70285098726));
#8751 = CARTESIAN_POINT('',(1.361576906391,0.702667308681));
#8752 = CARTESIAN_POINT('',(1.360113152191,0.70248094509));
#8753 = CARTESIAN_POINT('',(1.358666756511,0.702291580493));
#8754 = CARTESIAN_POINT('',(1.357237337688,0.702099356031));
#8755 = CARTESIAN_POINT('',(1.355114015151,0.701805899305));
#8756 = CARTESIAN_POINT('',(1.354406931487,0.701706846029));
#8757 = CARTESIAN_POINT('',(1.353704530024,0.701607022845));
#8758 = CARTESIAN_POINT('',(1.353006259561,0.701506534326));
#8759 = CARTESIAN_POINT('',(1.35231258722,0.701405306822));
#8760 = CARTESIAN_POINT('',(1.351624072366,0.701303250697));
#8761 = CARTESIAN_POINT('',(1.35094037813,0.701200434222));
#8762 = CARTESIAN_POINT('',(1.34955837578,0.700989307052));
#8763 = CARTESIAN_POINT('',(1.348860378585,0.700880948932));
#8764 = CARTESIAN_POINT('',(1.348168122715,0.700771698339));
#8765 = CARTESIAN_POINT('',(1.34748174814,0.700661542863));
#8766 = CARTESIAN_POINT('',(1.3468013723,0.700550474205));
#8767 = CARTESIAN_POINT('',(1.346127090106,0.700438488179));
#8768 = CARTESIAN_POINT('',(1.345458973939,0.700325584711));
#8769 = CARTESIAN_POINT('',(1.344088891135,0.700089994854));
#8770 = CARTESIAN_POINT('',(1.343387860353,0.699967170782));
#8771 = CARTESIAN_POINT('',(1.342693978576,0.699843308934));
#8772 = CARTESIAN_POINT('',(1.342007272211,0.6997184189));
#8773 = CARTESIAN_POINT('',(1.341327827255,0.699592501363));
#8774 = CARTESIAN_POINT('',(1.34065578356,0.699465548772));
#8775 = CARTESIAN_POINT('',(1.339991292905,0.699337551873));
#8776 = CARTESIAN_POINT('',(1.338346405403,0.699014406028));
#8777 = CARTESIAN_POINT('',(1.337375675439,0.698817937945));
#8778 = CARTESIAN_POINT('',(1.336422799147,0.698619074173));
#8779 = CARTESIAN_POINT('',(1.335488203887,0.698417801307));
#8780 = CARTESIAN_POINT('',(1.334572460504,0.698214089463));
#8781 = CARTESIAN_POINT('',(1.333676313002,0.698007888018));
#8782 = CARTESIAN_POINT('',(1.332800473598,0.697799153847));
#8783 = CARTESIAN_POINT('',(1.331170222818,0.697396505205));
#8784 = CARTESIAN_POINT('',(1.330412186746,0.697203031181));
#8785 = CARTESIAN_POINT('',(1.329671440512,0.69700748315));
#8786 = CARTESIAN_POINT('',(1.328948325871,0.69680985801));
#8787 = CARTESIAN_POINT('',(1.328243160772,0.69661015639));
#8788 = CARTESIAN_POINT('',(1.327556239356,0.696408382651));
#8789 = CARTESIAN_POINT('',(1.326887831953,0.696204544884));
#8790 = CARTESIAN_POINT('',(1.326238185085,0.695998654912));
#8791 = ( GEOMETRIC_REPRESENTATION_CONTEXT(2) 
PARAMETRIC_REPRESENTATION_CONTEXT() REPRESENTATION_CONTEXT('2D SPACE',''
  ) );
#8792 = PCURVE('',#4936,#8793);
#8793 = DEFINITIONAL_REPRESENTATION('',(#8794),#9014);
#8794 = B_SPLINE_CURVE_WITH_KNOTS('',8,(#8795,#8796,#8797,#8798,#8799,
    #8800,#8801,#8802,#8803,#8804,#8805,#8806,#8807,#8808,#8809,#8810,
    #8811,#8812,#8813,#8814,#8815,#8816,#8817,#8818,#8819,#8820,#8821,
    #8822,#8823,#8824,#8825,#8826,#8827,#8828,#8829,#8830,#8831,#8832,
    #8833,#8834,#8835,#8836,#8837,#8838,#8839,#8840,#8841,#8842,#8843,
    #8844,#8845,#8846,#8847,#8848,#8849,#8850,#8851,#8852,#8853,#8854,
    #8855,#8856,#8857,#8858,#8859,#8860,#8861,#8862,#8863,#8864,#8865,
    #8866,#8867,#8868,#8869,#8870,#8871,#8872,#8873,#8874,#8875,#8876,
    #8877,#8878,#8879,#8880,#8881,#8882,#8883,#8884,#8885,#8886,#8887,
    #8888,#8889,#8890,#8891,#8892,#8893,#8894,#8895,#8896,#8897,#8898,
    #8899,#8900,#8901,#8902,#8903,#8904,#8905,#8906,#8907,#8908,#8909,
    #8910,#8911,#8912,#8913,#8914,#8915,#8916,#8917,#8918,#8919,#8920,
    #8921,#8922,#8923,#8924,#8925,#8926,#8927,#8928,#8929,#8930,#8931,
    #8932,#8933,#8934,#8935,#8936,#8937,#8938,#8939,#8940,#8941,#8942,
    #8943,#8944,#8945,#8946,#8947,#8948,#8949,#8950,#8951,#8952,#8953,
    #8954,#8955,#8956,#8957,#8958,#8959,#8960,#8961,#8962,#8963,#8964,
    #8965,#8966,#8967,#8968,#8969,#8970,#8971,#8972,#8973,#8974,#8975,
    #8976,#8977,#8978,#8979,#8980,#8981,#8982,#8983,#8984,#8985,#8986,
    #8987,#8988,#8989,#8990,#8991,#8992,#8993,#8994,#8995,#8996,#8997,
    #8998,#8999,#9000,#9001,#9002,#9003,#9004,#9005,#9006,#9007,#9008,
    #9009,#9010,#9011,#9012,#9013),.UNSPECIFIED.,.F.,.F.,(9,7,7,7,7,7,7,
    7,7,7,7,7,7,7,7,7,7,7,7,7,7,7,7,7,7,7,7,7,7,7,7,9),(0.,
    6.505151064526E-02,0.129418538734,0.192356269662,0.255166543422,
    0.297565126563,0.339799463087,0.367745537226,0.38881433088,
    0.420723404884,0.452747327101,0.509883558558,0.567947877441,
    0.627444210282,0.657796695423,0.68948012699,0.721625480996,
    0.746722061365,0.765994106597,0.796480418261,0.811791237363,
    0.828054897912,0.850799166226,0.86809127418,0.881648963912,
    0.903232763763,0.92633426872,0.937975718835,0.950048458069,
    0.962965233998,0.982394891805,1.),.UNSPECIFIED.);
#8795 = CARTESIAN_POINT('',(0.28899136582,0.285721018182));
#8796 = CARTESIAN_POINT('',(0.295223818701,0.287997893757));
#8797 = CARTESIAN_POINT('',(0.301476978403,0.290211628358));
#8798 = CARTESIAN_POINT('',(0.307750105541,0.292365573344));
#8799 = CARTESIAN_POINT('',(0.314042482394,0.294462737019));
#8800 = CARTESIAN_POINT('',(0.320353424877,0.29650581874));
#8801 = CARTESIAN_POINT('',(0.326682294509,0.298497243018));
#8802 = CARTESIAN_POINT('',(0.333028510382,0.300439193628));
#8803 = CARTESIAN_POINT('',(0.345687658168,0.304208172881));
#8804 = CARTESIAN_POINT('',(0.352000187739,0.306036198738));
#8805 = CARTESIAN_POINT('',(0.358328624999,0.307819689929));
#8806 = CARTESIAN_POINT('',(0.364672449077,0.309560387361));
#8807 = CARTESIAN_POINT('',(0.371031147109,0.311259849373));
#8808 = CARTESIAN_POINT('',(0.377404218272,0.312919492908));
#8809 = CARTESIAN_POINT('',(0.383791177825,0.314540634679));
#8810 = CARTESIAN_POINT('',(0.39644982124,0.317673251142));
#8811 = CARTESIAN_POINT('',(0.402720897018,0.319186314542));
#8812 = CARTESIAN_POINT('',(0.409004349698,0.320664887883));
#8813 = CARTESIAN_POINT('',(0.415299723682,0.322109818416));
#8814 = CARTESIAN_POINT('',(0.421606576218,0.323522251116));
#8815 = CARTESIAN_POINT('',(0.427924466183,0.324903199199));
#8816 = CARTESIAN_POINT('',(0.43425294105,0.326253181388));
#8817 = CARTESIAN_POINT('',(0.446917343933,0.328890215444));
#8818 = CARTESIAN_POINT('',(0.453253222002,0.330177357524));
#8819 = CARTESIAN_POINT('',(0.459598748851,0.331435181288));
#8820 = CARTESIAN_POINT('',(0.465953471723,0.332664322752));
#8821 = CARTESIAN_POINT('',(0.472316931274,0.333865351073));
#8822 = CARTESIAN_POINT('',(0.478688661245,0.335038782814));
#8823 = CARTESIAN_POINT('',(0.485068188149,0.33618509619));
#8824 = CARTESIAN_POINT('',(0.495766317339,0.338060535635));
#8825 = CARTESIAN_POINT('',(0.500080933199,0.338804162308));
#8826 = CARTESIAN_POINT('',(0.504398719648,0.339535702205));
#8827 = CARTESIAN_POINT('',(0.508719512731,0.340255224321));
#8828 = CARTESIAN_POINT('',(0.513043143407,0.3409627898));
#8829 = CARTESIAN_POINT('',(0.517369437547,0.34165845193));
#8830 = CARTESIAN_POINT('',(0.52169821594,0.342342256145));
#8831 = CARTESIAN_POINT('',(0.530343594917,0.343683621747));
#8832 = CARTESIAN_POINT('',(0.53466017476,0.344341268237));
#8833 = CARTESIAN_POINT('',(0.538978895045,0.344987358391));
#8834 = CARTESIAN_POINT('',(0.543299616357,0.345622061063));
#8835 = CARTESIAN_POINT('',(0.547622198634,0.346245535063));
#8836 = CARTESIAN_POINT('',(0.551946501163,0.34685792916));
#8837 = CARTESIAN_POINT('',(0.556272382584,0.347459382077));
#8838 = CARTESIAN_POINT('',(0.563463047802,0.348440843892));
#8839 = CARTESIAN_POINT('',(0.56632703015,0.348826950906));
#8840 = CARTESIAN_POINT('',(0.569191540916,0.349208187352));
#8841 = CARTESIAN_POINT('',(0.572056467813,0.349584398416));
#8842 = CARTESIAN_POINT('',(0.574921693289,0.34995543066));
#8843 = CARTESIAN_POINT('',(0.577787094523,0.35032113202));
#8844 = CARTESIAN_POINT('',(0.580652543427,0.350681351808));
#8845 = CARTESIAN_POINT('',(0.585678131266,0.351303272095));
#8846 = CARTESIAN_POINT('',(0.58783829968,0.351567387334));
#8847 = CARTESIAN_POINT('',(0.589998368872,0.351828251595));
#8848 = CARTESIAN_POINT('',(0.592158275672,0.35208579319));
#8849 = CARTESIAN_POINT('',(0.594317949404,0.352339929122));
#8850 = CARTESIAN_POINT('',(0.596477324537,0.352590590638));
#8851 = CARTESIAN_POINT('',(0.598636353338,0.352837748775));
#8852 = CARTESIAN_POINT('',(0.604064354055,0.353450509475));
#8853 = CARTESIAN_POINT('',(0.607332836303,0.353811583454));
#8854 = CARTESIAN_POINT('',(0.610600328704,0.354164622854));
#8855 = CARTESIAN_POINT('',(0.613866690683,0.354509586832));
#8856 = CARTESIAN_POINT('',(0.617131777648,0.354846432695));
#8857 = CARTESIAN_POINT('',(0.620395440992,0.3551751159));
#8858 = CARTESIAN_POINT('',(0.623657528093,0.355495590054));
#8859 = CARTESIAN_POINT('',(0.630189974682,0.356121153432));
#8860 = CARTESIAN_POINT('',(0.633460311367,0.356426166189));
#8861 = CARTESIAN_POINT('',(0.636728754859,0.356722833063));
#8862 = CARTESIAN_POINT('',(0.639995165849,0.357011141468));
#8863 = CARTESIAN_POINT('',(0.643259403223,0.357291078353));
#8864 = CARTESIAN_POINT('',(0.646521324063,0.357562630202));
#8865 = CARTESIAN_POINT('',(0.649780783651,0.357825783034));
#8866 = CARTESIAN_POINT('',(0.658848423929,0.358535023793));
#8867 = CARTESIAN_POINT('',(0.664650884604,0.35896268433));
#8868 = CARTESIAN_POINT('',(0.670444246702,0.35936358508));
#8869 = CARTESIAN_POINT('',(0.676227567757,0.359737397191));
#8870 = CARTESIAN_POINT('',(0.681999867056,0.36008375917));
#8871 = CARTESIAN_POINT('',(0.687760179045,0.360402430547));
#8872 = CARTESIAN_POINT('',(0.693507526717,0.36069322195));
#8873 = CARTESIAN_POINT('',(0.705067235263,0.361222452592));
#8874 = CARTESIAN_POINT('',(0.710879140563,0.361459950449));
#8875 = CARTESIAN_POINT('',(0.716675448471,0.361667918909));
#8876 = CARTESIAN_POINT('',(0.722454934621,0.361845675286));
#8877 = CARTESIAN_POINT('',(0.728216539018,0.361993151946));
#8878 = CARTESIAN_POINT('',(0.733959075,0.362110055522));
#8879 = CARTESIAN_POINT('',(0.739681040488,0.362195267475));
#8880 = CARTESIAN_POINT('',(0.751221999449,0.362303219246));
#8881 = CARTESIAN_POINT('',(0.757039849447,0.362324250181));
#8882 = CARTESIAN_POINT('',(0.762833347243,0.362311087563));
#8883 = CARTESIAN_POINT('',(0.768601241511,0.362263660983));
#8884 = CARTESIAN_POINT('',(0.774341484739,0.362180145547));
#8885 = CARTESIAN_POINT('',(0.780052698089,0.362060438085));
#8886 = CARTESIAN_POINT('',(0.785733217201,0.361903767101));
#8887 = CARTESIAN_POINT('',(0.794262601819,0.361609935269));
#8888 = CARTESIAN_POINT('',(0.797135511305,0.361500797904));
#8889 = CARTESIAN_POINT('',(0.799999711243,0.361381653635));
#8890 = CARTESIAN_POINT('',(0.802854951205,0.361252369241));
#8891 = CARTESIAN_POINT('',(0.805700978721,0.361112814404));
#8892 = CARTESIAN_POINT('',(0.80853753927,0.360962861714));
#8893 = CARTESIAN_POINT('',(0.811364376288,0.360802386662));
#8894 = CARTESIAN_POINT('',(0.817121604449,0.360452645499));
#8895 = CARTESIAN_POINT('',(0.820051103487,0.360262424784));
#8896 = CARTESIAN_POINT('',(0.822969398073,0.360060399932));
#8897 = CARTESIAN_POINT('',(0.825876157778,0.359846372994));
#8898 = CARTESIAN_POINT('',(0.828771051941,0.359620153642));
#8899 = CARTESIAN_POINT('',(0.831653749676,0.359381559172));
#8900 = CARTESIAN_POINT('',(0.834523919864,0.359130414497));
#8901 = CARTESIAN_POINT('',(0.840280197833,0.3585988376));
#8902 = CARTESIAN_POINT('',(0.84316595293,0.358318069088));
#8903 = CARTESIAN_POINT('',(0.846038129518,0.358024027242));
#8904 = CARTESIAN_POINT('',(0.848896320509,0.35771643553));
#8905 = CARTESIAN_POINT('',(0.851740117778,0.357395026181));
#8906 = CARTESIAN_POINT('',(0.8545691284,0.357059566987));
#8907 = CARTESIAN_POINT('',(0.857382967989,0.356709848988));
#8908 = CARTESIAN_POINT('',(0.862365896889,0.356061287365));
#8909 = CARTESIAN_POINT('',(0.864541067733,0.355768097912));
#8910 = CARTESIAN_POINT('',(0.866706584959,0.355466020103));
#8911 = CARTESIAN_POINT('',(0.868862229123,0.355154887904));
#8912 = CARTESIAN_POINT('',(0.87100775951,0.354834511284));
#8913 = CARTESIAN_POINT('',(0.873142934327,0.354504721353));
#8914 = CARTESIAN_POINT('',(0.875267511657,0.354165365175));
#8915 = CARTESIAN_POINT('',(0.879004387436,0.353548157795));
#8916 = CARTESIAN_POINT('',(0.880621155601,0.353274333743));
#8917 = CARTESIAN_POINT('',(0.882231406078,0.352994675252));
#8918 = CARTESIAN_POINT('',(0.883835034636,0.352709118953));
#8919 = CARTESIAN_POINT('',(0.885431946305,0.352417616512));
#8920 = CARTESIAN_POINT('',(0.887022039278,0.352120110172));
#8921 = CARTESIAN_POINT('',(0.888605188818,0.351816508296));
#8922 = CARTESIAN_POINT('',(0.892674369833,0.351016526099));
#8923 = CARTESIAN_POINT('',(0.895149703541,0.350510749459));
#8924 = CARTESIAN_POINT('',(0.897606904285,0.349989152558));
#8925 = CARTESIAN_POINT('',(0.90004489795,0.349450723518));
#8926 = CARTESIAN_POINT('',(0.90246412817,0.348896215247));
#8927 = CARTESIAN_POINT('',(0.904862934041,0.348323889822));
#8928 = CARTESIAN_POINT('',(0.907241798984,0.347734701343));
#8929 = CARTESIAN_POINT('',(0.910784135922,0.346822857664));
#8930 = CARTESIAN_POINT('',(0.911963171102,0.346513541165));
#8931 = CARTESIAN_POINT('',(0.913136905453,0.346199696827));
#8932 = CARTESIAN_POINT('',(0.914305273427,0.345881272106));
#8933 = CARTESIAN_POINT('',(0.915468211037,0.345558217316));
#8934 = CARTESIAN_POINT('',(0.916625655852,0.34523048563));
#8935 = CARTESIAN_POINT('',(0.917777547002,0.344898033081));
#8936 = CARTESIAN_POINT('',(0.920141437151,0.344202613887));
#8937 = CARTESIAN_POINT('',(0.921352726696,0.343839052851));
#8938 = CARTESIAN_POINT('',(0.922557598989,0.343470049626));
#8939 = CARTESIAN_POINT('',(0.923755994982,0.343095571858));
#8940 = CARTESIAN_POINT('',(0.924947866692,0.342715603946));
#8941 = CARTESIAN_POINT('',(0.926133152497,0.342330110311));
#8942 = CARTESIAN_POINT('',(0.927311752431,0.341938998663));
#8943 = CARTESIAN_POINT('',(0.930122169748,0.340987018377));
#8944 = CARTESIAN_POINT('',(0.931747502754,0.340420687739));
#8945 = CARTESIAN_POINT('',(0.933359185744,0.339842798838));
#8946 = CARTESIAN_POINT('',(0.934956942295,0.339253106538));
#8947 = CARTESIAN_POINT('',(0.936540521325,0.338651399688));
#8948 = CARTESIAN_POINT('',(0.938109682111,0.33803748772));
#8949 = CARTESIAN_POINT('',(0.939664179299,0.33741118725));
#8950 = CARTESIAN_POINT('',(0.94237425416,0.336286573972));
#8951 = CARTESIAN_POINT('',(0.943536159026,0.335793608823));
#8952 = CARTESIAN_POINT('',(0.944689268642,0.335293194474));
#8953 = CARTESIAN_POINT('',(0.945833399303,0.334785130208));
#8954 = CARTESIAN_POINT('',(0.946968377469,0.334269233338));
#8955 = CARTESIAN_POINT('',(0.948094039772,0.333745339215));
#8956 = CARTESIAN_POINT('',(0.94921023301,0.333213301216));
#8957 = CARTESIAN_POINT('',(0.951184419999,0.332249371393));
#8958 = CARTESIAN_POINT('',(0.952046105282,0.331820644225));
#8959 = CARTESIAN_POINT('',(0.952901835248,0.331386806619));
#8960 = CARTESIAN_POINT('',(0.953751517281,0.330947751856));
#8961 = CARTESIAN_POINT('',(0.954595083653,0.330503415376));
#8962 = CARTESIAN_POINT('',(0.955432508937,0.330053805626));
#8963 = CARTESIAN_POINT('',(0.956263762105,0.329598919518));
#8964 = CARTESIAN_POINT('',(0.958401979382,0.328405620802));
#8965 = CARTESIAN_POINT('',(0.959699248293,0.327658782975));
#8966 = CARTESIAN_POINT('',(0.960980037963,0.32689744858));
#8967 = CARTESIAN_POINT('',(0.962243937687,0.326121122207));
#8968 = CARTESIAN_POINT('',(0.963490588104,0.325329393446));
#8969 = CARTESIAN_POINT('',(0.964719681197,0.324521936897));
#8970 = CARTESIAN_POINT('',(0.965930960291,0.323698512164));
#8971 = CARTESIAN_POINT('',(0.968401383774,0.321960371084));
#8972 = CARTESIAN_POINT('',(0.969657913481,0.321043284672));
#8973 = CARTESIAN_POINT('',(0.970893641344,0.320108008107));
#8974 = CARTESIAN_POINT('',(0.972107938805,0.319151759361));
#8975 = CARTESIAN_POINT('',(0.973300796662,0.318175807128));
#8976 = CARTESIAN_POINT('',(0.97447185838,0.317178153997));
#8977 = CARTESIAN_POINT('',(0.975621058955,0.316159311062));
#8978 = CARTESIAN_POINT('',(0.977316315615,0.314594426754));
#8979 = CARTESIAN_POINT('',(0.977878780057,0.314064643066));
#8980 = CARTESIAN_POINT('',(0.978435629032,0.313529131536));
#8981 = CARTESIAN_POINT('',(0.978986940075,0.31298844878));
#8982 = CARTESIAN_POINT('',(0.979532647731,0.312442147016));
#8983 = CARTESIAN_POINT('',(0.980072672918,0.311889685154));
#8984 = CARTESIAN_POINT('',(0.980607062087,0.311331408272));
#8985 = CARTESIAN_POINT('',(0.98168403037,0.310181480584));
#8986 = CARTESIAN_POINT('',(0.982226191771,0.309589444576));
#8987 = CARTESIAN_POINT('',(0.982762210522,0.308990648096));
#8988 = CARTESIAN_POINT('',(0.983292066165,0.308384976143));
#8989 = CARTESIAN_POINT('',(0.983815743206,0.307772336757));
#8990 = CARTESIAN_POINT('',(0.98433323111,0.307152661016));
#8991 = CARTESIAN_POINT('',(0.984844524305,0.306525903036));
#8992 = CARTESIAN_POINT('',(0.985889955713,0.305213868716));
#8993 = CARTESIAN_POINT('',(0.986423525195,0.304527533256));
#8994 = CARTESIAN_POINT('',(0.986949590916,0.303833055346));
#8995 = CARTESIAN_POINT('',(0.98746837747,0.303130436825));
#8996 = CARTESIAN_POINT('',(0.987980552246,0.302419627936));
#8997 = CARTESIAN_POINT('',(0.988486832161,0.301700530506));
#8998 = CARTESIAN_POINT('',(0.988987718656,0.300973035973));
#8999 = CARTESIAN_POINT('',(0.990228972869,0.299130074752));
#9000 = CARTESIAN_POINT('',(0.99096292932,0.298003934694));
#9001 = CARTESIAN_POINT('',(0.991686753334,0.296858291437));
#9002 = CARTESIAN_POINT('',(0.992401340122,0.29569288307));
#9003 = CARTESIAN_POINT('',(0.993107604607,0.294507345728));
#9004 = CARTESIAN_POINT('',(0.993806588913,0.293301186826));
#9005 = CARTESIAN_POINT('',(0.994499029759,0.292073958257));
#9006 = CARTESIAN_POINT('',(0.995805419611,0.28969451387));
#9007 = CARTESIAN_POINT('',(0.996420836756,0.288546026774));
#9008 = CARTESIAN_POINT('',(0.997030753048,0.287379988274));
#9009 = CARTESIAN_POINT('',(0.997635257522,0.286196246933));
#9010 = CARTESIAN_POINT('',(0.998234412417,0.284994679845));
#9011 = CARTESIAN_POINT('',(0.998828253169,0.283775192633));
#9012 = CARTESIAN_POINT('',(0.999416788417,0.282537719452));
#9013 = CARTESIAN_POINT('',(1.,0.281282222986));
#9014 = ( GEOMETRIC_REPRESENTATION_CONTEXT(2) 
PARAMETRIC_REPRESENTATION_CONTEXT() REPRESENTATION_CONTEXT('2D SPACE',''
  ) );
#9015 = ORIENTED_EDGE('',*,*,#4617,.T.);
#9016 = ORIENTED_EDGE('',*,*,#9017,.F.);
#9017 = EDGE_CURVE('',#4437,#4502,#9018,.T.);
#9018 = SURFACE_CURVE('',#9019,(#9067,#9074),.PCURVE_S1.);
#9019 = B_SPLINE_CURVE_WITH_KNOTS('',3,(#9020,#9021,#9022,#9023,#9024,
    #9025,#9026,#9027,#9028,#9029,#9030,#9031,#9032,#9033,#9034,#9035,
    #9036,#9037,#9038,#9039,#9040,#9041,#9042,#9043,#9044,#9045,#9046,
    #9047,#9048,#9049,#9050,#9051,#9052,#9053,#9054,#9055,#9056,#9057,
    #9058,#9059,#9060,#9061,#9062,#9063,#9064,#9065,#9066),
  .UNSPECIFIED.,.F.,.F.,(4,1,1,1,1,1,1,1,1,1,1,1,1,1,1,1,1,1,1,1,1,1,1,1
    ,1,1,1,1,1,1,1,1,1,1,1,1,1,1,1,1,1,1,1,1,4),(1.,1.006306272119,
    1.013374840337,1.021878472168,1.032180969574,1.044452099658,
    1.058755159554,1.075093119796,1.093431814394,1.113712075531,
    1.13585648416,1.159773361275,1.185359262256,1.212500620141,
    1.241074892928,1.270951425024,1.301992155141,1.334052256939,
    1.36698076855,1.400621245402,1.435038952021,1.469885112111,
    1.504935691107,1.540014560117,1.574944533616,1.609548394557,
    1.643649903707,1.677074783173,1.709651667609,1.74121301989,
    1.771596010901,1.800643365189,1.828204175673,1.854134691185,
    1.878299080448,1.900570175159,1.920830193118,1.93897144,
    1.954896985468,1.968521306216,1.979770885524,1.988584756409,
    1.994914973922,1.998727001814,2.),.UNSPECIFIED.);
#9020 = CARTESIAN_POINT('',(98.436965420659,149.55695291582,
    30.874028799033));
#9021 = CARTESIAN_POINT('',(98.440165570456,149.58971062158,
    30.869425003722));
#9022 = CARTESIAN_POINT('',(98.461629321912,149.6536794856,
    30.860434766179));
#9023 = CARTESIAN_POINT('',(98.533418119225,149.74052020389,
    30.848230099144));
#9024 = CARTESIAN_POINT('',(98.640489699248,149.81666234948,
    30.837529018446));
#9025 = CARTESIAN_POINT('',(98.782370053888,149.88554819664,
    30.827847743988));
#9026 = CARTESIAN_POINT('',(98.958845494734,149.94719101888,
    30.819184410297));
#9027 = CARTESIAN_POINT('',(99.169360507004,150.00182848752,
    30.811505614848));
#9028 = CARTESIAN_POINT('',(99.412989651167,150.04931908122,
    30.804831247169));
#9029 = CARTESIAN_POINT('',(99.68855632198,150.08962174746,
    30.799167076815));
#9030 = CARTESIAN_POINT('',(99.994689926272,150.1227293441,
    30.794514107547));
#9031 = CARTESIAN_POINT('',(100.32986642305,150.1487285406,
    30.790860158769));
#9032 = CARTESIAN_POINT('',(100.69243147572,150.16779975199,
    30.788179874802));
#9033 = CARTESIAN_POINT('',(101.08061669084,150.18022721965,
    30.786433308125));
#9034 = CARTESIAN_POINT('',(101.49255087368,150.18639920079,
    30.785565892743));
#9035 = CARTESIAN_POINT('',(101.92626833811,150.18680433726,
    30.785508954525));
#9036 = CARTESIAN_POINT('',(102.37971518474,150.18202337759,
    30.786180874588));
#9037 = CARTESIAN_POINT('',(102.85075417503,150.17271244737,
    30.787489440493));
#9038 = CARTESIAN_POINT('',(103.33716940105,150.1595967458,
    30.789332732139));
#9039 = CARTESIAN_POINT('',(103.83666908191,150.1434033057,
    30.791608571729));
#9040 = CARTESIAN_POINT('',(104.34804270539,150.1249740307,
    30.794198637419));
#9041 = CARTESIAN_POINT('',(104.86906867906,150.1046192261,
    30.797059318649));
#9042 = CARTESIAN_POINT('',(105.39708089583,150.080420528,
    30.800460223877));
#9043 = CARTESIAN_POINT('',(105.9283177772,150.05362813016,
    30.804225649834));
#9044 = CARTESIAN_POINT('',(106.4598654602,150.02469600356,
    30.808291795056));
#9045 = CARTESIAN_POINT('',(106.9890578483,149.99423115245,
    30.81257335066));
#9046 = CARTESIAN_POINT('',(107.51322724918,149.96273861542,
    30.816999338101));
#9047 = CARTESIAN_POINT('',(108.02972050258,149.93068431561,
    30.821504276153));
#9048 = CARTESIAN_POINT('',(108.53591210189,149.89847456759,
    30.826031061024));
#9049 = CARTESIAN_POINT('',(109.02921824414,149.86646251614,
    30.830530061455));
#9050 = CARTESIAN_POINT('',(109.50711057093,149.83495152666,
    30.83495864222));
#9051 = CARTESIAN_POINT('',(109.9671297654,149.80420251284,
    30.839280134287));
#9052 = CARTESIAN_POINT('',(110.40689883943,149.7744422712,
    30.843462663489));
#9053 = CARTESIAN_POINT('',(110.82413607033,149.74587240595,
    30.847477896199));
#9054 = CARTESIAN_POINT('',(111.21666754669,149.71867780135,
    30.851299848628));
#9055 = CARTESIAN_POINT('',(111.58243930454,149.69303388068,
    30.854903866645));
#9056 = CARTESIAN_POINT('',(111.9195290364,149.66911202138,
    30.858265864719));
#9057 = CARTESIAN_POINT('',(112.22615734692,149.64708272611,
    30.861361880263));
#9058 = CARTESIAN_POINT('',(112.50069850905,149.62711638923,
    30.864167965915));
#9059 = CARTESIAN_POINT('',(112.74169064791,149.60938174392,
    30.86666040777));
#9060 = CARTESIAN_POINT('',(112.94784524983,149.59404230005,
    30.868816226014));
#9061 = CARTESIAN_POINT('',(113.11805586645,149.58125126848,
    30.870613888268));
#9062 = CARTESIAN_POINT('',(113.25140586331,149.57114559878,
    30.872034147523));
#9063 = CARTESIAN_POINT('',(113.34717505184,149.56383982331,
    30.873060907306));
#9064 = CARTESIAN_POINT('',(113.40484504665,149.55942039855,
    30.873682016951));
#9065 = CARTESIAN_POINT('',(113.43053432478,149.55744718227,
    30.873959334413));
#9066 = CARTESIAN_POINT('',(113.43696542065,149.55695291582,
    30.874028799033));
#9067 = PCURVE('',#2197,#9068);
#9068 = DEFINITIONAL_REPRESENTATION('',(#9069),#9073);
#9069 = LINE('',#9070,#9071);
#9070 = CARTESIAN_POINT('',(0.,1.));
#9071 = VECTOR('',#9072,1.);
#9072 = DIRECTION('',(1.,0.));
#9073 = ( GEOMETRIC_REPRESENTATION_CONTEXT(2) 
PARAMETRIC_REPRESENTATION_CONTEXT() REPRESENTATION_CONTEXT('2D SPACE',''
  ) );
#9074 = PCURVE('',#4561,#9075);
#9075 = DEFINITIONAL_REPRESENTATION('',(#9076),#9124);
#9076 = B_SPLINE_CURVE_WITH_KNOTS('',3,(#9077,#9078,#9079,#9080,#9081,
    #9082,#9083,#9084,#9085,#9086,#9087,#9088,#9089,#9090,#9091,#9092,
    #9093,#9094,#9095,#9096,#9097,#9098,#9099,#9100,#9101,#9102,#9103,
    #9104,#9105,#9106,#9107,#9108,#9109,#9110,#9111,#9112,#9113,#9114,
    #9115,#9116,#9117,#9118,#9119,#9120,#9121,#9122,#9123),
  .UNSPECIFIED.,.F.,.F.,(4,1,1,1,1,1,1,1,1,1,1,1,1,1,1,1,1,1,1,1,1,1,1,1
    ,1,1,1,1,1,1,1,1,1,1,1,1,1,1,1,1,1,1,1,1,4),(1.,1.006306272119,
    1.013374840337,1.021878472168,1.032180969574,1.044452099658,
    1.058755159554,1.075093119796,1.093431814394,1.113712075531,
    1.13585648416,1.159773361275,1.185359262256,1.212500620141,
    1.241074892928,1.270951425024,1.301992155141,1.334052256939,
    1.36698076855,1.400621245402,1.435038952021,1.469885112111,
    1.504935691107,1.540014560117,1.574944533616,1.609548394557,
    1.643649903707,1.677074783173,1.709651667609,1.74121301989,
    1.771596010901,1.800643365189,1.828204175673,1.854134691185,
    1.878299080448,1.900570175159,1.920830193118,1.93897144,
    1.954896985468,1.968521306216,1.979770885524,1.988584756409,
    1.994914973922,1.998727001814,2.),.UNSPECIFIED.);
#9077 = CARTESIAN_POINT('',(15.,0.));
#9078 = CARTESIAN_POINT('',(14.996799850203,-3.307963448734E-02));
#9079 = CARTESIAN_POINT('',(14.975336098747,-9.767715715202E-02));
#9080 = CARTESIAN_POINT('',(14.903547301434,-0.185371308899));
#9081 = CARTESIAN_POINT('',(14.796475721411,-0.262261746952));
#9082 = CARTESIAN_POINT('',(14.654595366771,-0.331824574767));
#9083 = CARTESIAN_POINT('',(14.478119925925,-0.394073196313));
#9084 = CARTESIAN_POINT('',(14.267604913656,-0.44924761864));
#9085 = CARTESIAN_POINT('',(14.023975769492,-0.497204929593));
#9086 = CARTESIAN_POINT('',(13.748409098679,-0.537903673203));
#9087 = CARTESIAN_POINT('',(13.442275494387,-0.571336637158));
#9088 = CARTESIAN_POINT('',(13.107098997602,-0.597591342649));
#9089 = CARTESIAN_POINT('',(12.744533944931,-0.616849977748));
#9090 = CARTESIAN_POINT('',(12.356348729817,-0.629399577242));
#9091 = CARTESIAN_POINT('',(11.944414546973,-0.635632213979));
#9092 = CARTESIAN_POINT('',(11.510697082542,-0.636041331959));
#9093 = CARTESIAN_POINT('',(11.057250235919,-0.63121338706));
#9094 = CARTESIAN_POINT('',(10.586211245621,-0.621810952998));
#9095 = CARTESIAN_POINT('',(10.099796019603,-0.608566355919));
#9096 = CARTESIAN_POINT('',(9.60029633874,-0.592213773607));
#9097 = CARTESIAN_POINT('',(9.088922715266,-0.573603383577));
#9098 = CARTESIAN_POINT('',(8.567896741596,-0.553048540653));
#9099 = CARTESIAN_POINT('',(8.039884524826,-0.528612028101));
#9100 = CARTESIAN_POINT('',(7.508647643457,-0.501556326026));
#9101 = CARTESIAN_POINT('',(6.977099960455,-0.472339866851));
#9102 = CARTESIAN_POINT('',(6.447907572354,-0.441575620207));
#9103 = CARTESIAN_POINT('',(5.923738171477,-0.409773587991));
#9104 = CARTESIAN_POINT('',(5.40724491807,-0.377404272217));
#9105 = CARTESIAN_POINT('',(4.901053318767,-0.344877980568));
#9106 = CARTESIAN_POINT('',(4.40774717651,-0.312551328362));
#9107 = CARTESIAN_POINT('',(3.929854849723,-0.280730662346));
#9108 = CARTESIAN_POINT('',(3.469835655258,-0.249679460366));
#9109 = CARTESIAN_POINT('',(3.030066581224,-0.219626747792));
#9110 = CARTESIAN_POINT('',(2.612829350322,-0.190776110116));
#9111 = CARTESIAN_POINT('',(2.220297873967,-0.163314248572));
#9112 = CARTESIAN_POINT('',(1.854526116118,-0.137418310404));
#9113 = CARTESIAN_POINT('',(1.517436384255,-0.113261357296));
#9114 = CARTESIAN_POINT('',(1.210808073737,-9.101556753518E-02));
#9115 = CARTESIAN_POINT('',(0.93626691161,-7.085301002951E-02));
#9116 = CARTESIAN_POINT('',(0.695274772742,-5.294407620531E-02));
#9117 = CARTESIAN_POINT('',(0.48912017082,-3.745388284321E-02));
#9118 = CARTESIAN_POINT('',(0.3189095542,-2.453714648297E-02));
#9119 = CARTESIAN_POINT('',(0.185559557341,-1.433216257684E-02));
#9120 = CARTESIAN_POINT('',(8.979036881723E-02,-6.954589067874E-03));
#9121 = CARTESIAN_POINT('',(3.212037400273E-02,-2.491732092636E-03));
#9122 = CARTESIAN_POINT('',(6.4310958779E-03,-4.991238877494E-04));
#9123 = CARTESIAN_POINT('',(0.,0.));
#9124 = ( GEOMETRIC_REPRESENTATION_CONTEXT(2) 
PARAMETRIC_REPRESENTATION_CONTEXT() REPRESENTATION_CONTEXT('2D SPACE',''
  ) );
#9125 = ADVANCED_FACE('',(#9126),#6037,.F.);
#9126 = FACE_BOUND('',#9127,.F.);
#9127 = EDGE_LOOP('',(#9128,#9239,#9348,#9349));
#9128 = ORIENTED_EDGE('',*,*,#9129,.F.);
#9129 = EDGE_CURVE('',#9130,#4683,#9132,.T.);
#9130 = VERTEX_POINT('',#9131);
#9131 = CARTESIAN_POINT('',(95.02430366229,118.,-5.649596684996E-16));
#9132 = SURFACE_CURVE('',#9133,(#9181,#9232),.PCURVE_S1.);
#9133 = B_SPLINE_CURVE_WITH_KNOTS('',3,(#9134,#9135,#9136,#9137,#9138,
    #9139,#9140,#9141,#9142,#9143,#9144,#9145,#9146,#9147,#9148,#9149,
    #9150,#9151,#9152,#9153,#9154,#9155,#9156,#9157,#9158,#9159,#9160,
    #9161,#9162,#9163,#9164,#9165,#9166,#9167,#9168,#9169,#9170,#9171,
    #9172,#9173,#9174,#9175,#9176,#9177,#9178,#9179,#9180),
  .UNSPECIFIED.,.F.,.F.,(4,1,1,1,1,1,1,1,1,1,1,1,1,1,1,1,1,1,1,1,1,1,1,1
    ,1,1,1,1,1,1,1,1,1,1,1,1,1,1,1,1,1,1,1,1,4),(0.,1.254956588656E-03,
    5.013258042862E-03,1.125524629923E-02,1.994831234723E-02,
    3.104712176402E-02,4.449391904138E-02,6.021890099618E-02,
    7.814064890659E-02,9.816660946618E-02,0.120193616026,0.144108443623,
    0.169788393653,0.19710190642,0.225909201994,0.256062951565,
    0.287408982857,0.319787023978,0.353031490349,0.386972319074,
    0.421435854087,0.456245783643,0.491224129199,0.526192281396,
    0.560972075084,0.595436158676,0.629586848814,0.663028746494,
    0.695594486647,0.727122299999,0.757457075469,0.786451400201,
    0.81396659126,0.839873754231,0.864054935332,0.886404482466,
    0.906830812748,0.925258934134,0.941634364655,0.955929713143,
    0.968156548194,0.978388219222,0.986805462839,0.993782843249,1.),
  .UNSPECIFIED.);
#9134 = CARTESIAN_POINT('',(95.02430366229,118.,-5.649596684996E-16));
#9135 = CARTESIAN_POINT('',(95.010005405924,118.,3.05641666754E-03));
#9136 = CARTESIAN_POINT('',(94.952884910055,118.,1.525530159676E-02));
#9137 = CARTESIAN_POINT('',(94.824623291941,118.,4.254639225476E-02));
#9138 = CARTESIAN_POINT('',(94.611531471879,118.,8.755449997512E-02));
#9139 = CARTESIAN_POINT('',(94.314624478002,118.,0.149578934872));
#9140 = CARTESIAN_POINT('',(93.935320597384,118.,0.227667473411));
#9141 = CARTESIAN_POINT('',(93.47543822796,118.,0.320642827677));
#9142 = CARTESIAN_POINT('',(92.937191323327,118.,0.427133647066));
#9143 = CARTESIAN_POINT('',(92.323183138692,118.,0.54560813212));
#9144 = CARTESIAN_POINT('',(91.636398007476,118.,0.674408273547));
#9145 = CARTESIAN_POINT('',(90.880190930071,118.,0.811782826159));
#9146 = CARTESIAN_POINT('',(90.058274833411,118.,0.955917383004));
#9147 = CARTESIAN_POINT('',(89.174705451086,118.,1.104960305429));
#9148 = CARTESIAN_POINT('',(88.233863866916,118.,1.257043756628));
#9149 = CARTESIAN_POINT('',(87.240436848294,118.,1.410299633169));
#9150 = CARTESIAN_POINT('',(86.199395159465,118.,1.562870750949));
#9151 = CARTESIAN_POINT('',(85.115970081058,118.,1.712918129977));
#9152 = CARTESIAN_POINT('',(83.995628372686,118.,1.858625740618));
#9153 = CARTESIAN_POINT('',(82.844045882003,118.,1.998203981186));
#9154 = CARTESIAN_POINT('',(81.667080007873,118.,2.129894772665));
#9155 = CARTESIAN_POINT('',(80.47074098024,118.,2.251975360732));
#9156 = CARTESIAN_POINT('',(79.261162571142,118.,2.362779699586));
#9157 = CARTESIAN_POINT('',(78.04457008226,118.,2.460672271752));
#9158 = CARTESIAN_POINT('',(76.827253649587,118.,2.544223991004));
#9159 = CARTESIAN_POINT('',(75.614943481455,118.,2.611691430813));
#9160 = CARTESIAN_POINT('',(74.411364710916,118.,2.663207358244));
#9161 = CARTESIAN_POINT('',(73.22257947951,118.,2.691715804856));
#9162 = CARTESIAN_POINT('',(72.055571148894,118.,2.695470591898));
#9163 = CARTESIAN_POINT('',(70.91930235358,118.,2.674455198804));
#9164 = CARTESIAN_POINT('',(69.819980153115,118.,2.628765159982));
#9165 = CARTESIAN_POINT('',(68.763613586596,118.,2.558964210935));
#9166 = CARTESIAN_POINT('',(67.755964934936,118.,2.465978989849));
#9167 = CARTESIAN_POINT('',(66.802502996707,118.,2.351113326452));
#9168 = CARTESIAN_POINT('',(65.908358532851,118.,2.216015050292));
#9169 = CARTESIAN_POINT('',(65.078282785622,118.,2.062637698808));
#9170 = CARTESIAN_POINT('',(64.316609355324,118.,1.893185490278));
#9171 = CARTESIAN_POINT('',(63.627217677125,118.,1.710049872325));
#9172 = CARTESIAN_POINT('',(63.013497464576,118.,1.515722395245));
#9173 = CARTESIAN_POINT('',(62.478299390309,118.,1.312731477416));
#9174 = CARTESIAN_POINT('',(62.023883741424,118.,1.103435873328));
#9175 = CARTESIAN_POINT('',(61.651770944714,118.,0.890109818872));
#9176 = CARTESIAN_POINT('',(61.362733945233,118.,0.673744949866));
#9177 = CARTESIAN_POINT('',(61.156566575619,118.,0.455423140553));
#9178 = CARTESIAN_POINT('',(61.0353266218,118.,0.228234875965));
#9179 = CARTESIAN_POINT('',(61.016517043708,118.,7.495878908836E-02));
#9180 = CARTESIAN_POINT('',(61.02430366229,118.,0.));
#9181 = PCURVE('',#6037,#9182);
#9182 = DEFINITIONAL_REPRESENTATION('',(#9183),#9231);
#9183 = B_SPLINE_CURVE_WITH_KNOTS('',3,(#9184,#9185,#9186,#9187,#9188,
    #9189,#9190,#9191,#9192,#9193,#9194,#9195,#9196,#9197,#9198,#9199,
    #9200,#9201,#9202,#9203,#9204,#9205,#9206,#9207,#9208,#9209,#9210,
    #9211,#9212,#9213,#9214,#9215,#9216,#9217,#9218,#9219,#9220,#9221,
    #9222,#9223,#9224,#9225,#9226,#9227,#9228,#9229,#9230),
  .UNSPECIFIED.,.F.,.F.,(4,1,1,1,1,1,1,1,1,1,1,1,1,1,1,1,1,1,1,1,1,1,1,1
    ,1,1,1,1,1,1,1,1,1,1,1,1,1,1,1,1,1,1,1,1,4),(0.,1.254956588656E-03,
    5.013258042862E-03,1.125524629923E-02,1.994831234723E-02,
    3.104712176402E-02,4.449391904138E-02,6.021890099618E-02,
    7.814064890659E-02,9.816660946618E-02,0.120193616026,0.144108443623,
    0.169788393653,0.19710190642,0.225909201994,0.256062951565,
    0.287408982857,0.319787023978,0.353031490349,0.386972319074,
    0.421435854087,0.456245783643,0.491224129199,0.526192281396,
    0.560972075084,0.595436158676,0.629586848814,0.663028746494,
    0.695594486647,0.727122299999,0.757457075469,0.786451400201,
    0.81396659126,0.839873754231,0.864054935332,0.886404482466,
    0.906830812748,0.925258934134,0.941634364655,0.955929713143,
    0.968156548194,0.978388219222,0.986805462839,0.993782843249,1.),
  .UNSPECIFIED.);
#9184 = CARTESIAN_POINT('',(0.,0.));
#9185 = CARTESIAN_POINT('',(1.4298256366E-02,3.05641666754E-03));
#9186 = CARTESIAN_POINT('',(7.141875223451E-02,1.525530159676E-02));
#9187 = CARTESIAN_POINT('',(0.199680370349,4.254639225476E-02));
#9188 = CARTESIAN_POINT('',(0.412772190411,8.755449997512E-02));
#9189 = CARTESIAN_POINT('',(0.709679184288,0.149578934872));
#9190 = CARTESIAN_POINT('',(1.088983064906,0.227667473411));
#9191 = CARTESIAN_POINT('',(1.54886543433,0.320642827677));
#9192 = CARTESIAN_POINT('',(2.087112338963,0.427133647066));
#9193 = CARTESIAN_POINT('',(2.701120523598,0.54560813212));
#9194 = CARTESIAN_POINT('',(3.387905654814,0.674408273547));
#9195 = CARTESIAN_POINT('',(4.144112732219,0.811782826159));
#9196 = CARTESIAN_POINT('',(4.966028828879,0.955917383004));
#9197 = CARTESIAN_POINT('',(5.849598211203,1.104960305429));
#9198 = CARTESIAN_POINT('',(6.790439795374,1.257043756628));
#9199 = CARTESIAN_POINT('',(7.783866813996,1.410299633169));
#9200 = CARTESIAN_POINT('',(8.824908502825,1.562870750949));
#9201 = CARTESIAN_POINT('',(9.908333581232,1.712918129977));
#9202 = CARTESIAN_POINT('',(11.028675289604,1.858625740618));
#9203 = CARTESIAN_POINT('',(12.180257780286,1.998203981186));
#9204 = CARTESIAN_POINT('',(13.357223654417,2.129894772665));
#9205 = CARTESIAN_POINT('',(14.553562682049,2.251975360732));
#9206 = CARTESIAN_POINT('',(15.763141091148,2.362779699586));
#9207 = CARTESIAN_POINT('',(16.97973358003,2.460672271752));
#9208 = CARTESIAN_POINT('',(18.197050012703,2.544223991004));
#9209 = CARTESIAN_POINT('',(19.409360180835,2.611691430813));
#9210 = CARTESIAN_POINT('',(20.612938951374,2.663207358244));
#9211 = CARTESIAN_POINT('',(21.801724182779,2.691715804856));
#9212 = CARTESIAN_POINT('',(22.968732513396,2.695470591898));
#9213 = CARTESIAN_POINT('',(24.10500130871,2.674455198804));
#9214 = CARTESIAN_POINT('',(25.204323509175,2.628765159982));
#9215 = CARTESIAN_POINT('',(26.260690075694,2.558964210935));
#9216 = CARTESIAN_POINT('',(27.268338727354,2.465978989849));
#9217 = CARTESIAN_POINT('',(28.221800665583,2.351113326452));
#9218 = CARTESIAN_POINT('',(29.115945129439,2.216015050292));
#9219 = CARTESIAN_POINT('',(29.946020876668,2.062637698808));
#9220 = CARTESIAN_POINT('',(30.707694306965,1.893185490278));
#9221 = CARTESIAN_POINT('',(31.397085985165,1.710049872325));
#9222 = CARTESIAN_POINT('',(32.010806197714,1.515722395245));
#9223 = CARTESIAN_POINT('',(32.546004271981,1.312731477416));
#9224 = CARTESIAN_POINT('',(33.000419920866,1.103435873328));
#9225 = CARTESIAN_POINT('',(33.372532717576,0.890109818872));
#9226 = CARTESIAN_POINT('',(33.661569717057,0.673744949866));
#9227 = CARTESIAN_POINT('',(33.867737086671,0.455423140553));
#9228 = CARTESIAN_POINT('',(33.98897704049,0.228234875965));
#9229 = CARTESIAN_POINT('',(34.007786618582,7.495878908836E-02));
#9230 = CARTESIAN_POINT('',(34.,0.));
#9231 = ( GEOMETRIC_REPRESENTATION_CONTEXT(2) 
PARAMETRIC_REPRESENTATION_CONTEXT() REPRESENTATION_CONTEXT('2D SPACE',''
  ) );
#9232 = PCURVE('',#4936,#9233);
#9233 = DEFINITIONAL_REPRESENTATION('',(#9234),#9238);
#9234 = LINE('',#9235,#9236);
#9235 = CARTESIAN_POINT('',(0.,0.));
#9236 = VECTOR('',#9237,1.);
#9237 = DIRECTION('',(1.,0.));
#9238 = ( GEOMETRIC_REPRESENTATION_CONTEXT(2) 
PARAMETRIC_REPRESENTATION_CONTEXT() REPRESENTATION_CONTEXT('2D SPACE',''
  ) );
#9239 = ORIENTED_EDGE('',*,*,#9240,.F.);
#9240 = EDGE_CURVE('',#6736,#9130,#9241,.T.);
#9241 = SURFACE_CURVE('',#9242,(#9290,#9341),.PCURVE_S1.);
#9242 = B_SPLINE_CURVE_WITH_KNOTS('',3,(#9243,#9244,#9245,#9246,#9247,
    #9248,#9249,#9250,#9251,#9252,#9253,#9254,#9255,#9256,#9257,#9258,
    #9259,#9260,#9261,#9262,#9263,#9264,#9265,#9266,#9267,#9268,#9269,
    #9270,#9271,#9272,#9273,#9274,#9275,#9276,#9277,#9278,#9279,#9280,
    #9281,#9282,#9283,#9284,#9285,#9286,#9287,#9288,#9289),
  .UNSPECIFIED.,.F.,.F.,(4,1,1,1,1,1,1,1,1,1,1,1,1,1,1,1,1,1,1,1,1,1,1,1
    ,1,1,1,1,1,1,1,1,1,1,1,1,1,1,1,1,1,1,1,1,4),(1.,1.006306272119,
    1.013374840337,1.021878472168,1.032180969574,1.044452099658,
    1.058755159554,1.075093119796,1.093431814394,1.113712075531,
    1.13585648416,1.159773361275,1.185359262256,1.212500620141,
    1.241074892928,1.270951425024,1.301992155141,1.334052256939,
    1.36698076855,1.400621245402,1.435038952021,1.469885112111,
    1.504935691107,1.540014560117,1.574944533616,1.609548394557,
    1.643649903707,1.677074783173,1.709651667609,1.74121301989,
    1.771596010901,1.800643365189,1.828204175673,1.854134691185,
    1.878299080448,1.900570175159,1.920830193118,1.93897144,
    1.954896985468,1.968521306216,1.979770885524,1.988584756409,
    1.994914973922,1.998727001814,2.),.UNSPECIFIED.);
#9243 = CARTESIAN_POINT('',(61.02430366229,118.,0.));
#9244 = CARTESIAN_POINT('',(61.031557335162,118.,-7.498050483806E-02));
#9245 = CARTESIAN_POINT('',(61.08020850513,118.,-0.221401556211));
#9246 = CARTESIAN_POINT('',(61.242929779038,118.,-0.420174966837));
#9247 = CARTESIAN_POINT('',(61.485625360424,118.,-0.594459959757));
#9248 = CARTESIAN_POINT('',(61.807220830941,118.,-0.752135702805));
#9249 = CARTESIAN_POINT('',(62.207231830193,118.,-0.893232578311));
#9250 = CARTESIAN_POINT('',(62.684399191337,118.,-1.018294602251));
#9251 = CARTESIAN_POINT('',(63.236625251442,118.,-1.126997840411));
#9252 = CARTESIAN_POINT('',(63.861243038617,118.,-1.219248325928));
#9253 = CARTESIAN_POINT('',(64.555145875013,118.,-1.295029710891));
#9254 = CARTESIAN_POINT('',(65.314879267725,118.,-1.35454037667));
#9255 = CARTESIAN_POINT('',(66.136693387113,118.,-1.398193282895));
#9256 = CARTESIAN_POINT('',(67.016579874705,118.,-1.426639041748));
#9257 = CARTESIAN_POINT('',(67.950297355818,118.,-1.440766351685));
#9258 = CARTESIAN_POINT('',(68.933390275195,118.,-1.441693685773));
#9259 = CARTESIAN_POINT('',(69.961203127541,118.,-1.430750344003));
#9260 = CARTESIAN_POINT('',(71.028891505549,118.,-1.409438160129));
#9261 = CARTESIAN_POINT('',(72.131432684522,118.,-1.379417073417));
#9262 = CARTESIAN_POINT('',(73.263631961146,118.,-1.342351220176));
#9263 = CARTESIAN_POINT('',(74.422745507686,118.,-1.300167669442));
#9264 = CARTESIAN_POINT('',(75.603737714673,118.,-1.253576692147));
#9265 = CARTESIAN_POINT('',(76.800565406018,118.,-1.198187263696));
#9266 = CARTESIAN_POINT('',(78.00470233712,118.,-1.136861005659));
#9267 = CARTESIAN_POINT('',(79.209543751925,118.,-1.070637031528));
#9268 = CARTESIAN_POINT('',(80.409046498287,118.,-1.000904739136));
#9269 = CARTESIAN_POINT('',(81.597163806943,118.,-0.928820132779));
#9270 = CARTESIAN_POINT('',(82.767881847998,118.,-0.855449683692));
#9271 = CARTESIAN_POINT('',(83.915249473086,118.,-0.78172342262));
#9272 = CARTESIAN_POINT('',(85.033410062201,118.,-0.70844967762));
#9273 = CARTESIAN_POINT('',(86.116632669583,118.,-0.63632283465));
#9274 = CARTESIAN_POINT('',(87.159342843705,118.,-0.565940110164));
#9275 = CARTESIAN_POINT('',(88.156152744848,118.,-0.497820628329));
#9276 = CARTESIAN_POINT('',(89.101890468227,118.,-0.432425849596));
#9277 = CARTESIAN_POINT('',(89.991628481299,118.,-0.37017896343));
#9278 = CARTESIAN_POINT('',(90.820711132421,118.,-0.311481503581));
#9279 = CARTESIAN_POINT('',(91.584781191312,118.,-0.256725743203));
#9280 = CARTESIAN_POINT('',(92.279805361819,118.,-0.20630195308));
#9281 = CARTESIAN_POINT('',(92.902098662642,118.,-0.160600156067));
#9282 = CARTESIAN_POINT('',(93.448347510742,118.,-0.120006572732));
#9283 = CARTESIAN_POINT('',(93.915631275098,118.,-8.489546777791E-02));
#9284 = CARTESIAN_POINT('',(94.301442006104,118.,-5.561753202822E-02));
#9285 = CARTESIAN_POINT('',(94.603701998984,118.,-3.248623517408E-02));
#9286 = CARTESIAN_POINT('',(94.820778826304,118.,-1.576373522072E-02));
#9287 = CARTESIAN_POINT('',(94.951497481217,118.,-5.647926076673E-03));
#9288 = CARTESIAN_POINT('',(95.009726511633,118.,-1.131347478968E-03));
#9289 = CARTESIAN_POINT('',(95.02430366229,118.,-5.649596684996E-16));
#9290 = PCURVE('',#6037,#9291);
#9291 = DEFINITIONAL_REPRESENTATION('',(#9292),#9340);
#9292 = B_SPLINE_CURVE_WITH_KNOTS('',3,(#9293,#9294,#9295,#9296,#9297,
    #9298,#9299,#9300,#9301,#9302,#9303,#9304,#9305,#9306,#9307,#9308,
    #9309,#9310,#9311,#9312,#9313,#9314,#9315,#9316,#9317,#9318,#9319,
    #9320,#9321,#9322,#9323,#9324,#9325,#9326,#9327,#9328,#9329,#9330,
    #9331,#9332,#9333,#9334,#9335,#9336,#9337,#9338,#9339),
  .UNSPECIFIED.,.F.,.F.,(4,1,1,1,1,1,1,1,1,1,1,1,1,1,1,1,1,1,1,1,1,1,1,1
    ,1,1,1,1,1,1,1,1,1,1,1,1,1,1,1,1,1,1,1,1,4),(1.,1.006306272119,
    1.013374840337,1.021878472168,1.032180969574,1.044452099658,
    1.058755159554,1.075093119796,1.093431814394,1.113712075531,
    1.13585648416,1.159773361275,1.185359262256,1.212500620141,
    1.241074892928,1.270951425024,1.301992155141,1.334052256939,
    1.36698076855,1.400621245402,1.435038952021,1.469885112111,
    1.504935691107,1.540014560117,1.574944533616,1.609548394557,
    1.643649903707,1.677074783173,1.709651667609,1.74121301989,
    1.771596010901,1.800643365189,1.828204175673,1.854134691185,
    1.878299080448,1.900570175159,1.920830193118,1.93897144,
    1.954896985468,1.968521306216,1.979770885524,1.988584756409,
    1.994914973922,1.998727001814,2.),.UNSPECIFIED.);
#9293 = CARTESIAN_POINT('',(34.,0.));
#9294 = CARTESIAN_POINT('',(33.992746327128,-7.498050483806E-02));
#9295 = CARTESIAN_POINT('',(33.94409515716,-0.221401556211));
#9296 = CARTESIAN_POINT('',(33.781373883251,-0.420174966837));
#9297 = CARTESIAN_POINT('',(33.538678301866,-0.594459959757));
#9298 = CARTESIAN_POINT('',(33.217082831349,-0.752135702805));
#9299 = CARTESIAN_POINT('',(32.817071832097,-0.893232578311));
#9300 = CARTESIAN_POINT('',(32.339904470953,-1.018294602251));
#9301 = CARTESIAN_POINT('',(31.787678410848,-1.126997840411));
#9302 = CARTESIAN_POINT('',(31.163060623673,-1.219248325928));
#9303 = CARTESIAN_POINT('',(30.469157787277,-1.295029710891));
#9304 = CARTESIAN_POINT('',(29.709424394565,-1.35454037667));
#9305 = CARTESIAN_POINT('',(28.887610275177,-1.398193282895));
#9306 = CARTESIAN_POINT('',(28.007723787585,-1.426639041748));
#9307 = CARTESIAN_POINT('',(27.074006306472,-1.440766351685));
#9308 = CARTESIAN_POINT('',(26.090913387095,-1.441693685773));
#9309 = CARTESIAN_POINT('',(25.063100534749,-1.430750344003));
#9310 = CARTESIAN_POINT('',(23.995412156741,-1.409438160129));
#9311 = CARTESIAN_POINT('',(22.892870977768,-1.379417073417));
#9312 = CARTESIAN_POINT('',(21.760671701143,-1.342351220176));
#9313 = CARTESIAN_POINT('',(20.601558154604,-1.300167669442));
#9314 = CARTESIAN_POINT('',(19.420565947617,-1.253576692147));
#9315 = CARTESIAN_POINT('',(18.223738256272,-1.198187263696));
#9316 = CARTESIAN_POINT('',(17.01960132517,-1.136861005659));
#9317 = CARTESIAN_POINT('',(15.814759910365,-1.070637031528));
#9318 = CARTESIAN_POINT('',(14.615257164003,-1.000904739136));
#9319 = CARTESIAN_POINT('',(13.427139855347,-0.928820132779));
#9320 = CARTESIAN_POINT('',(12.256421814291,-0.855449683692));
#9321 = CARTESIAN_POINT('',(11.109054189204,-0.78172342262));
#9322 = CARTESIAN_POINT('',(9.990893600089,-0.70844967762));
#9323 = CARTESIAN_POINT('',(8.907670992707,-0.63632283465));
#9324 = CARTESIAN_POINT('',(7.864960818585,-0.565940110164));
#9325 = CARTESIAN_POINT('',(6.868150917442,-0.497820628329));
#9326 = CARTESIAN_POINT('',(5.922413194062,-0.432425849596));
#9327 = CARTESIAN_POINT('',(5.032675180991,-0.37017896343));
#9328 = CARTESIAN_POINT('',(4.203592529869,-0.311481503581));
#9329 = CARTESIAN_POINT('',(3.439522470978,-0.256725743203));
#9330 = CARTESIAN_POINT('',(2.744498300471,-0.20630195308));
#9331 = CARTESIAN_POINT('',(2.122204999648,-0.160600156067));
#9332 = CARTESIAN_POINT('',(1.575956151548,-0.120006572732));
#9333 = CARTESIAN_POINT('',(1.108672387192,-8.489546777791E-02));
#9334 = CARTESIAN_POINT('',(0.722861656186,-5.561753202822E-02));
#9335 = CARTESIAN_POINT('',(0.420601663306,-3.248623517408E-02));
#9336 = CARTESIAN_POINT('',(0.203524835986,-1.576373522072E-02));
#9337 = CARTESIAN_POINT('',(7.280618107295E-02,-5.647926076672E-03));
#9338 = CARTESIAN_POINT('',(1.457715065655E-02,-1.131347478967E-03));
#9339 = CARTESIAN_POINT('',(0.,0.));
#9340 = ( GEOMETRIC_REPRESENTATION_CONTEXT(2) 
PARAMETRIC_REPRESENTATION_CONTEXT() REPRESENTATION_CONTEXT('2D SPACE',''
  ) );
#9341 = PCURVE('',#7427,#9342);
#9342 = DEFINITIONAL_REPRESENTATION('',(#9343),#9347);
#9343 = LINE('',#9344,#9345);
#9344 = CARTESIAN_POINT('',(0.,0.));
#9345 = VECTOR('',#9346,1.);
#9346 = DIRECTION('',(1.,0.));
#9347 = ( GEOMETRIC_REPRESENTATION_CONTEXT(2) 
PARAMETRIC_REPRESENTATION_CONTEXT() REPRESENTATION_CONTEXT('2D SPACE',''
  ) );
#9348 = ORIENTED_EDGE('',*,*,#6735,.F.);
#9349 = ORIENTED_EDGE('',*,*,#5815,.F.);
#9350 = ADVANCED_FACE('',(#9351),#4936,.F.);
#9351 = FACE_BOUND('',#9352,.F.);
#9352 = EDGE_LOOP('',(#9353,#9389,#9390,#9391,#9392,#9428));
#9353 = ORIENTED_EDGE('',*,*,#9354,.F.);
#9354 = EDGE_CURVE('',#9130,#9355,#9357,.T.);
#9355 = VERTEX_POINT('',#9356);
#9356 = CARTESIAN_POINT('',(101.94809182084,135.97550449738,
    -16.45113702289));
#9357 = SURFACE_CURVE('',#9358,(#9375,#9382),.PCURVE_S1.);
#9358 = ( BOUNDED_CURVE() B_SPLINE_CURVE(3,(#9359,#9360,#9361,#9362,
    #9363,#9364,#9365,#9366,#9367,#9368,#9369,#9370,#9371,#9372,#9373,
#9374),.UNSPECIFIED.,.F.,.F.) B_SPLINE_CURVE_WITH_KNOTS((4,1,1,1,1,1,1,1
    ,1,1,1,1,1,4),(0.,8.536980790611E-02,0.166039155355,0.243755625141,
    0.319600958915,0.39415936203,0.467723648023,0.540484457584,
    0.612929923622,0.685806247237,0.759703979589,0.835617182777,
0.915045351616,1.),.UNSPECIFIED.) CURVE() GEOMETRIC_REPRESENTATION_ITEM(
) RATIONAL_B_SPLINE_CURVE((1.,0.999999999993,1.000000000003,
    0.999999999999,1.,1.,1.,1.,1.,1.,1.,1.000000000001,0.999999999998,
1.00000000001,0.999999999977,1.)) REPRESENTATION_ITEM('') );
#9359 = CARTESIAN_POINT('',(95.02430366229,118.,-5.649596684996E-16));
#9360 = CARTESIAN_POINT('',(95.690437649247,118.6426641636,
    -4.650832280183E-03));
#9361 = CARTESIAN_POINT('',(96.82014925783,119.94375908182,
    -1.749017530193E-02));
#9362 = CARTESIAN_POINT('',(97.958898931721,121.95759647038,
    -0.236287407479));
#9363 = CARTESIAN_POINT('',(98.59289570804,123.90431032713,
    -0.796922764564));
#9364 = CARTESIAN_POINT('',(98.838220535635,125.69065543085,
    -1.745218543441));
#9365 = CARTESIAN_POINT('',(98.807918480002,127.23601913596,
    -3.041562344206));
#9366 = CARTESIAN_POINT('',(98.612729576442,128.51985477025,
    -4.587400010765));
#9367 = CARTESIAN_POINT('',(98.361545867771,129.62036408986,
    -6.266801487734));
#9368 = CARTESIAN_POINT('',(98.164829763257,130.67796765616,
    -7.977028493669));
#9369 = CARTESIAN_POINT('',(98.133886682302,131.74371714028,
    -9.678000257719));
#9370 = CARTESIAN_POINT('',(98.379802603299,132.81031746528,
    -11.38543054808));
#9371 = CARTESIAN_POINT('',(99.016697614123,133.87889812465,
    -13.09826520607));
#9372 = CARTESIAN_POINT('',(100.16042352008,134.95571241935,
    -14.8091378109));
#9373 = CARTESIAN_POINT('',(101.28434507242,135.62689281975,
    -15.91634615919));
#9374 = CARTESIAN_POINT('',(101.94809182084,135.97550449738,
    -16.45113702289));
#9375 = PCURVE('',#4936,#9376);
#9376 = DEFINITIONAL_REPRESENTATION('',(#9377),#9381);
#9377 = LINE('',#9378,#9379);
#9378 = CARTESIAN_POINT('',(0.,0.));
#9379 = VECTOR('',#9380,1.);
#9380 = DIRECTION('',(0.,1.));
#9381 = ( GEOMETRIC_REPRESENTATION_CONTEXT(2) 
PARAMETRIC_REPRESENTATION_CONTEXT() REPRESENTATION_CONTEXT('2D SPACE',''
  ) );
#9382 = PCURVE('',#7427,#9383);
#9383 = DEFINITIONAL_REPRESENTATION('',(#9384),#9388);
#9384 = LINE('',#9385,#9386);
#9385 = CARTESIAN_POINT('',(2.,0.));
#9386 = VECTOR('',#9387,1.);
#9387 = DIRECTION('',(0.,1.));
#9388 = ( GEOMETRIC_REPRESENTATION_CONTEXT(2) 
PARAMETRIC_REPRESENTATION_CONTEXT() REPRESENTATION_CONTEXT('2D SPACE',''
  ) );
#9389 = ORIENTED_EDGE('',*,*,#9129,.T.);
#9390 = ORIENTED_EDGE('',*,*,#4682,.T.);
#9391 = ORIENTED_EDGE('',*,*,#8347,.T.);
#9392 = ORIENTED_EDGE('',*,*,#9393,.T.);
#9393 = EDGE_CURVE('',#7092,#9394,#9396,.T.);
#9394 = VERTEX_POINT('',#9395);
#9395 = CARTESIAN_POINT('',(87.948091820845,135.97550449738,
    -16.45113702289));
#9396 = SURFACE_CURVE('',#9397,(#9414,#9421),.PCURVE_S1.);
#9397 = ( BOUNDED_CURVE() B_SPLINE_CURVE(3,(#9398,#9399,#9400,#9401,
    #9402,#9403,#9404,#9405,#9406,#9407,#9408,#9409,#9410,#9411,#9412,
#9413),.UNSPECIFIED.,.F.,.F.) B_SPLINE_CURVE_WITH_KNOTS((4,1,1,1,1,1,1,1
    ,1,1,1,1,1,4),(0.,8.536980790611E-02,0.166039155355,0.243755625141,
    0.319600958915,0.39415936203,0.467723648023,0.540484457584,
    0.612929923622,0.685806247237,0.759703979589,0.835617182777,
0.915045351616,1.),.UNSPECIFIED.) CURVE() GEOMETRIC_REPRESENTATION_ITEM(
) RATIONAL_B_SPLINE_CURVE((1.,0.999999999993,1.000000000003,
    0.999999999999,1.,1.,1.,1.,1.,1.,1.,1.000000000001,0.999999999998,
1.00000000001,0.999999999977,1.)) REPRESENTATION_ITEM('') );
#9398 = CARTESIAN_POINT('',(61.02430366229,118.,0.));
#9399 = CARTESIAN_POINT('',(61.69113577172,118.6426641636,
    -4.650832220205E-03));
#9400 = CARTESIAN_POINT('',(63.036163214563,119.94375908182,
    -1.749017532821E-02));
#9401 = CARTESIAN_POINT('',(65.128056296545,121.95759647038,
    -0.236287407473));
#9402 = CARTESIAN_POINT('',(67.212478094303,123.90431032713,
    -0.796922764566));
#9403 = CARTESIAN_POINT('',(69.290983912975,125.69065543085,
    -1.745218543441));
#9404 = CARTESIAN_POINT('',(71.365834486508,127.23601913596,
    -3.041562344206));
#9405 = CARTESIAN_POINT('',(73.438964543707,128.51985477025,
    -4.587400010765));
#9406 = CARTESIAN_POINT('',(75.516881209975,129.62036408986,
    -6.266801487734));
#9407 = CARTESIAN_POINT('',(77.599339261825,130.67796765616,
    -7.977028493669));
#9408 = CARTESIAN_POINT('',(79.677865148444,131.74371714028,
    -9.678000257719));
#9409 = CARTESIAN_POINT('',(81.762614197059,132.81031746528,
    -11.38543054808));
#9410 = CARTESIAN_POINT('',(83.853132905243,133.87889812465,
    -13.09826520607));
#9411 = CARTESIAN_POINT('',(85.946623464005,134.95571241935,
    -14.8091378109));
#9412 = CARTESIAN_POINT('',(87.286896584243,135.62689281975,
    -15.91634615919));
#9413 = CARTESIAN_POINT('',(87.948091820845,135.97550449738,
    -16.45113702289));
#9414 = PCURVE('',#4936,#9415);
#9415 = DEFINITIONAL_REPRESENTATION('',(#9416),#9420);
#9416 = LINE('',#9417,#9418);
#9417 = CARTESIAN_POINT('',(1.,0.));
#9418 = VECTOR('',#9419,1.);
#9419 = DIRECTION('',(0.,1.));
#9420 = ( GEOMETRIC_REPRESENTATION_CONTEXT(2) 
PARAMETRIC_REPRESENTATION_CONTEXT() REPRESENTATION_CONTEXT('2D SPACE',''
  ) );
#9421 = PCURVE('',#7427,#9422);
#9422 = DEFINITIONAL_REPRESENTATION('',(#9423),#9427);
#9423 = LINE('',#9424,#9425);
#9424 = CARTESIAN_POINT('',(1.,0.));
#9425 = VECTOR('',#9426,1.);
#9426 = DIRECTION('',(0.,1.));
#9427 = ( GEOMETRIC_REPRESENTATION_CONTEXT(2) 
PARAMETRIC_REPRESENTATION_CONTEXT() REPRESENTATION_CONTEXT('2D SPACE',''
  ) );
#9428 = ORIENTED_EDGE('',*,*,#9429,.F.);
#9429 = EDGE_CURVE('',#9355,#9394,#9430,.T.);
#9430 = SURFACE_CURVE('',#9431,(#9479,#9486),.PCURVE_S1.);
#9431 = B_SPLINE_CURVE_WITH_KNOTS('',3,(#9432,#9433,#9434,#9435,#9436,
    #9437,#9438,#9439,#9440,#9441,#9442,#9443,#9444,#9445,#9446,#9447,
    #9448,#9449,#9450,#9451,#9452,#9453,#9454,#9455,#9456,#9457,#9458,
    #9459,#9460,#9461,#9462,#9463,#9464,#9465,#9466,#9467,#9468,#9469,
    #9470,#9471,#9472,#9473,#9474,#9475,#9476,#9477,#9478),
  .UNSPECIFIED.,.F.,.F.,(4,1,1,1,1,1,1,1,1,1,1,1,1,1,1,1,1,1,1,1,1,1,1,1
    ,1,1,1,1,1,1,1,1,1,1,1,1,1,1,1,1,1,1,1,1,4),(0.,1.254956588656E-03,
    5.013258042862E-03,1.125524629923E-02,1.994831234723E-02,
    3.104712176402E-02,4.449391904138E-02,6.021890099618E-02,
    7.814064890659E-02,9.816660946618E-02,0.120193616026,0.144108443623,
    0.169788393653,0.19710190642,0.225909201994,0.256062951565,
    0.287408982857,0.319787023978,0.353031490349,0.386972319074,
    0.421435854087,0.456245783643,0.491224129199,0.526192281396,
    0.560972075084,0.595436158676,0.629586848814,0.663028746494,
    0.695594486647,0.727122299999,0.757457075469,0.786451400201,
    0.81396659126,0.839873754231,0.864054935332,0.886404482466,
    0.906830812748,0.925258934134,0.941634364655,0.955929713143,
    0.968156548194,0.978388219222,0.986805462839,0.993782843249,1.),
  .UNSPECIFIED.);
#9432 = CARTESIAN_POINT('',(101.94809182084,135.97550449738,
    -16.45113702289));
#9433 = CARTESIAN_POINT('',(101.94220430351,135.97657178669,
    -16.4504701065));
#9434 = CARTESIAN_POINT('',(101.91868409933,135.98083159187,
    -16.4478082848));
#9435 = CARTESIAN_POINT('',(101.86587049187,135.99036153906,
    -16.44185331288));
#9436 = CARTESIAN_POINT('',(101.77812680126,136.00607820262,
    -16.43203245151));
#9437 = CARTESIAN_POINT('',(101.65587098025,136.02773690424,
    -16.41849859266));
#9438 = CARTESIAN_POINT('',(101.49968702941,136.05500513101,
    -16.40145951347));
#9439 = CARTESIAN_POINT('',(101.31032370082,136.08747177837,
    -16.38117210058));
#9440 = CARTESIAN_POINT('',(101.08869262244,136.12465797581,
    -16.35793558548));
#9441 = CARTESIAN_POINT('',(100.83586572289,136.16602882466,
    -16.33208420997));
#9442 = CARTESIAN_POINT('',(100.55307184533,136.21100535425,
    -16.30397975508));
#9443 = CARTESIAN_POINT('',(100.24169246051,136.25897603629,
    -16.27400434608));
#9444 = CARTESIAN_POINT('',(99.903256420718,136.30930728662,
    -16.2425538903));
#9445 = CARTESIAN_POINT('',(99.539433733879,136.36135251993,
    -16.2100324191));
#9446 = CARTESIAN_POINT('',(99.152028375691,136.41445949456,
    -16.17684749828));
#9447 = CARTESIAN_POINT('',(98.742970191552,136.46797587576,
    -16.14340675184));
#9448 = CARTESIAN_POINT('',(98.31430596674,136.52125314174,
    -16.11011542118));
#9449 = CARTESIAN_POINT('',(97.868189757985,136.57364912755,
    -16.07737477548));
#9450 = CARTESIAN_POINT('',(97.406872583949,136.62452968241,
    -16.04558107614));
#9451 = CARTESIAN_POINT('',(96.932691558374,136.67326988408,
    -16.01512481792));
#9452 = CARTESIAN_POINT('',(96.448058551379,136.7192558179,
    -15.98638961725));
#9453 = CARTESIAN_POINT('',(95.95544836353,136.76188590449,
    -15.95975138267));
#9454 = CARTESIAN_POINT('',(95.457386665666,136.80057836685,
    -15.93557364879));
#9455 = CARTESIAN_POINT('',(94.956436817303,136.83476208839,
    -15.91421328886));
#9456 = CARTESIAN_POINT('',(94.455188874437,136.86393803752,
    -15.89598213244));
#9457 = CARTESIAN_POINT('',(93.956002334618,136.88749741618,
    -15.88126059877));
#9458 = CARTESIAN_POINT('',(93.460411076161,136.90548658613,
    -15.8700197178));
#9459 = CARTESIAN_POINT('',(92.970911274994,136.91544162949,
    -15.86379911631));
#9460 = CARTESIAN_POINT('',(92.490378432976,136.91675278714,
    -15.86297981408));
#9461 = CARTESIAN_POINT('',(92.02250304667,136.90941429016,
    -15.86756541593));
#9462 = CARTESIAN_POINT('',(91.569840964126,136.8934594988,
    -15.87753507607));
#9463 = CARTESIAN_POINT('',(91.134866495559,136.86908526741,
    -15.89276578624));
#9464 = CARTESIAN_POINT('',(90.719952344875,136.83661517459,
    -15.9130553521));
#9465 = CARTESIAN_POINT('',(90.327350370311,136.79650451281,
    -15.93811927532));
#9466 = CARTESIAN_POINT('',(89.959173238135,136.74932869804,
    -15.96759799613));
#9467 = CARTESIAN_POINT('',(89.617377342217,136.69576989825,
    -16.00106524864));
#9468 = CARTESIAN_POINT('',(89.303747106212,136.63659781826,
    -16.03804006792));
#9469 = CARTESIAN_POINT('',(89.0198799446,136.57264754267,
    -16.07800063518));
#9470 = CARTESIAN_POINT('',(88.767171621786,136.50478911156,
    -16.12040328905));
#9471 = CARTESIAN_POINT('',(88.546795944147,136.43390543922,
    -16.16469632344));
#9472 = CARTESIAN_POINT('',(88.359683618135,136.36082019392,
    -16.21036505331));
#9473 = CARTESIAN_POINT('',(88.206460701843,136.28632753037,
    -16.2569132357));
#9474 = CARTESIAN_POINT('',(88.087445466762,136.2107737241,
    -16.30412449366));
#9475 = CARTESIAN_POINT('',(88.002553020451,136.13453656156,
    -16.35176276001));
#9476 = CARTESIAN_POINT('',(87.952630686525,136.05520326587,
    -16.40133570507));
#9477 = CARTESIAN_POINT('',(87.944885566134,136.0016798273,
    -16.43478086144));
#9478 = CARTESIAN_POINT('',(87.948091820845,135.97550449738,
    -16.45113702289));
#9479 = PCURVE('',#4936,#9480);
#9480 = DEFINITIONAL_REPRESENTATION('',(#9481),#9485);
#9481 = LINE('',#9482,#9483);
#9482 = CARTESIAN_POINT('',(0.,1.));
#9483 = VECTOR('',#9484,1.);
#9484 = DIRECTION('',(1.,0.));
#9485 = ( GEOMETRIC_REPRESENTATION_CONTEXT(2) 
PARAMETRIC_REPRESENTATION_CONTEXT() REPRESENTATION_CONTEXT('2D SPACE',''
  ) );
#9486 = PCURVE('',#9487,#9492);
#9487 = PLANE('',#9488);
#9488 = AXIS2_PLACEMENT_3D('',#9489,#9490,#9491);
#9489 = CARTESIAN_POINT('',(101.94809182084,135.97550449738,
    -16.45113702289));
#9490 = DIRECTION('',(0.,0.529919264233,-0.848048096156));
#9491 = DIRECTION('',(-1.,0.,0.));
#9492 = DEFINITIONAL_REPRESENTATION('',(#9493),#9541);
#9493 = B_SPLINE_CURVE_WITH_KNOTS('',3,(#9494,#9495,#9496,#9497,#9498,
    #9499,#9500,#9501,#9502,#9503,#9504,#9505,#9506,#9507,#9508,#9509,
    #9510,#9511,#9512,#9513,#9514,#9515,#9516,#9517,#9518,#9519,#9520,
    #9521,#9522,#9523,#9524,#9525,#9526,#9527,#9528,#9529,#9530,#9531,
    #9532,#9533,#9534,#9535,#9536,#9537,#9538,#9539,#9540),
  .UNSPECIFIED.,.F.,.F.,(4,1,1,1,1,1,1,1,1,1,1,1,1,1,1,1,1,1,1,1,1,1,1,1
    ,1,1,1,1,1,1,1,1,1,1,1,1,1,1,1,1,1,1,1,1,4),(0.,1.254956588656E-03,
    5.013258042862E-03,1.125524629923E-02,1.994831234723E-02,
    3.104712176402E-02,4.449391904138E-02,6.021890099618E-02,
    7.814064890659E-02,9.816660946618E-02,0.120193616026,0.144108443623,
    0.169788393653,0.19710190642,0.225909201994,0.256062951565,
    0.287408982857,0.319787023978,0.353031490349,0.386972319074,
    0.421435854087,0.456245783643,0.491224129199,0.526192281396,
    0.560972075084,0.595436158676,0.629586848814,0.663028746494,
    0.695594486647,0.727122299999,0.757457075469,0.786451400201,
    0.81396659126,0.839873754231,0.864054935332,0.886404482466,
    0.906830812748,0.925258934134,0.941634364655,0.955929713143,
    0.968156548194,0.978388219222,0.986805462839,0.993782843249,1.),
  .UNSPECIFIED.);
#9494 = CARTESIAN_POINT('',(0.,0.));
#9495 = CARTESIAN_POINT('',(5.887517327182E-03,1.258524510177E-03));
#9496 = CARTESIAN_POINT('',(2.940772150832E-02,6.281594775089E-03));
#9497 = CARTESIAN_POINT('',(8.222132896714E-02,1.751910269316E-02));
#9498 = CARTESIAN_POINT('',(0.169965019581,3.60518529309E-02));
#9499 = CARTESIAN_POINT('',(0.292220840589,6.159132612365E-02));
#9500 = CARTESIAN_POINT('',(0.448404791432,9.37454302281E-02));
#9501 = CARTESIAN_POINT('',(0.637768120018,0.132029399632));
#9502 = CARTESIAN_POINT('',(0.859399198396,0.175878560557));
#9503 = CARTESIAN_POINT('',(1.112226097952,0.224662172049));
#9504 = CARTESIAN_POINT('',(1.395019975511,0.277697524402));
#9505 = CARTESIAN_POINT('',(1.706399360326,0.334263516654));
#9506 = CARTESIAN_POINT('',(2.044835400127,0.39361304006));
#9507 = CARTESIAN_POINT('',(2.408658086966,0.454983655177));
#9508 = CARTESIAN_POINT('',(2.796063445154,0.517606252729));
#9509 = CARTESIAN_POINT('',(3.205121629292,0.580711613658));
#9510 = CARTESIAN_POINT('',(3.633785854104,0.643535015097));
#9511 = CARTESIAN_POINT('',(4.07990206286,0.705319229991));
#9512 = CARTESIAN_POINT('',(4.541219236896,0.765316481431));
#9513 = CARTESIAN_POINT('',(5.015400262471,0.822789874606));
#9514 = CARTESIAN_POINT('',(5.500033269466,0.877015494627));
#9515 = CARTESIAN_POINT('',(5.992643457314,0.927283972066));
#9516 = CARTESIAN_POINT('',(6.490705155179,0.972909288065));
#9517 = CARTESIAN_POINT('',(6.991655003542,1.013217994251));
#9518 = CARTESIAN_POINT('',(7.492902946407,1.047621643355));
#9519 = CARTESIAN_POINT('',(7.992089486226,1.075402353864));
#9520 = CARTESIAN_POINT('',(8.487680744683,1.096614794571));
#9521 = CARTESIAN_POINT('',(8.97718054585,1.108353566705));
#9522 = CARTESIAN_POINT('',(9.457713387869,1.109899655487));
#9523 = CARTESIAN_POINT('',(9.925588774175,1.101246258331));
#9524 = CARTESIAN_POINT('',(10.378250856719,1.082432712934));
#9525 = CARTESIAN_POINT('',(10.813225325286,1.053691145679));
#9526 = CARTESIAN_POINT('',(11.228139475969,1.015403113467));
#9527 = CARTESIAN_POINT('',(11.620741450534,0.968105487363));
#9528 = CARTESIAN_POINT('',(11.98891858271,0.912476785414));
#9529 = CARTESIAN_POINT('',(12.330714478628,0.849321405392));
#9530 = CARTESIAN_POINT('',(12.644344714633,0.779546966585));
#9531 = CARTESIAN_POINT('',(12.928211876244,0.704138182722));
#9532 = CARTESIAN_POINT('',(13.180920199059,0.624120986277));
#9533 = CARTESIAN_POINT('',(13.401295876698,0.540536490701));
#9534 = CARTESIAN_POINT('',(13.588408202709,0.454355947841));
#9535 = CARTESIAN_POINT('',(13.741631119002,0.366515807771));
#9536 = CARTESIAN_POINT('',(13.860646354082,0.277424391121));
#9537 = CARTESIAN_POINT('',(13.945538800394,0.187527175522));
#9538 = CARTESIAN_POINT('',(13.995461134319,9.397906657388E-02));
#9539 = CARTESIAN_POINT('',(14.00320625471,3.086538374222E-02));
#9540 = CARTESIAN_POINT('',(14.,0.));
#9541 = ( GEOMETRIC_REPRESENTATION_CONTEXT(2) 
PARAMETRIC_REPRESENTATION_CONTEXT() REPRESENTATION_CONTEXT('2D SPACE',''
  ) );
#9542 = ADVANCED_FACE('',(#9543),#4561,.T.);
#9543 = FACE_BOUND('',#9544,.F.);
#9544 = EDGE_LOOP('',(#9545,#9546));
#9545 = ORIENTED_EDGE('',*,*,#4501,.T.);
#9546 = ORIENTED_EDGE('',*,*,#9017,.T.);
#9547 = ADVANCED_FACE('',(#9548),#4380,.F.);
#9548 = FACE_BOUND('',#9549,.F.);
#9549 = EDGE_LOOP('',(#9550,#9551,#9552,#9573,#9599,#9618));
#9550 = ORIENTED_EDGE('',*,*,#4320,.F.);
#9551 = ORIENTED_EDGE('',*,*,#6625,.F.);
#9552 = ORIENTED_EDGE('',*,*,#9553,.F.);
#9553 = EDGE_CURVE('',#9554,#6586,#9556,.T.);
#9554 = VERTEX_POINT('',#9555);
#9555 = CARTESIAN_POINT('',(46.,0.,3.));
#9556 = SURFACE_CURVE('',#9557,(#9561,#9567),.PCURVE_S1.);
#9557 = LINE('',#9558,#9559);
#9558 = CARTESIAN_POINT('',(46.,0.,-1.5));
#9559 = VECTOR('',#9560,1.);
#9560 = DIRECTION('',(-0.,0.,-1.));
#9561 = PCURVE('',#4380,#9562);
#9562 = DEFINITIONAL_REPRESENTATION('',(#9563),#9566);
#9563 = B_SPLINE_CURVE_WITH_KNOTS('',1,(#9564,#9565),.UNSPECIFIED.,.F.,
  .F.,(2,2),(-4.5,1.468192882475),.PIECEWISE_BEZIER_KNOTS.);
#9564 = CARTESIAN_POINT('',(24.,3.));
#9565 = CARTESIAN_POINT('',(24.,-2.968192882475));
#9566 = ( GEOMETRIC_REPRESENTATION_CONTEXT(2) 
PARAMETRIC_REPRESENTATION_CONTEXT() REPRESENTATION_CONTEXT('2D SPACE',''
  ) );
#9567 = PCURVE('',#6609,#9568);
#9568 = DEFINITIONAL_REPRESENTATION('',(#9569),#9572);
#9569 = B_SPLINE_CURVE_WITH_KNOTS('',1,(#9570,#9571),.UNSPECIFIED.,.F.,
  .F.,(2,2),(-4.5,1.468192882475),.PIECEWISE_BEZIER_KNOTS.);
#9570 = CARTESIAN_POINT('',(6.,-16.));
#9571 = CARTESIAN_POINT('',(3.180711752549E-02,-16.));
#9572 = ( GEOMETRIC_REPRESENTATION_CONTEXT(2) 
PARAMETRIC_REPRESENTATION_CONTEXT() REPRESENTATION_CONTEXT('2D SPACE',''
  ) );
#9573 = ORIENTED_EDGE('',*,*,#9574,.F.);
#9574 = EDGE_CURVE('',#9575,#9554,#9577,.T.);
#9575 = VERTEX_POINT('',#9576);
#9576 = CARTESIAN_POINT('',(16.,0.,3.));
#9577 = SURFACE_CURVE('',#9578,(#9582,#9588),.PCURVE_S1.);
#9578 = LINE('',#9579,#9580);
#9579 = CARTESIAN_POINT('',(43.,0.,3.));
#9580 = VECTOR('',#9581,1.);
#9581 = DIRECTION('',(1.,0.,0.));
#9582 = PCURVE('',#4380,#9583);
#9583 = DEFINITIONAL_REPRESENTATION('',(#9584),#9587);
#9584 = B_SPLINE_CURVE_WITH_KNOTS('',1,(#9585,#9586),.UNSPECIFIED.,.F.,
  .F.,(2,2),(-27.,3.),.PIECEWISE_BEZIER_KNOTS.);
#9585 = CARTESIAN_POINT('',(54.,3.));
#9586 = CARTESIAN_POINT('',(24.,3.));
#9587 = ( GEOMETRIC_REPRESENTATION_CONTEXT(2) 
PARAMETRIC_REPRESENTATION_CONTEXT() REPRESENTATION_CONTEXT('2D SPACE',''
  ) );
#9588 = PCURVE('',#9589,#9594);
#9589 = PLANE('',#9590);
#9590 = AXIS2_PLACEMENT_3D('',#9591,#9592,#9593);
#9591 = CARTESIAN_POINT('',(16.,-16.,3.));
#9592 = DIRECTION('',(0.,0.,1.));
#9593 = DIRECTION('',(1.,0.,-0.));
#9594 = DEFINITIONAL_REPRESENTATION('',(#9595),#9598);
#9595 = B_SPLINE_CURVE_WITH_KNOTS('',1,(#9596,#9597),.UNSPECIFIED.,.F.,
  .F.,(2,2),(-27.,3.),.PIECEWISE_BEZIER_KNOTS.);
#9596 = CARTESIAN_POINT('',(0.,16.));
#9597 = CARTESIAN_POINT('',(30.,16.));
#9598 = ( GEOMETRIC_REPRESENTATION_CONTEXT(2) 
PARAMETRIC_REPRESENTATION_CONTEXT() REPRESENTATION_CONTEXT('2D SPACE',''
  ) );
#9599 = ORIENTED_EDGE('',*,*,#9600,.T.);
#9600 = EDGE_CURVE('',#9575,#6158,#9601,.T.);
#9601 = SURFACE_CURVE('',#9602,(#9606,#9612),.PCURVE_S1.);
#9602 = LINE('',#9603,#9604);
#9603 = CARTESIAN_POINT('',(16.,0.,-1.5));
#9604 = VECTOR('',#9605,1.);
#9605 = DIRECTION('',(-0.,0.,-1.));
#9606 = PCURVE('',#4380,#9607);
#9607 = DEFINITIONAL_REPRESENTATION('',(#9608),#9611);
#9608 = B_SPLINE_CURVE_WITH_KNOTS('',1,(#9609,#9610),.UNSPECIFIED.,.F.,
  .F.,(2,2),(-4.5,1.468192882475),.PIECEWISE_BEZIER_KNOTS.);
#9609 = CARTESIAN_POINT('',(54.,3.));
#9610 = CARTESIAN_POINT('',(54.,-2.968192882475));
#9611 = ( GEOMETRIC_REPRESENTATION_CONTEXT(2) 
PARAMETRIC_REPRESENTATION_CONTEXT() REPRESENTATION_CONTEXT('2D SPACE',''
  ) );
#9612 = PCURVE('',#6292,#9613);
#9613 = DEFINITIONAL_REPRESENTATION('',(#9614),#9617);
#9614 = B_SPLINE_CURVE_WITH_KNOTS('',1,(#9615,#9616),.UNSPECIFIED.,.F.,
  .F.,(2,2),(-4.5,1.468192882475),.PIECEWISE_BEZIER_KNOTS.);
#9615 = CARTESIAN_POINT('',(6.,-16.));
#9616 = CARTESIAN_POINT('',(3.180711752549E-02,-16.));
#9617 = ( GEOMETRIC_REPRESENTATION_CONTEXT(2) 
PARAMETRIC_REPRESENTATION_CONTEXT() REPRESENTATION_CONTEXT('2D SPACE',''
  ) );
#9618 = ORIENTED_EDGE('',*,*,#6157,.F.);
#9619 = ADVANCED_FACE('',(#9620),#7427,.F.);
#9620 = FACE_BOUND('',#9621,.F.);
#9621 = EDGE_LOOP('',(#9622,#9623,#9624,#9625,#9734));
#9622 = ORIENTED_EDGE('',*,*,#7091,.T.);
#9623 = ORIENTED_EDGE('',*,*,#9240,.T.);
#9624 = ORIENTED_EDGE('',*,*,#9354,.T.);
#9625 = ORIENTED_EDGE('',*,*,#9626,.F.);
#9626 = EDGE_CURVE('',#9394,#9355,#9627,.T.);
#9627 = SURFACE_CURVE('',#9628,(#9676,#9683),.PCURVE_S1.);
#9628 = B_SPLINE_CURVE_WITH_KNOTS('',3,(#9629,#9630,#9631,#9632,#9633,
    #9634,#9635,#9636,#9637,#9638,#9639,#9640,#9641,#9642,#9643,#9644,
    #9645,#9646,#9647,#9648,#9649,#9650,#9651,#9652,#9653,#9654,#9655,
    #9656,#9657,#9658,#9659,#9660,#9661,#9662,#9663,#9664,#9665,#9666,
    #9667,#9668,#9669,#9670,#9671,#9672,#9673,#9674,#9675),
  .UNSPECIFIED.,.F.,.F.,(4,1,1,1,1,1,1,1,1,1,1,1,1,1,1,1,1,1,1,1,1,1,1,1
    ,1,1,1,1,1,1,1,1,1,1,1,1,1,1,1,1,1,1,1,1,4),(1.,1.006306272119,
    1.013374840337,1.021878472168,1.032180969574,1.044452099658,
    1.058755159554,1.075093119796,1.093431814394,1.113712075531,
    1.13585648416,1.159773361275,1.185359262256,1.212500620141,
    1.241074892928,1.270951425024,1.301992155141,1.334052256939,
    1.36698076855,1.400621245402,1.435038952021,1.469885112111,
    1.504935691107,1.540014560117,1.574944533616,1.609548394557,
    1.643649903707,1.677074783173,1.709651667609,1.74121301989,
    1.771596010901,1.800643365189,1.828204175673,1.854134691185,
    1.878299080448,1.900570175159,1.920830193118,1.93897144,
    1.954896985468,1.968521306216,1.979770885524,1.988584756409,
    1.994914973922,1.998727001814,2.),.UNSPECIFIED.);
#9629 = CARTESIAN_POINT('',(87.948091820845,135.97550449738,
    -16.45113702289));
#9630 = CARTESIAN_POINT('',(87.951078627321,135.9493215844,
    -16.46749792275));
#9631 = CARTESIAN_POINT('',(87.971111462014,135.8981918987,
    -16.49944729632));
#9632 = CARTESIAN_POINT('',(88.038114339506,135.82878096416,
    -16.542820062));
#9633 = CARTESIAN_POINT('',(88.138047814194,135.76792129386,
    -16.58084940473));
#9634 = CARTESIAN_POINT('',(88.270469478525,135.71286151175,
    -16.6152545751));
#9635 = CARTESIAN_POINT('',(88.435179889981,135.66359100842,
    -16.64604220258));
#9636 = CARTESIAN_POINT('',(88.631660568099,135.61991981553,
    -16.67333099258));
#9637 = CARTESIAN_POINT('',(88.859047769319,135.5819610497,
    -16.69705026198));
#9638 = CARTESIAN_POINT('',(89.116243328744,135.5497475238,
    -16.71717950704));
#9639 = CARTESIAN_POINT('',(89.401968026084,135.52328494647,
    -16.73371516059));
#9640 = CARTESIAN_POINT('',(89.714799423083,135.50250404366,
    -16.74670050985));
#9641 = CARTESIAN_POINT('',(90.053193472243,135.48726061142,
    -16.75622566348));
#9642 = CARTESIAN_POINT('',(90.415499673015,135.47732745839,
    -16.76243258637));
#9643 = CARTESIAN_POINT('',(90.799971577003,135.47239425439,
    -16.76551519436));
#9644 = CARTESIAN_POINT('',(91.204774543805,135.47207043278,
    -16.76571754056));
#9645 = CARTESIAN_POINT('',(91.627991600654,135.47589180696,
    -16.76332968095));
#9646 = CARTESIAN_POINT('',(92.067627991598,135.48333394218,
    -16.75867931874));
#9647 = CARTESIAN_POINT('',(92.521615535881,135.49381719382,
    -16.75212865608));
#9648 = CARTESIAN_POINT('',(92.987815238021,135.5067604517,
    -16.74404081092));
#9649 = CARTESIAN_POINT('',(93.465097286596,135.52149079048,
    -16.73483627367));
#9650 = CARTESIAN_POINT('',(93.951388195355,135.53776018619,
    -16.72467002692));
#9651 = CARTESIAN_POINT('',(94.444199597674,135.55710196828,
    -16.71258394008));
#9652 = CARTESIAN_POINT('',(94.940020686951,135.57851686914,
    -16.69920242486));
#9653 = CARTESIAN_POINT('',(95.436131857753,135.60164203421,
    -16.68475221795));
#9654 = CARTESIAN_POINT('',(95.930044753314,135.62599229095,
    -16.6695364888));
#9655 = CARTESIAN_POINT('',(96.419269527466,135.65116396697,
    -16.65380747992));
#9656 = CARTESIAN_POINT('',(96.901329897313,135.67678465448,
    -16.63779789752));
#9657 = CARTESIAN_POINT('',(97.373775389996,135.70252959021,
    -16.62171067622));
#9658 = CARTESIAN_POINT('',(97.834194456102,135.72811650901,
    -16.60572219485));
#9659 = CARTESIAN_POINT('',(98.280227294436,135.75330293389,
    -16.58998396985));
#9660 = CARTESIAN_POINT('',(98.709578542604,135.7778803191,
    -16.57462631509));
#9661 = CARTESIAN_POINT('',(99.120029678369,135.8016673884,
    -16.55976250451));
#9662 = CARTESIAN_POINT('',(99.509451093878,135.82450300153,
    -16.54549322973));
#9663 = CARTESIAN_POINT('',(99.875813805142,135.84623938231,
    -16.53191083157));
#9664 = CARTESIAN_POINT('',(100.21720077913,135.86673631663,
    -16.5191029255));
#9665 = CARTESIAN_POINT('',(100.5318178622,135.88585682418,
    -16.50715510634));
#9666 = CARTESIAN_POINT('',(100.81800428535,135.90346462386,
    -16.49615253196));
#9667 = CARTESIAN_POINT('',(101.07424270334,135.91942352113,
    -16.48618030617));
#9668 = CARTESIAN_POINT('',(101.29916869961,135.93359864922,
    -16.47732270307));
#9669 = CARTESIAN_POINT('',(101.49157966141,135.94585931628,
    -16.46966138799));
#9670 = CARTESIAN_POINT('',(101.65044290359,135.95608306238,
    -16.46327288239));
#9671 = CARTESIAN_POINT('',(101.77490290066,135.96416042507,
    -16.458225586));
#9672 = CARTESIAN_POINT('',(101.86428747661,135.96999985976,
    -16.45457670223));
#9673 = CARTESIAN_POINT('',(101.9181128051,135.97353226263,
    -16.45236941193));
#9674 = CARTESIAN_POINT('',(101.94208946469,135.97510943505,
    -16.45138388522));
#9675 = CARTESIAN_POINT('',(101.94809182084,135.97550449738,
    -16.45113702289));
#9676 = PCURVE('',#7427,#9677);
#9677 = DEFINITIONAL_REPRESENTATION('',(#9678),#9682);
#9678 = LINE('',#9679,#9680);
#9679 = CARTESIAN_POINT('',(0.,1.));
#9680 = VECTOR('',#9681,1.);
#9681 = DIRECTION('',(1.,0.));
#9682 = ( GEOMETRIC_REPRESENTATION_CONTEXT(2) 
PARAMETRIC_REPRESENTATION_CONTEXT() REPRESENTATION_CONTEXT('2D SPACE',''
  ) );
#9683 = PCURVE('',#9487,#9684);
#9684 = DEFINITIONAL_REPRESENTATION('',(#9685),#9733);
#9685 = B_SPLINE_CURVE_WITH_KNOTS('',3,(#9686,#9687,#9688,#9689,#9690,
    #9691,#9692,#9693,#9694,#9695,#9696,#9697,#9698,#9699,#9700,#9701,
    #9702,#9703,#9704,#9705,#9706,#9707,#9708,#9709,#9710,#9711,#9712,
    #9713,#9714,#9715,#9716,#9717,#9718,#9719,#9720,#9721,#9722,#9723,
    #9724,#9725,#9726,#9727,#9728,#9729,#9730,#9731,#9732),
  .UNSPECIFIED.,.F.,.F.,(4,1,1,1,1,1,1,1,1,1,1,1,1,1,1,1,1,1,1,1,1,1,1,1
    ,1,1,1,1,1,1,1,1,1,1,1,1,1,1,1,1,1,1,1,1,4),(1.,1.006306272119,
    1.013374840337,1.021878472168,1.032180969574,1.044452099658,
    1.058755159554,1.075093119796,1.093431814394,1.113712075531,
    1.13585648416,1.159773361275,1.185359262256,1.212500620141,
    1.241074892928,1.270951425024,1.301992155141,1.334052256939,
    1.36698076855,1.400621245402,1.435038952021,1.469885112111,
    1.504935691107,1.540014560117,1.574944533616,1.609548394557,
    1.643649903707,1.677074783173,1.709651667609,1.74121301989,
    1.771596010901,1.800643365189,1.828204175673,1.854134691185,
    1.878299080448,1.900570175159,1.920830193118,1.93897144,
    1.954896985468,1.968521306216,1.979770885524,1.988584756409,
    1.994914973922,1.998727001814,2.),.UNSPECIFIED.);
#9686 = CARTESIAN_POINT('',(14.,0.));
#9687 = CARTESIAN_POINT('',(13.997013193523,-3.087432552157E-02));
#9688 = CARTESIAN_POINT('',(13.976980358831,-9.116534667533E-02));
#9689 = CARTESIAN_POINT('',(13.909977481339,-0.173013221639));
#9690 = CARTESIAN_POINT('',(13.810044006651,-0.244777630488));
#9691 = CARTESIAN_POINT('',(13.67762234232,-0.309702936449));
#9692 = CARTESIAN_POINT('',(13.512911930863,-0.367801649893));
#9693 = CARTESIAN_POINT('',(13.316431252745,-0.419297777398));
#9694 = CARTESIAN_POINT('',(13.089044051526,-0.464057934287));
#9695 = CARTESIAN_POINT('',(12.831848492101,-0.502043428323));
#9696 = CARTESIAN_POINT('',(12.546123794761,-0.533247528014));
#9697 = CARTESIAN_POINT('',(12.233292397762,-0.557751919805));
#9698 = CARTESIAN_POINT('',(11.894898348602,-0.575726645898));
#9699 = CARTESIAN_POINT('',(11.532592147829,-0.587439605426));
#9700 = CARTESIAN_POINT('',(11.148120243841,-0.593256733047));
#9701 = CARTESIAN_POINT('',(10.743317277039,-0.593638576495));
#9702 = CARTESIAN_POINT('',(10.320100220191,-0.589132494589));
#9703 = CARTESIAN_POINT('',(9.880463829246,-0.580356889465));
#9704 = CARTESIAN_POINT('',(9.426476284963,-0.567995265525));
#9705 = CARTESIAN_POINT('',(8.960276582824,-0.552732855367));
#9706 = CARTESIAN_POINT('',(8.482994534249,-0.535363158006));
#9707 = CARTESIAN_POINT('',(7.996703625489,-0.516178637943));
#9708 = CARTESIAN_POINT('',(7.503892223171,-0.493371226228));
#9709 = CARTESIAN_POINT('',(7.008071133894,-0.468119237624));
#9710 = CARTESIAN_POINT('',(6.511959963092,-0.440850542394));
#9711 = CARTESIAN_POINT('',(6.01804706753,-0.412137245526));
#9712 = CARTESIAN_POINT('',(5.528822293378,-0.382455348791));
#9713 = CARTESIAN_POINT('',(5.046761923532,-0.352243987402));
#9714 = CARTESIAN_POINT('',(4.574316430849,-0.321886115197));
#9715 = CARTESIAN_POINT('',(4.113897364743,-0.291714573138));
#9716 = CARTESIAN_POINT('',(3.667864526409,-0.262015284856));
#9717 = CARTESIAN_POINT('',(3.238513278241,-0.233034163009));
#9718 = CARTESIAN_POINT('',(2.828062142476,-0.204984964606));
#9719 = CARTESIAN_POINT('',(2.438640726967,-0.178057702775));
#9720 = CARTESIAN_POINT('',(2.072278015702,-0.152426632001));
#9721 = CARTESIAN_POINT('',(1.730891041711,-0.12825708971));
#9722 = CARTESIAN_POINT('',(1.416273958638,-0.105710600143));
#9723 = CARTESIAN_POINT('',(1.130087535488,-8.494786303277E-02));
#9724 = CARTESIAN_POINT('',(0.873849117502,-6.612947602763E-02));
#9725 = CARTESIAN_POINT('',(0.648923121225,-4.941447112493E-02));
#9726 = CARTESIAN_POINT('',(0.456512159432,-3.495695732033E-02));
#9727 = CARTESIAN_POINT('',(0.297648917253,-2.290133671751E-02));
#9728 = CARTESIAN_POINT('',(0.173188920185,-1.337668507163E-02));
#9729 = CARTESIAN_POINT('',(8.380434422939E-02,-6.490949796799E-03));
#9730 = CARTESIAN_POINT('',(2.997901573588E-02,-2.325616619757E-03));
#9731 = CARTESIAN_POINT('',(6.00235615272E-03,-4.658489619658E-04));
#9732 = CARTESIAN_POINT('',(0.,0.));
#9733 = ( GEOMETRIC_REPRESENTATION_CONTEXT(2) 
PARAMETRIC_REPRESENTATION_CONTEXT() REPRESENTATION_CONTEXT('2D SPACE',''
  ) );
#9734 = ORIENTED_EDGE('',*,*,#9393,.F.);
#9735 = ADVANCED_FACE('',(#9736),#6609,.T.);
#9736 = FACE_BOUND('',#9737,.T.);
#9737 = EDGE_LOOP('',(#9738,#9761,#9789,#9817,#9838,#9839));
#9738 = ORIENTED_EDGE('',*,*,#9739,.F.);
#9739 = EDGE_CURVE('',#9740,#9554,#9742,.T.);
#9740 = VERTEX_POINT('',#9741);
#9741 = CARTESIAN_POINT('',(46.,-16.,3.));
#9742 = SURFACE_CURVE('',#9743,(#9747,#9754),.PCURVE_S1.);
#9743 = LINE('',#9744,#9745);
#9744 = CARTESIAN_POINT('',(46.,-16.,3.));
#9745 = VECTOR('',#9746,1.);
#9746 = DIRECTION('',(-0.,1.,0.));
#9747 = PCURVE('',#6609,#9748);
#9748 = DEFINITIONAL_REPRESENTATION('',(#9749),#9753);
#9749 = LINE('',#9750,#9751);
#9750 = CARTESIAN_POINT('',(6.,0.));
#9751 = VECTOR('',#9752,1.);
#9752 = DIRECTION('',(0.,-1.));
#9753 = ( GEOMETRIC_REPRESENTATION_CONTEXT(2) 
PARAMETRIC_REPRESENTATION_CONTEXT() REPRESENTATION_CONTEXT('2D SPACE',''
  ) );
#9754 = PCURVE('',#9589,#9755);
#9755 = DEFINITIONAL_REPRESENTATION('',(#9756),#9760);
#9756 = LINE('',#9757,#9758);
#9757 = CARTESIAN_POINT('',(30.,0.));
#9758 = VECTOR('',#9759,1.);
#9759 = DIRECTION('',(0.,1.));
#9760 = ( GEOMETRIC_REPRESENTATION_CONTEXT(2) 
PARAMETRIC_REPRESENTATION_CONTEXT() REPRESENTATION_CONTEXT('2D SPACE',''
  ) );
#9761 = ORIENTED_EDGE('',*,*,#9762,.F.);
#9762 = EDGE_CURVE('',#9763,#9740,#9765,.T.);
#9763 = VERTEX_POINT('',#9764);
#9764 = CARTESIAN_POINT('',(46.,-16.,-3.));
#9765 = SURFACE_CURVE('',#9766,(#9770,#9777),.PCURVE_S1.);
#9766 = LINE('',#9767,#9768);
#9767 = CARTESIAN_POINT('',(46.,-16.,-3.));
#9768 = VECTOR('',#9769,1.);
#9769 = DIRECTION('',(0.,0.,1.));
#9770 = PCURVE('',#6609,#9771);
#9771 = DEFINITIONAL_REPRESENTATION('',(#9772),#9776);
#9772 = LINE('',#9773,#9774);
#9773 = CARTESIAN_POINT('',(0.,0.));
#9774 = VECTOR('',#9775,1.);
#9775 = DIRECTION('',(1.,0.));
#9776 = ( GEOMETRIC_REPRESENTATION_CONTEXT(2) 
PARAMETRIC_REPRESENTATION_CONTEXT() REPRESENTATION_CONTEXT('2D SPACE',''
  ) );
#9777 = PCURVE('',#9778,#9783);
#9778 = PLANE('',#9779);
#9779 = AXIS2_PLACEMENT_3D('',#9780,#9781,#9782);
#9780 = CARTESIAN_POINT('',(16.,-16.,-3.));
#9781 = DIRECTION('',(-0.,1.,0.));
#9782 = DIRECTION('',(0.,0.,1.));
#9783 = DEFINITIONAL_REPRESENTATION('',(#9784),#9788);
#9784 = LINE('',#9785,#9786);
#9785 = CARTESIAN_POINT('',(0.,30.));
#9786 = VECTOR('',#9787,1.);
#9787 = DIRECTION('',(1.,0.));
#9788 = ( GEOMETRIC_REPRESENTATION_CONTEXT(2) 
PARAMETRIC_REPRESENTATION_CONTEXT() REPRESENTATION_CONTEXT('2D SPACE',''
  ) );
#9789 = ORIENTED_EDGE('',*,*,#9790,.T.);
#9790 = EDGE_CURVE('',#9763,#9791,#9793,.T.);
#9791 = VERTEX_POINT('',#9792);
#9792 = CARTESIAN_POINT('',(46.,0.6,-3.));
#9793 = SURFACE_CURVE('',#9794,(#9798,#9805),.PCURVE_S1.);
#9794 = LINE('',#9795,#9796);
#9795 = CARTESIAN_POINT('',(46.,-16.,-3.));
#9796 = VECTOR('',#9797,1.);
#9797 = DIRECTION('',(-0.,1.,0.));
#9798 = PCURVE('',#6609,#9799);
#9799 = DEFINITIONAL_REPRESENTATION('',(#9800),#9804);
#9800 = LINE('',#9801,#9802);
#9801 = CARTESIAN_POINT('',(0.,0.));
#9802 = VECTOR('',#9803,1.);
#9803 = DIRECTION('',(0.,-1.));
#9804 = ( GEOMETRIC_REPRESENTATION_CONTEXT(2) 
PARAMETRIC_REPRESENTATION_CONTEXT() REPRESENTATION_CONTEXT('2D SPACE',''
  ) );
#9805 = PCURVE('',#9806,#9811);
#9806 = PLANE('',#9807);
#9807 = AXIS2_PLACEMENT_3D('',#9808,#9809,#9810);
#9808 = CARTESIAN_POINT('',(16.,-16.,-3.));
#9809 = DIRECTION('',(0.,0.,1.));
#9810 = DIRECTION('',(1.,0.,-0.));
#9811 = DEFINITIONAL_REPRESENTATION('',(#9812),#9816);
#9812 = LINE('',#9813,#9814);
#9813 = CARTESIAN_POINT('',(30.,0.));
#9814 = VECTOR('',#9815,1.);
#9815 = DIRECTION('',(0.,1.));
#9816 = ( GEOMETRIC_REPRESENTATION_CONTEXT(2) 
PARAMETRIC_REPRESENTATION_CONTEXT() REPRESENTATION_CONTEXT('2D SPACE',''
  ) );
#9817 = ORIENTED_EDGE('',*,*,#9818,.T.);
#9818 = EDGE_CURVE('',#9791,#6309,#9819,.T.);
#9819 = SURFACE_CURVE('',#9820,(#9824,#9831),.PCURVE_S1.);
#9820 = LINE('',#9821,#9822);
#9821 = CARTESIAN_POINT('',(46.,0.6,-3.));
#9822 = VECTOR('',#9823,1.);
#9823 = DIRECTION('',(0.,0.,1.));
#9824 = PCURVE('',#6609,#9825);
#9825 = DEFINITIONAL_REPRESENTATION('',(#9826),#9830);
#9826 = LINE('',#9827,#9828);
#9827 = CARTESIAN_POINT('',(0.,-16.6));
#9828 = VECTOR('',#9829,1.);
#9829 = DIRECTION('',(1.,0.));
#9830 = ( GEOMETRIC_REPRESENTATION_CONTEXT(2) 
PARAMETRIC_REPRESENTATION_CONTEXT() REPRESENTATION_CONTEXT('2D SPACE',''
  ) );
#9831 = PCURVE('',#6490,#9832);
#9832 = DEFINITIONAL_REPRESENTATION('',(#9833),#9837);
#9833 = LINE('',#9834,#9835);
#9834 = CARTESIAN_POINT('',(0.,30.));
#9835 = VECTOR('',#9836,1.);
#9836 = DIRECTION('',(1.,0.));
#9837 = ( GEOMETRIC_REPRESENTATION_CONTEXT(2) 
PARAMETRIC_REPRESENTATION_CONTEXT() REPRESENTATION_CONTEXT('2D SPACE',''
  ) );
#9838 = ORIENTED_EDGE('',*,*,#6585,.F.);
#9839 = ORIENTED_EDGE('',*,*,#9553,.F.);
#9840 = ADVANCED_FACE('',(#9841),#6490,.T.);
#9841 = FACE_BOUND('',#9842,.T.);
#9842 = EDGE_LOOP('',(#9843,#9844,#9867,#9888));
#9843 = ORIENTED_EDGE('',*,*,#9818,.F.);
#9844 = ORIENTED_EDGE('',*,*,#9845,.F.);
#9845 = EDGE_CURVE('',#9846,#9791,#9848,.T.);
#9846 = VERTEX_POINT('',#9847);
#9847 = CARTESIAN_POINT('',(16.,0.6,-3.));
#9848 = SURFACE_CURVE('',#9849,(#9853,#9860),.PCURVE_S1.);
#9849 = LINE('',#9850,#9851);
#9850 = CARTESIAN_POINT('',(16.,0.6,-3.));
#9851 = VECTOR('',#9852,1.);
#9852 = DIRECTION('',(1.,0.,-0.));
#9853 = PCURVE('',#6490,#9854);
#9854 = DEFINITIONAL_REPRESENTATION('',(#9855),#9859);
#9855 = LINE('',#9856,#9857);
#9856 = CARTESIAN_POINT('',(0.,0.));
#9857 = VECTOR('',#9858,1.);
#9858 = DIRECTION('',(0.,1.));
#9859 = ( GEOMETRIC_REPRESENTATION_CONTEXT(2) 
PARAMETRIC_REPRESENTATION_CONTEXT() REPRESENTATION_CONTEXT('2D SPACE',''
  ) );
#9860 = PCURVE('',#9806,#9861);
#9861 = DEFINITIONAL_REPRESENTATION('',(#9862),#9866);
#9862 = LINE('',#9863,#9864);
#9863 = CARTESIAN_POINT('',(0.,16.6));
#9864 = VECTOR('',#9865,1.);
#9865 = DIRECTION('',(1.,0.));
#9866 = ( GEOMETRIC_REPRESENTATION_CONTEXT(2) 
PARAMETRIC_REPRESENTATION_CONTEXT() REPRESENTATION_CONTEXT('2D SPACE',''
  ) );
#9867 = ORIENTED_EDGE('',*,*,#9868,.T.);
#9868 = EDGE_CURVE('',#9846,#6269,#9869,.T.);
#9869 = SURFACE_CURVE('',#9870,(#9874,#9881),.PCURVE_S1.);
#9870 = LINE('',#9871,#9872);
#9871 = CARTESIAN_POINT('',(16.,0.6,-3.));
#9872 = VECTOR('',#9873,1.);
#9873 = DIRECTION('',(0.,0.,1.));
#9874 = PCURVE('',#6490,#9875);
#9875 = DEFINITIONAL_REPRESENTATION('',(#9876),#9880);
#9876 = LINE('',#9877,#9878);
#9877 = CARTESIAN_POINT('',(0.,0.));
#9878 = VECTOR('',#9879,1.);
#9879 = DIRECTION('',(1.,0.));
#9880 = ( GEOMETRIC_REPRESENTATION_CONTEXT(2) 
PARAMETRIC_REPRESENTATION_CONTEXT() REPRESENTATION_CONTEXT('2D SPACE',''
  ) );
#9881 = PCURVE('',#6292,#9882);
#9882 = DEFINITIONAL_REPRESENTATION('',(#9883),#9887);
#9883 = LINE('',#9884,#9885);
#9884 = CARTESIAN_POINT('',(0.,-16.6));
#9885 = VECTOR('',#9886,1.);
#9886 = DIRECTION('',(1.,0.));
#9887 = ( GEOMETRIC_REPRESENTATION_CONTEXT(2) 
PARAMETRIC_REPRESENTATION_CONTEXT() REPRESENTATION_CONTEXT('2D SPACE',''
  ) );
#9888 = ORIENTED_EDGE('',*,*,#6308,.F.);
#9889 = ADVANCED_FACE('',(#9890),#6292,.F.);
#9890 = FACE_BOUND('',#9891,.F.);
#9891 = EDGE_LOOP('',(#9892,#9915,#9938,#9959,#9960,#9961));
#9892 = ORIENTED_EDGE('',*,*,#9893,.F.);
#9893 = EDGE_CURVE('',#9894,#9575,#9896,.T.);
#9894 = VERTEX_POINT('',#9895);
#9895 = CARTESIAN_POINT('',(16.,-16.,3.));
#9896 = SURFACE_CURVE('',#9897,(#9901,#9908),.PCURVE_S1.);
#9897 = LINE('',#9898,#9899);
#9898 = CARTESIAN_POINT('',(16.,-16.,3.));
#9899 = VECTOR('',#9900,1.);
#9900 = DIRECTION('',(-0.,1.,0.));
#9901 = PCURVE('',#6292,#9902);
#9902 = DEFINITIONAL_REPRESENTATION('',(#9903),#9907);
#9903 = LINE('',#9904,#9905);
#9904 = CARTESIAN_POINT('',(6.,0.));
#9905 = VECTOR('',#9906,1.);
#9906 = DIRECTION('',(0.,-1.));
#9907 = ( GEOMETRIC_REPRESENTATION_CONTEXT(2) 
PARAMETRIC_REPRESENTATION_CONTEXT() REPRESENTATION_CONTEXT('2D SPACE',''
  ) );
#9908 = PCURVE('',#9589,#9909);
#9909 = DEFINITIONAL_REPRESENTATION('',(#9910),#9914);
#9910 = LINE('',#9911,#9912);
#9911 = CARTESIAN_POINT('',(0.,0.));
#9912 = VECTOR('',#9913,1.);
#9913 = DIRECTION('',(0.,1.));
#9914 = ( GEOMETRIC_REPRESENTATION_CONTEXT(2) 
PARAMETRIC_REPRESENTATION_CONTEXT() REPRESENTATION_CONTEXT('2D SPACE',''
  ) );
#9915 = ORIENTED_EDGE('',*,*,#9916,.F.);
#9916 = EDGE_CURVE('',#9917,#9894,#9919,.T.);
#9917 = VERTEX_POINT('',#9918);
#9918 = CARTESIAN_POINT('',(16.,-16.,-3.));
#9919 = SURFACE_CURVE('',#9920,(#9924,#9931),.PCURVE_S1.);
#9920 = LINE('',#9921,#9922);
#9921 = CARTESIAN_POINT('',(16.,-16.,-3.));
#9922 = VECTOR('',#9923,1.);
#9923 = DIRECTION('',(0.,0.,1.));
#9924 = PCURVE('',#6292,#9925);
#9925 = DEFINITIONAL_REPRESENTATION('',(#9926),#9930);
#9926 = LINE('',#9927,#9928);
#9927 = CARTESIAN_POINT('',(0.,0.));
#9928 = VECTOR('',#9929,1.);
#9929 = DIRECTION('',(1.,0.));
#9930 = ( GEOMETRIC_REPRESENTATION_CONTEXT(2) 
PARAMETRIC_REPRESENTATION_CONTEXT() REPRESENTATION_CONTEXT('2D SPACE',''
  ) );
#9931 = PCURVE('',#9778,#9932);
#9932 = DEFINITIONAL_REPRESENTATION('',(#9933),#9937);
#9933 = LINE('',#9934,#9935);
#9934 = CARTESIAN_POINT('',(0.,0.));
#9935 = VECTOR('',#9936,1.);
#9936 = DIRECTION('',(1.,0.));
#9937 = ( GEOMETRIC_REPRESENTATION_CONTEXT(2) 
PARAMETRIC_REPRESENTATION_CONTEXT() REPRESENTATION_CONTEXT('2D SPACE',''
  ) );
#9938 = ORIENTED_EDGE('',*,*,#9939,.T.);
#9939 = EDGE_CURVE('',#9917,#9846,#9940,.T.);
#9940 = SURFACE_CURVE('',#9941,(#9945,#9952),.PCURVE_S1.);
#9941 = LINE('',#9942,#9943);
#9942 = CARTESIAN_POINT('',(16.,-16.,-3.));
#9943 = VECTOR('',#9944,1.);
#9944 = DIRECTION('',(-0.,1.,0.));
#9945 = PCURVE('',#6292,#9946);
#9946 = DEFINITIONAL_REPRESENTATION('',(#9947),#9951);
#9947 = LINE('',#9948,#9949);
#9948 = CARTESIAN_POINT('',(0.,0.));
#9949 = VECTOR('',#9950,1.);
#9950 = DIRECTION('',(0.,-1.));
#9951 = ( GEOMETRIC_REPRESENTATION_CONTEXT(2) 
PARAMETRIC_REPRESENTATION_CONTEXT() REPRESENTATION_CONTEXT('2D SPACE',''
  ) );
#9952 = PCURVE('',#9806,#9953);
#9953 = DEFINITIONAL_REPRESENTATION('',(#9954),#9958);
#9954 = LINE('',#9955,#9956);
#9955 = CARTESIAN_POINT('',(0.,0.));
#9956 = VECTOR('',#9957,1.);
#9957 = DIRECTION('',(0.,1.));
#9958 = ( GEOMETRIC_REPRESENTATION_CONTEXT(2) 
PARAMETRIC_REPRESENTATION_CONTEXT() REPRESENTATION_CONTEXT('2D SPACE',''
  ) );
#9959 = ORIENTED_EDGE('',*,*,#9868,.T.);
#9960 = ORIENTED_EDGE('',*,*,#6268,.F.);
#9961 = ORIENTED_EDGE('',*,*,#9600,.F.);
#9962 = ADVANCED_FACE('',(#9963),#9487,.T.);
#9963 = FACE_BOUND('',#9964,.F.);
#9964 = EDGE_LOOP('',(#9965,#9966));
#9965 = ORIENTED_EDGE('',*,*,#9429,.T.);
#9966 = ORIENTED_EDGE('',*,*,#9626,.T.);
#9967 = ADVANCED_FACE('',(#9968),#9589,.T.);
#9968 = FACE_BOUND('',#9969,.T.);
#9969 = EDGE_LOOP('',(#9970,#9971,#9992,#9993));
#9970 = ORIENTED_EDGE('',*,*,#9893,.F.);
#9971 = ORIENTED_EDGE('',*,*,#9972,.T.);
#9972 = EDGE_CURVE('',#9894,#9740,#9973,.T.);
#9973 = SURFACE_CURVE('',#9974,(#9978,#9985),.PCURVE_S1.);
#9974 = LINE('',#9975,#9976);
#9975 = CARTESIAN_POINT('',(16.,-16.,3.));
#9976 = VECTOR('',#9977,1.);
#9977 = DIRECTION('',(1.,0.,-0.));
#9978 = PCURVE('',#9589,#9979);
#9979 = DEFINITIONAL_REPRESENTATION('',(#9980),#9984);
#9980 = LINE('',#9981,#9982);
#9981 = CARTESIAN_POINT('',(0.,0.));
#9982 = VECTOR('',#9983,1.);
#9983 = DIRECTION('',(1.,0.));
#9984 = ( GEOMETRIC_REPRESENTATION_CONTEXT(2) 
PARAMETRIC_REPRESENTATION_CONTEXT() REPRESENTATION_CONTEXT('2D SPACE',''
  ) );
#9985 = PCURVE('',#9778,#9986);
#9986 = DEFINITIONAL_REPRESENTATION('',(#9987),#9991);
#9987 = LINE('',#9988,#9989);
#9988 = CARTESIAN_POINT('',(6.,0.));
#9989 = VECTOR('',#9990,1.);
#9990 = DIRECTION('',(0.,1.));
#9991 = ( GEOMETRIC_REPRESENTATION_CONTEXT(2) 
PARAMETRIC_REPRESENTATION_CONTEXT() REPRESENTATION_CONTEXT('2D SPACE',''
  ) );
#9992 = ORIENTED_EDGE('',*,*,#9739,.T.);
#9993 = ORIENTED_EDGE('',*,*,#9574,.F.);
#9994 = ADVANCED_FACE('',(#9995),#9806,.F.);
#9995 = FACE_BOUND('',#9996,.F.);
#9996 = EDGE_LOOP('',(#9997,#9998,#10019,#10020));
#9997 = ORIENTED_EDGE('',*,*,#9939,.F.);
#9998 = ORIENTED_EDGE('',*,*,#9999,.T.);
#9999 = EDGE_CURVE('',#9917,#9763,#10000,.T.);
#10000 = SURFACE_CURVE('',#10001,(#10005,#10012),.PCURVE_S1.);
#10001 = LINE('',#10002,#10003);
#10002 = CARTESIAN_POINT('',(16.,-16.,-3.));
#10003 = VECTOR('',#10004,1.);
#10004 = DIRECTION('',(1.,0.,-0.));
#10005 = PCURVE('',#9806,#10006);
#10006 = DEFINITIONAL_REPRESENTATION('',(#10007),#10011);
#10007 = LINE('',#10008,#10009);
#10008 = CARTESIAN_POINT('',(0.,0.));
#10009 = VECTOR('',#10010,1.);
#10010 = DIRECTION('',(1.,0.));
#10011 = ( GEOMETRIC_REPRESENTATION_CONTEXT(2) 
PARAMETRIC_REPRESENTATION_CONTEXT() REPRESENTATION_CONTEXT('2D SPACE',''
  ) );
#10012 = PCURVE('',#9778,#10013);
#10013 = DEFINITIONAL_REPRESENTATION('',(#10014),#10018);
#10014 = LINE('',#10015,#10016);
#10015 = CARTESIAN_POINT('',(0.,0.));
#10016 = VECTOR('',#10017,1.);
#10017 = DIRECTION('',(0.,1.));
#10018 = ( GEOMETRIC_REPRESENTATION_CONTEXT(2) 
PARAMETRIC_REPRESENTATION_CONTEXT() REPRESENTATION_CONTEXT('2D SPACE',''
  ) );
#10019 = ORIENTED_EDGE('',*,*,#9790,.T.);
#10020 = ORIENTED_EDGE('',*,*,#9845,.F.);
#10021 = ADVANCED_FACE('',(#10022),#9778,.F.);
#10022 = FACE_BOUND('',#10023,.F.);
#10023 = EDGE_LOOP('',(#10024,#10025,#10026,#10027));
#10024 = ORIENTED_EDGE('',*,*,#9999,.F.);
#10025 = ORIENTED_EDGE('',*,*,#9916,.T.);
#10026 = ORIENTED_EDGE('',*,*,#9972,.T.);
#10027 = ORIENTED_EDGE('',*,*,#9762,.F.);
#10028 = ( GEOMETRIC_REPRESENTATION_CONTEXT(3) 
GLOBAL_UNCERTAINTY_ASSIGNED_CONTEXT((#10032)) 
GLOBAL_UNIT_ASSIGNED_CONTEXT((#10029,#10030,#10031)) 
REPRESENTATION_CONTEXT('Context #1',
  '3D Context with UNIT and UNCERTAINTY') );
#10029 = ( LENGTH_UNIT() NAMED_UNIT(*) SI_UNIT(.MILLI.,.METRE.) );
#10030 = ( NAMED_UNIT(*) PLANE_ANGLE_UNIT() SI_UNIT($,.RADIAN.) );
#10031 = ( NAMED_UNIT(*) SI_UNIT($,.STERADIAN.) SOLID_ANGLE_UNIT() );
#10032 = UNCERTAINTY_MEASURE_WITH_UNIT(LENGTH_MEASURE(2.E-06),#10029,
  'distance_accuracy_value','confusion accuracy');
#10033 = PRODUCT_RELATED_PRODUCT_CATEGORY('part',$,(#7));
ENDSEC;
END-ISO-10303-21;
