ISO-10303-21;
HEADER;
FILE_DESCRIPTION(('Open CASCADE Model'),'2;1');
FILE_NAME('Open CASCADE Shape Model','2026-08-27T22:53:04',('Author'),(
    'Open CASCADE'),'Open CASCADE STEP processor 7.9','Open CASCADE 7.9'
  ,'Unknown');
FILE_SCHEMA(('AUTOMOTIVE_DESIGN { 1 0 10303 214 1 1 1 1 }'));
ENDSEC;
DATA;
#1 = APPLICATION_PROTOCOL_DEFINITION('international standard',
  'automotive_design',2000,#2);
#2 = APPLICATION_CONTEXT(
  'core data for automotive mechanical design processes');
#3 = SHAPE_DEFINITION_REPRESENTATION(#4,#10);
#4 = PRODUCT_DEFINITION_SHAPE('','',#5);
#5 = PRODUCT_DEFINITION('design','',#6,#9);
#6 = PRODUCT_DEFINITION_FORMATION('','',#7);
#7 = PRODUCT('Open CASCADE STEP translator 7.9 2',
  'Open CASCADE STEP translator 7.9 2','',(#8));
#8 = PRODUCT_CONTEXT('',#2,'mechanical');
#9 = PRODUCT_DEFINITION_CONTEXT('part definition',#2,'design');
#10 = ADVANCED_BREP_SHAPE_REPRESENTATION('',(#11,#15),#5670);
#11 = AXIS2_PLACEMENT_3D('',#12,#13,#14);
#12 = CARTESIAN_POINT('',(0.,0.,0.));
#13 = DIRECTION('',(0.,0.,1.));
#14 = DIRECTION('',(1.,0.,-0.));
#15 = MANIFOLD_SOLID_BREP('',#16);
#16 = CLOSED_SHELL('',(#17,#4614,#4916,#5377,#5382,#5487,#5536,#5609,
    #5636,#5663));
#17 = ADVANCED_FACE('',(#18),#76,.F.);
#18 = FACE_BOUND('',#19,.F.);
#19 = EDGE_LOOP('',(#20,#2254,#4435,#4551));
#20 = ORIENTED_EDGE('',*,*,#21,.T.);
#21 = EDGE_CURVE('',#22,#24,#26,.T.);
#22 = VERTEX_POINT('',#23);
#23 = CARTESIAN_POINT('',(70.,0.,-1.163152258676E-15));
#24 = VERTEX_POINT('',#25);
#25 = CARTESIAN_POINT('',(0.,0.,0.));
#26 = SURFACE_CURVE('',#27,(#75,#2198),.PCURVE_S1.);
#27 = B_SPLINE_CURVE_WITH_KNOTS('',3,(#28,#29,#30,#31,#32,#33,#34,#35,
    #36,#37,#38,#39,#40,#41,#42,#43,#44,#45,#46,#47,#48,#49,#50,#51,#52,
    #53,#54,#55,#56,#57,#58,#59,#60,#61,#62,#63,#64,#65,#66,#67,#68,#69,
    #70,#71,#72,#73,#74),.UNSPECIFIED.,.F.,.F.,(4,1,1,1,1,1,1,1,1,1,1,1,
    1,1,1,1,1,1,1,1,1,1,1,1,1,1,1,1,1,1,1,1,1,1,1,1,1,1,1,1,1,1,1,1,4),(
    0.,1.254956588655E-03,5.013258042861E-03,1.125524629923E-02,
    1.994831234723E-02,3.104712176402E-02,4.449391904138E-02,
    6.021890099618E-02,7.814064890659E-02,9.816660946618E-02,
    0.120193616026,0.144108443623,0.169788393653,0.19710190642,
    0.225909201994,0.256062951565,0.287408982857,0.319787023978,
    0.353031490349,0.386972319074,0.421435854087,0.456245783643,
    0.491224129199,0.526192281396,0.560972075084,0.595436158676,
    0.629586848814,0.663028746494,0.695594486647,0.727122299999,
    0.757457075469,0.786451400201,0.81396659126,0.839873754231,
    0.864054935332,0.886404482466,0.906830812748,0.925258934134,
    0.941634364655,0.955929713143,0.968156548194,0.978388219222,
    0.986805462839,0.993782843249,1.),.UNSPECIFIED.);
#28 = CARTESIAN_POINT('',(70.,0.,-1.163152258676E-15));
#29 = CARTESIAN_POINT('',(69.970562413364,0.,6.292622550817E-03));
#30 = CARTESIAN_POINT('',(69.852961392458,0.,3.140797387568E-02));
#31 = CARTESIAN_POINT('',(69.588893355164,0.,8.759551346569E-02));
#32 = CARTESIAN_POINT('',(69.150174902096,0.,0.180259264655));
#33 = CARTESIAN_POINT('',(68.538895797054,0.,0.307956630618));
#34 = CARTESIAN_POINT('',(67.75797604284,0.,0.468727151141));
#35 = CARTESIAN_POINT('',(66.811159399909,0.,0.660146998158));
#36 = CARTESIAN_POINT('',(65.703004008018,0.,0.879392802784));
#37 = CARTESIAN_POINT('',(64.43886951024,0.,1.123310860247));
#38 = CARTESIAN_POINT('',(63.024900122443,0.,1.388487622008));
#39 = CARTESIAN_POINT('',(61.468003198372,0.,1.671317583268));
#40 = CARTESIAN_POINT('',(59.775822999367,0.,1.968065200302));
#41 = CARTESIAN_POINT('',(57.95670956517,0.,2.274918275883));
#42 = CARTESIAN_POINT('',(56.019682774231,0.,2.588031263645));
#43 = CARTESIAN_POINT('',(53.974391853538,0.,2.903558068289));
#44 = CARTESIAN_POINT('',(51.831070729478,0.,3.217675075483));
#45 = CARTESIAN_POINT('',(49.6004896857,0.,3.526596149954));
#46 = CARTESIAN_POINT('',(47.293903815522,0.,3.826582407155));
#47 = CARTESIAN_POINT('',(44.922998687646,0.,4.113949373031));
#48 = CARTESIAN_POINT('',(42.499833652671,0.,4.385077473133));
#49 = CARTESIAN_POINT('',(40.036782713428,0.,4.636419860331));
#50 = CARTESIAN_POINT('',(37.546474224107,0.,4.864546440324));
#51 = CARTESIAN_POINT('',(35.041724982292,0.,5.066089971254));
#52 = CARTESIAN_POINT('',(32.535485267964,0.,5.238108216773));
#53 = CARTESIAN_POINT('',(30.039552568869,0.,5.37701176932));
#54 = CARTESIAN_POINT('',(27.561596276583,0.,5.483073972855));
#55 = CARTESIAN_POINT('',(25.114097270748,0.,5.541767833527));
#56 = CARTESIAN_POINT('',(22.711433060655,0.,5.549498277437));
#57 = CARTESIAN_POINT('',(20.372056129126,0.,5.506231291654));
#58 = CARTESIAN_POINT('',(18.108745716404,0.,5.412163564669));
#59 = CARTESIAN_POINT('',(15.933873373571,0.,5.268455728395));
#60 = CARTESIAN_POINT('',(13.859302620153,0.,5.077015567336));
#61 = CARTESIAN_POINT('',(11.89629274733,0.,4.840527436813));
#62 = CARTESIAN_POINT('',(10.05540708645,0.,4.562383927071));
#63 = CARTESIAN_POINT('',(8.34642760686,0.,4.246607026958));
#64 = CARTESIAN_POINT('',(6.778276426836,0.,3.897734832926));
#65 = CARTESIAN_POINT('',(5.358940618778,0.,3.520690913609));
#66 = CARTESIAN_POINT('',(4.095399004706,0.,3.120604931387));
#67 = CARTESIAN_POINT('',(2.99352061651,0.,2.702682453504));
#68 = CARTESIAN_POINT('',(2.057958986453,0.,2.271779739204));
#69 = CARTESIAN_POINT('',(1.29184440499,0.,1.832579038854));
#70 = CARTESIAN_POINT('',(0.696768229588,0.,1.387121955606));
#71 = CARTESIAN_POINT('',(0.272305998031,0.,0.93763587761));
#72 = CARTESIAN_POINT('',(2.269432840369E-02,0.,0.469895332869));
#73 = CARTESIAN_POINT('',(-1.603127355084E-02,0.,0.154326918711));
#74 = CARTESIAN_POINT('',(0.,0.,0.));
#75 = PCURVE('',#76,#2192);
#76 = ( BOUNDED_SURFACE() B_SPLINE_SURFACE(3,3,(
    (#77,#78,#79,#80,#81,#82,#83,#84,#85,#86,#87,#88,#89,#90,#91,#92,#93
      ,#94,#95,#96,#97,#98,#99,#100,#101,#102,#103,#104,#105,#106,#107
      ,#108,#109,#110,#111,#112,#113,#114,#115,#116,#117,#118,#119,#120
      ,#121)
    ,(#122,#123,#124,#125,#126,#127,#128,#129,#130,#131,#132,#133,#134
      ,#135,#136,#137,#138,#139,#140,#141,#142,#143,#144,#145,#146,#147
      ,#148,#149,#150,#151,#152,#153,#154,#155,#156,#157,#158,#159,#160
      ,#161,#162,#163,#164,#165,#166)
    ,(#167,#168,#169,#170,#171,#172,#173,#174,#175,#176,#177,#178,#179
      ,#180,#181,#182,#183,#184,#185,#186,#187,#188,#189,#190,#191,#192
      ,#193,#194,#195,#196,#197,#198,#199,#200,#201,#202,#203,#204,#205
      ,#206,#207,#208,#209,#210,#211)
    ,(#212,#213,#214,#215,#216,#217,#218,#219,#220,#221,#222,#223,#224
      ,#225,#226,#227,#228,#229,#230,#231,#232,#233,#234,#235,#236,#237
      ,#238,#239,#240,#241,#242,#243,#244,#245,#246,#247,#248,#249,#250
      ,#251,#252,#253,#254,#255,#256)
    ,(#257,#258,#259,#260,#261,#262,#263,#264,#265,#266,#267,#268,#269
      ,#270,#271,#272,#273,#274,#275,#276,#277,#278,#279,#280,#281,#282
      ,#283,#284,#285,#286,#287,#288,#289,#290,#291,#292,#293,#294,#295
      ,#296,#297,#298,#299,#300,#301)
    ,(#302,#303,#304,#305,#306,#307,#308,#309,#310,#311,#312,#313,#314
      ,#315,#316,#317,#318,#319,#320,#321,#322,#323,#324,#325,#326,#327
      ,#328,#329,#330,#331,#332,#333,#334,#335,#336,#337,#338,#339,#340
      ,#341,#342,#343,#344,#345,#346)
    ,(#347,#348,#349,#350,#351,#352,#353,#354,#355,#356,#357,#358,#359
      ,#360,#361,#362,#363,#364,#365,#366,#367,#368,#369,#370,#371,#372
      ,#373,#374,#375,#376,#377,#378,#379,#380,#381,#382,#383,#384,#385
      ,#386,#387,#388,#389,#390,#391)
    ,(#392,#393,#394,#395,#396,#397,#398,#399,#400,#401,#402,#403,#404
      ,#405,#406,#407,#408,#409,#410,#411,#412,#413,#414,#415,#416,#417
      ,#418,#419,#420,#421,#422,#423,#424,#425,#426,#427,#428,#429,#430
      ,#431,#432,#433,#434,#435,#436)
    ,(#437,#438,#439,#440,#441,#442,#443,#444,#445,#446,#447,#448,#449
      ,#450,#451,#452,#453,#454,#455,#456,#457,#458,#459,#460,#461,#462
      ,#463,#464,#465,#466,#467,#468,#469,#470,#471,#472,#473,#474,#475
      ,#476,#477,#478,#479,#480,#481)
    ,(#482,#483,#484,#485,#486,#487,#488,#489,#490,#491,#492,#493,#494
      ,#495,#496,#497,#498,#499,#500,#501,#502,#503,#504,#505,#506,#507
      ,#508,#509,#510,#511,#512,#513,#514,#515,#516,#517,#518,#519,#520
      ,#521,#522,#523,#524,#525,#526)
    ,(#527,#528,#529,#530,#531,#532,#533,#534,#535,#536,#537,#538,#539
      ,#540,#541,#542,#543,#544,#545,#546,#547,#548,#549,#550,#551,#552
      ,#553,#554,#555,#556,#557,#558,#559,#560,#561,#562,#563,#564,#565
      ,#566,#567,#568,#569,#570,#571)
    ,(#572,#573,#574,#575,#576,#577,#578,#579,#580,#581,#582,#583,#584
      ,#585,#586,#587,#588,#589,#590,#591,#592,#593,#594,#595,#596,#597
      ,#598,#599,#600,#601,#602,#603,#604,#605,#606,#607,#608,#609,#610
      ,#611,#612,#613,#614,#615,#616)
    ,(#617,#618,#619,#620,#621,#622,#623,#624,#625,#626,#627,#628,#629
      ,#630,#631,#632,#633,#634,#635,#636,#637,#638,#639,#640,#641,#642
      ,#643,#644,#645,#646,#647,#648,#649,#650,#651,#652,#653,#654,#655
      ,#656,#657,#658,#659,#660,#661)
    ,(#662,#663,#664,#665,#666,#667,#668,#669,#670,#671,#672,#673,#674
      ,#675,#676,#677,#678,#679,#680,#681,#682,#683,#684,#685,#686,#687
      ,#688,#689,#690,#691,#692,#693,#694,#695,#696,#697,#698,#699,#700
      ,#701,#702,#703,#704,#705,#706)
    ,(#707,#708,#709,#710,#711,#712,#713,#714,#715,#716,#717,#718,#719
      ,#720,#721,#722,#723,#724,#725,#726,#727,#728,#729,#730,#731,#732
      ,#733,#734,#735,#736,#737,#738,#739,#740,#741,#742,#743,#744,#745
      ,#746,#747,#748,#749,#750,#751)
    ,(#752,#753,#754,#755,#756,#757,#758,#759,#760,#761,#762,#763,#764
      ,#765,#766,#767,#768,#769,#770,#771,#772,#773,#774,#775,#776,#777
      ,#778,#779,#780,#781,#782,#783,#784,#785,#786,#787,#788,#789,#790
      ,#791,#792,#793,#794,#795,#796)
    ,(#797,#798,#799,#800,#801,#802,#803,#804,#805,#806,#807,#808,#809
      ,#810,#811,#812,#813,#814,#815,#816,#817,#818,#819,#820,#821,#822
      ,#823,#824,#825,#826,#827,#828,#829,#830,#831,#832,#833,#834,#835
      ,#836,#837,#838,#839,#840,#841)
    ,(#842,#843,#844,#845,#846,#847,#848,#849,#850,#851,#852,#853,#854
      ,#855,#856,#857,#858,#859,#860,#861,#862,#863,#864,#865,#866,#867
      ,#868,#869,#870,#871,#872,#873,#874,#875,#876,#877,#878,#879,#880
      ,#881,#882,#883,#884,#885,#886)
    ,(#887,#888,#889,#890,#891,#892,#893,#894,#895,#896,#897,#898,#899
      ,#900,#901,#902,#903,#904,#905,#906,#907,#908,#909,#910,#911,#912
      ,#913,#914,#915,#916,#917,#918,#919,#920,#921,#922,#923,#924,#925
      ,#926,#927,#928,#929,#930,#931)
    ,(#932,#933,#934,#935,#936,#937,#938,#939,#940,#941,#942,#943,#944
      ,#945,#946,#947,#948,#949,#950,#951,#952,#953,#954,#955,#956,#957
      ,#958,#959,#960,#961,#962,#963,#964,#965,#966,#967,#968,#969,#970
      ,#971,#972,#973,#974,#975,#976)
    ,(#977,#978,#979,#980,#981,#982,#983,#984,#985,#986,#987,#988,#989
      ,#990,#991,#992,#993,#994,#995,#996,#997,#998,#999,#1000,#1001
      ,#1002,#1003,#1004,#1005,#1006,#1007,#1008,#1009,#1010,#1011,#1012
      ,#1013,#1014,#1015,#1016,#1017,#1018,#1019,#1020,#1021)
    ,(#1022,#1023,#1024,#1025,#1026,#1027,#1028,#1029,#1030,#1031,#1032
      ,#1033,#1034,#1035,#1036,#1037,#1038,#1039,#1040,#1041,#1042,#1043
      ,#1044,#1045,#1046,#1047,#1048,#1049,#1050,#1051,#1052,#1053,#1054
      ,#1055,#1056,#1057,#1058,#1059,#1060,#1061,#1062,#1063,#1064,#1065
      ,#1066)
    ,(#1067,#1068,#1069,#1070,#1071,#1072,#1073,#1074,#1075,#1076,#1077
      ,#1078,#1079,#1080,#1081,#1082,#1083,#1084,#1085,#1086,#1087,#1088
      ,#1089,#1090,#1091,#1092,#1093,#1094,#1095,#1096,#1097,#1098,#1099
      ,#1100,#1101,#1102,#1103,#1104,#1105,#1106,#1107,#1108,#1109,#1110
      ,#1111)
    ,(#1112,#1113,#1114,#1115,#1116,#1117,#1118,#1119,#1120,#1121,#1122
      ,#1123,#1124,#1125,#1126,#1127,#1128,#1129,#1130,#1131,#1132,#1133
      ,#1134,#1135,#1136,#1137,#1138,#1139,#1140,#1141,#1142,#1143,#1144
      ,#1145,#1146,#1147,#1148,#1149,#1150,#1151,#1152,#1153,#1154,#1155
      ,#1156)
    ,(#1157,#1158,#1159,#1160,#1161,#1162,#1163,#1164,#1165,#1166,#1167
      ,#1168,#1169,#1170,#1171,#1172,#1173,#1174,#1175,#1176,#1177,#1178
      ,#1179,#1180,#1181,#1182,#1183,#1184,#1185,#1186,#1187,#1188,#1189
      ,#1190,#1191,#1192,#1193,#1194,#1195,#1196,#1197,#1198,#1199,#1200
      ,#1201)
    ,(#1202,#1203,#1204,#1205,#1206,#1207,#1208,#1209,#1210,#1211,#1212
      ,#1213,#1214,#1215,#1216,#1217,#1218,#1219,#1220,#1221,#1222,#1223
      ,#1224,#1225,#1226,#1227,#1228,#1229,#1230,#1231,#1232,#1233,#1234
      ,#1235,#1236,#1237,#1238,#1239,#1240,#1241,#1242,#1243,#1244,#1245
      ,#1246)
    ,(#1247,#1248,#1249,#1250,#1251,#1252,#1253,#1254,#1255,#1256,#1257
      ,#1258,#1259,#1260,#1261,#1262,#1263,#1264,#1265,#1266,#1267,#1268
      ,#1269,#1270,#1271,#1272,#1273,#1274,#1275,#1276,#1277,#1278,#1279
      ,#1280,#1281,#1282,#1283,#1284,#1285,#1286,#1287,#1288,#1289,#1290
      ,#1291)
    ,(#1292,#1293,#1294,#1295,#1296,#1297,#1298,#1299,#1300,#1301,#1302
      ,#1303,#1304,#1305,#1306,#1307,#1308,#1309,#1310,#1311,#1312,#1313
      ,#1314,#1315,#1316,#1317,#1318,#1319,#1320,#1321,#1322,#1323,#1324
      ,#1325,#1326,#1327,#1328,#1329,#1330,#1331,#1332,#1333,#1334,#1335
      ,#1336)
    ,(#1337,#1338,#1339,#1340,#1341,#1342,#1343,#1344,#1345,#1346,#1347
      ,#1348,#1349,#1350,#1351,#1352,#1353,#1354,#1355,#1356,#1357,#1358
      ,#1359,#1360,#1361,#1362,#1363,#1364,#1365,#1366,#1367,#1368,#1369
      ,#1370,#1371,#1372,#1373,#1374,#1375,#1376,#1377,#1378,#1379,#1380
      ,#1381)
    ,(#1382,#1383,#1384,#1385,#1386,#1387,#1388,#1389,#1390,#1391,#1392
      ,#1393,#1394,#1395,#1396,#1397,#1398,#1399,#1400,#1401,#1402,#1403
      ,#1404,#1405,#1406,#1407,#1408,#1409,#1410,#1411,#1412,#1413,#1414
      ,#1415,#1416,#1417,#1418,#1419,#1420,#1421,#1422,#1423,#1424,#1425
      ,#1426)
    ,(#1427,#1428,#1429,#1430,#1431,#1432,#1433,#1434,#1435,#1436,#1437
      ,#1438,#1439,#1440,#1441,#1442,#1443,#1444,#1445,#1446,#1447,#1448
      ,#1449,#1450,#1451,#1452,#1453,#1454,#1455,#1456,#1457,#1458,#1459
      ,#1460,#1461,#1462,#1463,#1464,#1465,#1466,#1467,#1468,#1469,#1470
      ,#1471)
    ,(#1472,#1473,#1474,#1475,#1476,#1477,#1478,#1479,#1480,#1481,#1482
      ,#1483,#1484,#1485,#1486,#1487,#1488,#1489,#1490,#1491,#1492,#1493
      ,#1494,#1495,#1496,#1497,#1498,#1499,#1500,#1501,#1502,#1503,#1504
      ,#1505,#1506,#1507,#1508,#1509,#1510,#1511,#1512,#1513,#1514,#1515
      ,#1516)
    ,(#1517,#1518,#1519,#1520,#1521,#1522,#1523,#1524,#1525,#1526,#1527
      ,#1528,#1529,#1530,#1531,#1532,#1533,#1534,#1535,#1536,#1537,#1538
      ,#1539,#1540,#1541,#1542,#1543,#1544,#1545,#1546,#1547,#1548,#1549
      ,#1550,#1551,#1552,#1553,#1554,#1555,#1556,#1557,#1558,#1559,#1560
      ,#1561)
    ,(#1562,#1563,#1564,#1565,#1566,#1567,#1568,#1569,#1570,#1571,#1572
      ,#1573,#1574,#1575,#1576,#1577,#1578,#1579,#1580,#1581,#1582,#1583
      ,#1584,#1585,#1586,#1587,#1588,#1589,#1590,#1591,#1592,#1593,#1594
      ,#1595,#1596,#1597,#1598,#1599,#1600,#1601,#1602,#1603,#1604,#1605
      ,#1606)
    ,(#1607,#1608,#1609,#1610,#1611,#1612,#1613,#1614,#1615,#1616,#1617
      ,#1618,#1619,#1620,#1621,#1622,#1623,#1624,#1625,#1626,#1627,#1628
      ,#1629,#1630,#1631,#1632,#1633,#1634,#1635,#1636,#1637,#1638,#1639
      ,#1640,#1641,#1642,#1643,#1644,#1645,#1646,#1647,#1648,#1649,#1650
      ,#1651)
    ,(#1652,#1653,#1654,#1655,#1656,#1657,#1658,#1659,#1660,#1661,#1662
      ,#1663,#1664,#1665,#1666,#1667,#1668,#1669,#1670,#1671,#1672,#1673
      ,#1674,#1675,#1676,#1677,#1678,#1679,#1680,#1681,#1682,#1683,#1684
      ,#1685,#1686,#1687,#1688,#1689,#1690,#1691,#1692,#1693,#1694,#1695
      ,#1696)
    ,(#1697,#1698,#1699,#1700,#1701,#1702,#1703,#1704,#1705,#1706,#1707
      ,#1708,#1709,#1710,#1711,#1712,#1713,#1714,#1715,#1716,#1717,#1718
      ,#1719,#1720,#1721,#1722,#1723,#1724,#1725,#1726,#1727,#1728,#1729
      ,#1730,#1731,#1732,#1733,#1734,#1735,#1736,#1737,#1738,#1739,#1740
      ,#1741)
    ,(#1742,#1743,#1744,#1745,#1746,#1747,#1748,#1749,#1750,#1751,#1752
      ,#1753,#1754,#1755,#1756,#1757,#1758,#1759,#1760,#1761,#1762,#1763
      ,#1764,#1765,#1766,#1767,#1768,#1769,#1770,#1771,#1772,#1773,#1774
      ,#1775,#1776,#1777,#1778,#1779,#1780,#1781,#1782,#1783,#1784,#1785
      ,#1786)
    ,(#1787,#1788,#1789,#1790,#1791,#1792,#1793,#1794,#1795,#1796,#1797
      ,#1798,#1799,#1800,#1801,#1802,#1803,#1804,#1805,#1806,#1807,#1808
      ,#1809,#1810,#1811,#1812,#1813,#1814,#1815,#1816,#1817,#1818,#1819
      ,#1820,#1821,#1822,#1823,#1824,#1825,#1826,#1827,#1828,#1829,#1830
      ,#1831)
    ,(#1832,#1833,#1834,#1835,#1836,#1837,#1838,#1839,#1840,#1841,#1842
      ,#1843,#1844,#1845,#1846,#1847,#1848,#1849,#1850,#1851,#1852,#1853
      ,#1854,#1855,#1856,#1857,#1858,#1859,#1860,#1861,#1862,#1863,#1864
      ,#1865,#1866,#1867,#1868,#1869,#1870,#1871,#1872,#1873,#1874,#1875
      ,#1876)
    ,(#1877,#1878,#1879,#1880,#1881,#1882,#1883,#1884,#1885,#1886,#1887
      ,#1888,#1889,#1890,#1891,#1892,#1893,#1894,#1895,#1896,#1897,#1898
      ,#1899,#1900,#1901,#1902,#1903,#1904,#1905,#1906,#1907,#1908,#1909
      ,#1910,#1911,#1912,#1913,#1914,#1915,#1916,#1917,#1918,#1919,#1920
      ,#1921)
    ,(#1922,#1923,#1924,#1925,#1926,#1927,#1928,#1929,#1930,#1931,#1932
      ,#1933,#1934,#1935,#1936,#1937,#1938,#1939,#1940,#1941,#1942,#1943
      ,#1944,#1945,#1946,#1947,#1948,#1949,#1950,#1951,#1952,#1953,#1954
      ,#1955,#1956,#1957,#1958,#1959,#1960,#1961,#1962,#1963,#1964,#1965
      ,#1966)
    ,(#1967,#1968,#1969,#1970,#1971,#1972,#1973,#1974,#1975,#1976,#1977
      ,#1978,#1979,#1980,#1981,#1982,#1983,#1984,#1985,#1986,#1987,#1988
      ,#1989,#1990,#1991,#1992,#1993,#1994,#1995,#1996,#1997,#1998,#1999
      ,#2000,#2001,#2002,#2003,#2004,#2005,#2006,#2007,#2008,#2009,#2010
      ,#2011)
    ,(#2012,#2013,#2014,#2015,#2016,#2017,#2018,#2019,#2020,#2021,#2022
      ,#2023,#2024,#2025,#2026,#2027,#2028,#2029,#2030,#2031,#2032,#2033
      ,#2034,#2035,#2036,#2037,#2038,#2039,#2040,#2041,#2042,#2043,#2044
      ,#2045,#2046,#2047,#2048,#2049,#2050,#2051,#2052,#2053,#2054,#2055
      ,#2056)
    ,(#2057,#2058,#2059,#2060,#2061,#2062,#2063,#2064,#2065,#2066,#2067
      ,#2068,#2069,#2070,#2071,#2072,#2073,#2074,#2075,#2076,#2077,#2078
      ,#2079,#2080,#2081,#2082,#2083,#2084,#2085,#2086,#2087,#2088,#2089
      ,#2090,#2091,#2092,#2093,#2094,#2095,#2096,#2097,#2098,#2099,#2100
      ,#2101)
    ,(#2102,#2103,#2104,#2105,#2106,#2107,#2108,#2109,#2110,#2111,#2112
      ,#2113,#2114,#2115,#2116,#2117,#2118,#2119,#2120,#2121,#2122,#2123
      ,#2124,#2125,#2126,#2127,#2128,#2129,#2130,#2131,#2132,#2133,#2134
      ,#2135,#2136,#2137,#2138,#2139,#2140,#2141,#2142,#2143,#2144,#2145
      ,#2146)
    ,(#2147,#2148,#2149,#2150,#2151,#2152,#2153,#2154,#2155,#2156,#2157
      ,#2158,#2159,#2160,#2161,#2162,#2163,#2164,#2165,#2166,#2167,#2168
      ,#2169,#2170,#2171,#2172,#2173,#2174,#2175,#2176,#2177,#2178,#2179
      ,#2180,#2181,#2182,#2183,#2184,#2185,#2186,#2187,#2188,#2189,#2190
,#2191
    )),.UNSPECIFIED.,.F.,.F.,.F.) B_SPLINE_SURFACE_WITH_KNOTS((4,1,1,1,1
    ,1,1,1,1,1,1,1,1,1,1,1,1,1,1,1,1,1,1,1,1,1,1,1,1,1,1,1,1,1,1,1,1,1,1
    ,1,1,1,1,1,4),(4,1,1,1,1,1,1,1,1,1,1,1,1,1,1,1,1,1,1,1,1,1,1,1,1,1,1
    ,1,1,1,1,1,1,1,1,1,1,1,1,1,1,1,4),(0.,1.254956588655E-03,
    5.013258042861E-03,1.125524629923E-02,1.994831234723E-02,
    3.104712176402E-02,4.449391904138E-02,6.021890099618E-02,
    7.814064890659E-02,9.816660946618E-02,0.120193616026,0.144108443623,
    0.169788393653,0.19710190642,0.225909201994,0.256062951565,
    0.287408982857,0.319787023978,0.353031490349,0.386972319074,
    0.421435854087,0.456245783643,0.491224129199,0.526192281396,
    0.560972075084,0.595436158676,0.629586848814,0.663028746494,
    0.695594486647,0.727122299999,0.757457075469,0.786451400201,
    0.81396659126,0.839873754231,0.864054935332,0.886404482466,
    0.906830812748,0.925258934134,0.941634364655,0.955929713143,
    0.968156548194,0.978388219222,0.986805462839,0.993782843249,1.),(0.,
    2.900131297246E-02,5.800262594491E-02,8.700393891737E-02,
    0.11600525189,0.145006564862,0.174007877835,0.203009190807,
    0.23201050378,0.261011816752,0.290013129725,0.319014442697,
    0.348015755669,0.377017068642,0.406018381614,0.435019694587,
    0.464021007559,0.493022320532,0.522023633504,0.551024946477,
    0.580026259449,0.609027572422,0.638028885394,0.667030198367,
    0.696031511339,0.725032824311,0.742335061381,0.759117460833,
    0.775491457371,0.791553830909,0.807387784336,0.823065100639,
    0.838648773393,0.85419567035,0.869758995487,0.885390500132,
    0.901135554835,0.916996390613,0.933015065352,0.949250630528,
    0.96577175721,0.982657916868,1.),.UNSPECIFIED.) 
GEOMETRIC_REPRESENTATION_ITEM() RATIONAL_B_SPLINE_SURFACE((
    (1.,0.999999999982,1.000000000008,0.999999999998,1.000000000001,1.
      ,1.,1.,1.,1.,1.,1.,1.,1.,1.,1.,1.,1.,1.,1.,1.,1.,1.,1.,1.,1.,1.,1.
      ,1.,1.,1.,1.,1.,1.,1.,1.,1.,1.,1.,1.,1.000000000001,0.999999999998
      ,1.000000000008,0.999999999982,1.)
    ,(1.,0.999999999982,1.000000000008,0.999999999998,1.000000000001,1.
      ,1.,1.,1.,1.,1.,1.,1.,1.,1.,1.,1.,1.,1.,1.,1.,1.,1.,1.,1.,1.,1.,1.
      ,1.,1.,1.,1.,1.,1.,1.,1.,1.,1.,1.,1.,1.000000000001,0.999999999998
      ,1.000000000008,0.999999999982,1.)
    ,(1.,0.999999999982,1.000000000008,0.999999999998,1.000000000001,1.
      ,1.,1.,1.,1.,1.,1.,1.,1.,1.,1.,1.,1.,1.,1.,1.,1.,1.,1.,1.,1.,1.,1.
      ,1.,1.,1.,1.,1.,1.,1.,1.,1.,1.,1.,1.,1.000000000001,0.999999999998
      ,1.000000000008,0.999999999982,1.)
    ,(1.,0.999999999982,1.000000000008,0.999999999998,1.000000000001,1.
      ,1.,1.,1.,1.,1.,1.,1.,1.,1.,1.,1.,1.,1.,1.,1.,1.,1.,1.,1.,1.,1.,1.
      ,1.,1.,1.,1.,1.,1.,1.,1.,1.,1.,1.,1.,1.000000000001,0.999999999998
      ,1.000000000008,0.999999999982,1.)
    ,(1.,0.999999999982,1.000000000008,0.999999999998,1.000000000001,1.
      ,1.,1.,1.,1.,1.,1.,1.,1.,1.,1.,1.,1.,1.,1.,1.,1.,1.,1.,1.,1.,1.,1.
      ,1.,1.,1.,1.,1.,1.,1.,1.,1.,1.,1.,1.,1.000000000001,0.999999999998
      ,1.000000000008,0.999999999982,1.)
    ,(1.,0.999999999982,1.000000000008,0.999999999998,1.000000000001,1.
      ,1.,1.,1.,1.,1.,1.,1.,1.,1.,1.,1.,1.,1.,1.,1.,1.,1.,1.,1.,1.,1.,1.
      ,1.,1.,1.,1.,1.,1.,1.,1.,1.,1.,1.,1.,1.000000000001,0.999999999998
      ,1.000000000008,0.999999999982,1.)
    ,(1.,0.999999999982,1.000000000008,0.999999999998,1.000000000001,1.
      ,1.,1.,1.,1.,1.,1.,1.,1.,1.,1.,1.,1.,1.,1.,1.,1.,1.,1.,1.,1.,1.,1.
      ,1.,1.,1.,1.,1.,1.,1.,1.,1.,1.,1.,1.,1.000000000001,0.999999999998
      ,1.000000000008,0.999999999982,1.)
    ,(1.,0.999999999982,1.000000000008,0.999999999998,1.000000000001,1.
      ,1.,1.,1.,1.,1.,1.,1.,1.,1.,1.,1.,1.,1.,1.,1.,1.,1.,1.,1.,1.,1.,1.
      ,1.,1.,1.,1.,1.,1.,1.,1.,1.,1.,1.,1.,1.000000000001,0.999999999998
      ,1.000000000008,0.999999999982,1.)
    ,(1.,0.999999999982,1.000000000008,0.999999999998,1.000000000001,1.
      ,1.,1.,1.,1.,1.,1.,1.,1.,1.,1.,1.,1.,1.,1.,1.,1.,1.,1.,1.,1.,1.,1.
      ,1.,1.,1.,1.,1.,1.,1.,1.,1.,1.,1.,1.,1.000000000001,0.999999999998
      ,1.000000000008,0.999999999982,1.)
    ,(1.,0.999999999982,1.000000000008,0.999999999998,1.000000000001,1.
      ,1.,1.,1.,1.,1.,1.,1.,1.,1.,1.,1.,1.,1.,1.,1.,1.,1.,1.,1.,1.,1.,1.
      ,1.,1.,1.,1.,1.,1.,1.,1.,1.,1.,1.,1.,1.000000000001,0.999999999998
      ,1.000000000008,0.999999999982,1.)
    ,(1.,0.999999999982,1.000000000008,0.999999999998,1.000000000001,1.
      ,1.,1.,1.,1.,1.,1.,1.,1.,1.,1.,1.,1.,1.,1.,1.,1.,1.,1.,1.,1.,1.,1.
      ,1.,1.,1.,1.,1.,1.,1.,1.,1.,1.,1.,1.,1.000000000001,0.999999999998
      ,1.000000000008,0.999999999982,1.)
    ,(1.,0.999999999982,1.000000000008,0.999999999998,1.000000000001,1.
      ,1.,1.,1.,1.,1.,1.,1.,1.,1.,1.,1.,1.,1.,1.,1.,1.,1.,1.,1.,1.,1.,1.
      ,1.,1.,1.,1.,1.,1.,1.,1.,1.,1.,1.,1.,1.000000000001,0.999999999998
      ,1.000000000008,0.999999999982,1.)
    ,(1.,0.999999999982,1.000000000008,0.999999999998,1.000000000001,1.
      ,1.,1.,1.,1.,1.,1.,1.,1.,1.,1.,1.,1.,1.,1.,1.,1.,1.,1.,1.,1.,1.,1.
      ,1.,1.,1.,1.,1.,1.,1.,1.,1.,1.,1.,1.,1.000000000001,0.999999999998
      ,1.000000000008,0.999999999982,1.)
    ,(1.,0.999999999982,1.000000000008,0.999999999998,1.000000000001,1.
      ,1.,1.,1.,1.,1.,1.,1.,1.,1.,1.,1.,1.,1.,1.,1.,1.,1.,1.,1.,1.,1.,1.
      ,1.,1.,1.,1.,1.,1.,1.,1.,1.,1.,1.,1.,1.000000000001,0.999999999998
      ,1.000000000008,0.999999999982,1.)
    ,(1.,0.999999999982,1.000000000008,0.999999999998,1.000000000001,1.
      ,1.,1.,1.,1.,1.,1.,1.,1.,1.,1.,1.,1.,1.,1.,1.,1.,1.,1.,1.,1.,1.,1.
      ,1.,1.,1.,1.,1.,1.,1.,1.,1.,1.,1.,1.,1.000000000001,0.999999999998
      ,1.000000000008,0.999999999982,1.)
    ,(1.,0.999999999982,1.000000000008,0.999999999998,1.000000000001,1.
      ,1.,1.,1.,1.,1.,1.,1.,1.,1.,1.,1.,1.,1.,1.,1.,1.,1.,1.,1.,1.,1.,1.
      ,1.,1.,1.,1.,1.,1.,1.,1.,1.,1.,1.,1.,1.000000000001,0.999999999998
      ,1.000000000008,0.999999999982,1.)
    ,(1.,0.999999999982,1.000000000008,0.999999999998,1.000000000001,1.
      ,1.,1.,1.,1.,1.,1.,1.,1.,1.,1.,1.,1.,1.,1.,1.,1.,1.,1.,1.,1.,1.,1.
      ,1.,1.,1.,1.,1.,1.,1.,1.,1.,1.,1.,1.,1.000000000001,0.999999999998
      ,1.000000000008,0.999999999982,1.)
    ,(1.,0.999999999982,1.000000000008,0.999999999998,1.000000000001,1.
      ,1.,1.,1.,1.,1.,1.,1.,1.,1.,1.,1.,1.,1.,1.,1.,1.,1.,1.,1.,1.,1.,1.
      ,1.,1.,1.,1.,1.,1.,1.,1.,1.,1.,1.,1.,1.000000000001,0.999999999998
      ,1.000000000008,0.999999999982,1.)
    ,(1.,0.999999999982,1.000000000008,0.999999999998,1.000000000001,1.
      ,1.,1.,1.,1.,1.,1.,1.,1.,1.,1.,1.,1.,1.,1.,1.,1.,1.,1.,1.,1.,1.,1.
      ,1.,1.,1.,1.,1.,1.,1.,1.,1.,1.,1.,1.,1.000000000001,0.999999999998
      ,1.000000000008,0.999999999982,1.)
    ,(1.,0.999999999982,1.000000000008,0.999999999998,1.000000000001,1.
      ,1.,1.,1.,1.,1.,1.,1.,1.,1.,1.,1.,1.,1.,1.,1.,1.,1.,1.,1.,1.,1.,1.
      ,1.,1.,1.,1.,1.,1.,1.,1.,1.,1.,1.,1.,1.000000000001,0.999999999998
      ,1.000000000008,0.999999999982,1.)
    ,(1.,0.999999999982,1.000000000008,0.999999999998,1.000000000001,1.
      ,1.,1.,1.,1.,1.,1.,1.,1.,1.,1.,1.,1.,1.,1.,1.,1.,1.,1.,1.,1.,1.,1.
      ,1.,1.,1.,1.,1.,1.,1.,1.,1.,1.,1.,1.,1.000000000001,0.999999999998
      ,1.000000000008,0.999999999982,1.)
    ,(1.,0.999999999982,1.000000000008,0.999999999998,1.000000000001,1.
      ,1.,1.,1.,1.,1.,1.,1.,1.,1.,1.,1.,1.,1.,1.,1.,1.,1.,1.,1.,1.,1.,1.
      ,1.,1.,1.,1.,1.,1.,1.,1.,1.,1.,1.,1.,1.000000000001,0.999999999998
      ,1.000000000008,0.999999999982,1.)
    ,(1.,0.999999999982,1.000000000008,0.999999999998,1.000000000001,1.
      ,1.,1.,1.,1.,1.,1.,1.,1.,1.,1.,1.,1.,1.,1.,1.,1.,1.,1.,1.,1.,1.,1.
      ,1.,1.,1.,1.,1.,1.,1.,1.,1.,1.,1.,1.,1.000000000001,0.999999999998
      ,1.000000000008,0.999999999982,1.)
    ,(1.,0.999999999982,1.000000000008,0.999999999998,1.000000000001,1.
      ,1.,1.,1.,1.,1.,1.,1.,1.,1.,1.,1.,1.,1.,1.,1.,1.,1.,1.,1.,1.,1.,1.
      ,1.,1.,1.,1.,1.,1.,1.,1.,1.,1.,1.,1.,1.000000000001,0.999999999998
      ,1.000000000008,0.999999999982,1.)
    ,(1.,0.999999999982,1.000000000008,0.999999999998,1.000000000001,1.
      ,1.,1.,1.,1.,1.,1.,1.,1.,1.,1.,1.,1.,1.,1.,1.,1.,1.,1.,1.,1.,1.,1.
      ,1.,1.,1.,1.,1.,1.,1.,1.,1.,1.,1.,1.,1.000000000001,0.999999999998
      ,1.000000000008,0.999999999982,1.)
    ,(1.,0.999999999982,1.000000000008,0.999999999998,1.000000000001,1.
      ,1.,1.,1.,1.,1.,1.,1.,1.,1.,1.,1.,1.,1.,1.,1.,1.,1.,1.,1.,1.,1.,1.
      ,1.,1.,1.,1.,1.,1.,1.,1.,1.,1.,1.,1.,1.000000000001,0.999999999998
      ,1.000000000008,0.999999999982,1.)
    ,(1.,0.999999999982,1.000000000008,0.999999999998,1.000000000001,1.
      ,1.,1.,1.,1.,1.,1.,1.,1.,1.,1.,1.,1.,1.,1.,1.,1.,1.,1.,1.,1.,1.,1.
      ,1.,1.,1.,1.,1.,1.,1.,1.,1.,1.,1.,1.,1.000000000001,0.999999999998
      ,1.000000000008,0.999999999982,1.)
    ,(1.,0.999999999982,1.000000000008,0.999999999998,1.000000000001,1.
      ,1.,1.,1.,1.,1.,1.,1.,1.,1.,1.,1.,1.,1.,1.,1.,1.,1.,1.,1.,1.,1.,1.
      ,1.,1.,1.,1.,1.,1.,1.,1.,1.,1.,1.,1.,1.000000000001,0.999999999998
      ,1.000000000008,0.999999999982,1.)
    ,(1.,0.999999999982,1.000000000008,0.999999999998,1.000000000001,1.
      ,1.,1.,1.,1.,1.,1.,1.,1.,1.,1.,1.,1.,1.,1.,1.,1.,1.,1.,1.,1.,1.,1.
      ,1.,1.,1.,1.,1.,1.,1.,1.,1.,1.,1.,1.,1.000000000001,0.999999999998
      ,1.000000000008,0.999999999982,1.)
    ,(1.,0.999999999982,1.000000000008,0.999999999998,1.000000000001,1.
      ,1.,1.,1.,1.,1.,1.,1.,1.,1.,1.,1.,1.,1.,1.,1.,1.,1.,1.,1.,1.,1.,1.
      ,1.,1.,1.,1.,1.,1.,1.,1.,1.,1.,1.,1.,1.000000000001,0.999999999998
      ,1.000000000008,0.999999999982,1.)
    ,(1.,0.999999999982,1.000000000008,0.999999999998,1.000000000001,1.
      ,1.,1.,1.,1.,1.,1.,1.,1.,1.,1.,1.,1.,1.,1.,1.,1.,1.,1.,1.,1.,1.,1.
      ,1.,1.,1.,1.,1.,1.,1.,1.,1.,1.,1.,1.,1.000000000001,0.999999999998
      ,1.000000000008,0.999999999982,1.)
    ,(1.,0.999999999982,1.000000000008,0.999999999998,1.000000000001,1.
      ,1.,1.,1.,1.,1.,1.,1.,1.,1.,1.,1.,1.,1.,1.,1.,1.,1.,1.,1.,1.,1.,1.
      ,1.,1.,1.,1.,1.,1.,1.,1.,1.,1.,1.,1.,1.000000000001,0.999999999998
      ,1.000000000008,0.999999999982,1.)
    ,(1.,0.999999999982,1.000000000008,0.999999999998,1.000000000001,1.
      ,1.,1.,1.,1.,1.,1.,1.,1.,1.,1.,1.,1.,1.,1.,1.,1.,1.,1.,1.,1.,1.,1.
      ,1.,1.,1.,1.,1.,1.,1.,1.,1.,1.,1.,1.,1.000000000001,0.999999999998
      ,1.000000000008,0.999999999982,1.)
    ,(1.,0.999999999982,1.000000000008,0.999999999998,1.000000000001,1.
      ,1.,1.,1.,1.,1.,1.,1.,1.,1.,1.,1.,1.,1.,1.,1.,1.,1.,1.,1.,1.,1.,1.
      ,1.,1.,1.,1.,1.,1.,1.,1.,1.,1.,1.,1.,1.000000000001,0.999999999998
      ,1.000000000008,0.999999999982,1.)
    ,(1.,0.999999999982,1.000000000008,0.999999999998,1.000000000001,1.
      ,1.,1.,1.,1.,1.,1.,1.,1.,1.,1.,1.,1.,1.,1.,1.,1.,1.,1.,1.,1.,1.,1.
      ,1.,1.,1.,1.,1.,1.,1.,1.,1.,1.,1.,1.,1.000000000001,0.999999999998
      ,1.000000000008,0.999999999982,1.)
    ,(1.,0.999999999982,1.000000000008,0.999999999998,1.000000000001,1.
      ,1.,1.,1.,1.,1.,1.,1.,1.,1.,1.,1.,1.,1.,1.,1.,1.,1.,1.,1.,1.,1.,1.
      ,1.,1.,1.,1.,1.,1.,1.,1.,1.,1.,1.,1.,1.000000000001,0.999999999998
      ,1.000000000008,0.999999999982,1.)
    ,(1.,0.999999999982,1.000000000008,0.999999999998,1.000000000001,1.
      ,1.,1.,1.,1.,1.,1.,1.,1.,1.,1.,1.,1.,1.,1.,1.,1.,1.,1.,1.,1.,1.,1.
      ,1.,1.,1.,1.,1.,1.,1.,1.,1.,1.,1.,1.,1.000000000001,0.999999999998
      ,1.000000000008,0.999999999982,1.)
    ,(1.,0.999999999982,1.000000000008,0.999999999998,1.000000000001,1.
      ,1.,1.,1.,1.,1.,1.,1.,1.,1.,1.,1.,1.,1.,1.,1.,1.,1.,1.,1.,1.,1.,1.
      ,1.,1.,1.,1.,1.,1.,1.,1.,1.,1.,1.,1.,1.000000000001,0.999999999998
      ,1.000000000008,0.999999999982,1.)
    ,(1.,0.999999999982,1.000000000008,0.999999999998,1.000000000001,1.
      ,1.,1.,1.,1.,1.,1.,1.,1.,1.,1.,1.,1.,1.,1.,1.,1.,1.,1.,1.,1.,1.,1.
      ,1.,1.,1.,1.,1.,1.,1.,1.,1.,1.,1.,1.,1.000000000001,0.999999999998
      ,1.000000000008,0.999999999982,1.)
    ,(1.,0.999999999982,1.000000000008,0.999999999998,1.000000000001,1.
      ,1.,1.,1.,1.,1.,1.,1.,1.,1.,1.,1.,1.,1.,1.,1.,1.,1.,1.,1.,1.,1.,1.
      ,1.,1.,1.,1.,1.,1.,1.,1.,1.,1.,1.,1.,1.000000000001,0.999999999998
      ,1.000000000008,0.999999999982,1.)
    ,(1.,0.999999999982,1.000000000008,0.999999999998,1.000000000001,1.
      ,1.,1.,1.,1.,1.,1.,1.,1.,1.,1.,1.,1.,1.,1.,1.,1.,1.,1.,1.,1.,1.,1.
      ,1.,1.,1.,1.,1.,1.,1.,1.,1.,1.,1.,1.,1.000000000001,0.999999999998
      ,1.000000000008,0.999999999982,1.)
    ,(1.,0.999999999982,1.000000000008,0.999999999998,1.000000000001,1.
      ,1.,1.,1.,1.,1.,1.,1.,1.,1.,1.,1.,1.,1.,1.,1.,1.,1.,1.,1.,1.,1.,1.
      ,1.,1.,1.,1.,1.,1.,1.,1.,1.,1.,1.,1.,1.000000000001,0.999999999998
      ,1.000000000008,0.999999999982,1.)
    ,(1.,0.999999999982,1.000000000008,0.999999999998,1.000000000001,1.
      ,1.,1.,1.,1.,1.,1.,1.,1.,1.,1.,1.,1.,1.,1.,1.,1.,1.,1.,1.,1.,1.,1.
      ,1.,1.,1.,1.,1.,1.,1.,1.,1.,1.,1.,1.,1.000000000001,0.999999999998
      ,1.000000000008,0.999999999982,1.)
    ,(1.,0.999999999982,1.000000000008,0.999999999998,1.000000000001,1.
      ,1.,1.,1.,1.,1.,1.,1.,1.,1.,1.,1.,1.,1.,1.,1.,1.,1.,1.,1.,1.,1.,1.
      ,1.,1.,1.,1.,1.,1.,1.,1.,1.,1.,1.,1.,1.000000000001,0.999999999998
      ,1.000000000008,0.999999999982,1.)
    ,(1.,0.999999999982,1.000000000008,0.999999999998,1.000000000001,1.
      ,1.,1.,1.,1.,1.,1.,1.,1.,1.,1.,1.,1.,1.,1.,1.,1.,1.,1.,1.,1.,1.,1.
      ,1.,1.,1.,1.,1.,1.,1.,1.,1.,1.,1.,1.,1.000000000001,0.999999999998
      ,1.000000000008,0.999999999982,1.)
    ,(1.,0.999999999982,1.000000000008,0.999999999998,1.000000000001,1.
      ,1.,1.,1.,1.,1.,1.,1.,1.,1.,1.,1.,1.,1.,1.,1.,1.,1.,1.,1.,1.,1.,1.
      ,1.,1.,1.,1.,1.,1.,1.,1.,1.,1.,1.,1.,1.000000000001,0.999999999998
      ,1.000000000008,0.999999999982,1.)
    ,(1.,0.999999999982,1.000000000008,0.999999999998,1.000000000001,1.
      ,1.,1.,1.,1.,1.,1.,1.,1.,1.,1.,1.,1.,1.,1.,1.,1.,1.,1.,1.,1.,1.,1.
      ,1.,1.,1.,1.,1.,1.,1.,1.,1.,1.,1.,1.,1.000000000001,0.999999999998
,1.000000000008,0.999999999982,1.
  ))) REPRESENTATION_ITEM('') SURFACE() );
#77 = CARTESIAN_POINT('',(70.,0.,-1.163152258676E-15));
#78 = CARTESIAN_POINT('',(70.274933317067,1.733333612002,
    -1.154290144809E-15));
#79 = CARTESIAN_POINT('',(70.824799802477,5.199999870641,
    -1.318441620011E-15));
#80 = CARTESIAN_POINT('',(71.649599650154,10.400000034673,
    -4.73414640751E-16));
#81 = CARTESIAN_POINT('',(72.474399465786,15.599999990706,
    -3.447777320937E-15));
#82 = CARTESIAN_POINT('',(73.299199290009,20.800000002491,
    7.764164444594E-15));
#83 = CARTESIAN_POINT('',(74.123999111924,25.999999999334,
    -3.39497219133E-14));
#84 = CARTESIAN_POINT('',(74.948798934477,31.200000000174,
    1.218533997768E-13));
#85 = CARTESIAN_POINT('',(75.773598756784,36.399999999972,
    -4.594856826016E-13));
#86 = CARTESIAN_POINT('',(76.598398579437,41.599999999938,
    1.710227043246E-12));
#87 = CARTESIAN_POINT('',(77.423198400955,46.800000000274,
    -6.387125259742E-12));
#88 = CARTESIAN_POINT('',(78.247998226666,51.999999998964,
    2.383273074439E-11));
#89 = CARTESIAN_POINT('',(79.07279803674,57.200000003869,
    -8.894918145112E-11));
#90 = CARTESIAN_POINT('',(79.897597905169,62.39999998556,
    3.319587708448E-10));
#91 = CARTESIAN_POINT('',(80.722397555815,67.600000053889,
    -1.238890966625E-09));
#92 = CARTESIAN_POINT('',(81.547198019239,72.799999798882,
    4.623600190477E-09));
#93 = CARTESIAN_POINT('',(82.371995449332,78.000000750584,
    -1.725551454094E-08));
#94 = CARTESIAN_POINT('',(83.196804199973,83.199997198784,
    6.439845338716E-08));
#95 = CARTESIAN_POINT('',(84.021570701752,88.40001045428,
    -2.403383034343E-07));
#96 = CARTESIAN_POINT('',(84.84649487843,93.599960984096,
    8.96954756083E-07));
#97 = CARTESIAN_POINT('',(85.670830604376,98.800145609334,
    -3.347480725005E-06));
#98 = CARTESIAN_POINT('',(86.497362458351,103.99945657856,
    1.249296813999E-05));
#99 = CARTESIAN_POINT('',(87.315698250941,109.20202807639,
    -4.662439183874E-05));
#100 = CARTESIAN_POINT('',(88.16462216104,114.39243111585,
    1.740045992114E-04));
#101 = CARTESIAN_POINT('',(88.89938966249,119.62824746019,
    -6.493940050101E-04));
#102 = CARTESIAN_POINT('',(90.060194681026,124.69457904336,
    2.423571420826E-03));
#103 = CARTESIAN_POINT('',(89.688717340668,129.62713353898,
    -7.502772758628E-03));
#104 = CARTESIAN_POINT('',(92.812330267779,132.39290926177,
    1.559492740213E-02));
#105 = CARTESIAN_POINT('',(94.4883278245,134.91809502386,0.20029891799)
  );
#106 = CARTESIAN_POINT('',(96.083571315601,137.34176272617,
    0.694510829124));
#107 = CARTESIAN_POINT('',(97.434286750895,139.67042123132,
    1.585598398526));
#108 = CARTESIAN_POINT('',(98.629516022805,141.7837976199,2.905767742994
    ));
#109 = CARTESIAN_POINT('',(99.692736440566,143.58782725545,
    4.626200538485));
#110 = CARTESIAN_POINT('',(100.66448433523,145.01216423312,
    6.669195776075));
#111 = CARTESIAN_POINT('',(101.58075400932,146.04123610093,
    8.932628610311));
#112 = CARTESIAN_POINT('',(102.47862903643,146.72138729748,
    11.318866371663));
#113 = CARTESIAN_POINT('',(103.39496155292,147.1531397963,13.75730563148
    ));
#114 = CARTESIAN_POINT('',(104.36466718904,147.49464874835,
    16.203417306818));
#115 = CARTESIAN_POINT('',(105.42790633252,147.83959230198,
    18.653422266615));
#116 = CARTESIAN_POINT('',(106.62036767342,148.18386137147,
    21.104291378217));
#117 = CARTESIAN_POINT('',(107.97886470995,148.52847560592,
    23.555727921588));
#118 = CARTESIAN_POINT('',(109.54034464564,148.87290557219,
    26.007698748129));
#119 = CARTESIAN_POINT('',(111.34182262822,149.21818728104,
    28.460100538202));
#120 = CARTESIAN_POINT('',(112.70640880448,149.44296302147,
    30.070650351195));
#121 = CARTESIAN_POINT('',(113.43696542065,149.55695291582,
    30.874028799033));
#122 = CARTESIAN_POINT('',(69.970562413364,0.,6.292622550817E-03));
#123 = CARTESIAN_POINT('',(70.245720019484,1.73333361225,
    6.244678751984E-03));
#124 = CARTESIAN_POINT('',(70.796035073721,5.199999870526,
    6.148791181927E-03));
#125 = CARTESIAN_POINT('',(71.621507782097,10.400000034704,
    6.004959804646E-03));
#126 = CARTESIAN_POINT('',(72.44698045643,15.599999990698,
    5.861128433311E-03));
#127 = CARTESIAN_POINT('',(73.272453139889,20.800000002493,
    5.717297060395E-03));
#128 = CARTESIAN_POINT('',(74.097925820897,25.999999999333,
    5.573465687853E-03));
#129 = CARTESIAN_POINT('',(74.923398502581,31.200000000174,
    5.429634315395E-03));
#130 = CARTESIAN_POINT('',(75.74887118401,36.399999999972,
    5.285802942227E-03));
#131 = CARTESIAN_POINT('',(76.574343865786,41.599999999938,
    5.141971571817E-03));
#132 = CARTESIAN_POINT('',(77.399816546427,46.800000000274,
    4.998140191087E-03));
#133 = CARTESIAN_POINT('',(78.225289231261,51.999999998964,
    4.854308848876E-03));
#134 = CARTESIAN_POINT('',(79.05076190046,57.200000003869,
    4.710477362906E-03));
#135 = CARTESIAN_POINT('',(79.876234628002,62.399999985559,
    4.566646413455E-03));
#136 = CARTESIAN_POINT('',(80.70170713781,67.600000053894,
    4.422813461689E-03));
#137 = CARTESIAN_POINT('',(81.527180460214,72.799999798864,
    4.278987982666E-03));
#138 = CARTESIAN_POINT('',(82.352650749965,78.000000750651,
    4.135134614985E-03));
#139 = CARTESIAN_POINT('',(83.178132357731,83.199997198531,
    3.991385329188E-03));
#140 = CARTESIAN_POINT('',(84.003571726091,88.400010455223,
    3.847247604516E-03));
#141 = CARTESIAN_POINT('',(84.829168734059,93.599960980575,
    3.704559553462E-03));
#142 = CARTESIAN_POINT('',(85.654177423,98.800145622477,
    3.556461246809E-03));
#143 = CARTESIAN_POINT('',(86.481381748442,103.99945652951,
    3.428554288935E-03));
#144 = CARTESIAN_POINT('',(87.300391846907,109.20202825944,
    3.225292191543E-03));
#145 = CARTESIAN_POINT('',(88.149983216782,114.39243043268,
    3.303259303445E-03));
#146 = CARTESIAN_POINT('',(88.885443727989,119.62825000981,
    2.331664717687E-03));
#147 = CARTESIAN_POINT('',(90.04684640246,124.69456952806,
    5.277087713275E-03));
#148 = CARTESIAN_POINT('',(89.676194367112,129.62716299599,
    -4.826364215664E-03));
#149 = CARTESIAN_POINT('',(92.799729920895,132.39284803376,
    1.828947935894E-02));
#150 = CARTESIAN_POINT('',(94.475940141925,134.9177593116,0.202932893958
    ));
#151 = CARTESIAN_POINT('',(96.071456172873,137.34105389612,
    0.697014292017));
#152 = CARTESIAN_POINT('',(97.422539978561,139.66930017546,
    1.587863102956));
#153 = CARTESIAN_POINT('',(98.618204524958,141.78230123306,2.90768885238
    ));
#154 = CARTESIAN_POINT('',(99.681915067857,143.58605050893,
    4.627706414232));
#155 = CARTESIAN_POINT('',(100.65419152316,145.01023123236,6.67027249559
    ));
#156 = CARTESIAN_POINT('',(101.57101296679,146.03926507071,
    8.933323862667));
#157 = CARTESIAN_POINT('',(102.46944742602,146.7194649551,
    11.319278512759));
#158 = CARTESIAN_POINT('',(103.38633159336,147.1513119209,
    13.757556725778));
#159 = CARTESIAN_POINT('',(104.35656468919,147.49293389298,
    16.203659885049));
#160 = CARTESIAN_POINT('',(105.42029354066,147.83798073762,
    18.653648327334));
#161 = CARTESIAN_POINT('',(106.61319055117,148.18234213305,
    21.104505022555));
#162 = CARTESIAN_POINT('',(107.97205365964,148.52703382223,
    23.555930469923));
#163 = CARTESIAN_POINT('',(109.53381449798,148.87152328966,
    26.007893212935));
#164 = CARTESIAN_POINT('',(111.33547265858,149.21684301402,
    28.460288730254));
#165 = CARTESIAN_POINT('',(112.70010073166,149.44162793682,
    30.070839600217));
#166 = CARTESIAN_POINT('',(113.43065736638,149.55561761943,
    30.874216462703));
#167 = CARTESIAN_POINT('',(69.852961392458,0.,3.140797387568E-02));
#168 = CARTESIAN_POINT('',(70.129015008346,1.733333611485,
    3.116867498904E-02));
#169 = CARTESIAN_POINT('',(70.681122075227,5.199999870881,
    3.069007734762E-02));
#170 = CARTESIAN_POINT('',(71.509282808109,10.400000034609,
    2.997218077948E-02));
#171 = CARTESIAN_POINT('',(72.337443505463,15.599999990724,
    2.925428423976E-02));
#172 = CARTESIAN_POINT('',(73.165604212341,20.800000002486,
    2.853638769243E-02));
#173 = CARTESIAN_POINT('',(73.993764916661,25.999999999335,
    2.781849114709E-02));
#174 = CARTESIAN_POINT('',(74.821925621687,31.200000000173,
    2.71005946014E-02));
#175 = CARTESIAN_POINT('',(75.650086326449,36.399999999972,
    2.638269805511E-02));
#176 = CARTESIAN_POINT('',(76.47824703156,41.599999999938,
    2.56648015116E-02));
#177 = CARTESIAN_POINT('',(77.306407735537,46.800000000274,
    2.494690495756E-02));
#178 = CARTESIAN_POINT('',(78.134568443703,51.999999998964,
    2.422900844284E-02));
#179 = CARTESIAN_POINT('',(78.962729136248,57.200000003871,
    2.351111178135E-02));
#180 = CARTESIAN_POINT('',(79.790889887084,62.399999985554,
    2.279321566767E-02));
#181 = CARTESIAN_POINT('',(80.61905042038,67.600000053914,
    2.207531750953E-02));
#182 = CARTESIAN_POINT('',(81.447211765546,72.799999798791,
    2.135742698139E-02));
#183 = CARTESIAN_POINT('',(82.275370080771,78.000000750922,
    2.063950797769E-02));
#184 = CARTESIAN_POINT('',(83.103539703889,83.199997197522,
    1.992169524626E-02));
#185 = CARTESIAN_POINT('',(83.931667125377,88.40001045899,
    1.92034859013E-02));
#186 = CARTESIAN_POINT('',(84.759952045492,93.599960966519,
    1.848675673819E-02));
#187 = CARTESIAN_POINT('',(85.587649172729,98.800145674932,
    1.776450346121E-02));
#188 = CARTESIAN_POINT('',(86.41753997285,103.99945633375,
    1.706286645785E-02));
#189 = CARTESIAN_POINT('',(87.239243874312,109.20202899006,
    1.628428847388E-02));
#190 = CARTESIAN_POINT('',(88.091501697528,114.39242770599,
    1.579285813876E-02));
#191 = CARTESIAN_POINT('',(88.829730732388,119.62826018594,
    1.422977818881E-02));
#192 = CARTESIAN_POINT('',(89.993520998915,124.69453155022,
    1.666614904936E-02));
#193 = CARTESIAN_POINT('',(89.626165997152,129.6272805659,
    5.855818022758E-03));
#194 = CARTESIAN_POINT('',(92.74939245011,132.39260365821,
    2.904407627173E-02));
#195 = CARTESIAN_POINT('',(94.426452249609,134.91641940425,
    0.213445717708));
#196 = CARTESIAN_POINT('',(96.023057057455,137.33822478701,
    0.707006207087));
#197 = CARTESIAN_POINT('',(97.375612476117,139.66482577521,
    1.596902076285));
#198 = CARTESIAN_POINT('',(98.573015912481,141.77632879774,2.91535645627
    ));
#199 = CARTESIAN_POINT('',(99.63868446971,143.57895909155,4.63371672204)
  );
#200 = CARTESIAN_POINT('',(100.61307248641,145.00251616715,
    6.674569938932));
#201 = CARTESIAN_POINT('',(101.53209820927,146.03139822089,8.93609877997
    ));
#202 = CARTESIAN_POINT('',(102.43276755916,146.71179243003,
    11.320923465773));
#203 = CARTESIAN_POINT('',(103.3518555316,147.14401643595,
    13.758558902764));
#204 = CARTESIAN_POINT('',(104.3241957907,147.48608949792,
    16.204628072389));
#205 = CARTESIAN_POINT('',(105.38988099004,147.83154860132,
    18.654550589359));
#206 = CARTESIAN_POINT('',(106.5845184688,148.17627849211,
    21.105357727867));
#207 = CARTESIAN_POINT('',(107.94484400893,148.52127931934,
    23.556738888405));
#208 = CARTESIAN_POINT('',(109.50772702965,148.86600627833,
    26.008669368313));
#209 = CARTESIAN_POINT('',(111.31010500103,149.21147769958,
    28.461039848864));
#210 = CARTESIAN_POINT('',(112.67490041659,149.43629935319,
    30.071594939283));
#211 = CARTESIAN_POINT('',(113.40545714761,149.55028813433,
    30.874965472987));
#212 = CARTESIAN_POINT('',(69.588893355164,0.,8.759551346569E-02));
#213 = CARTESIAN_POINT('',(69.866958916364,1.733333608586,
    8.692811897296E-02));
#214 = CARTESIAN_POINT('',(70.423089879545,5.199999872226,
    8.559333034923E-02));
#215 = CARTESIAN_POINT('',(71.257286452316,10.400000034248,
    8.359114712284E-02));
#216 = CARTESIAN_POINT('',(72.091482990781,15.59999999082,
    8.158896397437E-02));
#217 = CARTESIAN_POINT('',(72.925679538442,20.80000000246,
    7.958678080504E-02));
#218 = CARTESIAN_POINT('',(73.759876083633,25.999999999342,
    7.758459764125E-02));
#219 = CARTESIAN_POINT('',(74.594072629506,31.200000000171,
    7.558241447618E-02));
#220 = CARTESIAN_POINT('',(75.428269175122,36.399999999973,
    7.358023131071E-02));
#221 = CARTESIAN_POINT('',(76.262465721085,41.599999999938,
    7.157804814808E-02));
#222 = CARTESIAN_POINT('',(77.096662265916,46.800000000275,
    6.957586497446E-02));
#223 = CARTESIAN_POINT('',(77.930858814927,51.999999998963,
    6.757368184198E-02));
#224 = CARTESIAN_POINT('',(78.76505534835,57.200000003874,
    6.557149855595E-02));
#225 = CARTESIAN_POINT('',(79.599251939946,62.399999985542,
    6.356931584298E-02));
#226 = CARTESIAN_POINT('',(80.433448314439,67.600000053957,
    6.156713099129E-02));
#227 = CARTESIAN_POINT('',(81.267645499171,72.799999798629,
    5.956495412143E-02));
#228 = CARTESIAN_POINT('',(82.101839660051,78.000000751527,
    5.756274746298E-02));
#229 = CARTESIAN_POINT('',(82.936045106096,83.199997195265,
    5.55606519771E-02));
#230 = CARTESIAN_POINT('',(83.770208435335,88.400010467415,
    5.35581415895E-02));
#231 = CARTESIAN_POINT('',(84.604528946634,93.599960935075,
    5.155717963615E-02));
#232 = CARTESIAN_POINT('',(85.4382628465,98.800145792285,
    4.955043884758E-02));
#233 = CARTESIAN_POINT('',(86.274186010034,103.99945589578,
    4.756526496563E-02));
#234 = CARTESIAN_POINT('',(87.101938730333,109.20203062457,
    4.549960229244E-02));
#235 = CARTESIAN_POINT('',(87.960183959903,114.39242160591,
    4.373432787756E-02));
#236 = CARTESIAN_POINT('',(88.704629595621,119.62828295177,
    4.08479892207E-02));
#237 = CARTESIAN_POINT('',(89.873781097479,124.694446587,
    4.214551927343E-02));
#238 = CARTESIAN_POINT('',(89.513829442905,129.62754359085,
    2.975377308877E-02));
#239 = CARTESIAN_POINT('',(92.636361823249,132.39205694632,
    5.310403593529E-02));
#240 = CARTESIAN_POINT('',(94.31532931468,134.91342179149,0.2369647875)
  );
#241 = CARTESIAN_POINT('',(95.914378924249,137.33189556318,
    0.729359910855));
#242 = CARTESIAN_POINT('',(97.270238786584,139.65481574041,
    1.617123878688));
#243 = CARTESIAN_POINT('',(98.471546825622,141.76296739014,2.9325102596)
  );
#244 = CARTESIAN_POINT('',(99.541612019866,143.56309432066,
    4.647162857174));
#245 = CARTESIAN_POINT('',(100.5207414569,144.98525618437,6.684184089448
    ));
#246 = CARTESIAN_POINT('',(101.44471679402,146.01379866872,
    8.942306767021));
#247 = CARTESIAN_POINT('',(102.35040449484,146.69462761715,
    11.324603520312));
#248 = CARTESIAN_POINT('',(103.27444101688,147.12769512935,
    13.760800952193));
#249 = CARTESIAN_POINT('',(104.25151282053,147.47077736019,
    16.206794080892));
#250 = CARTESIAN_POINT('',(105.32159091493,147.8171587603,18.65656911112
    ));
#251 = CARTESIAN_POINT('',(106.52013654033,148.16271304127,
    21.107265382394));
#252 = CARTESIAN_POINT('',(107.88374590785,148.50840546539,
    23.558547465331));
#253 = CARTESIAN_POINT('',(109.44914874108,148.85366373664,
    26.010405767004));
#254 = CARTESIAN_POINT('',(111.25314301582,149.19947452672,
    28.462720235414));
#255 = CARTESIAN_POINT('',(112.6183141937,149.4243783647,30.073284768782
    ));
#256 = CARTESIAN_POINT('',(113.34887113962,149.53836512155,
    30.876641143155));
#257 = CARTESIAN_POINT('',(69.150174902096,0.,0.180259264655));
#258 = CARTESIAN_POINT('',(69.431583080968,1.733333612532,0.178885860508
    ));
#259 = CARTESIAN_POINT('',(69.994399276421,5.199999870395,0.176139052996
    ));
#260 = CARTESIAN_POINT('',(70.83862370007,10.400000034739,0.1720188411)
  );
#261 = CARTESIAN_POINT('',(71.68284808875,15.599999990689,0.167898629372
    ));
#262 = CARTESIAN_POINT('',(72.527072486805,20.800000002495,
    0.163778417599));
#263 = CARTESIAN_POINT('',(73.371296882342,25.999999999332,
    0.159658205837));
#264 = CARTESIAN_POINT('',(74.215521278573,31.200000000174,
    0.155537994073));
#265 = CARTESIAN_POINT('',(75.059745674545,36.399999999972,
    0.151417782309));
#266 = CARTESIAN_POINT('',(75.903970070863,41.599999999938,
    0.147297570548));
#267 = CARTESIAN_POINT('',(76.748194466053,46.800000000275,
    0.143177358775));
#268 = CARTESIAN_POINT('',(77.592418865409,51.999999998962,
    0.139057147047));
#269 = CARTESIAN_POINT('',(78.436643249229,57.200000003879,
    0.134936935153));
#270 = CARTESIAN_POINT('',(79.280867691027,62.399999985523,
    0.130816723875));
#271 = CARTESIAN_POINT('',(80.125091916449,67.600000054029,
    0.126696510302));
#272 = CARTESIAN_POINT('',(80.969316949398,72.799999798362,
    0.122576305291));
#273 = CARTESIAN_POINT('',(81.813538968614,78.000000752524,
    0.118456068326));
#274 = CARTESIAN_POINT('',(82.657772235234,83.199997191541,
    0.114335950615));
#275 = CARTESIAN_POINT('',(83.501963525973,88.40001048131,0.110215387842
    ));
#276 = CARTESIAN_POINT('',(84.346311472831,93.599960883217,
    0.106096486064));
#277 = CARTESIAN_POINT('',(85.190074771094,98.800145985822,
    0.101971385368));
#278 = CARTESIAN_POINT('',(86.036020007619,103.99945517349,
    9.78694193496E-02));
#279 = CARTESIAN_POINT('',(86.873822139691,109.20203332019,
    9.368111353755E-02));
#280 = CARTESIAN_POINT('',(87.742014751311,114.39241154573,
    8.981503222273E-02));
#281 = CARTESIAN_POINT('',(88.496788549192,119.62832049687,
    8.474639271287E-02));
#282 = CARTESIAN_POINT('',(89.674847122483,124.69430646677,
    8.416576148592E-02));
#283 = CARTESIAN_POINT('',(89.327195271624,129.62797736814,
    6.916596622485E-02));
#284 = CARTESIAN_POINT('',(92.448574530723,132.39115531628,
    9.278340492258E-02));
#285 = CARTESIAN_POINT('',(94.130711431303,134.90847816797,
    0.275752128027));
#286 = CARTESIAN_POINT('',(95.733822795718,137.3214574905,0.766225345064
    ));
#287 = CARTESIAN_POINT('',(97.095172608415,139.63830732269,
    1.650473409208));
#288 = CARTESIAN_POINT('',(98.302967692468,141.74093193249,
    2.960800086406));
#289 = CARTESIAN_POINT('',(99.380337389782,143.53693034919,
    4.669338046364));
#290 = CARTESIAN_POINT('',(100.36734414744,144.95679124779,
    6.700039620013));
#291 = CARTESIAN_POINT('',(101.29954269526,145.98477371881,
    8.952544897605));
#292 = CARTESIAN_POINT('',(102.21356780479,146.66631963354,
    11.330672617848));
#293 = CARTESIAN_POINT('',(103.14582576875,147.10077824519,
    13.764498510618));
#294 = CARTESIAN_POINT('',(104.13075848553,147.44552478407,
    16.210366233622));
#295 = CARTESIAN_POINT('',(105.20813486616,147.79342722373,
    18.65989803066));
#296 = CARTESIAN_POINT('',(106.41317342458,148.14034107828,
    21.110411461138));
#297 = CARTESIAN_POINT('',(107.78223849046,148.48717407441,
    23.561530146635));
#298 = CARTESIAN_POINT('',(109.35182770193,148.83330858075,
    26.013269412771));
#299 = CARTESIAN_POINT('',(111.15850727105,149.17967904609,
    28.46549150724));
#300 = CARTESIAN_POINT('',(112.52430275089,149.4047184402,
    30.076071612409));
#301 = CARTESIAN_POINT('',(113.25486004253,149.51870184571,
    30.879404636355));
#302 = CARTESIAN_POINT('',(68.538895797054,0.,0.307956630618));
#303 = CARTESIAN_POINT('',(68.824961339866,1.733333611718,0.305610294027
    ));
#304 = CARTESIAN_POINT('',(69.39709226552,5.199999870773,0.300917622084)
  );
#305 = CARTESIAN_POINT('',(70.255288782603,10.400000034638,
    0.293878613174));
#306 = CARTESIAN_POINT('',(71.113485265219,15.599999990716,0.28683960453
    ));
#307 = CARTESIAN_POINT('',(71.971681757075,20.800000002488,
    0.279800595816));
#308 = CARTESIAN_POINT('',(72.829878246449,25.999999999334,0.27276158712
    ));
#309 = CARTESIAN_POINT('',(73.688074736508,31.200000000173,
    0.265722578419));
#310 = CARTESIAN_POINT('',(74.54627122631,36.399999999972,0.258683569719
    ));
#311 = CARTESIAN_POINT('',(75.404467716456,41.599999999938,
    0.251644561021));
#312 = CARTESIAN_POINT('',(76.26266420548,46.800000000276,0.244605552311
    ));
#313 = CARTESIAN_POINT('',(77.12086069865,51.99999999896,0.23756654365)
  );
#314 = CARTESIAN_POINT('',(77.979057176357,57.200000003886,
    0.230527534808));
#315 = CARTESIAN_POINT('',(78.837253711771,62.399999985497,
    0.223488526638));
#316 = CARTESIAN_POINT('',(79.69545003182,67.600000054128,0.21644951596)
  );
#317 = CARTESIAN_POINT('',(80.55364715562,72.799999797993,0.209410514643
    ));
#318 = CARTESIAN_POINT('',(81.411841279784,78.000000753899,
    0.202371478389));
#319 = CARTESIAN_POINT('',(82.270046598739,83.19999718641,0.195332572525
    ));
#320 = CARTESIAN_POINT('',(83.128210138168,88.400010500459,
    0.188293180035));
#321 = CARTESIAN_POINT('',(83.986529600908,93.599960811753,
    0.181255603658));
#322 = CARTESIAN_POINT('',(84.844267149929,98.800146252529,
    0.174211249458));
#323 = CARTESIAN_POINT('',(85.704176430515,103.99945417813,
    0.167192190438));
#324 = CARTESIAN_POINT('',(86.555980698563,109.20203703494,
    0.160078728519));
#325 = CARTESIAN_POINT('',(87.438033285195,114.39239768207,
    0.153317583016));
#326 = CARTESIAN_POINT('',(88.20719761003,119.62837223674,0.145241574745
    ));
#327 = CARTESIAN_POINT('',(89.397666663471,124.69411337094,
    0.142072701134));
#328 = CARTESIAN_POINT('',(89.067152484746,129.62857514468,
    0.123478825199));
#329 = CARTESIAN_POINT('',(92.186925066675,132.38991280473,
    0.147464451586));
#330 = CARTESIAN_POINT('',(93.873477996658,134.90166549642,
    0.329203894813));
#331 = CARTESIAN_POINT('',(95.482248721534,137.30707306972,
    0.817028585633));
#332 = CARTESIAN_POINT('',(96.851247840797,139.61555752644,1.69643147964
    ));
#333 = CARTESIAN_POINT('',(98.068081512226,141.71056547459,
    2.999785518361));
#334 = CARTESIAN_POINT('',(99.155628784859,143.50087449999,
    4.699897064459));
#335 = CARTESIAN_POINT('',(100.15361124109,144.91756450189,
    6.721889690436));
#336 = CARTESIAN_POINT('',(101.09726742614,145.94477523392,
    8.966653783671));
#337 = CARTESIAN_POINT('',(102.02290928828,146.6273091802,
    11.339036274177));
#338 = CARTESIAN_POINT('',(102.96662242496,147.06368482774,
    13.76959401415));
#339 = CARTESIAN_POINT('',(103.96250797928,147.41072490371,
    16.215288919016));
#340 = CARTESIAN_POINT('',(105.05005327314,147.76072344618,
    18.664485523083));
#341 = CARTESIAN_POINT('',(106.26413862278,148.10951089145,
    21.114746985699));
#342 = CARTESIAN_POINT('',(107.64080527122,148.45791567934,
    23.565640497653));
#343 = CARTESIAN_POINT('',(109.21622748338,148.80525769785,
    26.017215724301));
#344 = CARTESIAN_POINT('',(111.02664855524,149.152399449,28.469310520357
    ));
#345 = CARTESIAN_POINT('',(112.39331388174,149.37762561681,
    30.079912085681));
#346 = CARTESIAN_POINT('',(113.12387166288,149.49160442628,
    30.883212930299));
#347 = CARTESIAN_POINT('',(67.75797604284,0.,0.468727151141));
#348 = CARTESIAN_POINT('',(68.04999145012,1.733333612532,0.465155896079)
  );
#349 = CARTESIAN_POINT('',(68.634022105839,5.199999870395,0.458013387954
    ));
#350 = CARTESIAN_POINT('',(69.510068217113,10.400000034739,0.44729962416
    ));
#351 = CARTESIAN_POINT('',(70.386114294163,15.599999990689,
    0.436585860796));
#352 = CARTESIAN_POINT('',(71.262160380387,20.800000002495,
    0.425872097317));
#353 = CARTESIAN_POINT('',(72.138206464147,25.999999999332,
    0.415158333869));
#354 = CARTESIAN_POINT('',(73.014252548587,31.200000000174,
    0.404444570413));
#355 = CARTESIAN_POINT('',(73.890298632771,36.399999999972,
    0.393730806958));
#356 = CARTESIAN_POINT('',(74.766344717298,41.599999999938,
    0.383017043506));
#357 = CARTESIAN_POINT('',(75.642390800709,46.800000000276,0.37230328004
    ));
#358 = CARTESIAN_POINT('',(76.518436888241,51.999999998957,
    0.361589516627));
#359 = CARTESIAN_POINT('',(77.394482960403,57.200000003895,
    0.350875753015));
#360 = CARTESIAN_POINT('',(78.270529089926,62.399999985463,
    0.340161990148));
#361 = CARTESIAN_POINT('',(79.146575005377,67.600000054252,
    0.329448224502));
#362 = CARTESIAN_POINT('',(80.022621719753,72.79999979753,0.318734469225
    ));
#363 = CARTESIAN_POINT('',(80.898665452503,78.00000075563,0.308020675252
    ));
#364 = CARTESIAN_POINT('',(81.77472031283,83.199997179951,0.297307025692
    ));
#365 = CARTESIAN_POINT('',(82.650733644478,88.400010524567,
    0.286592837178));
#366 = CARTESIAN_POINT('',(83.526901963262,93.59996072178,0.275880660067
    ));
#367 = CARTESIAN_POINT('',(84.40249186218,98.800146588313,0.265160976295
    ));
#368 = CARTESIAN_POINT('',(85.280240453427,103.99945292496,
    0.254469307768));
#369 = CARTESIAN_POINT('',(86.149932695226,109.20204171181,
    0.243673084921));
#370 = CARTESIAN_POINT('',(87.049691642488,114.39238022778,
    0.233267064109));
#371 = CARTESIAN_POINT('',(87.837240117343,119.62843737705,
    0.221404789475));
#372 = CARTESIAN_POINT('',(89.043563776363,124.69387026399,
    0.214977328092));
#373 = CARTESIAN_POINT('',(88.734943273701,129.62932774319,
    0.191858517626));
#374 = CARTESIAN_POINT('',(91.852663297429,132.38834848719,
    0.216307690978));
#375 = CARTESIAN_POINT('',(93.544857782255,134.89308836764,
    0.396499475298));
#376 = CARTESIAN_POINT('',(95.16085843916,137.28896313615,0.880989681218
    ));
#377 = CARTESIAN_POINT('',(96.539629681426,139.58691561548,1.7542925236)
  );
#378 = CARTESIAN_POINT('',(97.768010306405,141.67233421425,
    3.048868035772));
#379 = CARTESIAN_POINT('',(98.868559609617,143.45548031663,
    4.738370757387));
#380 = CARTESIAN_POINT('',(99.880563712852,144.86817817109,
    6.749398849836));
#381 = CARTESIAN_POINT('',(100.83885722997,145.89441728655,
    8.984416820047));
#382 = CARTESIAN_POINT('',(101.77933969688,146.57819516094,
    11.349566087157));
#383 = CARTESIAN_POINT('',(102.73768701716,147.01698434971,
    13.776009234612));
#384 = CARTESIAN_POINT('',(103.74756501313,147.36691198058,
    16.221486562069));
#385 = CARTESIAN_POINT('',(104.84810127159,147.71954950886,
    18.670261159403));
#386 = CARTESIAN_POINT('',(106.07374405535,148.07069579817,
    21.120205395394));
#387 = CARTESIAN_POINT('',(107.46012185854,148.42107946567,
    23.570815414679));
#388 = CARTESIAN_POINT('',(109.04299583115,148.76994173962,
    26.022184116183));
#389 = CARTESIAN_POINT('',(110.85819673826,149.11805452911,
    28.474118644089));
#390 = CARTESIAN_POINT('',(112.225973309,149.34351586397,30.084747227442
    ));
#391 = CARTESIAN_POINT('',(112.95653171555,149.45748887352,
    30.88800755856));
#392 = CARTESIAN_POINT('',(66.811159399909,0.,0.660146998158));
#393 = CARTESIAN_POINT('',(67.110388646555,1.733333612532,0.655117305939
    ));
#394 = CARTESIAN_POINT('',(67.708846986975,5.199999870395,0.645057924288
    ));
#395 = CARTESIAN_POINT('',(68.606534620502,10.400000034739,
    0.629968849571));
#396 = CARTESIAN_POINT('',(69.50422222109,15.599999990689,0.614879775454
    ));
#397 = CARTESIAN_POINT('',(70.401909830508,20.800000002495,
    0.599790701177));
#398 = CARTESIAN_POINT('',(71.299597437554,25.999999999332,
    0.584701626942));
#399 = CARTESIAN_POINT('',(72.197285045256,31.200000000174,
    0.569612552696));
#400 = CARTESIAN_POINT('',(73.094972652709,36.399999999972,
    0.554523478452));
#401 = CARTESIAN_POINT('',(73.992660260501,41.599999999938,
    0.539434404212));
#402 = CARTESIAN_POINT('',(74.890347867185,46.800000000277,
    0.524345329956));
#403 = CARTESIAN_POINT('',(75.788035477961,51.999999998954,
    0.509256255759));
#404 = CARTESIAN_POINT('',(76.685723073479,57.200000003905,0.49416718134
    ));
#405 = CARTESIAN_POINT('',(77.583410725937,62.399999985424,
    0.479078107751));
#406 = CARTESIAN_POINT('',(78.481098165892,67.6000000544,0.463989031063)
  );
#407 = CARTESIAN_POINT('',(79.37878639892,72.799999796977,0.448899965942
    ));
#408 = CARTESIAN_POINT('',(80.276471672159,78.000000757691,
    0.433810857653));
#409 = CARTESIAN_POINT('',(81.174167991481,83.199997172259,0.41872191047
    ));
#410 = CARTESIAN_POINT('',(82.071823086261,88.400010553272,
    0.403632362029));
#411 = CARTESIAN_POINT('',(82.969632033124,93.599960614654,
    0.388545057514));
#412 = CARTESIAN_POINT('',(83.866866796199,98.80014698811,0.373449378552
    ));
#413 = CARTESIAN_POINT('',(84.766244442341,103.9994514329,0.358384953454
    ));
#414 = CARTESIAN_POINT('',(85.657624740004,109.20204728027,
    0.343203887346));
#415 = CARTESIAN_POINT('',(86.578851548516,114.39235944599,
    0.328458131414));
#416 = CARTESIAN_POINT('',(87.388689662111,119.62851493573,
    0.312087775789));
#417 = CARTESIAN_POINT('',(88.614236044525,124.69358081107,
    0.301780508762));
#418 = CARTESIAN_POINT('',(88.332160262701,129.63022381723,
    0.273274129275));
#419 = CARTESIAN_POINT('',(91.447391687241,132.38648594782,
    0.298275220286));
#420 = CARTESIAN_POINT('',(93.146426206511,134.8828760932,0.476624299672
    ));
#421 = CARTESIAN_POINT('',(94.771192706432,137.26740072095,
    0.957144333776));
#422 = CARTESIAN_POINT('',(96.16181204019,139.55281340448,1.823184209383
    ));
#423 = CARTESIAN_POINT('',(97.404192628337,141.62681453823,
    3.107307654823));
#424 = CARTESIAN_POINT('',(98.520506085136,143.40143217643,
    4.784179083381));
#425 = CARTESIAN_POINT('',(99.549510563472,144.8093768196,6.782152361282
    ));
#426 = CARTESIAN_POINT('',(100.52555093555,145.83445908929,
    9.005566205485));
#427 = CARTESIAN_POINT('',(101.48402671291,146.51971803453,
    11.362103305939));
#428 = CARTESIAN_POINT('',(102.46011707084,146.96138088255,
    13.783647454078));
#429 = CARTESIAN_POINT('',(103.48696003224,147.31474655238,
    16.228865725123));
#430 = CARTESIAN_POINT('',(104.60324702743,147.67052616337,
    18.677137864269));
#431 = CARTESIAN_POINT('',(105.84290248156,148.02448098692,
    21.126704397482));
#432 = CARTESIAN_POINT('',(107.24105445536,148.37722078938,
    23.576976878998));
#433 = CARTESIAN_POINT('',(108.83296322671,148.7278931355,26.02809968335
    ));
#434 = CARTESIAN_POINT('',(110.65395937702,149.07716210198,
    28.479843389588));
#435 = CARTESIAN_POINT('',(112.02308328738,149.30290338589,30.0905041416
    ));
#436 = CARTESIAN_POINT('',(112.75364243492,149.41686952448,
    30.893716235781));
#437 = CARTESIAN_POINT('',(65.703004008018,0.,0.879392802784));
#438 = CARTESIAN_POINT('',(66.010676350604,1.73333361172,0.872692666061)
  );
#439 = CARTESIAN_POINT('',(66.626020857823,5.199999870772,0.859292396365
    ));
#440 = CARTESIAN_POINT('',(67.549037761712,10.400000034638,
    0.839191988808));
#441 = CARTESIAN_POINT('',(68.472054627258,15.599999990716,
    0.819091582058));
#442 = CARTESIAN_POINT('',(69.395071503083,20.800000002488,
    0.798991175091));
#443 = CARTESIAN_POINT('',(70.318088376148,25.999999999334,
    0.778890768182));
#444 = CARTESIAN_POINT('',(71.241105249971,31.200000000173,
    0.758790361259));
#445 = CARTESIAN_POINT('',(72.164122123519,36.399999999972,
    0.738689954338));
#446 = CARTESIAN_POINT('',(73.087138997411,41.599999999937,0.71858954742
    ));
#447 = CARTESIAN_POINT('',(74.010155870203,46.800000000278,
    0.698489140486));
#448 = CARTESIAN_POINT('',(74.933172747052,51.999999998951,
    0.678388733618));
#449 = CARTESIAN_POINT('',(75.856189608774,57.200000003918,0.6582883265)
  );
#450 = CARTESIAN_POINT('',(76.779206526945,62.399999985378,
    0.638187920312));
#451 = CARTESIAN_POINT('',(77.702223234447,67.600000054569,
    0.618087510657));
#452 = CARTESIAN_POINT('',(78.625240728175,72.799999796345,
    0.597987113942));
#453 = CARTESIAN_POINT('',(79.54825528767,78.000000760051,0.577886668934
    ));
#454 = CARTESIAN_POINT('',(80.471280797868,83.19999716345,0.557786404155
    ));
#455 = CARTESIAN_POINT('',(81.394265439488,88.400010586148,
    0.537685466756));
#456 = CARTESIAN_POINT('',(82.31740260472,93.599960491957,0.517587039606
    ));
#457 = CARTESIAN_POINT('',(83.239970544078,98.800147446025,
    0.497479244078));
#458 = CARTESIAN_POINT('',(84.164662863322,103.99944972394,
    0.477406411817));
#459 = CARTESIAN_POINT('',(85.081426888896,109.2020536582,0.457203094862
    ));
#460 = CARTESIAN_POINT('',(86.027779709264,114.39233564324,
    0.437486753418));
#461 = CARTESIAN_POINT('',(86.863705644125,119.6286037688,0.415952994625
    ));
#462 = CARTESIAN_POINT('',(88.111750326221,124.69324928151,
    0.401201929719));
#463 = CARTESIAN_POINT('',(87.860742519112,129.63125015007,
    0.366524811287));
#464 = CARTESIAN_POINT('',(90.973061284028,132.38435265835,
    0.392158050076));
#465 = CARTESIAN_POINT('',(92.680101388231,134.87117930019,
    0.568396557691));
#466 = CARTESIAN_POINT('',(94.315127441861,137.24270386145,
    1.044369291566));
#467 = CARTESIAN_POINT('',(95.719613796831,139.5137538879,1.902090411205
    ));
#468 = CARTESIAN_POINT('',(96.97837995951,141.57467784421,3.174242413682
    ));
#469 = CARTESIAN_POINT('',(98.11314380153,143.3395272686,4.836646387309)
  );
#470 = CARTESIAN_POINT('',(99.162045540304,144.74202774466,
    6.819667123116));
#471 = CARTESIAN_POINT('',(100.15885685379,145.76578500242,
    9.029789994711));
#472 = CARTESIAN_POINT('',(101.13839202437,146.45274031602,
    11.376463011386));
#473 = CARTESIAN_POINT('',(102.13524885593,146.89769455594,
    13.792396011759));
#474 = CARTESIAN_POINT('',(103.18194763422,147.25499803907,
    16.237317568369));
#475 = CARTESIAN_POINT('',(104.3166693116,147.61437648502,
    18.685014208939));
#476 = CARTESIAN_POINT('',(105.57272521251,147.97154810882,
    21.134148134188));
#477 = CARTESIAN_POINT('',(106.98465769149,148.32698654716,
    23.584034011401));
#478 = CARTESIAN_POINT('',(108.58714079863,148.67973209334,
    26.034875173425));
#479 = CARTESIAN_POINT('',(110.41491972441,149.0303252874,
    28.486400319247));
#480 = CARTESIAN_POINT('',(111.78562052314,149.25638726236,30.0970979155
    ));
#481 = CARTESIAN_POINT('',(112.51618056523,149.37034549886,
    30.900254761174));
#482 = CARTESIAN_POINT('',(64.43886951024,0.,1.123310860247));
#483 = CARTESIAN_POINT('',(64.756173352449,1.733333612752,1.114752299933
    ));
#484 = CARTESIAN_POINT('',(65.390780863461,5.199999870293,1.097635184081
    ));
#485 = CARTESIAN_POINT('',(66.342692269384,10.400000034766,
    1.071959506464));
#486 = CARTESIAN_POINT('',(67.294603637943,15.599999990681,
    1.046283829876));
#487 = CARTESIAN_POINT('',(68.246515016519,20.800000002497,
    1.020608153012));
#488 = CARTESIAN_POINT('',(69.198426392405,25.999999999332,
    0.994932476222));
#489 = CARTESIAN_POINT('',(70.150337769031,31.200000000174,
    0.969256799412));
#490 = CARTESIAN_POINT('',(71.102249145387,36.399999999972,
    0.943581122606));
#491 = CARTESIAN_POINT('',(72.054160522083,41.599999999937,
    0.917905445805));
#492 = CARTESIAN_POINT('',(73.006071897689,46.800000000279,
    0.892229768983));
#493 = CARTESIAN_POINT('',(73.957983277313,51.999999998947,
    0.866554092237));
#494 = CARTESIAN_POINT('',(74.909894641959,57.200000003931,
    0.840878415211));
#495 = CARTESIAN_POINT('',(75.861806062494,62.399999985328,
    0.815202739225));
#496 = CARTESIAN_POINT('',(76.813717274454,67.600000054758,
    0.789527059362));
#497 = CARTESIAN_POINT('',(77.765629264827,72.799999795641,
    0.763851393966));
#498 = CARTESIAN_POINT('',(78.717538350122,78.000000762677,
    0.738175674579));
#499 = CARTESIAN_POINT('',(79.669458277315,83.19999715365,0.712500156692
    ));
#500 = CARTESIAN_POINT('',(80.621337741994,88.400010622725,
    0.686823886794));
#501 = CARTESIAN_POINT('',(81.573368214829,93.599960355451,
    0.661150423439));
#502 = CARTESIAN_POINT('',(82.524835117555,98.80014795547,0.635466485923
    ));
#503 = CARTESIAN_POINT('',(83.478405292561,103.99944782266,
    0.609821638508));
#504 = CARTESIAN_POINT('',(84.424125948558,109.20206075385,0.58403090485
    ));
#505 = CARTESIAN_POINT('',(85.39914140831,114.39230916191,0.558784626062
    ));
#506 = CARTESIAN_POINT('',(86.26482717205,119.62870259848,0.531506414038
    ));
#507 = CARTESIAN_POINT('',(87.538536916084,124.69288044414,
    0.511811480089));
#508 = CARTESIAN_POINT('',(87.32297007592,129.63239197858,0.470269214754
    ));
#509 = CARTESIAN_POINT('',(90.431966207982,132.38197930474,
    0.496605738418));
#510 = CARTESIAN_POINT('',(92.148138728236,134.8581662392,0.670496166589
    ));
#511 = CARTESIAN_POINT('',(93.794868425481,137.21522780549,
    1.141409881704));
#512 = CARTESIAN_POINT('',(95.215173662913,139.47029891083,
    1.989876115944));
#513 = CARTESIAN_POINT('',(96.492631761924,141.51667408377,
    3.248709500454));
#514 = CARTESIAN_POINT('',(97.648442984689,143.27065605397,
    4.895017961973));
#515 = CARTESIAN_POINT('',(98.720042635249,144.66709971784,
    6.861403510493));
#516 = CARTESIAN_POINT('',(99.740548517004,145.68938285692,
    9.056739744662));
#517 = CARTESIAN_POINT('',(100.74410730888,146.37822543523,
    11.392438648705));
#518 = CARTESIAN_POINT('',(101.76465361206,146.82684145523,
    13.802129065482));
#519 = CARTESIAN_POINT('',(102.8340030252,147.18852588318,
    16.246720517675));
#520 = CARTESIAN_POINT('',(103.98975416995,147.55190814958,
    18.693776897441));
#521 = CARTESIAN_POINT('',(105.26451897298,147.91265856775,
    21.14242953233));
#522 = CARTESIAN_POINT('',(106.69217164005,148.27109932615,
    23.591885299702));
#523 = CARTESIAN_POINT('',(108.30671748297,148.62615137364,
    26.042413125647));
#524 = CARTESIAN_POINT('',(110.14223388749,148.97821781721,
    28.493695115418));
#525 = CARTESIAN_POINT('',(111.51473355738,149.20463656252,
    30.104433703386));
#526 = CARTESIAN_POINT('',(112.24529460142,149.31858601379,
    30.90752908241));
#527 = CARTESIAN_POINT('',(63.024900122443,0.,1.388487622008));
#528 = CARTESIAN_POINT('',(63.352977063324,1.733333612548,1.377908667055
    ));
#529 = CARTESIAN_POINT('',(64.009130776618,5.199999870388,1.356750762839
    ));
#530 = CARTESIAN_POINT('',(64.993361481994,10.400000034741,1.32501390194
    ));
#531 = CARTESIAN_POINT('',(65.977592151071,15.599999990688,
    1.293277042268));
#532 = CARTESIAN_POINT('',(66.961822829879,20.800000002496,
    1.261540182267));
#533 = CARTESIAN_POINT('',(67.946053506074,25.999999999332,
    1.229803322354));
#534 = CARTESIAN_POINT('',(68.930284182988,31.200000000174,
    1.198066462418));
#535 = CARTESIAN_POINT('',(69.914514859638,36.399999999972,
    1.166329602486));
#536 = CARTESIAN_POINT('',(70.898745536623,41.599999999937,
    1.134592742559));
#537 = CARTESIAN_POINT('',(71.882976212532,46.80000000028,1.10285588261)
  );
#538 = CARTESIAN_POINT('',(72.867206892412,51.999999998944,
    1.071119022744));
#539 = CARTESIAN_POINT('',(73.851437557484,57.200000003946,
    1.039382162567));
#540 = CARTESIAN_POINT('',(74.835668277817,62.399999985273,
    1.007645303549));
#541 = CARTESIAN_POINT('',(75.819898791916,67.600000054963,
    0.975908440209));
#542 = CARTESIAN_POINT('',(76.80413007569,72.799999794876,0.944171592997
    ));
#543 = CARTESIAN_POINT('',(77.788358486996,78.000000765532,
    0.912434685596));
#544 = CARTESIAN_POINT('',(78.772597618498,83.199997142995,
    0.880698002823));
#545 = CARTESIAN_POINT('',(79.756796741683,88.400010662489,
    0.848960481727));
#546 = CARTESIAN_POINT('',(80.741145177942,93.599960207049,
    0.817226089292));
#547 = CARTESIAN_POINT('',(81.724936370223,98.800148509315,
    0.785480020539));
#548 = CARTESIAN_POINT('',(82.710807225341,103.99944575568,
    0.753777528395));
#549 = CARTESIAN_POINT('',(83.688916673088,109.20206846792,
    0.721912406136));
#550 = CARTESIAN_POINT('',(84.695992087484,114.3922803726,0.690654227726
    ));
#551 = CARTESIAN_POINT('',(85.594965042654,119.62881004167,
    0.657130904037));
#552 = CARTESIAN_POINT('',(86.897381868078,124.69247946072,
    0.632061217611));
#553 = CARTESIAN_POINT('',(86.721456729348,129.63363332329,
    0.583055472763));
#554 = CARTESIAN_POINT('',(89.826736404696,132.37939910124,0.61015657617
    ));
#555 = CARTESIAN_POINT('',(91.553123784805,134.84401902349,
    0.781494277785));
#556 = CARTESIAN_POINT('',(93.212944331027,137.18535707094,1.24690805482
    ));
#557 = CARTESIAN_POINT('',(94.65094342587,139.42305661061,2.085312793137
    ));
#558 = CARTESIAN_POINT('',(95.949308972482,141.45361499941,
    3.329666774112));
#559 = CARTESIAN_POINT('',(97.128662272546,143.1957823613,4.958476917448
    ));
#560 = CARTESIAN_POINT('',(98.225650165014,144.58564133086,
    6.906777437161));
#561 = CARTESIAN_POINT('',(99.272659076505,145.60632187427,
    9.086038302942));
#562 = CARTESIAN_POINT('',(100.30308895304,146.29721620207,
    11.409806644397));
#563 = CARTESIAN_POINT('',(101.35013258521,146.74981314497,
    13.812710404539));
#564 = CARTESIAN_POINT('',(102.44481735968,147.11626033946,
    16.256942982031));
#565 = CARTESIAN_POINT('',(103.62409054516,147.48399537971,
    18.703303298995));
#566 = CARTESIAN_POINT('',(104.91978177239,147.84863650243,
    21.151432696606));
#567 = CARTESIAN_POINT('',(106.36501790492,148.21034124854,
    23.600420867887));
#568 = CARTESIAN_POINT('',(107.99305624969,148.56790082016,
    26.050608048841));
#569 = CARTESIAN_POINT('',(109.83722724443,148.92156891659,
    28.501625690552));
#570 = CARTESIAN_POINT('',(111.21173898533,149.14837552117,
    30.11240884215));
#571 = CARTESIAN_POINT('',(111.94230116118,149.26231542527,
    30.91543739789));
#572 = CARTESIAN_POINT('',(61.468003198372,0.,1.671317583268));
#573 = CARTESIAN_POINT('',(61.807942216147,1.733333613816,1.65858373295)
  );
#574 = CARTESIAN_POINT('',(62.487820065592,5.199999869799,1.633116039466
    ));
#575 = CARTESIAN_POINT('',(63.507636989372,10.400000034899,1.59491449349
    ));
#576 = CARTESIAN_POINT('',(64.527453873053,15.599999990646,
    1.556712949055));
#577 = CARTESIAN_POINT('',(65.547270767483,20.800000002507,
    1.518511404208));
#578 = CARTESIAN_POINT('',(66.567087659028,25.999999999329,1.48030985947
    ));
#579 = CARTESIAN_POINT('',(67.586904551364,31.200000000175,
    1.442108314704));
#580 = CARTESIAN_POINT('',(68.606721443419,36.399999999972,
    1.403906769944));
#581 = CARTESIAN_POINT('',(69.62653833581,41.599999999937,1.365705225188
    ));
#582 = CARTESIAN_POINT('',(70.646355227136,46.800000000281,
    1.327503680409));
#583 = CARTESIAN_POINT('',(71.666172122384,51.999999998939,
    1.289302135721));
#584 = CARTESIAN_POINT('',(72.68598900301,57.200000003962,1.251100590689
    ));
#585 = CARTESIAN_POINT('',(73.705805938205,62.399999985214,
    1.212899046942));
#586 = CARTESIAN_POINT('',(74.725622669744,67.600000055181,
    1.174697498399));
#587 = CARTESIAN_POINT('',(75.745440161337,72.79999979406,1.136495967755
    ));
#588 = CARTESIAN_POINT('',(76.765254816369,78.000000768577,
    1.098294370313));
#589 = CARTESIAN_POINT('',(77.785080057594,83.199997131631,
    1.060093022164));
#590 = CARTESIAN_POINT('',(78.804865790608,88.400010704901,
    1.021890743637));
#591 = CARTESIAN_POINT('',(79.824798970271,93.599960048767,
    0.983691937331));
#592 = CARTESIAN_POINT('',(80.844181871549,98.800149100031,
    0.945480172522));
#593 = CARTESIAN_POINT('',(81.865618439721,103.9994435511,0.907316769501
    ));
#594 = CARTESIAN_POINT('',(82.879390618701,109.20207669553,
    0.868972877831));
#595 = CARTESIAN_POINT('',(83.921766687553,114.39224966674,
    0.831302578969));
#596 = CARTESIAN_POINT('',(84.857391586108,119.6289246375,0.791118397526
    ));
#597 = CARTESIAN_POINT('',(86.191417275982,124.69205178324,
    0.760316153599));
#598 = CARTESIAN_POINT('',(86.059140920288,129.6349573061,0.703350074642
    ));
#599 = CARTESIAN_POINT('',(89.16032847025,132.37664712988,0.731266656968
    ));
#600 = CARTESIAN_POINT('',(90.89796325361,134.82893000722,0.899881693336
    ));
#601 = CARTESIAN_POINT('',(92.572197904325,137.15349779851,
    1.359429393482));
#602 = CARTESIAN_POINT('',(94.029679395615,139.37266932232,
    2.187102827581));
#603 = CARTESIAN_POINT('',(95.351065766539,141.38635798085,
    3.416013490244));
#604 = CARTESIAN_POINT('',(96.556340835526,143.11592421891,
    5.026160427117));
#605 = CARTESIAN_POINT('',(97.681283276426,144.49876014156,
    6.955171971571));
#606 = CARTESIAN_POINT('',(98.7574742097,145.51773140222,9.117287308505)
  );
#607 = CARTESIAN_POINT('',(99.817491366845,146.21081406742,
    11.428330852612));
#608 = CARTESIAN_POINT('',(100.89371074381,146.66765694901,13.8239961586
    ));
#609 = CARTESIAN_POINT('',(102.01629184084,147.03918397426,
    16.267845970582));
#610 = CARTESIAN_POINT('',(103.22146473332,147.41156155878,
    18.713463886841));
#611 = CARTESIAN_POINT('',(104.54019767967,147.78035239595,
    21.161035214511));
#612 = CARTESIAN_POINT('',(106.00479465795,148.14553841782,
    23.609524661164));
#613 = CARTESIAN_POINT('',(107.64768936032,148.50577244433,
    26.059348519864));
#614 = CARTESIAN_POINT('',(109.50138977215,148.86114881302,
    28.510084215618));
#615 = CARTESIAN_POINT('',(110.87811697072,149.08836910986,
    30.12091489717));
#616 = CARTESIAN_POINT('',(111.60868039173,149.20229882252,
    30.923872181337));
#617 = CARTESIAN_POINT('',(59.775822999367,0.,1.968065200302));
#618 = CARTESIAN_POINT('',(60.128654823328,1.733333612281,1.953070415519
    ));
#619 = CARTESIAN_POINT('',(60.834318268967,5.199999870511,1.923080853937
    ));
#620 = CARTESIAN_POINT('',(61.892813600045,10.400000034708,
    1.878096505144));
#621 = CARTESIAN_POINT('',(62.951308887538,15.599999990697,
    1.833112158073));
#622 = CARTESIAN_POINT('',(64.009804186714,20.800000002493,1.78812781054
    ));
#623 = CARTESIAN_POINT('',(65.068299482755,25.999999999333,1.74314346313
    ));
#624 = CARTESIAN_POINT('',(66.126794779654,31.200000000174,
    1.698159115688));
#625 = CARTESIAN_POINT('',(67.185290076254,36.399999999973,
    1.653174768253));
#626 = CARTESIAN_POINT('',(68.243785373192,41.599999999936,
    1.608190420823));
#627 = CARTESIAN_POINT('',(69.302280669078,46.800000000282,
    1.563206073366));
#628 = CARTESIAN_POINT('',(70.360775968832,51.999999998935,
    1.518221726011));
#629 = CARTESIAN_POINT('',(71.419271254165,57.200000003978,
    1.473237378275));
#630 = CARTESIAN_POINT('',(72.477766593317,62.399999985153,
    1.428253031959));
#631 = CARTESIAN_POINT('',(73.536261731614,67.600000055411,
    1.383268680348));
#632 = CARTESIAN_POINT('',(74.594757619509,72.799999793204,
    1.338284348494));
#633 = CARTESIAN_POINT('',(75.653250709869,78.000000771772,
    1.293299942908));
#634 = CARTESIAN_POINT('',(76.711754240774,83.199997119707,
    1.248315812495));
#635 = CARTESIAN_POINT('',(77.770218807031,88.400010749399,
    1.203330655118));
#636 = CARTESIAN_POINT('',(78.828828791334,93.599959882696,
    1.158349330427));
#637 = CARTESIAN_POINT('',(79.886896068103,98.800149719816,
    1.113353701955));
#638 = CARTESIAN_POINT('',(80.946988756961,103.99944123804,
    1.068411455922));
#639 = CARTESIAN_POINT('',(81.999522504997,109.20208532801,
    1.023269983913));
#640 = CARTESIAN_POINT('',(83.080266604231,114.39221744988,0.97887203337
    ));
#641 = CARTESIAN_POINT('',(84.055728239496,119.62904487243,
    0.931699222938));
#642 = CARTESIAN_POINT('',(85.424109379438,124.69160306037,
    0.894882330596));
#643 = CARTESIAN_POINT('',(85.339274575733,129.6363464402,0.829564200933
    ));
#644 = CARTESIAN_POINT('',(88.436014423704,132.37375973796,
    0.858336390724));
#645 = CARTESIAN_POINT('',(90.185873929701,134.81309848216,
    1.024094783404));
#646 = CARTESIAN_POINT('',(91.875775168121,137.1200707771,1.47748774545)
  );
#647 = CARTESIAN_POINT('',(93.354431937611,139.31980254802,
    2.293901803278));
#648 = CARTESIAN_POINT('',(94.700839478829,141.31579134111,
    3.506609204137));
#649 = CARTESIAN_POINT('',(95.934288734184,143.03213637214,5.09717454499
    ));
#650 = CARTESIAN_POINT('',(97.089614775051,144.40760365384,
    7.005947931443));
#651 = CARTESIAN_POINT('',(98.197523440349,145.4247815204,9.150074032705
    ));
#652 = CARTESIAN_POINT('',(99.289698802454,146.12016020793,
    11.447766610481));
#653 = CARTESIAN_POINT('',(100.39762908903,146.58145796475,
    13.835837268392));
#654 = CARTESIAN_POINT('',(101.55053050074,146.95831479194,
    16.279285479525));
#655 = CARTESIAN_POINT('',(102.78385360062,147.33556337369,
    18.724124462606));
#656 = CARTESIAN_POINT('',(104.12763042779,147.70870812663,
    21.17111025852));
#657 = CARTESIAN_POINT('',(105.61327057126,148.07754673345,
    23.61907643901));
#658 = CARTESIAN_POINT('',(107.27231254475,148.44058681857,
    26.068519096942));
#659 = CARTESIAN_POINT('',(109.13637040587,148.7977555303,28.51895897238
    ));
#660 = CARTESIAN_POINT('',(110.51550558598,149.0254098532,
    30.129839523283));
#661 = CARTESIAN_POINT('',(111.24607034909,149.13932888902,
    30.932722028351));
#662 = CARTESIAN_POINT('',(57.95670956517,0.,2.274918275883));
#663 = CARTESIAN_POINT('',(58.323401301768,1.733333612532,2.257585562483
    ));
#664 = CARTESIAN_POINT('',(59.056784570057,5.199999870395,2.222920145128
    ));
#665 = CARTESIAN_POINT('',(60.156859637219,10.400000034739,
    2.170922011503));
#666 = CARTESIAN_POINT('',(61.256934660232,15.599999990689,
    2.118923879913));
#667 = CARTESIAN_POINT('',(62.357009695079,20.800000002495,
    2.066925747778));
#668 = CARTESIAN_POINT('',(63.457084726749,25.999999999333,
    2.014927615788));
#669 = CARTESIAN_POINT('',(64.55715975929,31.200000000174,1.96292948376)
  );
#670 = CARTESIAN_POINT('',(65.657234791529,36.399999999973,
    1.910931351741));
#671 = CARTESIAN_POINT('',(66.757309824102,41.599999999936,
    1.858933219726));
#672 = CARTESIAN_POINT('',(67.857384855639,46.800000000283,
    1.806935087683));
#673 = CARTESIAN_POINT('',(68.957459890987,51.99999999893,1.75493695575)
  );
#674 = CARTESIAN_POINT('',(70.057534912129,57.200000003995,
    1.702938823401));
#675 = CARTESIAN_POINT('',(71.157609986283,62.399999985089,
    1.650940692609));
#676 = CARTESIAN_POINT('',(72.257684862595,67.600000055648,
    1.598942556007));
#677 = CARTESIAN_POINT('',(73.357760477263,72.799999792319,
    1.546944441084));
#678 = CARTESIAN_POINT('',(74.457833336349,78.000000775076,
    1.494946245257));
#679 = CARTESIAN_POINT('',(75.557916479408,83.199997107378,
    1.442948351367));
#680 = CARTESIAN_POINT('',(76.657961242155,88.400010795413,
    1.390949330635));
#681 = CARTESIAN_POINT('',(77.758149242176,93.59995971097,1.338954515332
    ));
#682 = CARTESIAN_POINT('',(78.857802673417,98.800150360706,
    1.286944005155));
#683 = CARTESIAN_POINT('',(79.959451142502,103.9994388462,1.234992069044
    ));
#684 = CARTESIAN_POINT('',(81.053654028991,109.20209425446,
    1.182821531546));
#685 = CARTESIAN_POINT('',(82.175644208017,114.39218413592,
    1.131466825528));
#686 = CARTESIAN_POINT('',(83.193930799494,119.62916920185,
    1.077067394977));
#687 = CARTESIAN_POINT('',(84.599244448629,124.69113905668,
    1.034031031076));
#688 = CARTESIAN_POINT('',(84.565409866184,129.63778287994,
    0.960076429545));
#689 = CARTESIAN_POINT('',(87.657368382682,132.37077401864,0.9897333637)
  );
#690 = CARTESIAN_POINT('',(89.420369607978,134.79672782953,
    1.152537832402));
#691 = CARTESIAN_POINT('',(91.127112610756,137.08550543018,
    1.599566462581));
#692 = CARTESIAN_POINT('',(92.628533051084,139.26513544587,
    2.404337716763));
#693 = CARTESIAN_POINT('',(94.001838641958,141.2428216214,3.60029006911)
  );
#694 = CARTESIAN_POINT('',(95.265575475994,142.94549520975,
    5.170606981269));
#695 = CARTESIAN_POINT('',(96.453564240908,144.31334291843,
    7.058453018453));
#696 = CARTESIAN_POINT('',(97.595569837762,145.32866631854,
    9.183977277691));
#697 = CARTESIAN_POINT('',(98.722315644963,146.02641921728,
    11.467864234645));
#698 = CARTESIAN_POINT('',(99.864335528922,146.49232355587,
    13.848081615944));
#699 = CARTESIAN_POINT('',(101.04983163226,146.87469168635,
    16.291114550092));
#700 = CARTESIAN_POINT('',(102.31341653316,147.25697714251,
    18.735148074165));
#701 = CARTESIAN_POINT('',(103.68411582401,147.63462407973,
    21.181528398592));
#702 = CARTESIAN_POINT('',(105.19237761554,148.00723965665,
    23.628953493593));
#703 = CARTESIAN_POINT('',(106.8687780927,148.37318135864,
    26.078001969299));
#704 = CARTESIAN_POINT('',(108.74397033622,148.7322034477,28.52813595065
    ));
#705 = CARTESIAN_POINT('',(110.12569411507,148.96030658275,
    30.13906806888));
#706 = CARTESIAN_POINT('',(110.85626032748,149.07421457419,
    30.941873248508));
#707 = CARTESIAN_POINT('',(56.019682774231,0.,2.588031263645));
#708 = CARTESIAN_POINT('',(56.401132812899,1.733333611767,2.568312927099
    ));
#709 = CARTESIAN_POINT('',(57.164032675938,5.19999987075,2.528876264777)
  );
#710 = CARTESIAN_POINT('',(58.308382642775,10.400000034644,
    2.469721262635));
#711 = CARTESIAN_POINT('',(59.452732563438,15.599999990714,
    2.410566262813));
#712 = CARTESIAN_POINT('',(60.597082496479,20.800000002489,2.35141126237
    ));
#713 = CARTESIAN_POINT('',(61.741432426197,25.999999999334,
    2.292256262093));
#714 = CARTESIAN_POINT('',(62.885782356824,31.200000000173,
    2.233101261772));
#715 = CARTESIAN_POINT('',(64.03013228714,36.399999999973,2.173946261461
    ));
#716 = CARTESIAN_POINT('',(65.174482217789,41.599999999936,
    2.114791261156));
#717 = CARTESIAN_POINT('',(66.318832147418,46.800000000285,
    2.055636260818));
#718 = CARTESIAN_POINT('',(67.463182080796,51.999999998926,
    1.996481260602));
#719 = CARTESIAN_POINT('',(68.607532000198,57.200000004012,
    1.937326259932));
#720 = CARTESIAN_POINT('',(69.751881971753,62.399999985024,
    1.878171260958));
#721 = CARTESIAN_POINT('',(70.896231748673,67.60000005589,1.819016255651
    ));
#722 = CARTESIAN_POINT('',(72.040582251979,72.799999791416,
    1.759861273982));
#723 = CARTESIAN_POINT('',(73.184930044376,78.000000778447,
    1.700706204093));
#724 = CARTESIAN_POINT('',(74.329287954024,83.199997094797,
    1.641551463448));
#725 = CARTESIAN_POINT('',(75.473608105574,88.400010842366,
    1.582395494047));
#726 = CARTESIAN_POINT('',(76.618069172268,93.599959535741,
    1.523244110422));
#727 = CARTESIAN_POINT('',(77.762004336484,98.800151014671,
    1.464075612453));
#728 = CARTESIAN_POINT('',(78.907902195467,103.99943640557,
    1.404970986084));
#729 = CARTESIAN_POINT('',(80.046475177863,109.20210336302,
    1.345627987655));
#730 = CARTESIAN_POINT('',(81.212384971837,114.39215014233,
    1.287174605869));
#731 = CARTESIAN_POINT('',(82.276272396085,119.62929606763,
    1.225401129572));
#732 = CARTESIAN_POINT('',(83.720912487661,124.69066558714,
    1.176018414674));
#733 = CARTESIAN_POINT('',(83.741383916632,129.63924862357,
    1.093251154168));
#734 = CARTESIAN_POINT('',(86.828251179893,132.36772738959,
    1.123810881788));
#735 = CARTESIAN_POINT('',(88.605245959347,134.78002320975,
    1.283601165409));
#736 = CARTESIAN_POINT('',(90.329922395057,137.05023493785,
    1.724135629081));
#737 = CARTESIAN_POINT('',(91.855582027644,139.20935311535,2.51702656227
    ));
#738 = CARTESIAN_POINT('',(93.257529176449,141.16836329338,3.69588205714
    ));
#739 = CARTESIAN_POINT('',(94.553516803775,142.85708653674,
    5.245537465439));
#740 = CARTESIAN_POINT('',(95.77628546221,144.21715923039,7.112029227965
    ));
#741 = CARTESIAN_POINT('',(96.954598124184,145.23059033229,
    9.218572160965));
#742 = CARTESIAN_POINT('',(98.11815520278,145.93076587698,
    11.488371857509));
#743 = CARTESIAN_POINT('',(99.29647434229,146.40137077326,
    13.860575752553));
#744 = CARTESIAN_POINT('',(100.51667789693,146.78936263958,
    16.303184937917));
#745 = CARTESIAN_POINT('',(101.81248614258,147.17678772415,
    18.74639657133));
#746 = CARTESIAN_POINT('',(103.21185298786,147.55902869197,
    21.192159072442));
#747 = CARTESIAN_POINT('',(104.74420274313,147.93549828997,
    23.639032043596));
#748 = CARTESIAN_POINT('',(106.43908688692,148.30440080501,
    26.087678295694));
#749 = CARTESIAN_POINT('',(108.32613523465,148.66531407252,
    28.537500142318));
#750 = CARTESIAN_POINT('',(109.71061540094,148.8938751972,
    30.148484880613));
#751 = CARTESIAN_POINT('',(110.44118315799,149.00777190412,
    30.951211156821));
#752 = CARTESIAN_POINT('',(53.974391853538,0.,2.903558068289));
#753 = CARTESIAN_POINT('',(54.371425064215,1.733333612532,2.881435717626
    ));
#754 = CARTESIAN_POINT('',(55.16549126057,5.199999870395,2.837191028342)
  );
#755 = CARTESIAN_POINT('',(56.356590735984,10.400000034739,
    2.770823984735));
#756 = CARTESIAN_POINT('',(57.547690162918,15.599999990689,
    2.704456943723));
#757 = CARTESIAN_POINT('',(58.738789602848,20.800000002495,
    2.638089902015));
#758 = CARTESIAN_POINT('',(59.92988903929,25.999999999333,2.571722860493
    ));
#759 = CARTESIAN_POINT('',(61.120988476685,31.200000000174,
    2.505355818922));
#760 = CARTESIAN_POINT('',(62.312087913759,36.399999999973,
    2.438988777362));
#761 = CARTESIAN_POINT('',(63.503187351163,41.599999999935,
    2.372621735808));
#762 = CARTESIAN_POINT('',(64.694286787564,46.800000000286,
    2.306254694219));
#763 = CARTESIAN_POINT('',(65.885386227649,51.999999998921,
    2.239887652762));
#764 = CARTESIAN_POINT('',(67.076485654002,57.20000000403,2.173520610813
    ));
#765 = CARTESIAN_POINT('',(68.2675851316,62.399999984959,2.107153570702)
  );
#766 = CARTESIAN_POINT('',(69.458684417949,67.600000056134,
    2.040786523729));
#767 = CARTESIAN_POINT('',(70.649784418046,72.799999790506,
    1.974419502369));
#768 = CARTESIAN_POINT('',(71.840881754403,78.000000781844,
    1.908052385415));
#769 = CARTESIAN_POINT('',(73.031989031972,83.199997082119,
    1.841685625224));
#770 = CARTESIAN_POINT('',(74.223059208432,88.40001088968,1.775317533579
    ));
#771 = CARTESIAN_POINT('',(75.414267848119,93.599959359161,
    1.708954410986));
#772 = CARTESIAN_POINT('',(76.604959736006,98.800151673677,
    1.642572743636));
#773 = CARTESIAN_POINT('',(77.797580167865,103.99943394613,
    1.576260286263));
#774 = CARTESIAN_POINT('',(78.983003175636,109.20211254179,1.50968953374
    ));
#775 = CARTESIAN_POINT('',(80.195287335786,114.39211588669,1.44408275184
    ));
#776 = CARTESIAN_POINT('',(81.307324310508,119.62942391143,
    1.374878382598));
#777 = CARTESIAN_POINT('',(82.793488874561,124.69018846758,
    1.319100392098));
#778 = CARTESIAN_POINT('',(82.871301581727,129.64072566675,
    1.227452535017));
#779 = CARTESIAN_POINT('',(85.952793031876,132.36465727379,1.25892201582
    ));
#780 = CARTESIAN_POINT('',(87.744563491976,134.76318981251,
    1.415674877729));
#781 = CARTESIAN_POINT('',(89.488175694463,137.01469254205,
    1.849665110767));
#782 = CARTESIAN_POINT('',(91.039429294095,139.1531407537,2.630584136473
    ));
#783 = CARTESIAN_POINT('',(92.471618832249,141.09333095925,
    3.792210972616));
#784 = CARTESIAN_POINT('',(93.801659811345,142.76799631313,
    5.321045595616));
#785 = CARTESIAN_POINT('',(95.061152278028,144.12023405344,
    7.166018461413));
#786 = CARTESIAN_POINT('',(96.277801276388,145.13175826922,
    9.253433739383));
#787 = CARTESIAN_POINT('',(97.480227078698,145.83437513627,
    11.509037575528));
#788 = CARTESIAN_POINT('',(98.696874308535,146.30971682726,
    13.873166207612));
#789 = CARTESIAN_POINT('',(99.953725180267,146.70337578332,
    16.315348377474));
#790 = CARTESIAN_POINT('',(101.28355779501,147.0959801182,
    18.757731784199));
#791 = CARTESIAN_POINT('',(102.71319447905,147.4828505323,
    21.202871699126));
#792 = CARTESIAN_POINT('',(104.27097852071,147.86320386282,
    23.649188290107));
#793 = CARTESIAN_POINT('',(105.98537941743,148.23509001442,
    26.097429217641));
#794 = CARTESIAN_POINT('',(107.88494653415,148.59790904619,
    28.546936523943));
#795 = CARTESIAN_POINT('',(109.27233713628,148.82693167448,
    30.157974286219));
#796 = CARTESIAN_POINT('',(110.00290653213,148.94081702137,
    30.960621051929));
#797 = CARTESIAN_POINT('',(51.831070729478,0.,3.217675075483));
#798 = CARTESIAN_POINT('',(52.24443400754,1.733333613299,3.193159452086)
  );
#799 = CARTESIAN_POINT('',(53.071160332853,5.199999870039,3.144128218367
    ));
#800 = CARTESIAN_POINT('',(54.311250006375,10.400000034834,
    3.070581357277));
#801 = CARTESIAN_POINT('',(55.551339630166,15.599999990663,
    2.997034499004));
#802 = CARTESIAN_POINT('',(56.791429267289,20.800000002502,
    2.923487639976));
#803 = CARTESIAN_POINT('',(58.031518900833,25.999999999331,
    2.849940781151));
#804 = CARTESIAN_POINT('',(59.271608535354,31.200000000174,
    2.776393922272));
#805 = CARTESIAN_POINT('',(60.511698169548,36.399999999973,
    2.702847063405));
#806 = CARTESIAN_POINT('',(61.751787804071,41.599999999935,
    2.629300204544));
#807 = CARTESIAN_POINT('',(62.991877437608,46.800000000287,
    2.555753345646));
#808 = CARTESIAN_POINT('',(64.23196707476,51.999999998916,2.482206486889
    ));
#809 = CARTESIAN_POINT('',(65.472056698435,57.200000004047,
    2.408659627603));
#810 = CARTESIAN_POINT('',(66.712146372405,62.399999984894,
    2.335112770296));
#811 = CARTESIAN_POINT('',(67.952235858675,67.600000056377,2.2615659056)
  );
#812 = CARTESIAN_POINT('',(69.192326045447,72.799999789599,
    2.188019068484));
#813 = CARTESIAN_POINT('',(70.43241361791,78.000000785226,2.114472128434
    ));
#814 = CARTESIAN_POINT('',(71.672510947108,83.199997069498,
    2.040925572541));
#815 = CARTESIAN_POINT('',(72.912571863674,88.400010936783,
    1.967377582954));
#816 = CARTESIAN_POINT('',(74.152768674032,93.59995918337,1.893834943986
    ));
#817 = CARTESIAN_POINT('',(75.392458321857,98.800152329738,
    1.820272336237));
#818 = CARTESIAN_POINT('',(76.634040726022,103.99943149767,
    1.746784252989));
#819 = CARTESIAN_POINT('',(77.868559267359,109.20212167955,
    1.673018040521));
#820 = CARTESIAN_POINT('',(79.129440503667,114.3920817841,1.600289820435
    ));
#821 = CARTESIAN_POINT('',(80.291934822919,119.62955118401,
    1.523687760037));
#822 = CARTESIAN_POINT('',(81.821614115427,124.68971347982,
    1.461543068506));
#823 = CARTESIAN_POINT('',(81.959516451697,129.64219611039,
    1.361054294022));
#824 = CARTESIAN_POINT('',(85.035374427564,132.3616008755,1.393429463163
    ));
#825 = CARTESIAN_POINT('',(86.842628762419,134.74643162816,
    1.547158474788));
#826 = CARTESIAN_POINT('',(88.606084317517,136.97930895235,
    1.974633717305));
#827 = CARTESIAN_POINT('',(90.184158595645,139.0971795531,2.743634326909
    ));
#828 = CARTESIAN_POINT('',(91.648040032138,141.01863387522,
    3.888109483267));
#829 = CARTESIAN_POINT('',(93.013766530325,142.67930415133,5.3962163498)
  );
#830 = CARTESIAN_POINT('',(94.311742966783,144.02374194546,
    7.219766466913));
#831 = CARTESIAN_POINT('',(95.568565751063,145.03336779523,
    9.288139553652));
#832 = CARTESIAN_POINT('',(96.811723243795,145.73841507662,
    11.529610957567));
#833 = CARTESIAN_POINT('',(98.06853561826,146.21847239798,
    13.885700407573));
#834 = CARTESIAN_POINT('',(99.363790302419,146.61777312279,
    16.32745746987));
#835 = CARTESIAN_POINT('',(100.72927806441,147.0155335667,
    18.769016350484));
#836 = CARTESIAN_POINT('',(102.19063541201,147.40701274238,
    21.213536460994));
#837 = CARTESIAN_POINT('',(103.77507279741,147.79123245257,
    23.659299157729));
#838 = CARTESIAN_POINT('',(105.50992588185,148.16608890978,
    26.107136571801));
#839 = CARTESIAN_POINT('',(107.4226117791,148.53080519,28.556330742856)
  );
#840 = CARTESIAN_POINT('',(108.81305233754,148.76028726171,
    30.167421293001));
#841 = CARTESIAN_POINT('',(109.54362343411,148.87416129807,
    30.969988902919));
#842 = CARTESIAN_POINT('',(49.6004896857,0.,3.526596149954));
#843 = CARTESIAN_POINT('',(50.030847869422,1.733333612799,3.499726841599
    ));
#844 = CARTESIAN_POINT('',(50.8915639975,5.199999870271,3.445988239976)
  );
#845 = CARTESIAN_POINT('',(52.182638382049,10.400000034772,
    3.365380325414));
#846 = CARTESIAN_POINT('',(53.473712715022,15.59999999068,3.284772414102
    ));
#847 = CARTESIAN_POINT('',(54.764787061821,20.800000002498,
    3.204164501919));
#848 = CARTESIAN_POINT('',(56.05586140491,25.999999999332,3.123556589969
    ));
#849 = CARTESIAN_POINT('',(57.34693574901,31.200000000174,3.042948677958
    ));
#850 = CARTESIAN_POINT('',(58.638010092775,36.399999999973,2.96234076596
    ));
#851 = CARTESIAN_POINT('',(59.929084436867,41.599999999935,
    2.881732853969));
#852 = CARTESIAN_POINT('',(61.22015877999,46.800000000288,2.801124941938
    ));
#853 = CARTESIAN_POINT('',(62.511233126659,51.999999998912,
    2.720517030059));
#854 = CARTESIAN_POINT('',(63.802307460115,57.200000004065,
    2.639909117612));
#855 = CARTESIAN_POINT('',(65.093381842876,62.39999998483,2.559301207284
    ));
#856 = CARTESIAN_POINT('',(66.384456041631,67.600000056615,
    2.478693289048));
#857 = CARTESIAN_POINT('',(67.675530927104,72.799999788708,
    2.398085400327));
#858 = CARTESIAN_POINT('',(68.966603249711,78.000000788552,
    2.317477401453));
#859 = CARTESIAN_POINT('',(70.257685137065,83.199997057085,
    2.236869813678));
#860 = CARTESIAN_POINT('',(71.548731328296,88.400010983107,2.15626069166
    ));
#861 = CARTESIAN_POINT('',(72.839910739273,93.599959010486,
    2.075657295514));
#862 = CARTESIAN_POINT('',(74.130592967387,98.800152974948,
    1.995032530121));
#863 = CARTESIAN_POINT('',(75.423130707207,103.99942908972,
    1.914487515843));
#864 = CARTESIAN_POINT('',(76.708743583069,109.20213066616,
    1.833644866356));
#865 = CARTESIAN_POINT('',(78.020200403057,114.39204824562,1.75391300659
    ));
#866 = CARTESIAN_POINT('',(79.235206310498,119.62967635133,
    1.670035623148));
#867 = CARTESIAN_POINT('',(80.810171924,124.68924634903,1.601629544687)
  );
#868 = CARTESIAN_POINT('',(81.010610287234,129.64364223084,
    1.492446093886));
#869 = CARTESIAN_POINT('',(84.080605436106,132.3585950343,1.525711970018
    ));
#870 = CARTESIAN_POINT('',(85.903974032666,134.72995064751,
    1.676467150054));
#871 = CARTESIAN_POINT('',(87.688080812484,136.94451065649,
    2.097535169066));
#872 = CARTESIAN_POINT('',(89.294067705462,139.04214402869,
    2.854814509768));
#873 = CARTESIAN_POINT('',(90.790931296092,140.94517238498,
    3.982421699008));
#874 = CARTESIAN_POINT('',(92.193796159373,142.59207908138,5.47014367503
    ));
#875 = CARTESIAN_POINT('',(93.53182334348,143.92884595131,7.272625405555
    ));
#876 = CARTESIAN_POINT('',(94.830455488162,144.93660483669,
    9.322271285423));
#877 = CARTESIAN_POINT('',(96.116002959471,145.64404232999,
    11.549844027218));
#878 = CARTESIAN_POINT('',(97.414615701237,146.12873727862,
    13.898027274412));
#879 = CARTESIAN_POINT('',(98.749837712288,146.53358644947,
    16.339366261015));
#880 = CARTESIAN_POINT('',(100.15243223103,146.9364177132,
    18.780114254328));
#881 = CARTESIAN_POINT('',(101.64680166903,147.33242941508,
    21.224024812854));
#882 = CARTESIAN_POINT('',(103.25897752215,147.72045154979,
    23.669242777503));
#883 = CARTESIAN_POINT('',(105.01511545271,148.09822917902,
    26.116683352872));
#884 = CARTESIAN_POINT('',(106.94145423201,148.46481132692,
    28.565569568053));
#885 = CARTESIAN_POINT('',(108.33506890931,148.69474523615,
    30.176712033697));
#886 = CARTESIAN_POINT('',(109.06564178188,148.80860815326,
    30.979201796609));
#887 = CARTESIAN_POINT('',(47.293903815522,0.,3.826582407155));
#888 = CARTESIAN_POINT('',(47.741835990189,1.733333614348,3.797427489094
    ));
#889 = CARTESIAN_POINT('',(48.637700088509,5.199999869552,3.739117668501
    ));
#890 = CARTESIAN_POINT('',(49.981496437783,10.400000034965,
    3.651652925127));
#891 = CARTESIAN_POINT('',(51.325292732973,15.599999990628,3.5641881851)
  );
#892 = CARTESIAN_POINT('',(52.669089042661,20.800000002512,
    3.476723444175));
#893 = CARTESIAN_POINT('',(54.012885348459,25.999999999328,
    3.389258703491));
#894 = CARTESIAN_POINT('',(55.356681655315,31.200000000175,
    3.301793962743));
#895 = CARTESIAN_POINT('',(56.700477961826,36.399999999973,
    3.214329222009));
#896 = CARTESIAN_POINT('',(58.044274268661,41.599999999934,
    3.126864481282));
#897 = CARTESIAN_POINT('',(59.388070574547,46.80000000029,3.039399740513
    ));
#898 = CARTESIAN_POINT('',(60.731866883905,51.999999998907,
    2.951934999906));
#899 = CARTESIAN_POINT('',(62.075663180324,57.200000004081,
    2.864470258695));
#900 = CARTESIAN_POINT('',(63.419459525025,62.399999984768,
    2.777005519737));
#901 = CARTESIAN_POINT('',(64.763255689539,67.600000056847,
    2.689540772368));
#902 = CARTESIAN_POINT('',(66.107052526517,72.799999787843,
    2.602076056393));
#903 = CARTESIAN_POINT('',(67.450846853825,78.000000791781,
    2.514611223254));
#904 = CARTESIAN_POINT('',(68.794650547351,83.199997045032,
    2.427146827376));
#905 = CARTESIAN_POINT('',(70.138419285676,88.400011028091,
    2.339680799615));
#906 = CARTESIAN_POINT('',(71.482318478587,93.599958842603,
    2.252220862127));
#907 = CARTESIAN_POINT('',(72.825730808353,98.800153601496,
    2.164738195431));
#908 = CARTESIAN_POINT('',(74.170960136115,103.99942675141,
    2.077340355294));
#909 = CARTESIAN_POINT('',(75.509408335037,109.20213939285,
    1.989625938126));
#910 = CARTESIAN_POINT('',(76.873164051322,114.39201567716,
    1.903093002525));
#911 = CARTESIAN_POINT('',(78.142470826995,119.62979789848,
    1.812150717689));
#912 = CARTESIAN_POINT('',(79.764265847753,124.68879272889,
    1.737664348225));
#913 = CARTESIAN_POINT('',(80.029371090756,129.64504652566,
    1.620037694218));
#914 = CARTESIAN_POINT('',(83.093303642646,132.35567613,1.654168515732)
  );
#915 = CARTESIAN_POINT('',(84.933335578322,134.71394634056,1.80203587528
    ));
#916 = CARTESIAN_POINT('',(86.738797252765,136.91071881969,
    2.216881984694));
#917 = CARTESIAN_POINT('',(88.37364785513,138.98870027769,2.962779066695
    ));
#918 = CARTESIAN_POINT('',(89.904617433932,140.87383559598,
    4.074006155189));
#919 = CARTESIAN_POINT('',(91.345886115092,142.50737679194,
    5.541932825831));
#920 = CARTESIAN_POINT('',(92.725328736165,143.83669460114,
    7.323955523418));
#921 = CARTESIAN_POINT('',(94.067194853543,144.84264051969,
    9.355415836935));
#922 = CARTESIAN_POINT('',(95.396576699711,145.55239909363,
    11.569491902802));
#923 = CARTESIAN_POINT('',(96.738414114642,146.04159753704,
    13.90999761555));
#924 = CARTESIAN_POINT('',(98.114965299422,146.45183467816,
    16.350930618318));
#925 = CARTESIAN_POINT('',(99.555930950678,146.85959010011,
    18.790891177342));
#926 = CARTESIAN_POINT('',(101.08443733316,147.26000323561,
    21.234209813744));
#927 = CARTESIAN_POINT('',(102.72529681467,147.65171781826,
    23.678898801413));
#928 = CARTESIAN_POINT('',(104.50344485118,148.03233213288,
    26.125954015674));
#929 = CARTESIAN_POINT('',(106.44390172125,148.40072617717,
    28.574541182004));
#930 = CARTESIAN_POINT('',(107.84079867139,148.63109886949,
    30.185734061304));
#931 = CARTESIAN_POINT('',(108.57137338112,148.74495097935,
    30.988148228965));
#932 = CARTESIAN_POINT('',(44.922998687646,0.,4.113949373031));
#933 = CARTESIAN_POINT('',(45.388994904295,1.73333361225,4.082604991833)
  );
#934 = CARTESIAN_POINT('',(46.320987076489,5.199999870526,4.019916246836
    ));
#935 = CARTESIAN_POINT('',(47.718975544686,10.400000034704,
    3.925883115353));
#936 = CARTESIAN_POINT('',(49.116963956625,15.599999990698,
    3.831849987619));
#937 = CARTESIAN_POINT('',(50.514952383645,20.800000002493,3.73781685888
    ));
#938 = CARTESIAN_POINT('',(51.912940806618,25.999999999333,
    3.643783730411));
#939 = CARTESIAN_POINT('',(53.310929230692,31.200000000173,3.54975060187
    ));
#940 = CARTESIAN_POINT('',(54.708917654411,36.399999999973,
    3.455717473345));
#941 = CARTESIAN_POINT('',(56.106906078451,41.599999999934,
    3.361684344827));
#942 = CARTESIAN_POINT('',(57.504894501561,46.800000000291,
    3.267651216265));
#943 = CARTESIAN_POINT('',(58.902882928067,51.999999998903,
    3.173618087873));
#944 = CARTESIAN_POINT('',(60.300871341918,57.200000004097,
    3.079584958843));
#945 = CARTESIAN_POINT('',(61.698859802997,62.399999984708,
    2.985551832196));
#946 = CARTESIAN_POINT('',(63.096848087816,67.600000057069,
    2.891518696655));
#947 = CARTESIAN_POINT('',(64.494837030448,72.799999787014,
    2.797485594307));
#948 = CARTESIAN_POINT('',(65.892823518089,78.000000794875,2.70345236808
    ));
#949 = CARTESIAN_POINT('',(67.290819167882,83.199997033485,
    2.609419604178));
#950 = CARTESIAN_POINT('',(68.688780624057,88.400011071183,
    2.515385114858));
#951 = CARTESIAN_POINT('',(70.086869692552,93.599958681782,
    2.421357064882));
#952 = CARTESIAN_POINT('',(71.484482505384,98.800154201688,
    2.327304982945));
#953 = CARTESIAN_POINT('',(72.883872728547,103.99942451146,2.23334258951
    ));
#954 = CARTESIAN_POINT('',(74.276629566049,109.20214775244,
    2.139045474031));
#955 = CARTESIAN_POINT('',(75.694142535865,114.39198447873,
    2.045997558224));
#956 = CARTESIAN_POINT('',(77.019264362087,119.6299143326,1.948287565771
    ));
#957 = CARTESIAN_POINT('',(78.689194630371,124.68835819085,
    1.867976680232));
#958 = CARTESIAN_POINT('',(79.020769992188,129.64639174708,1.74226199676
    ));
#959 = CARTESIAN_POINT('',(82.078470891288,132.352880013,1.777221378663)
  );
#960 = CARTESIAN_POINT('',(83.935630824091,134.69861527449,
    1.922322397448));
#961 = CARTESIAN_POINT('',(85.76304287542,136.87834847812,2.331208329553
    ));
#962 = CARTESIAN_POINT('',(87.427562053093,138.93750470389,
    3.066201961583));
#963 = CARTESIAN_POINT('',(88.993588667187,140.80549967687,4.16173799844
    ));
#964 = CARTESIAN_POINT('',(90.47433205853,142.4262376086,5.610702077599)
  );
#965 = CARTESIAN_POINT('',(91.896344988017,143.74841971099,
    7.373126376663));
#966 = CARTESIAN_POINT('',(93.282650659495,144.7526289274,9.387166122072
    ));
#967 = CARTESIAN_POINT('',(94.657089204167,145.46461094286,
    11.588313266304));
#968 = CARTESIAN_POINT('',(96.04335661435,145.95812343601,
    13.921464409547));
#969 = CARTESIAN_POINT('',(97.462389438848,146.37352189577,
    16.362008506689));
#970 = CARTESIAN_POINT('',(98.942796203504,146.78599433518,
    18.80121475582));
#971 = CARTESIAN_POINT('',(100.50639144075,147.19062375253,
    21.243966370023));
#972 = CARTESIAN_POINT('',(102.17673439521,147.58587545593,
    23.688148632807));
#973 = CARTESIAN_POINT('',(103.97750628973,147.9692071266,
    26.134834696547));
#974 = CARTESIAN_POINT('',(105.9324749373,148.33933685017,
    28.583135394283));
#975 = CARTESIAN_POINT('',(107.33274567875,148.57012986116,
    30.194376565509));
#976 = CARTESIAN_POINT('',(108.06332228229,148.68397162285,
    30.996718318626));
#977 = CARTESIAN_POINT('',(42.499833652671,0.,4.385077473133));
#978 = CARTESIAN_POINT('',(42.984292080544,1.733333608586,4.351667353678
    ));
#979 = CARTESIAN_POINT('',(43.95320867022,5.199999872226,4.284847133385)
  );
#980 = CARTESIAN_POINT('',(45.406583768632,10.400000034248,
    4.184616787978));
#981 = CARTESIAN_POINT('',(46.859958809716,15.59999999082,4.084386446583
    ));
#982 = CARTESIAN_POINT('',(48.313333866167,20.80000000246,3.984156104113
    ));
#983 = CARTESIAN_POINT('',(49.766708918495,25.999999999342,
    3.883925761931));
#984 = CARTESIAN_POINT('',(51.220083971944,31.200000000171,
    3.783695419672));
#985 = CARTESIAN_POINT('',(52.673459025033,36.399999999974,3.68346507743
    ));
#986 = CARTESIAN_POINT('',(54.126834078439,41.599999999934,
    3.583234735196));
#987 = CARTESIAN_POINT('',(55.580209130937,46.800000000292,
    3.483004392916));
#988 = CARTESIAN_POINT('',(57.033584186754,51.999999998899,
    3.382774050814));
#989 = CARTESIAN_POINT('',(58.486959230202,57.200000004112,
    3.282543708042));
#990 = CARTESIAN_POINT('',(59.940334319804,62.399999984652,
    3.182313367775));
#991 = CARTESIAN_POINT('',(61.393709237158,67.600000057279,
    3.082083018158));
#992 = CARTESIAN_POINT('',(62.847084797352,72.799999786232,
    2.981852703433));
#993 = CARTESIAN_POINT('',(64.300457958438,78.000000797794,
    2.881622258492));
#994 = CARTESIAN_POINT('',(65.753840073113,83.199997022591,
    2.781392299522));
#995 = CARTESIAN_POINT('',(67.207188772539,88.40001111184,2.681160526886
    ));
#996 = CARTESIAN_POINT('',(68.66066217937,93.599958530049,2.580935522941
    ));
#997 = CARTESIAN_POINT('',(70.113670171833,98.800154767964,
    2.480685257899));
#998 = CARTESIAN_POINT('',(71.568415114363,103.99942239809,
    2.380529268555));
#999 = CARTESIAN_POINT('',(73.016677670992,109.20215563964,
    2.280021437515));
#1000 = CARTESIAN_POINT('',(74.489132821159,114.3919550433,2.18082669756
    ));
#1001 = CARTESIAN_POINT('',(75.871299983074,119.63002418712,
    2.076731434961));
#1002 = CARTESIAN_POINT('',(77.59042650446,124.68794820819,
    1.990925171856));
#1003 = CARTESIAN_POINT('',(77.989937131122,129.64766095117,
    1.857579506668));
#1004 = CARTESIAN_POINT('',(81.041269018246,132.35024190223,
    1.893320627708));
#1005 = CARTESIAN_POINT('',(82.915934486496,134.68415055408,
    2.035811629323));
#1006 = CARTESIAN_POINT('',(84.765780748772,136.84780735735,
    2.43907418873));
#1007 = CARTESIAN_POINT('',(86.460622461701,138.88920214895,
    3.163780515585));
#1008 = CARTESIAN_POINT('',(88.062478844411,140.74102536312,
    4.244512188949));
#1009 = CARTESIAN_POINT('',(89.58356705443,142.34968353234,
    5.675585236735));
#1010 = CARTESIAN_POINT('',(91.049088634543,143.66513316071,
    7.419518626308));
#1011 = CARTESIAN_POINT('',(92.480813404575,144.66770381456,
    9.417122225275));
#1012 = CARTESIAN_POINT('',(93.901301795411,145.38178362673,
    11.606071050369));
#1013 = CARTESIAN_POINT('',(95.332978534601,145.87936638628,
    13.932283224651));
#1014 = CARTESIAN_POINT('',(96.795429386588,146.29963450291,
    16.372460392898));
#1015 = CARTESIAN_POINT('',(98.316146632555,146.71655740511,
    18.810954957551));
#1016 = CARTESIAN_POINT('',(99.915604159397,147.12516484565,
    21.253171591513));
#1017 = CARTESIAN_POINT('',(101.6160804662,147.52375379051,
    23.696875763972));
#1018 = CARTESIAN_POINT('',(103.43997489965,147.90964926007,
    26.14321353772));
#1019 = CARTESIAN_POINT('',(105.40977518867,148.28141658758,
    28.591243954411));
#1020 = CARTESIAN_POINT('',(106.81349410549,148.51260614893,
    30.202530690029));
#1021 = CARTESIAN_POINT('',(107.54407263194,148.62643815855,
    31.004804119723));
#1022 = CARTESIAN_POINT('',(40.036782713428,0.,4.636419860331));
#1023 = CARTESIAN_POINT('',(40.540007249171,1.733333614348,
    4.601094751018));
#1024 = CARTESIAN_POINT('',(41.546456035617,5.199999869552,
    4.530444551845));
#1025 = CARTESIAN_POINT('',(43.056129444435,10.400000034965,
    4.424469237446));
#1026 = CARTESIAN_POINT('',(44.565802791838,15.599999990628,
    4.318493927238));
#1027 = CARTESIAN_POINT('',(46.075476155703,20.800000002512,
    4.212518615908));
#1028 = CARTESIAN_POINT('',(47.585149515152,25.999999999328,
    4.106543304878));
#1029 = CARTESIAN_POINT('',(49.0948228758,31.200000000175,4.000567993768
    ));
#1030 = CARTESIAN_POINT('',(50.604496236068,36.399999999973,
    3.894592682677));
#1031 = CARTESIAN_POINT('',(52.114169596654,41.599999999934,
    3.788617371593));
#1032 = CARTESIAN_POINT('',(53.62384295635,46.800000000293,3.68264206046
    ));
#1033 = CARTESIAN_POINT('',(55.133516319288,51.999999998895,
    3.576666749515));
#1034 = CARTESIAN_POINT('',(56.64318967015,57.200000004126,
    3.470691437869));
#1035 = CARTESIAN_POINT('',(58.152863066073,62.3999999846,3.36471612884)
  );
#1036 = CARTESIAN_POINT('',(59.662536293827,67.600000057473,
    3.258740810041));
#1037 = CARTESIAN_POINT('',(61.172210149198,72.799999785507,
    3.152765527707));
#1038 = CARTESIAN_POINT('',(62.681881662267,78.0000008005,3.046790109283
    ));
#1039 = CARTESIAN_POINT('',(64.191561916929,83.199997012493,
    2.940815198751));
#1040 = CARTESIAN_POINT('',(65.701209547524,88.40001114953,
    2.834838392745));
#1041 = CARTESIAN_POINT('',(67.210978932791,93.599958389389,
    2.728868660741));
#1042 = CARTESIAN_POINT('',(68.720293923436,98.800155292915,
    2.622872528202));
#1043 = CARTESIAN_POINT('',(70.231304737898,103.99942043895,
    2.516974923804));
#1044 = CARTESIAN_POINT('',(71.735986651713,109.20216295127,
    2.410709607374));
#1045 = CARTESIAN_POINT('',(73.264288344301,114.39192775594,
    2.305816610933));
#1046 = CARTESIAN_POINT('',(74.704439822442,119.63012602495,
    2.195802046568));
#1047 = CARTESIAN_POINT('',(76.473572379596,124.68756814422,
    2.104901433909));
#1048 = CARTESIAN_POINT('',(76.942136502602,129.64883753444,
    1.964481661831));
#1049 = CARTESIAN_POINT('',(79.986994542217,132.34779630895,
    2.000947474192));
#1050 = CARTESIAN_POINT('',(81.879453691418,134.67074140411,
    2.141018925985));
#1051 = CARTESIAN_POINT('',(83.75210343738,136.81949499062,
    2.539068481216));
#1052 = CARTESIAN_POINT('',(85.477766802099,138.84442449787,
    3.254238224294));
#1053 = CARTESIAN_POINT('',(87.116042720406,140.68125609566,
    4.321245890224));
#1054 = CARTESIAN_POINT('',(88.678139834936,142.27871602927,
    5.735733513878));
#1055 = CARTESIAN_POINT('',(90.187886228978,143.58792448939,
    7.462525377614));
#1056 = CARTESIAN_POINT('',(91.665777707318,144.58897615562,9.4448922664
    ));
#1057 = CARTESIAN_POINT('',(93.133073936336,145.3050006767,
    11.622532950986));
#1058 = CARTESIAN_POINT('',(94.610907453479,145.80635667286,
    13.942312531144));
#1059 = CARTESIAN_POINT('',(96.117491004568,146.23113908066,
    16.382149547322));
#1060 = CARTESIAN_POINT('',(97.679182252518,146.65218767077,
    18.819984363037));
#1061 = CARTESIAN_POINT('',(99.315092371092,147.06448283644,
    21.261705057221));
#1062 = CARTESIAN_POINT('',(101.04619803331,147.46616548492,
    23.70496602823));
#1063 = CARTESIAN_POINT('',(102.89359560646,147.8544376624,
    26.150980928676));
#1064 = CARTESIAN_POINT('',(104.87847167725,148.22772307502,
    28.598760788031));
#1065 = CARTESIAN_POINT('',(106.28569550741,148.45928028358,
    30.210089763445));
#1066 = CARTESIAN_POINT('',(107.0162760021,148.57310322847,
    31.012299855315));
#1067 = CARTESIAN_POINT('',(37.546474224107,0.,4.864546440324));
#1068 = CARTESIAN_POINT('',(38.068672542546,1.733333611216,
    4.827483223621));
#1069 = CARTESIAN_POINT('',(39.113068881463,5.199999871005,
    4.753356810063));
#1070 = CARTESIAN_POINT('',(40.679663629376,10.400000034575,
    4.642167173768));
#1071 = CARTESIAN_POINT('',(42.246258313089,15.599999990733,
    4.53097754175));
#1072 = CARTESIAN_POINT('',(43.81285301401,20.800000002484,
    4.419787908586));
#1073 = CARTESIAN_POINT('',(45.379447710316,25.999999999336,
    4.30859827573));
#1074 = CARTESIAN_POINT('',(46.946042407873,31.200000000173,
    4.197408642791));
#1075 = CARTESIAN_POINT('',(48.512637105039,36.399999999974,
    4.086219009871));
#1076 = CARTESIAN_POINT('',(50.07923180252,41.599999999933,
    3.975029376959));
#1077 = CARTESIAN_POINT('',(51.645826499132,46.800000000294,
    3.863839743997));
#1078 = CARTESIAN_POINT('',(53.212421198905,51.999999998892,
    3.752650111229));
#1079 = CARTESIAN_POINT('',(54.7790158869,57.200000004139,3.641460477732
    ));
#1080 = CARTESIAN_POINT('',(56.34561061885,62.399999984553,
    3.530270846956));
#1081 = CARTESIAN_POINT('',(57.912205186755,67.60000005765,
    3.419081206027));
#1082 = CARTESIAN_POINT('',(59.478800366888,72.799999784848,
    3.307891602991));
#1083 = CARTESIAN_POINT('',(61.045393262152,78.000000802956,
    3.196701858535));
#1084 = CARTESIAN_POINT('',(62.611994684665,83.199997003326,
    3.085512641865));
#1085 = CARTESIAN_POINT('',(64.17856428305,88.400011183738,2.97432145547
    ));
#1086 = CARTESIAN_POINT('',(65.745252650698,93.599958261721,
    2.863137620189));
#1087 = CARTESIAN_POINT('',(67.311497765421,98.800155769378,
    2.751926350179));
#1088 = CARTESIAN_POINT('',(68.879397122584,103.99941866076,
    2.640817467969));
#1089 = CARTESIAN_POINT('',(70.44112276291,109.20216958754,
    2.529326469288));
#1090 = CARTESIAN_POINT('',(72.025889028144,114.39190298903,
    2.41926154869));
#1091 = CARTESIAN_POINT('',(73.524666510583,119.63021845631,
    2.303874432235));
#1092 = CARTESIAN_POINT('',(75.344358499296,124.68722318572,
    2.208350021122));
#1093 = CARTESIAN_POINT('',(75.882740304682,129.64990543994,
    2.061509558013));
#1094 = CARTESIAN_POINT('',(78.921052853436,132.34557660841,
    2.098633123944));
#1095 = CARTESIAN_POINT('',(80.83150259878,134.65857082055,
    2.236508513098));
#1096 = CARTESIAN_POINT('',(82.727208185004,136.79379775958,
    2.629826575058));
#1097 = CARTESIAN_POINT('',(84.484034291787,138.80378283564,
    3.336340602457));
#1098 = CARTESIAN_POINT('',(86.159132785391,140.62700755156,
    4.390891909893));
#1099 = CARTESIAN_POINT('',(87.762692632751,142.21430359988,
    5.790326059569));
#1100 = CARTESIAN_POINT('',(89.317153258159,143.51784737135,
    7.501559713213));
#1101 = CARTESIAN_POINT('',(90.841722352375,144.51752035468,
    9.470097264963));
#1102 = CARTESIAN_POINT('',(92.356344422259,145.23530995725,
    11.637474310976));
#1103 = CARTESIAN_POINT('',(93.880845515026,145.7400906665,
    13.951415458093));
#1104 = CARTESIAN_POINT('',(95.432050163265,146.16897039276,
    16.390943741115));
#1105 = CARTESIAN_POINT('',(97.03516885524,146.59376359232,
    18.828179747097));
#1106 = CARTESIAN_POINT('',(98.70793497116,147.00940585798,
    21.269450310087));
#1107 = CARTESIAN_POINT('',(100.47000895065,147.41389645352,23.712309017
    ));
#1108 = CARTESIAN_POINT('',(102.34116976424,147.80432580747,
    26.158030866873));
#1109 = CARTESIAN_POINT('',(104.34128844886,148.17898908949,
    28.60558331293));
#1110 = CARTESIAN_POINT('',(105.75205599324,148.41087997228,
    30.216950624663));
#1111 = CARTESIAN_POINT('',(106.48263846868,148.52469469966,
    31.019103230361));
#1112 = CARTESIAN_POINT('',(35.041724982292,0.,5.066089971254));
#1113 = CARTESIAN_POINT('',(35.583007106381,1.733333614348,
    5.027491184228));
#1114 = CARTESIAN_POINT('',(36.665571050007,5.199999869552,
    4.950293631975));
#1115 = CARTESIAN_POINT('',(38.289417210281,10.400000034965,
    4.834497286071));
#1116 = CARTESIAN_POINT('',(39.913263304935,15.599999990628,
    4.718700944863));
#1117 = CARTESIAN_POINT('',(41.537109417179,20.800000002512,
    4.602904602397));
#1118 = CARTESIAN_POINT('',(43.160955524704,25.999999999328,
    4.487108260268));
#1119 = CARTESIAN_POINT('',(44.784801633508,31.200000000175,
    4.37131191805));
#1120 = CARTESIAN_POINT('',(46.408647741915,36.399999999973,
    4.255515575852));
#1121 = CARTESIAN_POINT('',(48.032493850634,41.599999999933,
    4.139719233662));
#1122 = CARTESIAN_POINT('',(49.656339958503,46.800000000294,
    4.023922891419));
#1123 = CARTESIAN_POINT('',(51.280186069456,51.999999998889,
    3.908126549378));
#1124 = CARTESIAN_POINT('',(52.904032168926,57.20000000415,
    3.792330206584));
#1125 = CARTESIAN_POINT('',(54.527878311242,62.399999984511,
    3.676533866601));
#1126 = CARTESIAN_POINT('',(56.151724293659,67.600000057805,
    3.560737516127));
#1127 = CARTESIAN_POINT('',(57.775570872826,72.799999784267,
    3.444941204807));
#1128 = CARTESIAN_POINT('',(59.39941522489,78.000000805126,
    3.329144747359));
#1129 = CARTESIAN_POINT('',(61.023267888618,83.199996995228,
    3.213348835273));
#1130 = CARTESIAN_POINT('',(62.647089532794,88.40001121396,
    3.097550887863));
#1131 = CARTESIAN_POINT('',(64.271026943513,93.59995814893,
    2.981760536387));
#1132 = CARTESIAN_POINT('',(65.89453230761,98.80015619032,2.865941836502
    ));
#1133 = CARTESIAN_POINT('',(67.519650091651,103.99941708979,
    2.750228934317));
#1134 = CARTESIAN_POINT('',(69.138750242542,109.20217545051,
    2.63412118974));
#1135 = CARTESIAN_POINT('',(70.780308506089,114.39188110815,
    2.519487017034));
#1136 = CARTESIAN_POINT('',(72.338051952159,119.63030011685,
    2.399353399236));
#1137 = CARTESIAN_POINT('',(74.208596555482,124.68691842441,
    2.299743989933));
#1138 = CARTESIAN_POINT('',(74.817200900668,129.65084890494,
    2.147231023682));
#1139 = CARTESIAN_POINT('',(77.848930002696,132.34361556431,
    2.184935696721));
#1140 = CARTESIAN_POINT('',(79.777474667703,134.64781844621,
    2.320870925205));
#1141 = CARTESIAN_POINT('',(81.696369789947,136.7710949659,
    2.710008843576));
#1142 = CARTESIAN_POINT('',(83.484539344697,138.76787704988,
    3.408875785306));
#1143 = CARTESIAN_POINT('',(85.196673939633,140.57908046159,
    4.452422244146));
#1144 = CARTESIAN_POINT('',(86.841936953112,142.15739699805,
    5.838557065448));
#1145 = CARTESIAN_POINT('',(88.441371097904,143.4559361736,
    7.536045470306));
#1146 = CARTESIAN_POINT('',(90.012888481248,144.45439112868,
    9.492365184851));
#1147 = CARTESIAN_POINT('',(91.575110824163,145.17374013197,
    11.65067458974));
#1148 = CARTESIAN_POINT('',(93.146550107586,145.68154648063,
    13.959457642565));
#1149 = CARTESIAN_POINT('',(94.742634600922,146.11404607454,
    16.398713168373));
#1150 = CARTESIAN_POINT('',(96.387420965599,146.54214753313,
    18.835420142497));
#1151 = CARTESIAN_POINT('',(98.097256798636,146.96074686906,
    21.276293027021));
#1152 = CARTESIAN_POINT('',(99.890478674148,147.36771820861,
    23.718796344685));
#1153 = CARTESIAN_POINT('',(101.78554052496,147.76005336702,
    26.164259292604));
#1154 = CARTESIAN_POINT('',(103.80099021598,148.13593396379,
    28.61161082479));
#1155 = CARTESIAN_POINT('',(105.21532201359,148.36811962529,
    30.22301200689));
#1156 = CARTESIAN_POINT('',(105.94590648829,148.48192710184,
    31.025113824256));
#1157 = CARTESIAN_POINT('',(32.535485267964,0.,5.238108216773));
#1158 = CARTESIAN_POINT('',(33.095862553,1.733333611983,5.198198814321)
  );
#1159 = CARTESIAN_POINT('',(34.216616814297,5.19999987065,5.118380031985
    ));
#1160 = CARTESIAN_POINT('',(35.897748454474,10.400000034671,
    4.998651840339));
#1161 = CARTESIAN_POINT('',(37.57888002812,15.599999990707,
    4.878923653555));
#1162 = CARTESIAN_POINT('',(39.2600116196,20.80000000249,4.759195465467)
  );
#1163 = CARTESIAN_POINT('',(40.941143206296,25.999999999334,
    4.639467277729));
#1164 = CARTESIAN_POINT('',(42.622274794289,31.200000000173,
    4.519739089898));
#1165 = CARTESIAN_POINT('',(44.30340638188,36.399999999973,
    4.400010902088));
#1166 = CARTESIAN_POINT('',(45.984537969779,41.599999999933,
    4.280282714286));
#1167 = CARTESIAN_POINT('',(47.66566955685,46.800000000295,
    4.160554526431));
#1168 = CARTESIAN_POINT('',(49.346801146925,51.999999998886,
    4.040826338783));
#1169 = CARTESIAN_POINT('',(51.027932725815,57.200000004159,
    3.92109815036));
#1170 = CARTESIAN_POINT('',(52.709064346438,62.399999984476,
    3.801369964826));
#1171 = CARTESIAN_POINT('',(54.390195811312,67.600000057938,
    3.681641768512));
#1172 = CARTESIAN_POINT('',(56.07132785745,72.799999783771,
    3.561913612431));
#1173 = CARTESIAN_POINT('',(57.752457734284,78.000000806978,3.4421853062
    ));
#1174 = CARTESIAN_POINT('',(59.433595707068,83.199996988317,
    3.322457560334));
#1175 = CARTESIAN_POINT('',(61.114703465356,88.400011239755,
    3.202727723155));
#1176 = CARTESIAN_POINT('',(62.795923985679,93.599958052662,
    3.083005690864));
#1177 = CARTESIAN_POINT('',(64.476723672355,98.800156549595,
    2.963254530335));
#1178 = CARTESIAN_POINT('',(66.159093931588,103.99941574895,
    2.843612077871));
#1179 = CARTESIAN_POINT('',(67.835602734238,109.20218045457,
    2.723563921386));
#1180 = CARTESIAN_POINT('',(69.533986790664,114.39186243273,
    2.605029872919));
#1181 = CARTESIAN_POINT('',(71.150731288568,119.63036981447,
    2.480845096399));
#1182 = CARTESIAN_POINT('',(73.072158766784,124.68665830937,
    2.377749124076));
#1183 = CARTESIAN_POINT('',(73.751027438295,129.65165415626,
    2.220394652699));
#1184 = CARTESIAN_POINT('',(76.776169176061,132.34194180499,
    2.258595303082));
#1185 = CARTESIAN_POINT('',(78.722819528268,134.6386412498,2.39287459633
    ));
#1186 = CARTESIAN_POINT('',(80.664917985664,136.75171803666,
    2.778444744688));
#1187 = CARTESIAN_POINT('',(82.484449639568,138.73723131175,
    3.470784866856));
#1188 = CARTESIAN_POINT('',(84.233642374485,140.5381744901,
    4.504938641451));
#1189 = CARTESIAN_POINT('',(85.920633369912,142.10882697568,
    5.879722430433));
#1190 = CARTESIAN_POINT('',(87.565067795965,143.4030947077,
    7.565479208037));
#1191 = CARTESIAN_POINT('',(89.183561405418,144.40051007059,
    9.511370947491));
#1192 = CARTESIAN_POINT('',(90.793412346316,145.12119002891,
    11.661941082804));
#1193 = CARTESIAN_POINT('',(92.411817751367,145.63157877344,
    13.966321680604));
#1194 = CARTESIAN_POINT('',(94.052808795942,146.06716793951,
    16.405344406991));
#1195 = CARTESIAN_POINT('',(95.739287628004,146.49809301099,
    18.841599850216));
#1196 = CARTESIAN_POINT('',(97.486215236898,146.91921621879,
    21.282133314504));
#1197 = CARTESIAN_POINT('',(99.310603542913,147.32830488356,
    23.724333305978));
#1198 = CARTESIAN_POINT('',(101.22958065475,147.72226665467,
    26.169575279922));
#1199 = CARTESIAN_POINT('',(103.26037047007,148.09918623219,
    28.616755331571));
#1200 = CARTESIAN_POINT('',(104.6782686545,148.33162349485,
    30.22818542143));
#1201 = CARTESIAN_POINT('',(105.40885512093,148.44542477846,
    31.030243891253));
#1202 = CARTESIAN_POINT('',(30.039552568869,0.,5.37701176932));
#1203 = CARTESIAN_POINT('',(30.618946488229,1.733333612532,
    5.336044054227));
#1204 = CARTESIAN_POINT('',(31.777734003502,5.199999870395,
    5.254108646123));
#1205 = CARTESIAN_POINT('',(33.515915536436,10.400000034739,
    5.131205516215));
#1206 = CARTESIAN_POINT('',(35.254096999679,15.599999990689,
    5.008302391065));
#1207 = CARTESIAN_POINT('',(36.992278481603,20.800000002495,
    4.88539926464));
#1208 = CARTESIAN_POINT('',(38.730459958516,25.999999999333,
    4.762496138556));
#1209 = CARTESIAN_POINT('',(40.468641436786,31.200000000174,
    4.639593012381));
#1210 = CARTESIAN_POINT('',(42.206822914641,36.399999999973,
    4.516689886227));
#1211 = CARTESIAN_POINT('',(43.945004392801,41.599999999933,
    4.393786760082));
#1212 = CARTESIAN_POINT('',(45.683185870154,46.800000000296,
    4.270883633882));
#1213 = CARTESIAN_POINT('',(47.42136735043,51.999999998884,
    4.147980507893));
#1214 = CARTESIAN_POINT('',(49.15954881982,57.200000004167,
    4.025077381114));
#1215 = CARTESIAN_POINT('',(50.897730329835,62.399999984447,
    3.902174257285));
#1216 = CARTESIAN_POINT('',(52.635911688233,67.600000058046,
    3.779271122443));
#1217 = CARTESIAN_POINT('',(54.374093612472,72.79999978337,
    3.656368028704));
#1218 = CARTESIAN_POINT('',(56.112273424969,78.000000808474,
    3.533464781568));
#1219 = CARTESIAN_POINT('',(57.850461118589,83.199996982736,
    3.410562106913));
#1220 = CARTESIAN_POINT('',(59.588619399458,88.400011260584,
    3.287657295734));
#1221 = CARTESIAN_POINT('',(61.326887450212,93.599957974927,
    3.164760458172));
#1222 = CARTESIAN_POINT('',(63.064745834176,98.800156839708,
    3.041833862664));
#1223 = CARTESIAN_POINT('',(64.804133115413,103.99941466624,
    2.919018325321));
#1224 = CARTESIAN_POINT('',(66.53781447435,109.20218449532,
    2.795788313267));
#1225 = CARTESIAN_POINT('',(68.292790625214,114.39184735246,
    2.674105141892));
#1226 = CARTESIAN_POINT('',(69.968293530668,119.63042609482,
    2.546649082509));
#1227 = CARTESIAN_POINT('',(71.940394625836,124.68644826825,
    2.44073773448));
#1228 = CARTESIAN_POINT('',(72.689238658702,129.65230439118,
    2.279473780945));
#1229 = CARTESIAN_POINT('',(75.707820123016,132.34059025582,
    2.318074929628));
#1230 = CARTESIAN_POINT('',(77.67250170203,134.63123072669,
    2.451017066539));
#1231 = CARTESIAN_POINT('',(79.637708069895,136.7360712993,2.8337062651)
  );
#1232 = CARTESIAN_POINT('',(81.488472845015,138.71248508856,
    3.520776025272));
#1233 = CARTESIAN_POINT('',(83.274571316769,140.5051431989,
    4.547345271809));
#1234 = CARTESIAN_POINT('',(85.003118686078,142.069607016,5.912963180105
    ));
#1235 = CARTESIAN_POINT('',(86.692368327861,143.36042558669,
    7.589246749224));
#1236 = CARTESIAN_POINT('',(88.357644971737,144.35700148601,
    9.526717970369));
#1237 = CARTESIAN_POINT('',(90.014928636023,145.07875618139,
    11.671038698622));
#1238 = CARTESIAN_POINT('',(91.680107012574,145.59123019285,
    13.971864344208));
#1239 = CARTESIAN_POINT('',(93.365819928314,146.02931416725,
    16.41069908666));
#1240 = CARTESIAN_POINT('',(95.093819765795,146.46251928674,
    18.846589921781));
#1241 = CARTESIAN_POINT('',(96.877686608904,146.8856805038,
    21.286849306563));
#1242 = CARTESIAN_POINT('',(98.733113172823,147.29647889394,
    23.7288043642));
#1243 = CARTESIAN_POINT('',(100.67590719071,147.69175414443,
    26.173867903257));
#1244 = CARTESIAN_POINT('',(102.72197405295,148.06951268879,
    28.620909485238));
#1245 = CARTESIAN_POINT('',(104.14342393299,148.30215312529,
    30.23236291871));
#1246 = CARTESIAN_POINT('',(104.8740123997,148.41594940288,
    31.03438638514));
#1247 = CARTESIAN_POINT('',(27.561596276583,0.,5.483073972855));
#1248 = CARTESIAN_POINT('',(28.159869864809,1.733333613299,
    5.441298164433));
#1249 = CARTESIAN_POINT('',(29.356416711311,5.199999870039,
    5.357746570883));
#1250 = CARTESIAN_POINT('',(31.151237246316,10.400000034834,
    5.232419161831));
#1251 = CARTESIAN_POINT('',(32.94605771023,15.599999990663,
    5.107091757798));
#1252 = CARTESIAN_POINT('',(34.7408781932,20.800000002502,4.98176435242)
  );
#1253 = CARTESIAN_POINT('',(36.535698671059,25.999999999331,
    4.856436947402));
#1254 = CARTESIAN_POINT('',(38.330519150301,31.200000000174,
    4.731109542289));
#1255 = CARTESIAN_POINT('',(40.125339629121,36.399999999973,
    4.605782137197));
#1256 = CARTESIAN_POINT('',(41.920160108244,41.599999999933,
    4.480454732114));
#1257 = CARTESIAN_POINT('',(43.71498058658,46.800000000296,
    4.355127326975));
#1258 = CARTESIAN_POINT('',(45.509801067761,51.999999998883,
    4.229799922051));
#1259 = CARTESIAN_POINT('',(47.304621538349,57.200000004173,
    4.104472516323));
#1260 = CARTESIAN_POINT('',(49.099442048464,62.399999984425,
    3.979145113594));
#1261 = CARTESIAN_POINT('',(50.894262411065,67.600000058128,
    3.853817699674));
#1262 = CARTESIAN_POINT('',(52.689083324192,72.799999783064,
    3.728490327521));
#1263 = CARTESIAN_POINT('',(54.483902182728,78.000000809615,
    3.603162799493));
#1264 = CARTESIAN_POINT('',(56.278728709107,83.199996978474,
    3.477835853195));
#1265 = CARTESIAN_POINT('',(58.073526618703,88.400011276489,
    3.352506735851));
#1266 = CARTESIAN_POINT('',(59.868431327585,93.599957915571,
    3.227185720961));
#1267 = CARTESIAN_POINT('',(61.662937456109,98.800157061228,
    3.101834467302));
#1268 = CARTESIAN_POINT('',(63.458931106777,103.99941383951,
    2.976596066266));
#1269 = CARTESIAN_POINT('',(65.249373249228,109.2021875807,
    2.850936493507));
#1270 = CARTESIAN_POINT('',(67.060533902406,114.39183583766,
    2.726848755016));
#1271 = CARTESIAN_POINT('',(68.794372020891,119.63046906865,
    2.596894851176));
#1272 = CARTESIAN_POINT('',(70.816781767418,124.68628788773,
    2.488833774462));
#1273 = CARTESIAN_POINT('',(71.635097179477,129.65280088926,
    2.324584668391));
#1274 = CARTESIAN_POINT('',(74.647165619266,132.33955825713,
    2.36349162446));
#1275 = CARTESIAN_POINT('',(76.629748559138,134.62557229395,
    2.495412752584));
#1276 = CARTESIAN_POINT('',(78.617896407826,136.72412396309,
    2.875902152233));
#1277 = CARTESIAN_POINT('',(80.499669354469,138.69358968299,
    3.558947636592));
#1278 = CARTESIAN_POINT('',(82.3224077576,140.47992158673,4.579725585904
    ));
#1279 = CARTESIAN_POINT('',(84.09221220014,142.03965993927,
    5.938344727896));
#1280 = CARTESIAN_POINT('',(85.825954285909,143.32784484333,
    7.607394865272));
#1281 = CARTESIAN_POINT('',(87.537677019683,144.32377975577,
    9.538436454414));
#1282 = CARTESIAN_POINT('',(89.242051783591,145.04635508516,
    11.677985340106));
#1283 = CARTESIAN_POINT('',(90.953666259588,145.56042133816,
    13.976096540609));
#1284 = CARTESIAN_POINT('',(92.683778947056,146.00041026649,
    16.414787744684));
#1285 = CARTESIAN_POINT('',(94.453000743992,146.43535635596,
    18.850400177005));
#1286 = CARTESIAN_POINT('',(96.273540774778,146.86007373019,
    21.290450283632));
#1287 = CARTESIAN_POINT('',(98.159782049684,147.27217761048,
    23.73221831789));
#1288 = CARTESIAN_POINT('',(100.12622144022,147.66845579135,
    26.177145609612));
#1289 = CARTESIAN_POINT('',(102.18745530966,148.0468549412,
    28.624081461846));
#1290 = CARTESIAN_POINT('',(103.61243133086,148.27965051996,
    30.235552716781));
#1291 = CARTESIAN_POINT('',(104.34302176564,148.39344297142,
    31.037549457803));
#1292 = CARTESIAN_POINT('',(25.114097270748,0.,5.541767833527));
#1293 = CARTESIAN_POINT('',(25.73101847376,1.733333612532,5.499544833694
    ));
#1294 = CARTESIAN_POINT('',(26.964860538358,5.199999870395,
    5.415098857638));
#1295 = CARTESIAN_POINT('',(28.815623909732,10.400000034739,
    5.288429874575));
#1296 = CARTESIAN_POINT('',(30.666387207542,15.599999990689,
    5.161760896598));
#1297 = CARTESIAN_POINT('',(32.517150525071,20.800000002495,
    5.035091917258));
#1298 = CARTESIAN_POINT('',(34.367913837311,25.999999999333,
    4.908422938283));
#1299 = CARTESIAN_POINT('',(36.218677150982,31.200000000174,
    4.781753959211));
#1300 = CARTESIAN_POINT('',(38.06944046422,36.399999999973,
    4.655084980161));
#1301 = CARTESIAN_POINT('',(39.920203777759,41.599999999933,
    4.52841600112));
#1302 = CARTESIAN_POINT('',(41.77096709053,46.800000000296,
    4.401747022022));
#1303 = CARTESIAN_POINT('',(43.621730406068,51.999999998882,
    4.275078043141));
#1304 = CARTESIAN_POINT('',(45.472493711305,57.200000004176,
    4.14840906345));
#1305 = CARTESIAN_POINT('',(47.323257054982,62.399999984413,
    4.021740086784));
#1306 = CARTESIAN_POINT('',(49.174020255199,67.600000058173,
    3.895071098828));
#1307 = CARTESIAN_POINT('',(51.024783990817,72.799999782895,
    3.768402153006));
#1308 = CARTESIAN_POINT('',(52.875545728289,78.000000810247,
    3.641733049938));
#1309 = CARTESIAN_POINT('',(54.726314922946,83.199996976116,
    3.515064533719));
#1310 = CARTESIAN_POINT('',(56.577056287008,88.40001128529,3.38839382735
    ));
#1311 = CARTESIAN_POINT('',(58.427901516266,93.599957882724,
    3.261731294732));
#1312 = CARTESIAN_POINT('',(60.278359115333,98.800157183816,
    3.135038257261));
#1313 = CARTESIAN_POINT('',(62.130263369969,103.99941338201,
    3.008459065451));
#1314 = CARTESIAN_POINT('',(63.97676863252,109.20218928812,
    2.881454995852));
#1315 = CARTESIAN_POINT('',(65.84342320784,114.39182946547,
    2.756036591745));
#1316 = CARTESIAN_POINT('',(67.634879524171,119.63049284997,
    2.624700403457));
#1317 = CARTESIAN_POINT('',(69.706979563691,124.68619913461,
    2.515449686404));
#1318 = CARTESIAN_POINT('',(70.593912461875,129.65307564679,
    2.349548624015));
#1319 = CARTESIAN_POINT('',(73.599547930631,132.33898715843,
    2.388624811116));
#1320 = CARTESIAN_POINT('',(75.599812200494,134.62244096863,
    2.519980922246));
#1321 = CARTESIAN_POINT('',(77.610619549544,136.71751241568,
    2.899252973146));
#1322 = CARTESIAN_POINT('',(79.523019537193,138.68313313707,3.5800714598
    ));
#1323 = CARTESIAN_POINT('',(81.381947519575,140.46596417551,
    4.597644557796));
#1324 = CARTESIAN_POINT('',(83.192501932577,142.02308749884,
    5.952390646046));
#1325 = CARTESIAN_POINT('',(84.970189592674,143.3098149557,
    7.617437867955));
#1326 = CARTESIAN_POINT('',(86.727787533853,144.30539515181,
    9.544921357111));
#1327 = CARTESIAN_POINT('',(88.478674586886,145.02842461262,
    11.681829548447));
#1328 = CARTESIAN_POINT('',(90.236154402634,145.54337199764,
    13.97843859968));
#1329 = CARTESIAN_POINT('',(92.010121131229,145.98441511019,
    16.417050370922));
#1330 = CARTESIAN_POINT('',(93.820058216459,146.42032463661,
    18.852508737652));
#1331 = CARTESIAN_POINT('',(95.676820673977,146.84590317418,
    21.292443031675));
#1332 = CARTESIAN_POINT('',(97.593497907448,147.25872950055,
    23.734107568794));
#1333 = CARTESIAN_POINT('',(99.583292037602,147.65556269524,
    26.178959462858));
#1334 = CARTESIAN_POINT('',(101.65950649532,148.03431634551,
    28.625836803738));
#1335 = CARTESIAN_POINT('',(103.0879653087,148.26719779096,
    30.237317924667));
#1336 = CARTESIAN_POINT('',(103.81855769296,148.38098811655,
    31.039299873503));
#1337 = CARTESIAN_POINT('',(22.711433060655,0.,5.549498277437));
#1338 = CARTESIAN_POINT('',(23.346660280174,1.733333612002,
    5.507216379174));
#1339 = CARTESIAN_POINT('',(24.617114365738,5.199999870641,5.4226526056)
  );
#1340 = CARTESIAN_POINT('',(26.522795778247,10.400000034673,
    5.295806926787));
#1341 = CARTESIAN_POINT('',(28.428477114597,15.599999990706,
    5.16896125292));
#1342 = CARTESIAN_POINT('',(30.334158471361,20.800000002491,
    5.042115577727));
#1343 = CARTESIAN_POINT('',(32.239839822649,25.999999999334,
    4.915269902889));
#1344 = CARTESIAN_POINT('',(34.145521175418,31.200000000173,
    4.788424227957));
#1345 = CARTESIAN_POINT('',(36.051202527743,36.399999999974,
    4.661578553046));
#1346 = CARTESIAN_POINT('',(37.956883880365,41.599999999933,
    4.534732878144));
#1347 = CARTESIAN_POINT('',(39.86256523224,46.800000000296,
    4.407887203186));
#1348 = CARTESIAN_POINT('',(41.768246586806,51.999999998882,
    4.281041528444));
#1349 = CARTESIAN_POINT('',(43.673927931356,57.200000004177,
    4.154195852891));
#1350 = CARTESIAN_POINT('',(45.57960931328,62.399999984411,
    4.027350180367));
#1351 = CARTESIAN_POINT('',(47.485290555722,67.600000058179,
    3.90050449654));
#1352 = CARTESIAN_POINT('',(49.390972318719,72.799999782873,
    3.773658854895));
#1353 = CARTESIAN_POINT('',(51.29665213898,78.000000810331,
    3.646813055824));
#1354 = CARTESIAN_POINT('',(53.202339209628,83.199996975805,
    3.519967844276));
#1355 = CARTESIAN_POINT('',(55.107999221464,88.400011286449,
    3.393120440062));
#1356 = CARTESIAN_POINT('',(57.013760218158,93.599957878397,
    3.266281218989));
#1357 = CARTESIAN_POINT('',(58.919144334235,98.800157199961,
    3.139411458018));
#1358 = CARTESIAN_POINT('',(60.825934987924,103.99941332175,
    3.012655673498));
#1359 = CARTESIAN_POINT('',(62.727476371778,109.202189513,2.885474523072
    ));
#1360 = CARTESIAN_POINT('',(64.648608297361,114.3918286262,
    2.759880859819));
#1361 = CARTESIAN_POINT('',(66.496627325865,119.63049598216,
    2.628362613778));
#1362 = CARTESIAN_POINT('',(68.617507400956,124.68618744513,
    2.518955211718));
#1363 = CARTESIAN_POINT('',(69.57180080785,129.65311183453,
    2.352836573667));
#1364 = CARTESIAN_POINT('',(72.571121148704,132.33891194023,
    2.391935049828));
#1365 = CARTESIAN_POINT('',(74.588742851052,134.62202854841,
    2.523216743768));
#1366 = CARTESIAN_POINT('',(76.621794609768,136.7166416228,
    2.902328460245));
#1367 = CARTESIAN_POINT('',(78.564260593403,138.68175592758,
    3.582853633755));
#1368 = CARTESIAN_POINT('',(80.458715212011,140.46412587448,
    4.600004627581));
#1369 = CARTESIAN_POINT('',(82.309273112392,142.02090477786,
    5.954240604137));
#1370 = CARTESIAN_POINT('',(84.130101324693,143.30744027744,
    7.618760610539));
#1371 = CARTESIAN_POINT('',(85.932734102944,144.30297375462,
    9.545775469892));
#1372 = CARTESIAN_POINT('',(87.729281404315,145.02606302811,
    11.682335860975));
#1373 = CARTESIAN_POINT('',(89.531786370242,145.54112646516,
    13.978747067314));
#1374 = CARTESIAN_POINT('',(91.348803794598,145.98230842206,
    16.417348376625));
#1375 = CARTESIAN_POINT('',(93.198710320386,146.41834484079,
    18.852786451706));
#1376 = CARTESIAN_POINT('',(95.091031659827,146.84403680009,
    21.292705492283));
#1377 = CARTESIAN_POINT('',(97.037587307452,147.25695827931,
    23.734356398061));
#1378 = CARTESIAN_POINT('',(99.050308349772,147.65386456981,
    26.179198361476));
#1379 = CARTESIAN_POINT('',(101.14122897571,148.03266492557,
    28.626067996659));
#1380 = CARTESIAN_POINT('',(102.57310677216,148.26555764207,
    30.237550415207));
#1381 = CARTESIAN_POINT('',(103.30370107651,148.37934771403,
    31.039530417042));
#1382 = CARTESIAN_POINT('',(20.372056129126,0.,5.506231291654));
#1383 = CARTESIAN_POINT('',(21.025107176684,1.733333612532,
    5.464279046479));
#1384 = CARTESIAN_POINT('',(22.331208905166,5.199999870395,
    5.380374579556));
#1385 = CARTESIAN_POINT('',(24.290361792632,10.400000034739,
    5.254517860337));
#1386 = CARTESIAN_POINT('',(26.249514601103,15.599999990689,
    5.128661146167));
#1387 = CARTESIAN_POINT('',(28.208667430748,20.800000002495,
    5.002804430643));
#1388 = CARTESIAN_POINT('',(30.167820254714,25.999999999333,
    4.876947715481));
#1389 = CARTESIAN_POINT('',(32.126973080215,31.200000000174,
    4.751091000224));
#1390 = CARTESIAN_POINT('',(34.086125905259,36.399999999973,
    4.625234284988));
#1391 = CARTESIAN_POINT('',(36.045278730598,41.599999999933,
    4.499377569761));
#1392 = CARTESIAN_POINT('',(38.004431555209,46.800000000296,
    4.373520854478));
#1393 = CARTESIAN_POINT('',(39.963584382438,51.999999998882,
    4.247664139411));
#1394 = CARTESIAN_POINT('',(41.922737199927,57.200000004174,
    4.121807423537));
#1395 = CARTESIAN_POINT('',(43.881890053754,62.39999998442,
    3.995950710672));
#1396 = CARTESIAN_POINT('',(45.841042771971,67.600000058146,
    3.870093986578));
#1397 = CARTESIAN_POINT('',(47.800195996287,72.799999782997,
    3.744237304394));
#1398 = CARTESIAN_POINT('',(49.759347331819,78.000000809865,
    3.618380465796));
#1399 = CARTESIAN_POINT('',(51.718505716387,83.199996977543,
    3.492524210947));
#1400 = CARTESIAN_POINT('',(53.677637793598,88.400011279961,
    3.366665777514));
#1401 = CARTESIAN_POINT('',(55.636868051197,93.599957902611,
    3.240815474666));
#1402 = CARTESIAN_POINT('',(57.595731894603,98.800157109594,
    3.114934828066));
#1403 = CARTESIAN_POINT('',(59.555963214393,103.99941365901,
    2.989167425886));
#1404 = CARTESIAN_POINT('',(61.511091042842,109.20218825435,
    2.862977389778));
#1405 = CARTESIAN_POINT('',(63.485265360267,114.39183332355,
    2.738364644965));
#1406 = CARTESIAN_POINT('',(65.388357213133,119.63047845143,
    2.607865368896));
#1407 = CARTESIAN_POINT('',(67.556732435258,124.68625287071,
    2.499334926557));
#1408 = CARTESIAN_POINT('',(68.576612044132,129.65290929324,
    2.334434050801));
#1409 = CARTESIAN_POINT('',(71.569783600451,132.33933293349,
    2.373407775982));
#1410 = CARTESIAN_POINT('',(73.604305532543,134.62433684789,
    2.505105979962));
#1411 = CARTESIAN_POINT('',(75.659015772959,136.7215154158,
    2.885115081795));
#1412 = CARTESIAN_POINT('',(77.630755800441,138.68946411407,
    3.567281917259));
#1413 = CARTESIAN_POINT('',(79.559801267363,140.47441477192,
    4.586795411264));
#1414 = CARTESIAN_POINT('',(81.449308944897,142.03312138001,
    5.943886462597));
#1415 = CARTESIAN_POINT('',(83.312141367447,143.32073125681,
    7.611357273131));
#1416 = CARTESIAN_POINT('',(85.158622744483,144.316526218,9.540995034773
    ));
#1417 = CARTESIAN_POINT('',(86.999627582283,145.03928072229,
    11.679502049981));
#1418 = CARTESIAN_POINT('',(88.845971715258,145.55369462076,
    13.977020586291));
#1419 = CARTESIAN_POINT('',(90.70490586029,145.99409947129,
    16.415680450609));
#1420 = CARTESIAN_POINT('',(92.593729013177,146.42942567922,
    18.851232097248));
#1421 = CARTESIAN_POINT('',(94.520672597422,146.85448282017,
    21.291236510712));
#1422 = CARTESIAN_POINT('',(96.496319647445,147.26687173818,
    23.7329637107));
#1423 = CARTESIAN_POINT('',(98.531363698871,147.66336889327,
    26.177861255024));
#1424 = CARTESIAN_POINT('',(100.63660311679,148.04190792165,
    28.624774020766));
#1425 = CARTESIAN_POINT('',(102.07180986172,148.27473734678,
    30.236249171285));
#1426 = CARTESIAN_POINT('',(102.80240601975,148.38852898142,
    31.03824007406));
#1427 = CARTESIAN_POINT('',(18.108745716404,0.,5.412163564669));
#1428 = CARTESIAN_POINT('',(18.779041035321,1.733333610965,
    5.370928026049));
#1429 = CARTESIAN_POINT('',(20.119631301159,5.199999871122,
    5.288456972014));
#1430 = CARTESIAN_POINT('',(22.13051699897,10.400000034544,
    5.164750372308));
#1431 = CARTESIAN_POINT('',(24.14140261663,15.599999990741,
    5.041043777601));
#1432 = CARTESIAN_POINT('',(26.152288255775,20.800000002481,
    4.917337181554));
#1433 = CARTESIAN_POINT('',(28.163173889157,25.999999999336,
    4.793630585865));
#1434 = CARTESIAN_POINT('',(30.174059524096,31.200000000173,
    4.669923990082));
#1435 = CARTESIAN_POINT('',(32.184945158573,36.399999999974,
    4.54621739432));
#1436 = CARTESIAN_POINT('',(34.195830793342,41.599999999933,
    4.422510798567));
#1437 = CARTESIAN_POINT('',(36.206716427402,46.800000000296,
    4.298804202759));
#1438 = CARTESIAN_POINT('',(38.217602064007,51.999999998884,
    4.175097607163));
#1439 = CARTESIAN_POINT('',(40.228487691143,57.200000004169,
    4.051391010772));
#1440 = CARTESIAN_POINT('',(42.239373353611,62.39999998444,
    3.927684417348));
#1441 = CARTESIAN_POINT('',(44.250258884218,67.600000058073,
    3.803977812852));
#1442 = CARTESIAN_POINT('',(46.261144906936,72.799999783269,
    3.680271249678));
#1443 = CARTESIAN_POINT('',(48.27202909307,78.000000808852,
    3.556564532287));
#1444 = CARTESIAN_POINT('',(50.282920133433,83.199996981323,
    3.432858390441));
#1445 = CARTESIAN_POINT('',(52.293785593462,88.400011265856,
    3.30915010063));
#1446 = CARTESIAN_POINT('',(54.304746520597,93.599957955255,
    3.185449827137));
#1447 = CARTESIAN_POINT('',(56.315351159642,98.800156913125,
    3.06171963634));
#1448 = CARTESIAN_POINT('',(58.327285483943,103.99941439224,
    2.938101098438));
#1449 = CARTESIAN_POINT('',(60.334257355308,109.2021855179,
    2.814065866259));
#1450 = CARTESIAN_POINT('',(62.35974935316,114.39184353615,
    2.691585758291));
#1451 = CARTESIAN_POINT('',(64.316123298003,119.63044033747,
    2.563301847759));
#1452 = CARTESIAN_POINT('',(66.530449328393,124.68639511394,
    2.456678023274));
#1453 = CARTESIAN_POINT('',(67.613782556849,129.65246894366,
    2.294424711914));
#1454 = CARTESIAN_POINT('',(70.601005260772,132.34024822439,
    2.333127213184));
#1455 = CARTESIAN_POINT('',(72.651877899516,134.62935537371,
    2.465730961011));
#1456 = CARTESIAN_POINT('',(74.727542380567,136.7321116388,2.84769108853
    ));
#1457 = CARTESIAN_POINT('',(76.727604585362,138.70622265569,
    3.533427098176));
#1458 = CARTESIAN_POINT('',(78.690116154356,140.49678409528,
    4.558076956957));
#1459 = CARTESIAN_POINT('',(80.617307129104,142.05968176952,
    5.921375290582));
#1460 = CARTESIAN_POINT('',(82.520777964879,143.34962747403,
    7.595261510751));
#1461 = CARTESIAN_POINT('',(84.409682172061,144.34599093349,
    9.530601783256));
#1462 = CARTESIAN_POINT('',(86.293698977606,145.0680176085,
    11.67334099776));
#1463 = CARTESIAN_POINT('',(88.182456815673,145.58101933056,
    13.973267005069));
#1464 = CARTESIAN_POINT('',(90.081944729132,146.01973465664,
    16.412054175139));
#1465 = CARTESIAN_POINT('',(92.008419107121,146.45351677924,
    18.847852740273));
#1466 = CARTESIAN_POINT('',(93.968859168871,146.87719374755,
    21.288042764786));
#1467 = CARTESIAN_POINT('',(95.972651694152,147.28842481152,
    23.729935837973));
#1468 = CARTESIAN_POINT('',(98.029292903447,147.6840324588,
    26.174954221081));
#1469 = CARTESIAN_POINT('',(100.14838553754,148.06200331905,
    28.62196076149));
#1470 = CARTESIAN_POINT('',(101.58681296234,148.29469516755,
    30.233420101362));
#1471 = CARTESIAN_POINT('',(102.31741093131,148.40849018134,
    31.035434710361));
#1472 = CARTESIAN_POINT('',(15.933873373571,0.,5.268455728395));
#1473 = CARTESIAN_POINT('',(16.620739149776,1.733333612799,
    5.228315106913));
#1474 = CARTESIAN_POINT('',(17.994470325539,5.199999870271,
    5.148033886149));
#1475 = CARTESIAN_POINT('',(20.055067391977,10.400000034772,
    5.027612037157));
#1476 = CARTESIAN_POINT('',(22.115664377261,15.59999999068,
    4.907190192947));
#1477 = CARTESIAN_POINT('',(24.176261384298,20.800000002498,
    4.786768347456));
#1478 = CARTESIAN_POINT('',(26.236858385502,25.999999999332,
    4.666346502308));
#1479 = CARTESIAN_POINT('',(28.297455388281,31.200000000174,
    4.545924657069));
#1480 = CARTESIAN_POINT('',(30.358052390593,36.399999999973,
    4.42550281185));
#1481 = CARTESIAN_POINT('',(32.418649393196,41.599999999933,
    4.30508096664));
#1482 = CARTESIAN_POINT('',(34.479246395106,46.800000000295,
    4.184659121376));
#1483 = CARTESIAN_POINT('',(36.539843399493,51.999999998886,
    4.06423727632));
#1484 = CARTESIAN_POINT('',(38.600440394668,57.200000004161,
    3.943815430486));
#1485 = CARTESIAN_POINT('',(40.661037424212,62.399999984469,
    3.823393587555));
#1486 = CARTESIAN_POINT('',(42.721634325495,67.600000057962,
    3.702971733792));
#1487 = CARTESIAN_POINT('',(44.78223170545,72.799999783683,
    3.582549920452));
#1488 = CARTESIAN_POINT('',(46.842827298978,78.000000807305,
    3.462127956253));
#1489 = CARTESIAN_POINT('',(48.903429559543,83.199996987097,
    3.341706555066));
#1490 = CARTESIAN_POINT('',(50.964006938387,88.400011244306,
    3.221283052689));
#1491 = CARTESIAN_POINT('',(53.024677177077,93.599958035679,
    3.100867392063));
#1492 = CARTESIAN_POINT('',(55.085000858105,98.800156612979,
    2.980422465621));
#1493 = CARTESIAN_POINT('',(57.146617909937,103.9994155124,
    2.860086760691));
#1494 = CARTESIAN_POINT('',(59.203408036211,109.20218133739,
    2.739343435529));
#1495 = CARTESIAN_POINT('',(61.278212493914,114.39185913801,
    2.620121369785));
#1496 = CARTESIAN_POINT('',(63.28578655146,119.63038211054,2.4952218866)
  );
#1497 = CARTESIAN_POINT('',(65.544267878207,124.68661241979,
    2.391510813761));
#1498 = CARTESIAN_POINT('',(66.688575298053,129.65179621895,
    2.233302202565));
#1499 = CARTESIAN_POINT('',(69.670081598927,132.34164651985,
    2.271590353423));
#1500 = CARTESIAN_POINT('',(71.736666046129,134.637022206,2.405577506068
    ));
#1501 = CARTESIAN_POINT('',(73.832465988123,136.74829955286,
    2.790518227347));
#1502 = CARTESIAN_POINT('',(75.859743690971,138.73182478124,
    3.481706886007));
#1503 = CARTESIAN_POINT('',(77.854413685698,140.53095784607,
    4.514203600367));
#1504 = CARTESIAN_POINT('',(79.817815495881,142.10025823744,
    5.886984836747));
#1505 = CARTESIAN_POINT('',(81.760336812971,143.39377240009,
    7.570671917072));
#1506 = CARTESIAN_POINT('',(83.690006192915,144.3910043578,
    9.514723949963));
#1507 = CARTESIAN_POINT('',(85.615354288475,145.11191912362,
    11.663928720965));
#1508 = CARTESIAN_POINT('',(87.544868530805,145.62276345521,
    13.9675326363));
#1509 = CARTESIAN_POINT('',(89.483325588253,146.05889768456,
    16.406514292142));
#1510 = CARTESIAN_POINT('',(91.44597998275,146.49032089869,
    18.842690076145));
#1511 = CARTESIAN_POINT('',(93.438607658849,146.91188936874,
    21.283163659819));
#1512 = CARTESIAN_POINT('',(95.469445884349,147.32135157263,
    23.725310138363));
#1513 = CARTESIAN_POINT('',(97.546840351388,147.71560031145,
    26.170513128126));
#1514 = CARTESIAN_POINT('',(99.679244886898,148.09270318553,
    28.617662926682));
#1515 = CARTESIAN_POINT('',(101.12076715773,148.32518483763,
    30.229098117591));
#1516 = CARTESIAN_POINT('',(101.85136685785,148.43898502738,
    31.031148939245));
#1517 = CARTESIAN_POINT('',(13.859302620153,0.,5.077015567336));
#1518 = CARTESIAN_POINT('',(14.561974654798,1.733333608586,
    5.038333537992));
#1519 = CARTESIAN_POINT('',(15.967318329841,5.199999872226,
    4.960969499998));
#1520 = CARTESIAN_POINT('',(18.075334159347,10.400000034248,
    4.844923426372));
#1521 = CARTESIAN_POINT('',(20.183349903908,15.59999999082,
    4.728877357204));
#1522 = CARTESIAN_POINT('',(22.291365671238,20.80000000246,4.61283128684
    ));
#1523 = CARTESIAN_POINT('',(24.399381432463,25.999999999342,
    4.496785216797));
#1524 = CARTESIAN_POINT('',(26.507397195335,31.200000000171,
    4.380739146669));
#1525 = CARTESIAN_POINT('',(28.615412957722,36.399999999974,
    4.264693076561));
#1526 = CARTESIAN_POINT('',(30.7234287204,41.599999999933,4.14864700646)
  );
#1527 = CARTESIAN_POINT('',(32.831444482403,46.800000000295,
    4.032600936307));
#1528 = CARTESIAN_POINT('',(34.939460246815,51.999999998889,
    3.916554866356));
#1529 = CARTESIAN_POINT('',(37.047476002263,57.200000004151,
    3.800508795651));
#1530 = CARTESIAN_POINT('',(39.155491791159,62.399999984509,
    3.684462727761));
#1531 = CARTESIAN_POINT('',(41.263507455229,67.600000057814,
    3.568416649362));
#1532 = CARTESIAN_POINT('',(43.371523585152,72.799999784236,
    3.452370610186));
#1533 = CARTESIAN_POINT('',(45.479537976492,78.000000805244,
    3.336324424625));
#1534 = CARTESIAN_POINT('',(47.587558856309,83.199996994789,
    3.220278785381));
#1535 = CARTESIAN_POINT('',(49.6955555208,88.400011215599,3.104231107256
    ));
#1536 = CARTESIAN_POINT('',(51.80364255812,93.599958142816,
    2.988191038336));
#1537 = CARTESIAN_POINT('',(53.911392319452,98.800156213139,
    2.872122571477));
#1538 = CARTESIAN_POINT('',(56.020400811903,103.99941700463,
    2.756160087169));
#1539 = CARTESIAN_POINT('',(58.124711655869,109.20217576834,2.6398020706
    ));
#1540 = CARTESIAN_POINT('',(60.246554362656,114.391879922,2.524920200521
    ));
#1541 = CARTESIAN_POINT('',(62.302967266643,119.63030454364,
    2.40452927674));
#1542 = CARTESIAN_POINT('',(64.603567519006,124.68690190342,
    2.30469842128));
#1543 = CARTESIAN_POINT('',(65.806037099307,129.65090004981,
    2.15187795085));
#1544 = CARTESIAN_POINT('',(68.78209062838,132.34350925688,
    2.189614125478));
#1545 = CARTESIAN_POINT('',(70.863662280884,134.6472355642,2.32544417861
    ));
#1546 = CARTESIAN_POINT('',(72.97866906898,136.76986425632,
    2.714355493031));
#1547 = CARTESIAN_POINT('',(75.031907135197,138.76593061126,
    3.412807889234));
#1548 = CARTESIAN_POINT('',(77.057252461155,140.57648235277,
    4.45575777953));
#1549 = CARTESIAN_POINT('',(79.0551951217,142.15431211339,5.841171649437
    ));
#1550 = CARTESIAN_POINT('',(81.034965975164,143.45257999175,
    7.537914929727));
#1551 = CARTESIAN_POINT('',(83.003520504137,144.450968918,9.493572320089
    ));
#1552 = CARTESIAN_POINT('',(84.968293757568,145.17040245579,
    11.651390171695));
#1553 = CARTESIAN_POINT('',(86.936684784818,145.67837282318,
    13.959893606244));
#1554 = CARTESIAN_POINT('',(88.912313792461,146.1110686487,
    16.399134345989));
#1555 = CARTESIAN_POINT('',(90.909479639704,146.53934944671,
    18.835812641507));
#1556 = CARTESIAN_POINT('',(92.932810489549,146.95810908432,
    21.27666396802));
#1557 = CARTESIAN_POINT('',(94.989447111266,147.36521490383,
    23.719148020236));
#1558 = CARTESIAN_POINT('',(97.086637729878,147.75765337597,
    26.164596932932));
#1559 = CARTESIAN_POINT('',(99.231740241698,148.13359995973,
    28.611937574616));
#1560 = CARTESIAN_POINT('',(100.6762146338,148.36580160914,
    30.223340590366));
#1561 = CARTESIAN_POINT('',(101.40681598212,148.47960868707,
    31.025439656203));
#1562 = CARTESIAN_POINT('',(11.89629274733,0.,4.840527436813));
#1563 = CARTESIAN_POINT('',(12.613921048992,1.733333614568,
    4.803647221819));
#1564 = CARTESIAN_POINT('',(14.049177253498,5.19999986945,4.729886812448
    ));
#1565 = CARTESIAN_POINT('',(16.202061880874,10.400000034992,
    4.619246181818));
#1566 = CARTESIAN_POINT('',(18.35494642232,15.599999990621,4.50860555563
    ));
#1567 = CARTESIAN_POINT('',(20.507830986799,20.800000002514,
    4.397964928251));
#1568 = CARTESIAN_POINT('',(22.660715545101,25.999999999328,
    4.287324301191));
#1569 = CARTESIAN_POINT('',(24.81360010507,31.200000000175,
    4.176683674047));
#1570 = CARTESIAN_POINT('',(26.966484664551,36.399999999973,
    4.066043046921));
#1571 = CARTESIAN_POINT('',(29.119369224318,41.599999999933,
    3.955402419804));
#1572 = CARTESIAN_POINT('',(31.272253783427,46.800000000294,
    3.844761792636));
#1573 = CARTESIAN_POINT('',(33.425138344884,51.999999998892,
    3.734121165662));
#1574 = CARTESIAN_POINT('',(35.578022897609,57.200000004137,
    3.623480537963));
#1575 = CARTESIAN_POINT('',(37.730907482911,62.399999984558,
    3.512839912973));
#1576 = CARTESIAN_POINT('',(39.883791946638,67.600000057631,
    3.402199277869));
#1577 = CARTESIAN_POINT('',(42.036676864086,72.799999784918,
    3.291558680509));
#1578 = CARTESIAN_POINT('',(44.189560088225,78.000000802698,
    3.18091794229));
#1579 = CARTESIAN_POINT('',(46.342449631882,83.199997004292,
    3.070277729763));
#1580 = CARTESIAN_POINT('',(48.495315590773,88.400011180136,
    2.959635555328));
#1581 = CARTESIAN_POINT('',(50.648269569214,93.599958275163,
    2.849000702831));
#1582 = CARTESIAN_POINT('',(52.800895054219,98.800155719212,
    2.738338524493));
#1583 = CARTESIAN_POINT('',(54.954746493417,103.99941884799,
    2.627778327579));
#1584 = CARTESIAN_POINT('',(57.104022609278,109.20216888882,
    2.51683753081));
#1585 = CARTESIAN_POINT('',(59.270374064296,114.39190559669,
    2.407317152037));
#1586 = CARTESIAN_POINT('',(61.372999486022,119.63020872439,
    2.292495701133));
#1587 = CARTESIAN_POINT('',(63.713453701757,124.68725950573,
    2.197458120759));
#1588 = CARTESIAN_POINT('',(64.97095774883,129.64979300225,
    2.051293679709));
#1589 = CARTESIAN_POINT('',(67.941851731109,132.34581031636,
    2.088347992047));
#1590 = CARTESIAN_POINT('',(70.037604645894,134.6598522376,
    2.226454600361));
#1591 = CARTESIAN_POINT('',(72.170785424182,136.79650337101,
    2.620270832037));
#1592 = CARTESIAN_POINT('',(74.248587824736,138.80806191714,
    3.32769620289));
#1593 = CARTESIAN_POINT('',(76.302958903593,140.63271927516,
    4.383559016062));
#1594 = CARTESIAN_POINT('',(78.333584966314,142.22108545918,
    5.784578116709));
#1595 = CARTESIAN_POINT('',(80.348602247281,143.52522565469,
    7.497449864007));
#1596 = CARTESIAN_POINT('',(82.35395086068,144.52504379686,
    9.467443479731));
#1597 = CARTESIAN_POINT('',(84.356029168187,145.24264755743,
    11.635901164269));
#1598 = CARTESIAN_POINT('',(86.361206365536,145.74706768531,
    13.950457028635));
#1599 = CARTESIAN_POINT('',(88.372008386734,146.17551601288,
    16.39001781757));
#1600 = CARTESIAN_POINT('',(90.401829819399,146.59991494982,
    18.827316871064));
#1601 = CARTESIAN_POINT('',(92.454212767435,147.01520480576,
    21.268634827489));
#1602 = CARTESIAN_POINT('',(94.535260466112,147.41939975834,
    23.711535888013));
#1603 = CARTESIAN_POINT('',(96.651182690537,147.80960198613,
    26.157288592581));
#1604 = CARTESIAN_POINT('',(98.808300338738,148.18412019977,
    28.604864982656));
#1605 = CARTESIAN_POINT('',(100.25556810347,148.41597593841,
    30.21622825774));
#1606 = CARTESIAN_POINT('',(100.98617100937,148.52979153942,
    31.018386916246));
#1607 = CARTESIAN_POINT('',(10.05540708645,0.,4.562383927071));
#1608 = CARTESIAN_POINT('',(10.787061186626,1.733333612799,
    4.527622901006));
#1609 = CARTESIAN_POINT('',(12.250368977759,5.199999870271,
    4.458100868513));
#1610 = CARTESIAN_POINT('',(14.445330993436,10.400000034772,
    4.353817803986));
#1611 = CARTESIAN_POINT('',(16.640292920943,15.59999999068,4.24953474369
    ));
#1612 = CARTESIAN_POINT('',(18.835254872083,20.800000002498,
    4.14525168226));
#1613 = CARTESIAN_POINT('',(21.030216816886,25.999999999332,
    4.040968621134));
#1614 = CARTESIAN_POINT('',(23.225178763399,31.200000000174,
    3.936685559927));
#1615 = CARTESIAN_POINT('',(25.420140709412,36.399999999973,
    3.832402498739));
#1616 = CARTESIAN_POINT('',(27.615102655711,41.599999999934,
    3.728119437558));
#1617 = CARTESIAN_POINT('',(29.810064601367,46.800000000292,
    3.623836376329));
#1618 = CARTESIAN_POINT('',(32.005026549311,51.999999998896,
    3.519553315285));
#1619 = CARTESIAN_POINT('',(34.199988488744,57.200000004122,
    3.415270253548));
#1620 = CARTESIAN_POINT('',(36.394950459936,62.399999984616,
    3.310987194397));
#1621 = CARTESIAN_POINT('',(38.589912312601,67.600000057416,
    3.206704125599));
#1622 = CARTESIAN_POINT('',(40.784874607612,72.79999978572,
    3.102421092802));
#1623 = CARTESIAN_POINT('',(42.979835251769,78.000000799703,
    2.998137925646));
#1624 = CARTESIAN_POINT('',(45.174802056998,83.199997015467,
    2.893855259924));
#1625 = CARTESIAN_POINT('',(47.36974586879,88.400011138428,
    2.789570722826));
#1626 = CARTESIAN_POINT('',(49.564775493259,93.599958430822,
    2.685293169798));
#1627 = CARTESIAN_POINT('',(51.759484860456,98.800155138284,
    2.580989551869));
#1628 = CARTESIAN_POINT('',(53.955389444064,103.99942101604,
    2.476783209473));
#1629 = CARTESIAN_POINT('',(56.1468334193,109.20216079754,2.372213829844
    ));
#1630 = CARTESIAN_POINT('',(58.354924611615,114.39193579376,
    2.268999323615));
#1631 = CARTESIAN_POINT('',(60.500887543986,119.63009602739,
    2.160728361017));
#1632 = CARTESIAN_POINT('',(62.878716299051,124.68768009665,
    2.071328350496));
#1633 = CARTESIAN_POINT('',(64.187830968231,129.64849095764,
    1.932992341971));
#1634 = CARTESIAN_POINT('',(67.15388639323,132.34851668796,
    1.969244687758));
#1635 = CARTESIAN_POINT('',(69.262938315192,134.67469123105,
    2.110028847149));
#1636 = CARTESIAN_POINT('',(71.413162430046,136.8278347399,
    2.509613955669));
#1637 = CARTESIAN_POINT('',(73.514000950528,138.85761429535,
    3.227592814582));
#1638 = CARTESIAN_POINT('',(75.595592010826,140.69886185466,
    4.298643052519));
#1639 = CARTESIAN_POINT('',(77.656868151903,142.29962036371,
    5.718016112998));
#1640 = CARTESIAN_POINT('',(79.704939083738,143.61066723525,
    7.449857220027));
#1641 = CARTESIAN_POINT('',(81.74479272096,144.61216633762,
    9.436712265667));
#1642 = CARTESIAN_POINT('',(83.781855233118,145.32761802122,
    11.617683899503));
#1643 = CARTESIAN_POINT('',(85.821530032338,145.827862565,
    13.939358277886));
#1644 = CARTESIAN_POINT('',(87.86531685773,146.25131523386,
    16.379295489961));
#1645 = CARTESIAN_POINT('',(89.92576228258,146.67114855282,
    18.817324642688));
#1646 = CARTESIAN_POINT('',(92.005389918239,147.08235745451,
    21.259191421915));
#1647 = CARTESIAN_POINT('',(94.109330014398,147.4831288154,
    23.702582943275));
#1648 = CARTESIAN_POINT('',(96.242818498793,147.87070090431,
    26.14869294989));
#1649 = CARTESIAN_POINT('',(98.41120379439,148.24353914884,
    28.596546614154));
#1650 = CARTESIAN_POINT('',(99.861091134348,148.47498805689,
    30.207863146759));
#1651 = CARTESIAN_POINT('',(100.59169551061,148.58881367575,
    31.01009189594));
#1652 = CARTESIAN_POINT('',(8.34642760686,0.,4.246607026958));
#1653 = CARTESIAN_POINT('',(9.091102503733,1.733333609886,4.21425192074)
  );
#1654 = CARTESIAN_POINT('',(10.580451885966,5.199999871623,
    4.149541725833));
#1655 = CARTESIAN_POINT('',(12.814476290139,10.40000003441,
    4.052476419381));
#1656 = CARTESIAN_POINT('',(15.048500605646,15.599999990777,
    3.955411116706));
#1657 = CARTESIAN_POINT('',(17.282524944919,20.800000002472,
    3.858345813019));
#1658 = CARTESIAN_POINT('',(19.516549277819,25.999999999339,
    3.761280509603));
#1659 = CARTESIAN_POINT('',(21.750573612439,31.200000000172,
    3.664215206115));
#1660 = CARTESIAN_POINT('',(23.984597946557,36.399999999974,
    3.567149902643));
#1661 = CARTESIAN_POINT('',(26.218622280958,41.599999999934,
    3.470084599179));
#1662 = CARTESIAN_POINT('',(28.45264661473,46.800000000291,
    3.373019295669));
#1663 = CARTESIAN_POINT('',(30.686670950737,51.999999998901,
    3.275953992333));
#1664 = CARTESIAN_POINT('',(32.920695278434,57.200000004104,
    3.178888688344));
#1665 = CARTESIAN_POINT('',(35.154719637133,62.399999984681,
    3.081823386797));
#1666 = CARTESIAN_POINT('',(37.388743880135,67.600000057172,
    2.984758076134));
#1667 = CARTESIAN_POINT('',(39.622768554922,72.799999786631,
    2.887692799494));
#1668 = CARTESIAN_POINT('',(41.856791618268,78.000000796303,
    2.790627395876));
#1669 = CARTESIAN_POINT('',(44.090820695594,83.199997028155,
    2.69356246615));
#1670 = CARTESIAN_POINT('',(46.324827328441,88.400011091076,
    2.59649576783));
#1671 = CARTESIAN_POINT('',(48.558917725222,93.599958607542,
    2.499435669997));
#1672 = CARTESIAN_POINT('',(50.792695510744,98.800154478756,
    2.40235093881));
#1673 = CARTESIAN_POINT('',(53.027639977369,103.99942347743,
    2.30535814055));
#1674 = CARTESIAN_POINT('',(55.258230330841,109.2021516115,
    2.208022243937));
#1675 = CARTESIAN_POINT('',(57.505070455824,114.39197007655,
    2.11196680781));
#1676 = CARTESIAN_POINT('',(59.691265607916,119.62996808226,
    2.011132628092));
#1677 = CARTESIAN_POINT('',(62.103790880061,124.68815759439,
    1.928132962249));
#1678 = CARTESIAN_POINT('',(63.460818081769,129.64701274371,
    1.798684589311));
#1679 = CARTESIAN_POINT('',(66.422381649791,132.35158923722,
    1.834026460819));
#1680 = CARTESIAN_POINT('',(68.543779656491,134.69153797091,
    1.977850449468));
#1681 = CARTESIAN_POINT('',(70.709825890596,136.86340530761,
    2.383984975765));
#1682 = CARTESIAN_POINT('',(72.832049908877,138.91387121251,
    3.113945231434));
#1683 = CARTESIAN_POINT('',(74.938910539526,140.77395366154,
    4.202237784019));
#1684 = CARTESIAN_POINT('',(77.028640568899,142.38878120275,
    5.64244813294));
#1685 = CARTESIAN_POINT('',(79.107396736791,143.70766923784,
    7.395825193185));
#1686 = CARTESIAN_POINT('',(81.179282986852,144.71107673777,
    9.401823054976));
#1687 = CARTESIAN_POINT('',(83.248822957622,145.42408516396,
    11.597001801251));
#1688 = CARTESIAN_POINT('',(85.320523479537,145.91958915851,
    13.926757843276));
#1689 = CARTESIAN_POINT('',(87.394931627429,146.33737024573,
    16.367122409317));
#1690 = CARTESIAN_POINT('',(89.483806723576,146.75202020915,
    18.805980445211));
#1691 = CARTESIAN_POINT('',(91.588726865466,147.1585959952,
    21.248470304094));
#1692 = CARTESIAN_POINT('',(93.713919035271,147.55548054496,
    23.692418646656));
#1693 = CARTESIAN_POINT('',(95.863715092736,147.94006663335,
    26.138934299007));
#1694 = CARTESIAN_POINT('',(98.04256066846,148.3109975994,
    28.587102753292));
#1695 = CARTESIAN_POINT('',(99.494879879413,148.54198464736,
    30.198366218905));
#1696 = CARTESIAN_POINT('',(100.22548562212,148.65582162883,
    31.000674542283));
#1697 = CARTESIAN_POINT('',(6.778276426836,0.,3.897734832926));
#1698 = CARTESIAN_POINT('',(7.534899144818,1.73333361225,3.8680378009));
#1699 = CARTESIAN_POINT('',(9.048144160281,5.199999870526,3.808643753225
    ));
#1700 = CARTESIAN_POINT('',(11.318012021525,10.400000034704,
    3.719552668547));
#1701 = CARTESIAN_POINT('',(13.587879792166,15.599999990698,
    3.630461587397));
#1702 = CARTESIAN_POINT('',(15.857747587092,20.800000002493,
    3.541370505302));
#1703 = CARTESIAN_POINT('',(18.127615375506,25.999999999333,
    3.45227942346));
#1704 = CARTESIAN_POINT('',(20.397483165677,31.200000000173,
    3.363188341551));
#1705 = CARTESIAN_POINT('',(22.667350955337,36.399999999973,
    3.274097259657));
#1706 = CARTESIAN_POINT('',(24.93721874528,41.599999999934,
    3.185006177769));
#1707 = CARTESIAN_POINT('',(27.207086534605,46.80000000029,3.09591509584
    ));
#1708 = CARTESIAN_POINT('',(29.476954326116,51.999999998906,
    3.006824014073));
#1709 = CARTESIAN_POINT('',(31.746822109504,57.200000004085,
    2.917732931695));
#1710 = CARTESIAN_POINT('',(34.016689923197,62.399999984753,
    2.828641851602));
#1711 = CARTESIAN_POINT('',(36.286557623791,67.600000056902,
    2.739550762978));
#1712 = CARTESIAN_POINT('',(38.556425746478,72.799999787638,
    2.650459706194));
#1713 = CARTESIAN_POINT('',(40.82629229389,78.000000792547,
    2.561368530583));
#1714 = CARTESIAN_POINT('',(43.09616472031,83.199997042173,
    2.472277798439));
#1715 = CARTESIAN_POINT('',(45.366015205974,88.400011038761,
    2.383185411253));
#1716 = CARTESIAN_POINT('',(47.635947575655,93.599958802784,
    2.29409920077));
#1717 = CARTESIAN_POINT('',(49.905574350021,98.800153750105,
    2.204989938515));
#1718 = CARTESIAN_POINT('',(52.176341621632,103.99942619679,
    2.115966706644));
#1719 = CARTESIAN_POINT('',(54.442852499579,109.2021414627,
    2.026622405012));
#1720 = CARTESIAN_POINT('',(56.725248454936,114.39200795239,
    1.938476352036));
#1721 = CARTESIAN_POINT('',(58.948360494317,119.62982672772,
    1.845858374198));
#1722 = CARTESIAN_POINT('',(61.392723120189,124.68868513672,
    1.769929847155));
#1723 = CARTESIAN_POINT('',(62.793714626512,129.64537960419,
    1.65030058678));
#1724 = CARTESIAN_POINT('',(65.751156488625,132.35498380788,
    1.684636560898));
#1725 = CARTESIAN_POINT('',(67.883883202066,134.71015034913,
    1.83181897096));
#1726 = CARTESIAN_POINT('',(70.064447735116,136.902703882,2.245189332901
    ));
#1727 = CARTESIAN_POINT('',(72.206294981182,138.97602418859,
    2.988386706839));
#1728 = CARTESIAN_POINT('',(74.336342845522,140.85691553561,
    4.095728671017));
#1729 = CARTESIAN_POINT('',(76.452182023095,142.48728662708,
    5.558960179921));
#1730 = CARTESIAN_POINT('',(78.559094812941,143.81483762621,
    7.336130289139));
#1731 = CARTESIAN_POINT('',(80.660374031275,144.82035353511,
    9.363277247865));
#1732 = CARTESIAN_POINT('',(82.759715158615,145.53066263599,
    11.574152096312));
#1733 = CARTESIAN_POINT('',(84.860802326442,146.0209292436,
    13.912836808309));
#1734 = CARTESIAN_POINT('',(86.96330844952,146.43244433376,
    16.35367351755));
#1735 = CARTESIAN_POINT('',(89.078270472471,146.84136769523,
    18.793447308488));
#1736 = CARTESIAN_POINT('',(91.206398893895,147.24282478748,
    21.236625549466));
#1737 = CARTESIAN_POINT('',(93.351091862167,147.63541516569,
    23.681189071435));
#1738 = CARTESIAN_POINT('',(95.515851668505,148.01670230122,
    26.128152883464));
#1739 = CARTESIAN_POINT('',(97.704295546351,148.38552610152,
    28.576669120171));
#1740 = CARTESIAN_POINT('',(99.158846229081,148.61600286627,
    30.18787395568));
#1741 = CARTESIAN_POINT('',(99.88945322641,148.72985241322,
    30.990270194051));
#1742 = CARTESIAN_POINT('',(5.358940618778,0.,3.520690913609));
#1743 = CARTESIAN_POINT('',(6.12637732624,1.733333612002,3.493866597481)
  );
#1744 = CARTESIAN_POINT('',(7.661250312451,5.199999870641,3.440217980486
    ));
#1745 = CARTESIAN_POINT('',(9.963560136416,10.400000034673,
    3.359745042725));
#1746 = CARTESIAN_POINT('',(12.26586986801,15.599999990706,
    3.279272108252));
#1747 = CARTESIAN_POINT('',(14.568179624364,20.800000002491,
    3.198799172897));
#1748 = CARTESIAN_POINT('',(16.870489374078,25.999999999334,
    3.118326237779));
#1749 = CARTESIAN_POINT('',(19.172799125583,31.200000000173,
    3.037853302598));
#1750 = CARTESIAN_POINT('',(21.475108876569,36.399999999973,
    2.957380367431));
#1751 = CARTESIAN_POINT('',(23.777418627836,41.599999999935,
    2.87690743227));
#1752 = CARTESIAN_POINT('',(26.079728378498,46.800000000288,
    2.79643449707));
#1753 = CARTESIAN_POINT('',(28.3820381313,51.999999998912,2.715961562022
    ));
#1754 = CARTESIAN_POINT('',(30.684347876148,57.200000004064,
    2.635488626406));
#1755 = CARTESIAN_POINT('',(32.986657650672,62.399999984831,
    2.555015692907));
#1756 = CARTESIAN_POINT('',(35.288967314446,67.600000056611,
    2.474542751509));
#1757 = CARTESIAN_POINT('',(37.591277391544,72.799999788725,
    2.39406983959));
#1758 = CARTESIAN_POINT('',(39.893585926099,78.000000788488,
    2.313596817655));
#1759 = CARTESIAN_POINT('',(42.195900217499,83.199997057323,
    2.233124206305));
#1760 = CARTESIAN_POINT('',(44.498193024062,88.400010982222,
    2.152650062633));
#1761 = CARTESIAN_POINT('',(46.800566013128,93.599959013791,
    2.072181637661));
#1762 = CARTESIAN_POINT('',(49.102639757018,98.800152962614,
    1.991691870213));
#1763 = CARTESIAN_POINT('',(51.405830299107,103.99942913575,
    1.911281753968));
#1764 = CARTESIAN_POINT('',(53.704852893579,109.20213049437,
    1.830574375385));
#1765 = CARTESIAN_POINT('',(56.019430480322,114.39204888673,
    1.750976394953));
#1766 = CARTESIAN_POINT('',(58.275956045594,119.62967395867,
    1.667238084257));
#1767 = CARTESIAN_POINT('',(60.749134704481,124.68925527855,
    1.598951696464));
#1768 = CARTESIAN_POINT('',(62.18991836389,129.64361458727,
    1.489934450311));
#1769 = CARTESIAN_POINT('',(65.143629664267,132.358652493,1.523183299973
    ));
#1770 = CARTESIAN_POINT('',(67.286610005893,134.73026569266,
    1.673995326822));
#1771 = CARTESIAN_POINT('',(69.480315071455,136.94517584957,
    2.095185824267));
#1772 = CARTESIAN_POINT('',(71.639923328205,139.04319607015,
    2.852689224992));
#1773 = CARTESIAN_POINT('',(73.79095798992,140.9465766513,3.98061885689)
  );
#1774 = CARTESIAN_POINT('',(75.930428593744,142.59374644789,
    5.468730503952));
#1775 = CARTESIAN_POINT('',(78.062825981173,143.93065995275,
    7.271614971009));
#1776 = CARTESIAN_POINT('',(80.190708815858,144.93845452642,
    9.321618834168));
#1777 = CARTESIAN_POINT('',(82.317023011344,145.6458463292,
    11.549457258337));
#1778 = CARTESIAN_POINT('',(84.444708073143,146.13045262643,
    13.897791637973));
#1779 = CARTESIAN_POINT('',(86.572645712541,146.53519573497,
    16.339138616377));
#1780 = CARTESIAN_POINT('',(88.711219049096,146.93793006649,
    18.779902110352));
#1781 = CARTESIAN_POINT('',(90.860353316626,147.33385512618,
    21.223824320876));
#1782 = CARTESIAN_POINT('',(93.022696484217,147.72180457451,
    23.66905269846));
#1783 = CARTESIAN_POINT('',(95.20100000203,148.09952636528,
    26.116500859631));
#1784 = CARTESIAN_POINT('',(97.398131310202,148.46607283918,
    28.565392961749));
#1785 = CARTESIAN_POINT('',(98.854701717059,148.69599812825,
    30.176534434607));
#1786 = CARTESIAN_POINT('',(99.585309838969,148.80986124618,
    30.979025685883));
#1787 = CARTESIAN_POINT('',(4.095399004706,0.,3.120604931387));
#1788 = CARTESIAN_POINT('',(4.872462696282,1.733333612281,3.096828890044
    ));
#1789 = CARTESIAN_POINT('',(6.426589649377,5.199999870511,3.049276820419
    ));
#1790 = CARTESIAN_POINT('',(8.75778042475,10.400000034708,2.977948705483
    ));
#1791 = CARTESIAN_POINT('',(11.088971107461,15.599999990697,
    2.90662059336));
#1792 = CARTESIAN_POINT('',(13.42016181501,20.800000002493,
    2.835292480483));
#1793 = CARTESIAN_POINT('',(15.751352515899,25.999999999333,
    2.763964367808));
#1794 = CARTESIAN_POINT('',(18.082543218583,31.200000000174,
    2.69263625508));
#1795 = CARTESIAN_POINT('',(20.413733920749,36.399999999973,
    2.621308142364));
#1796 = CARTESIAN_POINT('',(22.744924623193,41.599999999935,
    2.549980029653));
#1797 = CARTESIAN_POINT('',(25.076115325042,46.800000000287,
    2.478651916907));
#1798 = CARTESIAN_POINT('',(27.407306028991,51.999999998918,
    2.407323804299));
#1799 = CARTESIAN_POINT('',(29.738496725136,57.200000004042,
    2.335995691172));
#1800 = CARTESIAN_POINT('',(32.069687450397,62.399999984914,
    2.264667579982));
#1801 = CARTESIAN_POINT('',(34.400878067,67.600000056302,2.193339461565)
  );
#1802 = CARTESIAN_POINT('',(36.732069089118,72.79999978988,
    2.122011370121));
#1803 = CARTESIAN_POINT('',(39.063258597834,78.000000784181,
    2.05068317801));
#1804 = CARTESIAN_POINT('',(41.394453754641,83.199997073398,
    1.979355361591));
#1805 = CARTESIAN_POINT('',(43.725627832487,88.400010922227,
    1.908026143073));
#1806 = CARTESIAN_POINT('',(46.056880578088,93.599959237694,
    1.83670215726));
#1807 = CARTESIAN_POINT('',(48.387839731628,98.800152126999,
    1.765358642726));
#1808 = CARTESIAN_POINT('',(50.719894585658,103.99943225431,
    1.69408801037));
#1809 = CARTESIAN_POINT('',(53.047860229787,109.20211885575,
    1.622545378025));
#1810 = CARTESIAN_POINT('',(55.391087013032,114.39209232267,
    1.552017863457));
#1811 = CARTESIAN_POINT('',(57.677358449714,119.62951185355,
    1.47770187777));
#1812 = CARTESIAN_POINT('',(60.176190133531,124.68986026312,
    1.417524658781));
#1813 = CARTESIAN_POINT('',(61.652398137942,129.64174170591,
    1.319767952623));
#1814 = CARTESIAN_POINT('',(64.602788363792,132.36254538031,
    1.351863241034));
#1815 = CARTESIAN_POINT('',(66.754896838333,134.75161033333,
    1.506526699302));
#1816 = CARTESIAN_POINT('',(68.960300058457,136.99024338147,
    1.936015239584));
#1817 = CARTESIAN_POINT('',(71.135719778557,139.11447298734,
    2.708698942882));
#1818 = CARTESIAN_POINT('',(73.305437610017,141.04171717394,
    3.858474404509));
#1819 = CARTESIAN_POINT('',(75.465945723285,142.70671228501,
    5.372986674955));
#1820 = CARTESIAN_POINT('',(77.621030377098,144.05356046089,
    7.203156966251));
#1821 = CARTESIAN_POINT('',(79.772596667209,145.06377295404,
    9.277414574377));
#1822 = CARTESIAN_POINT('',(81.922923216831,145.76806917559,
    11.523253259279));
#1823 = CARTESIAN_POINT('',(84.074286639799,146.24666924723,
    13.881827021005));
#1824 = CARTESIAN_POINT('',(86.224864290805,146.64422652201,
    16.323715452351));
#1825 = CARTESIAN_POINT('',(88.384457231856,147.0403935971,
    18.765529132504));
#1826 = CARTESIAN_POINT('',(90.552291626888,147.43044854822,
    21.210240778344));
#1827 = CARTESIAN_POINT('',(92.730347610041,147.81347344883,
    23.656174642479));
#1828 = CARTESIAN_POINT('',(94.920708205037,148.18741200579,
    26.104136752508));
#1829 = CARTESIAN_POINT('',(97.125573367402,148.55154198905,
    28.553427690185));
#1830 = CARTESIAN_POINT('',(98.58394179062,148.78088207832,
    30.164501927875));
#1831 = CARTESIAN_POINT('',(99.314550921668,148.89475961181,
    30.967093998713));
#1832 = CARTESIAN_POINT('',(2.99352061651,0.,2.702682453504));
#1833 = CARTESIAN_POINT('',(3.778979575528,1.733333613079,2.682090583925
    ));
#1834 = CARTESIAN_POINT('',(5.349897051271,5.199999870141,2.640906856083
    ));
#1835 = CARTESIAN_POINT('',(7.706273620453,10.400000034807,
    2.579131255223));
#1836 = CARTESIAN_POINT('',(10.062650094337,15.59999999067,
    2.517355656802));
#1837 = CARTESIAN_POINT('',(12.419026593766,20.8000000025,2.455580057726
    ));
#1838 = CARTESIAN_POINT('',(14.775403086345,25.999999999331,
    2.393804458826));
#1839 = CARTESIAN_POINT('',(17.13177958077,31.200000000174,
    2.332028859879));
#1840 = CARTESIAN_POINT('',(19.488156074663,36.399999999973,
    2.270253260943));
#1841 = CARTESIAN_POINT('',(21.844532568836,41.599999999936,
    2.208477662012));
#1842 = CARTESIAN_POINT('',(24.200909062423,46.800000000285,
    2.146702063048));
#1843 = CARTESIAN_POINT('',(26.557285558075,51.999999998924,
    2.08492646421));
#1844 = CARTESIAN_POINT('',(28.913662046053,57.200000004019,
    2.023150864903));
#1845 = CARTESIAN_POINT('',(31.270038562659,62.399999985001,
    1.961375267345));
#1846 = CARTESIAN_POINT('',(33.626414972431,67.600000055979,
    1.899599663261));
#1847 = CARTESIAN_POINT('',(35.982791780909,72.799999791085,
    1.837824083533));
#1848 = CARTESIAN_POINT('',(38.339167101397,78.000000779681,
    1.776048412905));
#1849 = CARTESIAN_POINT('',(40.695547975137,83.19999709019,1.71427308152
    ));
#1850 = CARTESIAN_POINT('',(43.051908123861,88.400010859558,
    1.652496484064));
#1851 = CARTESIAN_POINT('',(45.408345619397,93.599959471578,
    1.590724611652));
#1852 = CARTESIAN_POINT('',(47.7644944527,98.80015125413,1.528935105134)
  );
#1853 = CARTESIAN_POINT('',(50.121720588123,103.9994355119,
    1.467211409993));
#1854 = CARTESIAN_POINT('',(52.474926177301,109.20210669826,
    1.405242103451));
#1855 = CARTESIAN_POINT('',(54.843136649339,114.39213769505,
    1.344189431137));
#1856 = CARTESIAN_POINT('',(57.155348136179,119.6293425215,
    1.279715833312));
#1857 = CARTESIAN_POINT('',(59.676550680953,124.6904922189,
    1.228009303301));
#1858 = CARTESIAN_POINT('',(61.183650679531,129.63978532839,
    1.142015150661));
#1859 = CARTESIAN_POINT('',(64.131144744143,132.36661181898,
    1.172905450148));
#1860 = CARTESIAN_POINT('',(66.29121345701,134.77390655343,
    1.331592043026));
#1861 = CARTESIAN_POINT('',(68.506818116922,137.03732009858,
    1.769748566638));
#1862 = CARTESIAN_POINT('',(70.696026310275,139.18892754753,
    2.558289335537));
#1863 = CARTESIAN_POINT('',(72.882036902287,141.14109921863,
    3.73088455016));
#1864 = CARTESIAN_POINT('',(75.060890890943,142.82471432623,
    5.272974427502));
#1865 = CARTESIAN_POINT('',(77.235760099721,144.18194007721,
    7.13164699027));
#1866 = CARTESIAN_POINT('',(79.407979676911,145.19467828469,
    9.23123961548));
#1867 = CARTESIAN_POINT('',(81.579246331534,145.89574091888,
    11.495881042546));
#1868 = CARTESIAN_POINT('',(83.751258599106,146.36806699745,
    13.865150674975));
#1869 = CARTESIAN_POINT('',(85.921579596293,146.7581180821,
    16.307604698132));
#1870 = CARTESIAN_POINT('',(88.099502798622,147.14742512156,
    18.750515383501));
#1871 = CARTESIAN_POINT('',(90.283644742314,147.53134826508,
    21.196051658986));
#1872 = CARTESIAN_POINT('',(92.475403172365,147.90922907302,
    23.642722461452));
#1873 = CARTESIAN_POINT('',(94.67627820763,148.27921573507,
    26.09122143295));
#1874 = CARTESIAN_POINT('',(96.88788771975,148.64082148984,
    28.540928987245));
#1875 = CARTESIAN_POINT('',(98.347824113429,148.86955030725,
    30.151932991522));
#1876 = CARTESIAN_POINT('',(99.078434124197,148.98344288718,
    30.954630377168));
#1877 = CARTESIAN_POINT('',(2.057958986453,0.,2.271779739204));
#1878 = CARTESIAN_POINT('',(2.850546033148,1.733333613001,2.254470938554
    ));
#1879 = CARTESIAN_POINT('',(4.435719687477,5.199999870177,2.21985334639)
  );
#1880 = CARTESIAN_POINT('',(6.81348052194,10.400000034797,2.167926950798
    ));
#1881 = CARTESIAN_POINT('',(9.191241261801,15.599999990673,
    2.116000557176));
#1882 = CARTESIAN_POINT('',(11.56900202702,20.8000000025,2.064074163025)
  );
#1883 = CARTESIAN_POINT('',(13.94676278544,25.999999999331,
    2.012147769016));
#1884 = CARTESIAN_POINT('',(16.324523545692,31.200000000174,
    1.960221374969));
#1885 = CARTESIAN_POINT('',(18.702284305416,36.399999999972,
    1.908294980931));
#1886 = CARTESIAN_POINT('',(21.080045065417,41.599999999936,
    1.856368586898));
#1887 = CARTESIAN_POINT('',(23.45780582484,46.800000000283,
    1.804442192835));
#1888 = CARTESIAN_POINT('',(25.835566586298,51.99999999893,
    1.752515798884));
#1889 = CARTESIAN_POINT('',(28.213327340194,57.200000003995,
    1.700589404517));
#1890 = CARTESIAN_POINT('',(30.591088122302,62.39999998509,
    1.648663011704));
#1891 = CARTESIAN_POINT('',(32.968848799126,67.600000055645,
    1.596736613088));
#1892 = CARTESIAN_POINT('',(35.346609868874,72.799999792328,
    1.544810236131));
#1893 = CARTESIAN_POINT('',(37.724369472209,78.000000775042,
    1.492883778343));
#1894 = CARTESIAN_POINT('',(40.102134548271,83.199997107504,
    1.440957622218));
#1895 = CARTESIAN_POINT('',(42.479879199839,88.400010794942,
    1.389030340273));
#1896 = CARTESIAN_POINT('',(44.857700076657,93.599959712727,
    1.337107259944));
#1897 = CARTESIAN_POINT('',(47.235236476967,98.800150354151,
    1.28516849897));
#1898 = CARTESIAN_POINT('',(49.613834558062,103.99943887067,
    1.233288258961));
#1899 = CARTESIAN_POINT('',(51.988470392523,109.20209416316,
    1.181189615739));
#1900 = CARTESIAN_POINT('',(54.377893532732,114.39218447666,1.1299060644
    ));
#1901 = CARTESIAN_POINT('',(56.712129696586,119.62916793019,
    1.075580548743));
#1902 = CARTESIAN_POINT('',(59.252326460112,124.69114380257,
    1.032607798478));
#1903 = CARTESIAN_POINT('',(60.785655636728,129.63776818783,
    0.958741532003));
#1904 = CARTESIAN_POINT('',(63.730690684665,132.370804557,0.988389416867
    ));
#1905 = CARTESIAN_POINT('',(65.897518123018,134.79689527088,
    1.151224098721));
#1906 = CARTESIAN_POINT('',(68.121784424485,137.08585896944,
    1.598317824187));
#1907 = CARTESIAN_POINT('',(70.32269986852,139.26569458873,
    2.403208162612));
#1908 = CARTESIAN_POINT('',(72.522544003131,141.24356796602,
    3.599331887967));
#1909 = CARTESIAN_POINT('',(74.716974753493,142.94638138782,
    5.16985590392));
#1910 = CARTESIAN_POINT('',(76.908642250259,144.31430703057,
    7.057915988994));
#1911 = CARTESIAN_POINT('',(79.09839772173,145.32964939843,
    9.183630510503));
#1912 = CARTESIAN_POINT('',(81.287443796459,146.0273780134,
    11.467658673301));
#1913 = CARTESIAN_POINT('',(83.47698818638,146.49323523522,
    13.847956379025));
#1914 = CARTESIAN_POINT('',(85.664072482798,146.8755469953,
    16.290993560684));
#1915 = CARTESIAN_POINT('',(87.857559189499,147.2577809336,
    18.735035323106));
#1916 = CARTESIAN_POINT('',(90.055547231821,147.63538182185,
    21.18142184038));
#1917 = CARTESIAN_POINT('',(92.258939870835,148.00795876736,
    23.628852469687));
#1918 = CARTESIAN_POINT('',(94.468742304534,148.37387079132,
    26.077904977115));
#1919 = CARTESIAN_POINT('',(96.686078177125,148.73287392329,
    28.528042087309));
#1920 = CARTESIAN_POINT('',(98.147345877534,148.96097246906,
    30.13897367781));
#1921 = CARTESIAN_POINT('',(98.877956632042,149.07488057262,
    30.941779648533));
#1922 = CARTESIAN_POINT('',(1.29184440499,0.,1.832579038854));
#1923 = CARTESIAN_POINT('',(2.090268516374,1.733333610965,1.818616529635
    ));
#1924 = CARTESIAN_POINT('',(3.687116295886,5.199999871122,1.790691519012
    ));
#1925 = CARTESIAN_POINT('',(6.082388321495,10.400000034544,
    1.748803996797));
#1926 = CARTESIAN_POINT('',(8.477660251599,15.599999990741,
    1.706916476265));
#1927 = CARTESIAN_POINT('',(10.872932207302,20.800000002481,
    1.665028955281));
#1928 = CARTESIAN_POINT('',(13.268204156142,25.999999999336,
    1.623141434418));
#1929 = CARTESIAN_POINT('',(15.663476106831,31.200000000173,
    1.581253913524));
#1930 = CARTESIAN_POINT('',(18.058748056988,36.399999999973,
    1.539366392636));
#1931 = CARTESIAN_POINT('',(20.454020007421,41.599999999936,
    1.497478871753));
#1932 = CARTESIAN_POINT('',(22.849291957283,46.800000000282,
    1.455591350845));
#1933 = CARTESIAN_POINT('',(25.244563909155,51.999999998937,
    1.413703830033));
#1934 = CARTESIAN_POINT('',(27.639835853556,57.200000003971,
    1.371816308858));
#1935 = CARTESIAN_POINT('',(30.035107825829,62.399999985181,
    1.329928789041));
#1936 = CARTESIAN_POINT('',(32.430379694087,67.600000055306,
    1.288041264157));
#1937 = CARTESIAN_POINT('',(34.825651950535,72.799999793595,
    1.246153758182));
#1938 = CARTESIAN_POINT('',(37.220922758238,78.000000770313,
    1.204266181639));
#1939 = CARTESIAN_POINT('',(39.616198972728,83.199997125151,
    1.162378868455));
#1940 = CARTESIAN_POINT('',(42.011455008816,88.400010729082,
    1.120490572405));
#1941 = CARTESIAN_POINT('',(44.406786351728,93.599959958519,
    1.078605944463));
#1942 = CARTESIAN_POINT('',(46.801836645744,98.800149436841,
    1.036707626954));
#1943 = CARTESIAN_POINT('',(49.197935828517,103.99944229411,
    0.994860399603));
#1944 = CARTESIAN_POINT('',(51.59012050516,109.20208138668,
    0.952822501185));
#1945 = CARTESIAN_POINT('',(53.996914317567,114.39223215914,
    0.911496196881));
#1946 = CARTESIAN_POINT('',(56.349186093048,119.62898997673,
    0.867514187187));
#1947 = CARTESIAN_POINT('',(58.904936880469,124.69180793393,
    0.833443404938));
#1948 = CARTESIAN_POINT('',(60.45974465893,129.63571220276,
    0.771938573935));
#1949 = CARTESIAN_POINT('',(63.402766062368,132.37507803548,
    0.800320118731));
#1950 = CARTESIAN_POINT('',(65.575128099383,134.82032668699,
    0.967382770202));
#1951 = CARTESIAN_POINT('',(67.806487263236,137.13533256375,
    1.423585803136));
#1952 = CARTESIAN_POINT('',(70.016989564159,139.34393994932,
    2.245140558256));
#1953 = CARTESIAN_POINT('',(72.228161737839,141.34800997606,
    3.465245887923));
#1954 = CARTESIAN_POINT('',(74.435348018026,143.07039141812,
    5.064751604798));
#1955 = CARTESIAN_POINT('',(76.640771330506,144.44922300275,
    6.982765134002));
#1956 = CARTESIAN_POINT('',(78.844886630209,145.46721967987,
    9.135104586774));
#1957 = CARTESIAN_POINT('',(81.048491952083,146.1615500717,
    11.438892819834));
#1958 = CARTESIAN_POINT('',(83.252393081469,146.6208138646,
    13.830430968827));
#1959 = CARTESIAN_POINT('',(85.453204541935,146.99523726229,
    16.274062538997));
#1960 = CARTESIAN_POINT('',(87.65943592228,147.37026189118,
    18.719257159867));
#1961 = CARTESIAN_POINT('',(89.868762285531,147.74141877525,
    21.166510292215));
#1962 = CARTESIAN_POINT('',(92.081681969077,148.10858972029,
    23.614715380524));
#1963 = CARTESIAN_POINT('',(94.298794887941,148.47034864152,
    26.064332083392));
#1964 = CARTESIAN_POINT('',(96.520819976937,148.8266990255,
    28.514907021725));
#1965 = CARTESIAN_POINT('',(97.983177853135,149.05415517748,
    30.125764803477));
#1966 = CARTESIAN_POINT('',(98.713789221728,149.16807909319,
    30.92868145066));
#1967 = CARTESIAN_POINT('',(0.696768229588,0.,1.387121955606));
#1968 = CARTESIAN_POINT('',(1.499726256085,1.733333611767,1.376553405694
    ));
#1969 = CARTESIAN_POINT('',(3.105641860988,5.19999987075,1.355416311686)
  );
#1970 = CARTESIAN_POINT('',(5.51451562857,10.400000034644,1.323710665998
    ));
#1971 = CARTESIAN_POINT('',(7.923389299606,15.599999990714,
    1.292005021564));
#1972 = CARTESIAN_POINT('',(10.332262996521,20.800000002489,
    1.260299376793));
#1973 = CARTESIAN_POINT('',(12.741136686496,25.999999999334,
    1.228593732113));
#1974 = CARTESIAN_POINT('',(15.150010378341,31.200000000173,
    1.196888087408));
#1975 = CARTESIAN_POINT('',(17.55888406965,36.399999999972,
    1.165182442709));
#1976 = CARTESIAN_POINT('',(19.967757761234,41.599999999937,
    1.133476798013));
#1977 = CARTESIAN_POINT('',(22.376631452252,46.80000000028,
    1.101771153296));
#1978 = CARTESIAN_POINT('',(24.785505145261,51.999999998944,
    1.070065508662));
#1979 = CARTESIAN_POINT('',(27.194378830871,57.200000003946,
    1.038359863718));
#1980 = CARTESIAN_POINT('',(29.603252544088,62.399999985273,
    1.006654219931));
#1981 = CARTESIAN_POINT('',(32.012126154274,67.600000054962,
    0.974948571825));
#1982 = CARTESIAN_POINT('',(34.421000148974,72.79999979488,
    0.943242939839));
#1983 = CARTESIAN_POINT('',(36.829872708653,78.000000765518,
    0.911537247695));
#1984 = CARTESIAN_POINT('',(39.2387506239,83.199997143049,0.879831780059
    ));
#1985 = CARTESIAN_POINT('',(41.647608551896,88.400010662284,
    0.848125474547));
#1986 = CARTESIAN_POINT('',(44.056541073332,93.599960207813,
    0.816422296035));
#1987 = CARTESIAN_POINT('',(46.465195208256,98.800148506463,
    0.784707447397));
#1988 = CARTESIAN_POINT('',(48.874888295785,103.99944576633,
    0.753036152262));
#1989 = CARTESIAN_POINT('',(51.280703959411,109.2020684282,
    0.721202313244));
#1990 = CARTESIAN_POINT('',(53.700990366041,114.39228052086,
    0.689975096254));
#1991 = CARTESIAN_POINT('',(56.067271224559,119.62880948833,
    0.656483935034));
#1992 = CARTESIAN_POINT('',(58.635103532519,124.69248152579,
    0.631441928707));
#1993 = CARTESIAN_POINT('',(60.206594721724,129.63362693033,
    0.582474620949));
#1994 = CARTESIAN_POINT('',(63.148052035539,132.37941238935,
    0.609571786753));
#1995 = CARTESIAN_POINT('',(65.32471304804,134.84409188197,
    0.780922634968));
#1996 = CARTESIAN_POINT('',(67.56158156196,137.18551090591,
    1.246364736811));
#1997 = CARTESIAN_POINT('',(69.779530412353,139.42329990954,
    2.084821292062));
#1998 = CARTESIAN_POINT('',(71.999501591204,141.45393975514,
    3.329249842297));
#1999 = CARTESIAN_POINT('',(74.21659567381,143.19616796253,
    4.958150102373));
#2000 = CARTESIAN_POINT('',(76.432703756431,144.58606084342,
    6.906543760399));
#2001 = CARTESIAN_POINT('',(78.647972990376,145.60674964024,
    9.085887414695));
#2002 = CARTESIAN_POINT('',(80.862887144269,146.29763340148,
    11.409717198821));
#2003 = CARTESIAN_POINT('',(83.07793980871,146.75020984254,
    13.812655910401));
#2004 = CARTESIAN_POINT('',(85.289413784263,147.11663250866,
    16.256890336105));
#2005 = CARTESIAN_POINT('',(87.505544534516,147.48434513205,
    18.70325423781));
#2006 = CARTESIAN_POINT('',(89.723677889406,147.84896621748,
    21.1513863301));
#2007 = CARTESIAN_POINT('',(91.943997663137,148.21065415426,
    23.60037690953));
#2008 = CARTESIAN_POINT('',(94.16678897076,148.568200811,26.050565844742
    ));
#2009 = CARTESIAN_POINT('',(96.392456383833,148.92186066298,
    28.501584848129));
#2010 = CARTESIAN_POINT('',(97.855661060599,149.14866525962,
    30.112367769515));
#2011 = CARTESIAN_POINT('',(98.586272898428,149.26260522009,
    30.915396669884));
#2012 = CARTESIAN_POINT('',(0.272305998031,0.,0.93763587761));
#2013 = CARTESIAN_POINT('',(1.078498023231,1.733333612752,0.930491984051
    ));
#2014 = CARTESIAN_POINT('',(2.690881622947,5.199999870293,0.916204200944
    ));
#2015 = CARTESIAN_POINT('',(5.109457384835,10.400000034766,
    0.894772523061));
#2016 = CARTESIAN_POINT('',(7.528033049617,15.599999990681,
    0.873340846041));
#2017 = CARTESIAN_POINT('',(9.946608740427,20.800000002497,
    0.851909168789));
#2018 = CARTESIAN_POINT('',(12.365184424258,25.999999999332,0.8304774916
    ));
#2019 = CARTESIAN_POINT('',(14.78376010997,31.200000000174,
    0.809045814394));
#2020 = CARTESIAN_POINT('',(17.202335795142,36.399999999972,
    0.787614137191));
#2021 = CARTESIAN_POINT('',(19.62091148059,41.599999999938,
    0.766182459993));
#2022 = CARTESIAN_POINT('',(22.039487165475,46.800000000278,
    0.744750782776));
#2023 = CARTESIAN_POINT('',(24.458062852337,51.99999999895,
    0.723319105627));
#2024 = CARTESIAN_POINT('',(26.876638531851,57.200000003921,
    0.701887428223));
#2025 = CARTESIAN_POINT('',(29.295214238783,62.399999985366,
    0.680455751774));
#2026 = CARTESIAN_POINT('',(31.713789843389,67.600000054614,
    0.65902407176));
#2027 = CARTESIAN_POINT('',(34.132365829884,72.799999796177,
    0.63759240505));
#2028 = CARTESIAN_POINT('',(36.550940391147,78.000000760678,
    0.616160688687));
#2029 = CARTESIAN_POINT('',(38.969520271446,83.19999716111,
    0.594729157632));
#2030 = CARTESIAN_POINT('',(41.388080300838,88.400010594882,
    0.573296935001));
#2031 = CARTESIAN_POINT('',(43.806714414821,93.599960459362,
    0.551867293368));
#2032 = CARTESIAN_POINT('',(46.225072041346,98.800147567671,
    0.530428019315));
#2033 = CARTESIAN_POINT('',(48.64446153311,103.99944926995,
    0.509024693942));
#2034 = CARTESIAN_POINT('',(51.060000051377,109.20205535251,
    0.487487206272));
#2035 = CARTESIAN_POINT('',(53.489910598394,114.39232932,0.46645041911)
  );
#2036 = CARTESIAN_POINT('',(55.866184003907,119.62862736748,
    0.443544992213));
#2037 = CARTESIAN_POINT('',(58.442633946686,124.69316121004,
    0.42761342375));
#2038 = CARTESIAN_POINT('',(60.026025255652,129.63152279738,
    0.391297036503));
#2039 = CARTESIAN_POINT('',(62.966366919068,132.38378594585,
    0.417098206581));
#2040 = CARTESIAN_POINT('',(65.146094350295,134.86807202436,
    0.592776036695));
#2041 = CARTESIAN_POINT('',(67.386892631732,137.23614309264,
    1.067540771412));
#2042 = CARTESIAN_POINT('',(69.610153035732,139.50337765127,
    1.923051997333));
#2043 = CARTESIAN_POINT('',(71.836400462104,141.56082762994,
    3.192023762681));
#2044 = CARTESIAN_POINT('',(74.060561686865,143.32308210932,
    4.850584428741));
#2045 = CARTESIAN_POINT('',(76.284291115399,144.72413633179,
    6.82963299263));
#2046 = CARTESIAN_POINT('',(78.507516345593,145.74754159755,
    9.036225091478));
#2047 = CARTESIAN_POINT('',(80.730496982859,146.4349475547,
    11.380277695094));
#2048 = CARTESIAN_POINT('',(82.953503932231,146.88077615929,
    13.794720083138));
#2049 = CARTESIAN_POINT('',(85.172583379376,147.23912573019,
    16.239562816981));
#2050 = CARTESIAN_POINT('',(87.395775256961,147.59946021367,
    18.687106575234));
#2051 = CARTESIAN_POINT('',(89.620190556015,147.95748638664,
    21.136125577336));
#2052 = CARTESIAN_POINT('',(91.845788744492,148.31364172314,
    23.585908752359));
#2053 = CARTESIAN_POINT('',(94.072630392915,148.66693801788,
    26.036675095567));
#2054 = CARTESIAN_POINT('',(96.300895843088,149.01788299971,
    28.488142180322));
#2055 = CARTESIAN_POINT('',(97.764704530541,149.2440301563,
    30.098849564492));
#2056 = CARTESIAN_POINT('',(98.495316705951,149.35798630089,
    30.901991733174));
#2057 = CARTESIAN_POINT('',(2.269432840369E-02,0.,0.469895332869));
#2058 = CARTESIAN_POINT('',(0.830788155331,1.733333608586,0.46631517738)
  );
#2059 = CARTESIAN_POINT('',(2.446975363594,5.199999872226,0.459154868384
    ));
#2060 = CARTESIAN_POINT('',(4.871256534207,10.400000034248,
    0.448414403296));
#2061 = CARTESIAN_POINT('',(7.295537608813,15.59999999082,0.437673938634
    ));
#2062 = CARTESIAN_POINT('',(9.719818709152,20.80000000246,0.426933473859
    ));
#2063 = CARTESIAN_POINT('',(12.144099802592,25.999999999342,
    0.416193009114));
#2064 = CARTESIAN_POINT('',(14.56838089789,31.200000000171,
    0.405452544361));
#2065 = CARTESIAN_POINT('',(16.992661992655,36.399999999973,
    0.39471207961));
#2066 = CARTESIAN_POINT('',(19.416943087694,41.599999999938,
    0.383971614861));
#2067 = CARTESIAN_POINT('',(21.841224182172,46.800000000276,
    0.373231150099));
#2068 = CARTESIAN_POINT('',(24.26550527862,51.999999998957,0.36249068539
    ));
#2069 = CARTESIAN_POINT('',(26.689786367748,57.200000003895,
    0.351750220481));
#2070 = CARTESIAN_POINT('',(29.114067484185,62.399999985463,
    0.341009756317));
#2071 = CARTESIAN_POINT('',(31.538348498708,67.600000054253,
    0.330269289373));
#2072 = CARTESIAN_POINT('',(33.962629893577,72.799999797526,
    0.319528832805));
#2073 = CARTESIAN_POINT('',(36.386909868973,78.000000755643,
    0.308788337514));
#2074 = CARTESIAN_POINT('',(38.811195141919,83.199997179904,
    0.298047986738));
#2075 = CARTESIAN_POINT('',(41.235460644138,88.400010524743,
    0.287307096627));
#2076 = CARTESIAN_POINT('',(43.659799931712,93.599960721126,
    0.276568219339));
#2077 = CARTESIAN_POINT('',(46.083863848596,98.800146590753,
    0.265821830093));
#2078 = CARTESIAN_POINT('',(48.508955462883,103.99945291586,
    0.255103475857));
#2079 = CARTESIAN_POINT('',(50.930211658248,109.20204174579,
    0.244280493539));
#2080 = CARTESIAN_POINT('',(53.365781831899,114.39238010095,
    0.233847988539));
#2081 = CARTESIAN_POINT('',(55.747931511328,119.62843785037,
    0.22195820235));
#2082 = CARTESIAN_POINT('',(58.329449189361,124.69386849754,
    0.215507063599));
#2083 = CARTESIAN_POINT('',(59.919838550312,129.62933321168,
    0.192355374307));
#2084 = CARTESIAN_POINT('',(62.859524138022,132.38833712063,
    0.216807915859));
#2085 = CARTESIAN_POINT('',(65.041054824854,134.89302604499,
    0.396988454666));
#2086 = CARTESIAN_POINT('',(67.284164067687,137.28883154676,
    0.881454431739));
#2087 = CARTESIAN_POINT('',(69.510548014055,139.58670749924,
    1.754712950268));
#2088 = CARTESIAN_POINT('',(71.740486286175,141.67205642041,
    3.049224676403));
#2089 = CARTESIAN_POINT('',(73.968803454673,143.45515047597,
    4.738650312774));
#2090 = CARTESIAN_POINT('',(76.197014735152,144.8678193229,
    6.749598735345));
#2091 = CARTESIAN_POINT('',(78.424918613667,145.89405137846,
    8.984545888824));
#2092 = CARTESIAN_POINT('',(80.652642872941,146.57783829142,
    11.349642598292));
#2093 = CARTESIAN_POINT('',(82.880327464268,147.01664501732,
    13.776055848527));
#2094 = CARTESIAN_POINT('',(85.103879428214,147.36659362957,
    16.221531595035));
#2095 = CARTESIAN_POINT('',(87.331223712427,147.71925033314,
    18.670303126007));
#2096 = CARTESIAN_POINT('',(89.559333207222,148.07041376199,
    21.120245056985));
#2097 = CARTESIAN_POINT('',(91.788035450265,148.42081180896,
    23.570853016366));
#2098 = CARTESIAN_POINT('',(94.017258965004,148.76968512679,
    26.022220217251));
#2099 = CARTESIAN_POINT('',(96.247052231966,149.11780498171,
    28.474153580535));
#2100 = CARTESIAN_POINT('',(97.711216116497,149.3432680005,
    30.084782360437));
#2101 = CARTESIAN_POINT('',(98.441828491031,149.45724098501,
    30.888042397019));
#2102 = CARTESIAN_POINT('',(-1.603127355084E-02,-0.,0.154326918711));
#2103 = CARTESIAN_POINT('',(0.792357607103,1.733333612532,0.153151094377
    ));
#2104 = CARTESIAN_POINT('',(2.409134917549,5.199999870395,0.150799446373
    ));
#2105 = CARTESIAN_POINT('',(4.834301245674,10.400000034739,
    0.147271973832));
#2106 = CARTESIAN_POINT('',(7.259467476656,15.599999990689,
    0.143744501435));
#2107 = CARTESIAN_POINT('',(9.684633733676,20.800000002495,
    0.140217028999));
#2108 = CARTESIAN_POINT('',(12.109799983714,25.999999999332,
    0.136689556573));
#2109 = CARTESIAN_POINT('',(14.534966235633,31.200000000174,
    0.133162084145));
#2110 = CARTESIAN_POINT('',(16.960132487013,36.399999999972,
    0.129634611717));
#2111 = CARTESIAN_POINT('',(19.385298738668,41.599999999938,
    0.126107139292));
#2112 = CARTESIAN_POINT('',(21.810464989762,46.800000000275,
    0.122579666855));
#2113 = CARTESIAN_POINT('',(24.235631242826,51.999999998962,
    0.119052194461));
#2114 = CARTESIAN_POINT('',(26.660797488574,57.200000003877,
    0.115524721906));
#2115 = CARTESIAN_POINT('',(29.085963761613,62.399999985528,
    0.111997249954));
#2116 = CARTESIAN_POINT('',(31.511129932802,67.600000054009,
    0.108469775751));
#2117 = CARTESIAN_POINT('',(33.9362964841,72.799999798437,0.104942309948
    ));
#2118 = CARTESIAN_POINT('',(36.361461616816,78.000000752245,
    0.101414812797));
#2119 = CARTESIAN_POINT('',(38.786632043749,83.199997192583,
    9.788743263861E-02));
#2120 = CARTESIAN_POINT('',(41.211782712395,88.400010477422,
    9.435961585822E-02));
#2121 = CARTESIAN_POINT('',(43.637007119971,93.59996089773,
    9.083342857233E-02));
#2122 = CARTESIAN_POINT('',(46.061956330116,98.80014593166,
    8.730115993018E-02));
#2123 = CARTESIAN_POINT('',(48.487932591052,103.99945537563,
    8.379158721854E-02));
#2124 = CARTESIAN_POINT('',(50.910075846256,109.20203256581,
    8.019731214112E-02));
#2125 = CARTESIAN_POINT('',(53.3465240736,114.39241436111,
    7.691915059632E-02));
#2126 = CARTESIAN_POINT('',(55.729585418116,119.62830998971,
    7.24612372868E-02));
#2127 = CARTESIAN_POINT('',(58.311889321803,124.69434568001,
    7.240621750356E-02));
#2128 = CARTESIAN_POINT('',(59.903364384301,129.62785597371,
    5.813629589879E-02));
#2129 = CARTESIAN_POINT('',(62.842948186198,132.39140764129,
    8.167896429516E-02));
#2130 = CARTESIAN_POINT('',(65.024758636227,134.9098616621,
    0.264897325369));
#2131 = CARTESIAN_POINT('',(67.268226409457,137.32437862965,
    0.755908396085));
#2132 = CARTESIAN_POINT('',(69.495094952794,139.64292727379,
    1.64114040087));
#2133 = CARTESIAN_POINT('',(71.725605835256,141.74709864929,
    2.952883057729));
#2134 = CARTESIAN_POINT('',(73.954567770976,143.54425244819,
    4.663132225101));
#2135 = CARTESIAN_POINT('',(76.183474381184,144.96475728168,
    6.695602382167));
#2136 = CARTESIAN_POINT('',(78.412104121085,145.99289647482,8.9496797131
    ));
#2137 = CARTESIAN_POINT('',(80.640564321983,146.67424174348,
    11.32897415502));
#2138 = CARTESIAN_POINT('',(82.868974618565,147.10831105002,
    13.763463733124));
#2139 = CARTESIAN_POINT('',(85.093220463954,147.45259182519,
    16.209366551447));
#2140 = CARTESIAN_POINT('',(87.32120896663,147.80006859546,
    18.65896641833));
#2141 = CARTESIAN_POINT('',(89.549891591497,148.14660196746,
    21.109531017585));
#2142 = CARTESIAN_POINT('',(91.779075408103,148.49311576999,
    23.560695430552));
#2143 = CARTESIAN_POINT('',(94.008668453673,148.83900505689,
    26.012468009291));
#2144 = CARTESIAN_POINT('',(96.238698751308,149.18521889977,28.464715955
    ));
#2145 = CARTESIAN_POINT('',(97.702917742347,149.41022034505,
    30.075291702339));
#2146 = CARTESIAN_POINT('',(98.433530147755,149.52420469731,
    30.878631260998));
#2147 = CARTESIAN_POINT('',(0.,0.,0.));
#2148 = CARTESIAN_POINT('',(0.80826673777,1.733333612002,0.));
#2149 = CARTESIAN_POINT('',(2.42479976192,5.199999870641,
    -1.818756980169E-16));
#2150 = CARTESIAN_POINT('',(4.849599661025,10.400000034673,
    6.365649430658E-16));
#2151 = CARTESIAN_POINT('',(7.274399462872,15.599999990706,
    -2.364384074238E-15));
#2152 = CARTESIAN_POINT('',(9.699199290789,20.800000002491,
    8.820971353893E-15));
#2153 = CARTESIAN_POINT('',(12.123999111716,25.999999999334,
    -3.291950134133E-14));
#2154 = CARTESIAN_POINT('',(14.548798934526,31.200000000174,
    1.228570340114E-13));
#2155 = CARTESIAN_POINT('',(16.973598756796,36.399999999972,
    -4.585086347044E-13));
#2156 = CARTESIAN_POINT('',(19.398398579342,41.599999999938,
    1.711177504806E-12));
#2157 = CARTESIAN_POINT('',(21.823198401326,46.800000000274,
    -6.38620138452E-12));
#2158 = CARTESIAN_POINT('',(24.247998225279,51.999999998964,
    2.383362803327E-11));
#2159 = CARTESIAN_POINT('',(26.672798041916,57.200000003869,
    -8.894831074857E-11));
#2160 = CARTESIAN_POINT('',(29.097597885851,62.39999998556,
    3.31959614961E-10));
#2161 = CARTESIAN_POINT('',(31.52239762791,67.600000053889,
    -1.238890149095E-09));
#2162 = CARTESIAN_POINT('',(33.947197750176,72.799999798882,
    4.623600981421E-09));
#2163 = CARTESIAN_POINT('',(36.37199645349,78.000000750584,
    -1.725551377659E-08));
#2164 = CARTESIAN_POINT('',(38.796800452402,83.199997198784,
    6.439845412493E-08));
#2165 = CARTESIAN_POINT('',(41.221584687877,88.40001045428,
    -2.403383027231E-07));
#2166 = CARTESIAN_POINT('',(43.6464426815,93.599960984096,
    8.969547567676E-07));
#2167 = CARTESIAN_POINT('',(46.071025405969,98.800145609334,
    -3.347480724347E-06));
#2168 = CARTESIAN_POINT('',(48.496635448907,103.99945657856,
    1.249296814062E-05));
#2169 = CARTESIAN_POINT('',(50.918411487122,109.20202807639,
    -4.662439183814E-05));
#2170 = CARTESIAN_POINT('',(53.35449622576,114.39243111585,
    1.740045992119E-04));
#2171 = CARTESIAN_POINT('',(55.737180167429,119.62824746019,
    -6.493940050096E-04));
#2172 = CARTESIAN_POINT('',(58.31915859655,124.69457904336,
    2.423571420826E-03));
#2173 = CARTESIAN_POINT('',(59.910184210166,129.62713353898,
    -7.502772758628E-03));
#2174 = CARTESIAN_POINT('',(62.849810148431,132.39290926177,
    1.559492740213E-02));
#2175 = CARTESIAN_POINT('',(65.031504784628,134.91809502386,
    0.20029891799));
#2176 = CARTESIAN_POINT('',(67.274824136695,137.34176272617,
    0.694510829124));
#2177 = CARTESIAN_POINT('',(69.501492070973,139.67042123132,
    1.585598398526));
#2178 = CARTESIAN_POINT('',(71.731765909398,141.7837976199,
    2.905767742994));
#2179 = CARTESIAN_POINT('',(73.96046093023,143.58782725545,
    4.626200538485));
#2180 = CARTESIAN_POINT('',(76.189079694142,145.01216423312,
    6.669195776075));
#2181 = CARTESIAN_POINT('',(78.417408948528,146.04123610093,
    8.932628610311));
#2182 = CARTESIAN_POINT('',(80.645564490986,146.72138729748,
    11.318866371663));
#2183 = CARTESIAN_POINT('',(82.873674366686,147.1531397963,
    13.75730563148));
#2184 = CARTESIAN_POINT('',(85.097632965328,147.49464874835,
    16.203417306818));
#2185 = CARTESIAN_POINT('',(87.325354780285,147.83959230198,
    18.653422266615));
#2186 = CARTESIAN_POINT('',(89.553800145963,148.18386137147,
    21.104291378217));
#2187 = CARTESIAN_POINT('',(91.78278460511,148.52847560592,
    23.555727921588));
#2188 = CARTESIAN_POINT('',(94.012224675667,148.87290557219,
    26.007698748129));
#2189 = CARTESIAN_POINT('',(96.242156849451,149.21818728104,
    28.460100538202));
#2190 = CARTESIAN_POINT('',(97.706353028107,149.44296302147,
    30.070650351195));
#2191 = CARTESIAN_POINT('',(98.436965420659,149.55695291582,
    30.874028799033));
#2192 = DEFINITIONAL_REPRESENTATION('',(#2193),#2197);
#2193 = LINE('',#2194,#2195);
#2194 = CARTESIAN_POINT('',(0.,0.));
#2195 = VECTOR('',#2196,1.);
#2196 = DIRECTION('',(1.,0.));
#2197 = ( GEOMETRIC_REPRESENTATION_CONTEXT(2) 
PARAMETRIC_REPRESENTATION_CONTEXT() REPRESENTATION_CONTEXT('2D SPACE',''
  ) );
#2198 = PCURVE('',#2199,#2204);
#2199 = PLANE('',#2200);
#2200 = AXIS2_PLACEMENT_3D('',#2201,#2202,#2203);
#2201 = CARTESIAN_POINT('',(70.,0.,-1.163152258676E-15));
#2202 = DIRECTION('',(0.,1.,0.));
#2203 = DIRECTION('',(-1.,0.,1.661646083822E-17));
#2204 = DEFINITIONAL_REPRESENTATION('',(#2205),#2253);
#2205 = B_SPLINE_CURVE_WITH_KNOTS('',3,(#2206,#2207,#2208,#2209,#2210,
    #2211,#2212,#2213,#2214,#2215,#2216,#2217,#2218,#2219,#2220,#2221,
    #2222,#2223,#2224,#2225,#2226,#2227,#2228,#2229,#2230,#2231,#2232,
    #2233,#2234,#2235,#2236,#2237,#2238,#2239,#2240,#2241,#2242,#2243,
    #2244,#2245,#2246,#2247,#2248,#2249,#2250,#2251,#2252),
  .UNSPECIFIED.,.F.,.F.,(4,1,1,1,1,1,1,1,1,1,1,1,1,1,1,1,1,1,1,1,1,1,1,1
    ,1,1,1,1,1,1,1,1,1,1,1,1,1,1,1,1,1,1,1,1,4),(0.,1.254956588655E-03,
    5.013258042861E-03,1.125524629923E-02,1.994831234723E-02,
    3.104712176402E-02,4.449391904138E-02,6.021890099618E-02,
    7.814064890659E-02,9.816660946618E-02,0.120193616026,0.144108443623,
    0.169788393653,0.19710190642,0.225909201994,0.256062951565,
    0.287408982857,0.319787023978,0.353031490349,0.386972319074,
    0.421435854087,0.456245783643,0.491224129199,0.526192281396,
    0.560972075084,0.595436158676,0.629586848814,0.663028746494,
    0.695594486647,0.727122299999,0.757457075469,0.786451400201,
    0.81396659126,0.839873754231,0.864054935332,0.886404482466,
    0.906830812748,0.925258934134,0.941634364655,0.955929713143,
    0.968156548194,0.978388219222,0.986805462839,0.993782843249,1.),
  .UNSPECIFIED.);
#2206 = CARTESIAN_POINT('',(0.,0.));
#2207 = CARTESIAN_POINT('',(2.943758663594E-02,6.292622550819E-03));
#2208 = CARTESIAN_POINT('',(0.147038607542,3.140797387568E-02));
#2209 = CARTESIAN_POINT('',(0.411106644836,8.759551346569E-02));
#2210 = CARTESIAN_POINT('',(0.849825097904,0.180259264655));
#2211 = CARTESIAN_POINT('',(1.461104202946,0.307956630618));
#2212 = CARTESIAN_POINT('',(2.24202395716,0.468727151141));
#2213 = CARTESIAN_POINT('',(3.188840600091,0.660146998158));
#2214 = CARTESIAN_POINT('',(4.296995991982,0.879392802784));
#2215 = CARTESIAN_POINT('',(5.56113048976,1.123310860247));
#2216 = CARTESIAN_POINT('',(6.975099877557,1.388487622008));
#2217 = CARTESIAN_POINT('',(8.531996801628,1.671317583268));
#2218 = CARTESIAN_POINT('',(10.224177000633,1.968065200302));
#2219 = CARTESIAN_POINT('',(12.04329043483,2.274918275883));
#2220 = CARTESIAN_POINT('',(13.980317225769,2.588031263645));
#2221 = CARTESIAN_POINT('',(16.025608146462,2.903558068289));
#2222 = CARTESIAN_POINT('',(18.168929270522,3.217675075483));
#2223 = CARTESIAN_POINT('',(20.3995103143,3.526596149954));
#2224 = CARTESIAN_POINT('',(22.706096184478,3.826582407155));
#2225 = CARTESIAN_POINT('',(25.077001312354,4.113949373031));
#2226 = CARTESIAN_POINT('',(27.500166347329,4.385077473133));
#2227 = CARTESIAN_POINT('',(29.963217286572,4.636419860331));
#2228 = CARTESIAN_POINT('',(32.453525775893,4.864546440324));
#2229 = CARTESIAN_POINT('',(34.958275017708,5.066089971254));
#2230 = CARTESIAN_POINT('',(37.464514732036,5.238108216773));
#2231 = CARTESIAN_POINT('',(39.960447431131,5.37701176932));
#2232 = CARTESIAN_POINT('',(42.438403723417,5.483073972855));
#2233 = CARTESIAN_POINT('',(44.885902729252,5.541767833527));
#2234 = CARTESIAN_POINT('',(47.288566939345,5.549498277437));
#2235 = CARTESIAN_POINT('',(49.627943870874,5.506231291654));
#2236 = CARTESIAN_POINT('',(51.891254283596,5.412163564669));
#2237 = CARTESIAN_POINT('',(54.066126626429,5.268455728395));
#2238 = CARTESIAN_POINT('',(56.140697379847,5.077015567336));
#2239 = CARTESIAN_POINT('',(58.10370725267,4.840527436813));
#2240 = CARTESIAN_POINT('',(59.94459291355,4.562383927071));
#2241 = CARTESIAN_POINT('',(61.65357239314,4.246607026958));
#2242 = CARTESIAN_POINT('',(63.221723573164,3.897734832926));
#2243 = CARTESIAN_POINT('',(64.641059381222,3.520690913609));
#2244 = CARTESIAN_POINT('',(65.904600995294,3.120604931387));
#2245 = CARTESIAN_POINT('',(67.00647938349,2.702682453504));
#2246 = CARTESIAN_POINT('',(67.942041013547,2.271779739204));
#2247 = CARTESIAN_POINT('',(68.70815559501,1.832579038854));
#2248 = CARTESIAN_POINT('',(69.303231770412,1.387121955606));
#2249 = CARTESIAN_POINT('',(69.727694001969,0.93763587761));
#2250 = CARTESIAN_POINT('',(69.977305671596,0.469895332869));
#2251 = CARTESIAN_POINT('',(70.016031273551,0.154326918711));
#2252 = CARTESIAN_POINT('',(70.,0.));
#2253 = ( GEOMETRIC_REPRESENTATION_CONTEXT(2) 
PARAMETRIC_REPRESENTATION_CONTEXT() REPRESENTATION_CONTEXT('2D SPACE',''
  ) );
#2254 = ORIENTED_EDGE('',*,*,#2255,.T.);
#2255 = EDGE_CURVE('',#24,#2256,#2258,.T.);
#2256 = VERTEX_POINT('',#2257);
#2257 = CARTESIAN_POINT('',(98.436965420659,149.55695291582,
    30.874028799033));
#2258 = SURFACE_CURVE('',#2259,(#2305,#2312),.PCURVE_S1.);
#2259 = ( BOUNDED_CURVE() B_SPLINE_CURVE(3,(#2260,#2261,#2262,#2263,
    #2264,#2265,#2266,#2267,#2268,#2269,#2270,#2271,#2272,#2273,#2274,
    #2275,#2276,#2277,#2278,#2279,#2280,#2281,#2282,#2283,#2284,#2285,
    #2286,#2287,#2288,#2289,#2290,#2291,#2292,#2293,#2294,#2295,#2296,
    #2297,#2298,#2299,#2300,#2301,#2302,#2303,#2304),.UNSPECIFIED.,.F.,
.F.) B_SPLINE_CURVE_WITH_KNOTS((4,1,1,1,1,1,1,1,1,1,1,1,1,1,1,1,1,1,1,1,
    1,1,1,1,1,1,1,1,1,1,1,1,1,1,1,1,1,1,1,1,1,1,4),(0.,
    2.900131297246E-02,5.800262594491E-02,8.700393891737E-02,
    0.11600525189,0.145006564862,0.174007877835,0.203009190807,
    0.23201050378,0.261011816752,0.290013129725,0.319014442697,
    0.348015755669,0.377017068642,0.406018381614,0.435019694587,
    0.464021007559,0.493022320532,0.522023633504,0.551024946477,
    0.580026259449,0.609027572422,0.638028885394,0.667030198367,
    0.696031511339,0.725032824311,0.742335061381,0.759117460833,
    0.775491457371,0.791553830909,0.807387784336,0.823065100639,
    0.838648773393,0.85419567035,0.869758995487,0.885390500132,
    0.901135554835,0.916996390613,0.933015065352,0.949250630528,
0.96577175721,0.982657916868,1.),.UNSPECIFIED.) CURVE() 
GEOMETRIC_REPRESENTATION_ITEM() RATIONAL_B_SPLINE_CURVE((1.,
    0.999999999982,1.000000000008,0.999999999998,1.000000000001,1.,1.,1.
    ,1.,1.,1.,1.,1.,1.,1.,1.,1.,1.,1.,1.,1.,1.,1.,1.,1.,1.,1.,1.,1.,1.,
    1.,1.,1.,1.,1.,1.,1.,1.,1.,1.,1.000000000001,0.999999999998,
1.000000000008,0.999999999982,1.)) REPRESENTATION_ITEM('') );
#2260 = CARTESIAN_POINT('',(0.,0.,0.));
#2261 = CARTESIAN_POINT('',(0.80826673777,1.733333612002,0.));
#2262 = CARTESIAN_POINT('',(2.42479976192,5.199999870641,
    -1.818756980169E-16));
#2263 = CARTESIAN_POINT('',(4.849599661025,10.400000034673,
    6.365649430658E-16));
#2264 = CARTESIAN_POINT('',(7.274399462872,15.599999990706,
    -2.364384074238E-15));
#2265 = CARTESIAN_POINT('',(9.699199290789,20.800000002491,
    8.820971353893E-15));
#2266 = CARTESIAN_POINT('',(12.123999111716,25.999999999334,
    -3.291950134133E-14));
#2267 = CARTESIAN_POINT('',(14.548798934526,31.200000000174,
    1.228570340114E-13));
#2268 = CARTESIAN_POINT('',(16.973598756796,36.399999999972,
    -4.585086347044E-13));
#2269 = CARTESIAN_POINT('',(19.398398579342,41.599999999938,
    1.711177504806E-12));
#2270 = CARTESIAN_POINT('',(21.823198401326,46.800000000274,
    -6.38620138452E-12));
#2271 = CARTESIAN_POINT('',(24.247998225279,51.999999998964,
    2.383362803327E-11));
#2272 = CARTESIAN_POINT('',(26.672798041916,57.200000003869,
    -8.894831074857E-11));
#2273 = CARTESIAN_POINT('',(29.097597885851,62.39999998556,
    3.31959614961E-10));
#2274 = CARTESIAN_POINT('',(31.52239762791,67.600000053889,
    -1.238890149095E-09));
#2275 = CARTESIAN_POINT('',(33.947197750176,72.799999798882,
    4.623600981421E-09));
#2276 = CARTESIAN_POINT('',(36.37199645349,78.000000750584,
    -1.725551377659E-08));
#2277 = CARTESIAN_POINT('',(38.796800452402,83.199997198784,
    6.439845412493E-08));
#2278 = CARTESIAN_POINT('',(41.221584687877,88.40001045428,
    -2.403383027231E-07));
#2279 = CARTESIAN_POINT('',(43.6464426815,93.599960984096,
    8.969547567676E-07));
#2280 = CARTESIAN_POINT('',(46.071025405969,98.800145609334,
    -3.347480724347E-06));
#2281 = CARTESIAN_POINT('',(48.496635448907,103.99945657856,
    1.249296814062E-05));
#2282 = CARTESIAN_POINT('',(50.918411487122,109.20202807639,
    -4.662439183814E-05));
#2283 = CARTESIAN_POINT('',(53.35449622576,114.39243111585,
    1.740045992119E-04));
#2284 = CARTESIAN_POINT('',(55.737180167429,119.62824746019,
    -6.493940050096E-04));
#2285 = CARTESIAN_POINT('',(58.31915859655,124.69457904336,
    2.423571420826E-03));
#2286 = CARTESIAN_POINT('',(59.910184210166,129.62713353898,
    -7.502772758628E-03));
#2287 = CARTESIAN_POINT('',(62.849810148431,132.39290926177,
    1.559492740213E-02));
#2288 = CARTESIAN_POINT('',(65.031504784628,134.91809502386,
    0.20029891799));
#2289 = CARTESIAN_POINT('',(67.274824136695,137.34176272617,
    0.694510829124));
#2290 = CARTESIAN_POINT('',(69.501492070973,139.67042123132,
    1.585598398526));
#2291 = CARTESIAN_POINT('',(71.731765909398,141.7837976199,
    2.905767742994));
#2292 = CARTESIAN_POINT('',(73.96046093023,143.58782725545,
    4.626200538485));
#2293 = CARTESIAN_POINT('',(76.189079694142,145.01216423312,
    6.669195776075));
#2294 = CARTESIAN_POINT('',(78.417408948528,146.04123610093,
    8.932628610311));
#2295 = CARTESIAN_POINT('',(80.645564490986,146.72138729748,
    11.318866371663));
#2296 = CARTESIAN_POINT('',(82.873674366686,147.1531397963,
    13.75730563148));
#2297 = CARTESIAN_POINT('',(85.097632965328,147.49464874835,
    16.203417306818));
#2298 = CARTESIAN_POINT('',(87.325354780285,147.83959230198,
    18.653422266615));
#2299 = CARTESIAN_POINT('',(89.553800145963,148.18386137147,
    21.104291378217));
#2300 = CARTESIAN_POINT('',(91.78278460511,148.52847560592,
    23.555727921588));
#2301 = CARTESIAN_POINT('',(94.012224675667,148.87290557219,
    26.007698748129));
#2302 = CARTESIAN_POINT('',(96.242156849451,149.21818728104,
    28.460100538202));
#2303 = CARTESIAN_POINT('',(97.706353028107,149.44296302147,
    30.070650351195));
#2304 = CARTESIAN_POINT('',(98.436965420659,149.55695291582,
    30.874028799033));
#2305 = PCURVE('',#76,#2306);
#2306 = DEFINITIONAL_REPRESENTATION('',(#2307),#2311);
#2307 = LINE('',#2308,#2309);
#2308 = CARTESIAN_POINT('',(1.,0.));
#2309 = VECTOR('',#2310,1.);
#2310 = DIRECTION('',(0.,1.));
#2311 = ( GEOMETRIC_REPRESENTATION_CONTEXT(2) 
PARAMETRIC_REPRESENTATION_CONTEXT() REPRESENTATION_CONTEXT('2D SPACE',''
  ) );
#2312 = PCURVE('',#2313,#4429);
#2313 = ( BOUNDED_SURFACE() B_SPLINE_SURFACE(3,3,(
    (#2314,#2315,#2316,#2317,#2318,#2319,#2320,#2321,#2322,#2323,#2324
      ,#2325,#2326,#2327,#2328,#2329,#2330,#2331,#2332,#2333,#2334,#2335
      ,#2336,#2337,#2338,#2339,#2340,#2341,#2342,#2343,#2344,#2345,#2346
      ,#2347,#2348,#2349,#2350,#2351,#2352,#2353,#2354,#2355,#2356,#2357
      ,#2358)
    ,(#2359,#2360,#2361,#2362,#2363,#2364,#2365,#2366,#2367,#2368,#2369
      ,#2370,#2371,#2372,#2373,#2374,#2375,#2376,#2377,#2378,#2379,#2380
      ,#2381,#2382,#2383,#2384,#2385,#2386,#2387,#2388,#2389,#2390,#2391
      ,#2392,#2393,#2394,#2395,#2396,#2397,#2398,#2399,#2400,#2401,#2402
      ,#2403)
    ,(#2404,#2405,#2406,#2407,#2408,#2409,#2410,#2411,#2412,#2413,#2414
      ,#2415,#2416,#2417,#2418,#2419,#2420,#2421,#2422,#2423,#2424,#2425
      ,#2426,#2427,#2428,#2429,#2430,#2431,#2432,#2433,#2434,#2435,#2436
      ,#2437,#2438,#2439,#2440,#2441,#2442,#2443,#2444,#2445,#2446,#2447
      ,#2448)
    ,(#2449,#2450,#2451,#2452,#2453,#2454,#2455,#2456,#2457,#2458,#2459
      ,#2460,#2461,#2462,#2463,#2464,#2465,#2466,#2467,#2468,#2469,#2470
      ,#2471,#2472,#2473,#2474,#2475,#2476,#2477,#2478,#2479,#2480,#2481
      ,#2482,#2483,#2484,#2485,#2486,#2487,#2488,#2489,#2490,#2491,#2492
      ,#2493)
    ,(#2494,#2495,#2496,#2497,#2498,#2499,#2500,#2501,#2502,#2503,#2504
      ,#2505,#2506,#2507,#2508,#2509,#2510,#2511,#2512,#2513,#2514,#2515
      ,#2516,#2517,#2518,#2519,#2520,#2521,#2522,#2523,#2524,#2525,#2526
      ,#2527,#2528,#2529,#2530,#2531,#2532,#2533,#2534,#2535,#2536,#2537
      ,#2538)
    ,(#2539,#2540,#2541,#2542,#2543,#2544,#2545,#2546,#2547,#2548,#2549
      ,#2550,#2551,#2552,#2553,#2554,#2555,#2556,#2557,#2558,#2559,#2560
      ,#2561,#2562,#2563,#2564,#2565,#2566,#2567,#2568,#2569,#2570,#2571
      ,#2572,#2573,#2574,#2575,#2576,#2577,#2578,#2579,#2580,#2581,#2582
      ,#2583)
    ,(#2584,#2585,#2586,#2587,#2588,#2589,#2590,#2591,#2592,#2593,#2594
      ,#2595,#2596,#2597,#2598,#2599,#2600,#2601,#2602,#2603,#2604,#2605
      ,#2606,#2607,#2608,#2609,#2610,#2611,#2612,#2613,#2614,#2615,#2616
      ,#2617,#2618,#2619,#2620,#2621,#2622,#2623,#2624,#2625,#2626,#2627
      ,#2628)
    ,(#2629,#2630,#2631,#2632,#2633,#2634,#2635,#2636,#2637,#2638,#2639
      ,#2640,#2641,#2642,#2643,#2644,#2645,#2646,#2647,#2648,#2649,#2650
      ,#2651,#2652,#2653,#2654,#2655,#2656,#2657,#2658,#2659,#2660,#2661
      ,#2662,#2663,#2664,#2665,#2666,#2667,#2668,#2669,#2670,#2671,#2672
      ,#2673)
    ,(#2674,#2675,#2676,#2677,#2678,#2679,#2680,#2681,#2682,#2683,#2684
      ,#2685,#2686,#2687,#2688,#2689,#2690,#2691,#2692,#2693,#2694,#2695
      ,#2696,#2697,#2698,#2699,#2700,#2701,#2702,#2703,#2704,#2705,#2706
      ,#2707,#2708,#2709,#2710,#2711,#2712,#2713,#2714,#2715,#2716,#2717
      ,#2718)
    ,(#2719,#2720,#2721,#2722,#2723,#2724,#2725,#2726,#2727,#2728,#2729
      ,#2730,#2731,#2732,#2733,#2734,#2735,#2736,#2737,#2738,#2739,#2740
      ,#2741,#2742,#2743,#2744,#2745,#2746,#2747,#2748,#2749,#2750,#2751
      ,#2752,#2753,#2754,#2755,#2756,#2757,#2758,#2759,#2760,#2761,#2762
      ,#2763)
    ,(#2764,#2765,#2766,#2767,#2768,#2769,#2770,#2771,#2772,#2773,#2774
      ,#2775,#2776,#2777,#2778,#2779,#2780,#2781,#2782,#2783,#2784,#2785
      ,#2786,#2787,#2788,#2789,#2790,#2791,#2792,#2793,#2794,#2795,#2796
      ,#2797,#2798,#2799,#2800,#2801,#2802,#2803,#2804,#2805,#2806,#2807
      ,#2808)
    ,(#2809,#2810,#2811,#2812,#2813,#2814,#2815,#2816,#2817,#2818,#2819
      ,#2820,#2821,#2822,#2823,#2824,#2825,#2826,#2827,#2828,#2829,#2830
      ,#2831,#2832,#2833,#2834,#2835,#2836,#2837,#2838,#2839,#2840,#2841
      ,#2842,#2843,#2844,#2845,#2846,#2847,#2848,#2849,#2850,#2851,#2852
      ,#2853)
    ,(#2854,#2855,#2856,#2857,#2858,#2859,#2860,#2861,#2862,#2863,#2864
      ,#2865,#2866,#2867,#2868,#2869,#2870,#2871,#2872,#2873,#2874,#2875
      ,#2876,#2877,#2878,#2879,#2880,#2881,#2882,#2883,#2884,#2885,#2886
      ,#2887,#2888,#2889,#2890,#2891,#2892,#2893,#2894,#2895,#2896,#2897
      ,#2898)
    ,(#2899,#2900,#2901,#2902,#2903,#2904,#2905,#2906,#2907,#2908,#2909
      ,#2910,#2911,#2912,#2913,#2914,#2915,#2916,#2917,#2918,#2919,#2920
      ,#2921,#2922,#2923,#2924,#2925,#2926,#2927,#2928,#2929,#2930,#2931
      ,#2932,#2933,#2934,#2935,#2936,#2937,#2938,#2939,#2940,#2941,#2942
      ,#2943)
    ,(#2944,#2945,#2946,#2947,#2948,#2949,#2950,#2951,#2952,#2953,#2954
      ,#2955,#2956,#2957,#2958,#2959,#2960,#2961,#2962,#2963,#2964,#2965
      ,#2966,#2967,#2968,#2969,#2970,#2971,#2972,#2973,#2974,#2975,#2976
      ,#2977,#2978,#2979,#2980,#2981,#2982,#2983,#2984,#2985,#2986,#2987
      ,#2988)
    ,(#2989,#2990,#2991,#2992,#2993,#2994,#2995,#2996,#2997,#2998,#2999
      ,#3000,#3001,#3002,#3003,#3004,#3005,#3006,#3007,#3008,#3009,#3010
      ,#3011,#3012,#3013,#3014,#3015,#3016,#3017,#3018,#3019,#3020,#3021
      ,#3022,#3023,#3024,#3025,#3026,#3027,#3028,#3029,#3030,#3031,#3032
      ,#3033)
    ,(#3034,#3035,#3036,#3037,#3038,#3039,#3040,#3041,#3042,#3043,#3044
      ,#3045,#3046,#3047,#3048,#3049,#3050,#3051,#3052,#3053,#3054,#3055
      ,#3056,#3057,#3058,#3059,#3060,#3061,#3062,#3063,#3064,#3065,#3066
      ,#3067,#3068,#3069,#3070,#3071,#3072,#3073,#3074,#3075,#3076,#3077
      ,#3078)
    ,(#3079,#3080,#3081,#3082,#3083,#3084,#3085,#3086,#3087,#3088,#3089
      ,#3090,#3091,#3092,#3093,#3094,#3095,#3096,#3097,#3098,#3099,#3100
      ,#3101,#3102,#3103,#3104,#3105,#3106,#3107,#3108,#3109,#3110,#3111
      ,#3112,#3113,#3114,#3115,#3116,#3117,#3118,#3119,#3120,#3121,#3122
      ,#3123)
    ,(#3124,#3125,#3126,#3127,#3128,#3129,#3130,#3131,#3132,#3133,#3134
      ,#3135,#3136,#3137,#3138,#3139,#3140,#3141,#3142,#3143,#3144,#3145
      ,#3146,#3147,#3148,#3149,#3150,#3151,#3152,#3153,#3154,#3155,#3156
      ,#3157,#3158,#3159,#3160,#3161,#3162,#3163,#3164,#3165,#3166,#3167
      ,#3168)
    ,(#3169,#3170,#3171,#3172,#3173,#3174,#3175,#3176,#3177,#3178,#3179
      ,#3180,#3181,#3182,#3183,#3184,#3185,#3186,#3187,#3188,#3189,#3190
      ,#3191,#3192,#3193,#3194,#3195,#3196,#3197,#3198,#3199,#3200,#3201
      ,#3202,#3203,#3204,#3205,#3206,#3207,#3208,#3209,#3210,#3211,#3212
      ,#3213)
    ,(#3214,#3215,#3216,#3217,#3218,#3219,#3220,#3221,#3222,#3223,#3224
      ,#3225,#3226,#3227,#3228,#3229,#3230,#3231,#3232,#3233,#3234,#3235
      ,#3236,#3237,#3238,#3239,#3240,#3241,#3242,#3243,#3244,#3245,#3246
      ,#3247,#3248,#3249,#3250,#3251,#3252,#3253,#3254,#3255,#3256,#3257
      ,#3258)
    ,(#3259,#3260,#3261,#3262,#3263,#3264,#3265,#3266,#3267,#3268,#3269
      ,#3270,#3271,#3272,#3273,#3274,#3275,#3276,#3277,#3278,#3279,#3280
      ,#3281,#3282,#3283,#3284,#3285,#3286,#3287,#3288,#3289,#3290,#3291
      ,#3292,#3293,#3294,#3295,#3296,#3297,#3298,#3299,#3300,#3301,#3302
      ,#3303)
    ,(#3304,#3305,#3306,#3307,#3308,#3309,#3310,#3311,#3312,#3313,#3314
      ,#3315,#3316,#3317,#3318,#3319,#3320,#3321,#3322,#3323,#3324,#3325
      ,#3326,#3327,#3328,#3329,#3330,#3331,#3332,#3333,#3334,#3335,#3336
      ,#3337,#3338,#3339,#3340,#3341,#3342,#3343,#3344,#3345,#3346,#3347
      ,#3348)
    ,(#3349,#3350,#3351,#3352,#3353,#3354,#3355,#3356,#3357,#3358,#3359
      ,#3360,#3361,#3362,#3363,#3364,#3365,#3366,#3367,#3368,#3369,#3370
      ,#3371,#3372,#3373,#3374,#3375,#3376,#3377,#3378,#3379,#3380,#3381
      ,#3382,#3383,#3384,#3385,#3386,#3387,#3388,#3389,#3390,#3391,#3392
      ,#3393)
    ,(#3394,#3395,#3396,#3397,#3398,#3399,#3400,#3401,#3402,#3403,#3404
      ,#3405,#3406,#3407,#3408,#3409,#3410,#3411,#3412,#3413,#3414,#3415
      ,#3416,#3417,#3418,#3419,#3420,#3421,#3422,#3423,#3424,#3425,#3426
      ,#3427,#3428,#3429,#3430,#3431,#3432,#3433,#3434,#3435,#3436,#3437
      ,#3438)
    ,(#3439,#3440,#3441,#3442,#3443,#3444,#3445,#3446,#3447,#3448,#3449
      ,#3450,#3451,#3452,#3453,#3454,#3455,#3456,#3457,#3458,#3459,#3460
      ,#3461,#3462,#3463,#3464,#3465,#3466,#3467,#3468,#3469,#3470,#3471
      ,#3472,#3473,#3474,#3475,#3476,#3477,#3478,#3479,#3480,#3481,#3482
      ,#3483)
    ,(#3484,#3485,#3486,#3487,#3488,#3489,#3490,#3491,#3492,#3493,#3494
      ,#3495,#3496,#3497,#3498,#3499,#3500,#3501,#3502,#3503,#3504,#3505
      ,#3506,#3507,#3508,#3509,#3510,#3511,#3512,#3513,#3514,#3515,#3516
      ,#3517,#3518,#3519,#3520,#3521,#3522,#3523,#3524,#3525,#3526,#3527
      ,#3528)
    ,(#3529,#3530,#3531,#3532,#3533,#3534,#3535,#3536,#3537,#3538,#3539
      ,#3540,#3541,#3542,#3543,#3544,#3545,#3546,#3547,#3548,#3549,#3550
      ,#3551,#3552,#3553,#3554,#3555,#3556,#3557,#3558,#3559,#3560,#3561
      ,#3562,#3563,#3564,#3565,#3566,#3567,#3568,#3569,#3570,#3571,#3572
      ,#3573)
    ,(#3574,#3575,#3576,#3577,#3578,#3579,#3580,#3581,#3582,#3583,#3584
      ,#3585,#3586,#3587,#3588,#3589,#3590,#3591,#3592,#3593,#3594,#3595
      ,#3596,#3597,#3598,#3599,#3600,#3601,#3602,#3603,#3604,#3605,#3606
      ,#3607,#3608,#3609,#3610,#3611,#3612,#3613,#3614,#3615,#3616,#3617
      ,#3618)
    ,(#3619,#3620,#3621,#3622,#3623,#3624,#3625,#3626,#3627,#3628,#3629
      ,#3630,#3631,#3632,#3633,#3634,#3635,#3636,#3637,#3638,#3639,#3640
      ,#3641,#3642,#3643,#3644,#3645,#3646,#3647,#3648,#3649,#3650,#3651
      ,#3652,#3653,#3654,#3655,#3656,#3657,#3658,#3659,#3660,#3661,#3662
      ,#3663)
    ,(#3664,#3665,#3666,#3667,#3668,#3669,#3670,#3671,#3672,#3673,#3674
      ,#3675,#3676,#3677,#3678,#3679,#3680,#3681,#3682,#3683,#3684,#3685
      ,#3686,#3687,#3688,#3689,#3690,#3691,#3692,#3693,#3694,#3695,#3696
      ,#3697,#3698,#3699,#3700,#3701,#3702,#3703,#3704,#3705,#3706,#3707
      ,#3708)
    ,(#3709,#3710,#3711,#3712,#3713,#3714,#3715,#3716,#3717,#3718,#3719
      ,#3720,#3721,#3722,#3723,#3724,#3725,#3726,#3727,#3728,#3729,#3730
      ,#3731,#3732,#3733,#3734,#3735,#3736,#3737,#3738,#3739,#3740,#3741
      ,#3742,#3743,#3744,#3745,#3746,#3747,#3748,#3749,#3750,#3751,#3752
      ,#3753)
    ,(#3754,#3755,#3756,#3757,#3758,#3759,#3760,#3761,#3762,#3763,#3764
      ,#3765,#3766,#3767,#3768,#3769,#3770,#3771,#3772,#3773,#3774,#3775
      ,#3776,#3777,#3778,#3779,#3780,#3781,#3782,#3783,#3784,#3785,#3786
      ,#3787,#3788,#3789,#3790,#3791,#3792,#3793,#3794,#3795,#3796,#3797
      ,#3798)
    ,(#3799,#3800,#3801,#3802,#3803,#3804,#3805,#3806,#3807,#3808,#3809
      ,#3810,#3811,#3812,#3813,#3814,#3815,#3816,#3817,#3818,#3819,#3820
      ,#3821,#3822,#3823,#3824,#3825,#3826,#3827,#3828,#3829,#3830,#3831
      ,#3832,#3833,#3834,#3835,#3836,#3837,#3838,#3839,#3840,#3841,#3842
      ,#3843)
    ,(#3844,#3845,#3846,#3847,#3848,#3849,#3850,#3851,#3852,#3853,#3854
      ,#3855,#3856,#3857,#3858,#3859,#3860,#3861,#3862,#3863,#3864,#3865
      ,#3866,#3867,#3868,#3869,#3870,#3871,#3872,#3873,#3874,#3875,#3876
      ,#3877,#3878,#3879,#3880,#3881,#3882,#3883,#3884,#3885,#3886,#3887
      ,#3888)
    ,(#3889,#3890,#3891,#3892,#3893,#3894,#3895,#3896,#3897,#3898,#3899
      ,#3900,#3901,#3902,#3903,#3904,#3905,#3906,#3907,#3908,#3909,#3910
      ,#3911,#3912,#3913,#3914,#3915,#3916,#3917,#3918,#3919,#3920,#3921
      ,#3922,#3923,#3924,#3925,#3926,#3927,#3928,#3929,#3930,#3931,#3932
      ,#3933)
    ,(#3934,#3935,#3936,#3937,#3938,#3939,#3940,#3941,#3942,#3943,#3944
      ,#3945,#3946,#3947,#3948,#3949,#3950,#3951,#3952,#3953,#3954,#3955
      ,#3956,#3957,#3958,#3959,#3960,#3961,#3962,#3963,#3964,#3965,#3966
      ,#3967,#3968,#3969,#3970,#3971,#3972,#3973,#3974,#3975,#3976,#3977
      ,#3978)
    ,(#3979,#3980,#3981,#3982,#3983,#3984,#3985,#3986,#3987,#3988,#3989
      ,#3990,#3991,#3992,#3993,#3994,#3995,#3996,#3997,#3998,#3999,#4000
      ,#4001,#4002,#4003,#4004,#4005,#4006,#4007,#4008,#4009,#4010,#4011
      ,#4012,#4013,#4014,#4015,#4016,#4017,#4018,#4019,#4020,#4021,#4022
      ,#4023)
    ,(#4024,#4025,#4026,#4027,#4028,#4029,#4030,#4031,#4032,#4033,#4034
      ,#4035,#4036,#4037,#4038,#4039,#4040,#4041,#4042,#4043,#4044,#4045
      ,#4046,#4047,#4048,#4049,#4050,#4051,#4052,#4053,#4054,#4055,#4056
      ,#4057,#4058,#4059,#4060,#4061,#4062,#4063,#4064,#4065,#4066,#4067
      ,#4068)
    ,(#4069,#4070,#4071,#4072,#4073,#4074,#4075,#4076,#4077,#4078,#4079
      ,#4080,#4081,#4082,#4083,#4084,#4085,#4086,#4087,#4088,#4089,#4090
      ,#4091,#4092,#4093,#4094,#4095,#4096,#4097,#4098,#4099,#4100,#4101
      ,#4102,#4103,#4104,#4105,#4106,#4107,#4108,#4109,#4110,#4111,#4112
      ,#4113)
    ,(#4114,#4115,#4116,#4117,#4118,#4119,#4120,#4121,#4122,#4123,#4124
      ,#4125,#4126,#4127,#4128,#4129,#4130,#4131,#4132,#4133,#4134,#4135
      ,#4136,#4137,#4138,#4139,#4140,#4141,#4142,#4143,#4144,#4145,#4146
      ,#4147,#4148,#4149,#4150,#4151,#4152,#4153,#4154,#4155,#4156,#4157
      ,#4158)
    ,(#4159,#4160,#4161,#4162,#4163,#4164,#4165,#4166,#4167,#4168,#4169
      ,#4170,#4171,#4172,#4173,#4174,#4175,#4176,#4177,#4178,#4179,#4180
      ,#4181,#4182,#4183,#4184,#4185,#4186,#4187,#4188,#4189,#4190,#4191
      ,#4192,#4193,#4194,#4195,#4196,#4197,#4198,#4199,#4200,#4201,#4202
      ,#4203)
    ,(#4204,#4205,#4206,#4207,#4208,#4209,#4210,#4211,#4212,#4213,#4214
      ,#4215,#4216,#4217,#4218,#4219,#4220,#4221,#4222,#4223,#4224,#4225
      ,#4226,#4227,#4228,#4229,#4230,#4231,#4232,#4233,#4234,#4235,#4236
      ,#4237,#4238,#4239,#4240,#4241,#4242,#4243,#4244,#4245,#4246,#4247
      ,#4248)
    ,(#4249,#4250,#4251,#4252,#4253,#4254,#4255,#4256,#4257,#4258,#4259
      ,#4260,#4261,#4262,#4263,#4264,#4265,#4266,#4267,#4268,#4269,#4270
      ,#4271,#4272,#4273,#4274,#4275,#4276,#4277,#4278,#4279,#4280,#4281
      ,#4282,#4283,#4284,#4285,#4286,#4287,#4288,#4289,#4290,#4291,#4292
      ,#4293)
    ,(#4294,#4295,#4296,#4297,#4298,#4299,#4300,#4301,#4302,#4303,#4304
      ,#4305,#4306,#4307,#4308,#4309,#4310,#4311,#4312,#4313,#4314,#4315
      ,#4316,#4317,#4318,#4319,#4320,#4321,#4322,#4323,#4324,#4325,#4326
      ,#4327,#4328,#4329,#4330,#4331,#4332,#4333,#4334,#4335,#4336,#4337
      ,#4338)
    ,(#4339,#4340,#4341,#4342,#4343,#4344,#4345,#4346,#4347,#4348,#4349
      ,#4350,#4351,#4352,#4353,#4354,#4355,#4356,#4357,#4358,#4359,#4360
      ,#4361,#4362,#4363,#4364,#4365,#4366,#4367,#4368,#4369,#4370,#4371
      ,#4372,#4373,#4374,#4375,#4376,#4377,#4378,#4379,#4380,#4381,#4382
      ,#4383)
    ,(#4384,#4385,#4386,#4387,#4388,#4389,#4390,#4391,#4392,#4393,#4394
      ,#4395,#4396,#4397,#4398,#4399,#4400,#4401,#4402,#4403,#4404,#4405
      ,#4406,#4407,#4408,#4409,#4410,#4411,#4412,#4413,#4414,#4415,#4416
      ,#4417,#4418,#4419,#4420,#4421,#4422,#4423,#4424,#4425,#4426,#4427
,#4428
    )),.UNSPECIFIED.,.F.,.F.,.F.) B_SPLINE_SURFACE_WITH_KNOTS((4,1,1,1,1
    ,1,1,1,1,1,1,1,1,1,1,1,1,1,1,1,1,1,1,1,1,1,1,1,1,1,1,1,1,1,1,1,1,1,1
    ,1,1,1,1,1,4),(4,1,1,1,1,1,1,1,1,1,1,1,1,1,1,1,1,1,1,1,1,1,1,1,1,1,1
    ,1,1,1,1,1,1,1,1,1,1,1,1,1,1,1,4),(1.,1.006306272119,1.013374840337,
    1.021878472168,1.032180969574,1.044452099658,1.058755159554,
    1.075093119796,1.093431814394,1.113712075531,1.13585648416,
    1.159773361275,1.185359262256,1.212500620141,1.241074892928,
    1.270951425024,1.301992155141,1.334052256939,1.36698076855,
    1.400621245402,1.435038952021,1.469885112111,1.504935691107,
    1.540014560117,1.574944533616,1.609548394557,1.643649903707,
    1.677074783173,1.709651667609,1.74121301989,1.771596010901,
    1.800643365189,1.828204175673,1.854134691185,1.878299080448,
    1.900570175159,1.920830193118,1.93897144,1.954896985468,
    1.968521306216,1.979770885524,1.988584756409,1.994914973922,
    1.998727001814,2.),(0.,2.900131297246E-02,5.800262594491E-02,
    8.700393891737E-02,0.11600525189,0.145006564862,0.174007877835,
    0.203009190807,0.23201050378,0.261011816752,0.290013129725,
    0.319014442697,0.348015755669,0.377017068642,0.406018381614,
    0.435019694587,0.464021007559,0.493022320532,0.522023633504,
    0.551024946477,0.580026259449,0.609027572422,0.638028885394,
    0.667030198367,0.696031511339,0.725032824311,0.742335061381,
    0.759117460833,0.775491457371,0.791553830909,0.807387784336,
    0.823065100639,0.838648773393,0.85419567035,0.869758995487,
    0.885390500132,0.901135554835,0.916996390613,0.933015065352,
    0.949250630528,0.96577175721,0.982657916868,1.),.UNSPECIFIED.) 
GEOMETRIC_REPRESENTATION_ITEM() RATIONAL_B_SPLINE_SURFACE((
    (1.,0.999999999982,1.000000000008,0.999999999998,1.000000000001,1.
      ,1.,1.,1.,1.,1.,1.,1.,1.,1.,1.,1.,1.,1.,1.,1.,1.,1.,1.,1.,1.,1.,1.
      ,1.,1.,1.,1.,1.,1.,1.,1.,1.,1.,1.,1.,1.000000000001,0.999999999998
      ,1.000000000008,0.999999999982,1.)
    ,(1.,0.999999999982,1.000000000008,0.999999999998,1.000000000001,1.
      ,1.,1.,1.,1.,1.,1.,1.,1.,1.,1.,1.,1.,1.,1.,1.,1.,1.,1.,1.,1.,1.,1.
      ,1.,1.,1.,1.,1.,1.,1.,1.,1.,1.,1.,1.,1.000000000001,0.999999999998
      ,1.000000000008,0.999999999982,1.)
    ,(1.,0.999999999982,1.000000000008,0.999999999998,1.000000000001,1.
      ,1.,1.,1.,1.,1.,1.,1.,1.,1.,1.,1.,1.,1.,1.,1.,1.,1.,1.,1.,1.,1.,1.
      ,1.,1.,1.,1.,1.,1.,1.,1.,1.,1.,1.,1.,1.000000000001,0.999999999998
      ,1.000000000008,0.999999999982,1.)
    ,(1.,0.999999999982,1.000000000008,0.999999999998,1.000000000001,1.
      ,1.,1.,1.,1.,1.,1.,1.,1.,1.,1.,1.,1.,1.,1.,1.,1.,1.,1.,1.,1.,1.,1.
      ,1.,1.,1.,1.,1.,1.,1.,1.,1.,1.,1.,1.,1.000000000001,0.999999999998
      ,1.000000000008,0.999999999982,1.)
    ,(1.,0.999999999982,1.000000000008,0.999999999998,1.000000000001,1.
      ,1.,1.,1.,1.,1.,1.,1.,1.,1.,1.,1.,1.,1.,1.,1.,1.,1.,1.,1.,1.,1.,1.
      ,1.,1.,1.,1.,1.,1.,1.,1.,1.,1.,1.,1.,1.000000000001,0.999999999998
      ,1.000000000008,0.999999999982,1.)
    ,(1.,0.999999999982,1.000000000008,0.999999999998,1.000000000001,1.
      ,1.,1.,1.,1.,1.,1.,1.,1.,1.,1.,1.,1.,1.,1.,1.,1.,1.,1.,1.,1.,1.,1.
      ,1.,1.,1.,1.,1.,1.,1.,1.,1.,1.,1.,1.,1.000000000001,0.999999999998
      ,1.000000000008,0.999999999982,1.)
    ,(1.,0.999999999982,1.000000000008,0.999999999998,1.000000000001,1.
      ,1.,1.,1.,1.,1.,1.,1.,1.,1.,1.,1.,1.,1.,1.,1.,1.,1.,1.,1.,1.,1.,1.
      ,1.,1.,1.,1.,1.,1.,1.,1.,1.,1.,1.,1.,1.000000000001,0.999999999998
      ,1.000000000008,0.999999999982,1.)
    ,(1.,0.999999999982,1.000000000008,0.999999999998,1.000000000001,1.
      ,1.,1.,1.,1.,1.,1.,1.,1.,1.,1.,1.,1.,1.,1.,1.,1.,1.,1.,1.,1.,1.,1.
      ,1.,1.,1.,1.,1.,1.,1.,1.,1.,1.,1.,1.,1.000000000001,0.999999999998
      ,1.000000000008,0.999999999982,1.)
    ,(1.,0.999999999982,1.000000000008,0.999999999998,1.000000000001,1.
      ,1.,1.,1.,1.,1.,1.,1.,1.,1.,1.,1.,1.,1.,1.,1.,1.,1.,1.,1.,1.,1.,1.
      ,1.,1.,1.,1.,1.,1.,1.,1.,1.,1.,1.,1.,1.000000000001,0.999999999998
      ,1.000000000008,0.999999999982,1.)
    ,(1.,0.999999999982,1.000000000008,0.999999999998,1.000000000001,1.
      ,1.,1.,1.,1.,1.,1.,1.,1.,1.,1.,1.,1.,1.,1.,1.,1.,1.,1.,1.,1.,1.,1.
      ,1.,1.,1.,1.,1.,1.,1.,1.,1.,1.,1.,1.,1.000000000001,0.999999999998
      ,1.000000000008,0.999999999982,1.)
    ,(1.,0.999999999982,1.000000000008,0.999999999998,1.000000000001,1.
      ,1.,1.,1.,1.,1.,1.,1.,1.,1.,1.,1.,1.,1.,1.,1.,1.,1.,1.,1.,1.,1.,1.
      ,1.,1.,1.,1.,1.,1.,1.,1.,1.,1.,1.,1.,1.000000000001,0.999999999998
      ,1.000000000008,0.999999999982,1.)
    ,(1.,0.999999999982,1.000000000008,0.999999999998,1.000000000001,1.
      ,1.,1.,1.,1.,1.,1.,1.,1.,1.,1.,1.,1.,1.,1.,1.,1.,1.,1.,1.,1.,1.,1.
      ,1.,1.,1.,1.,1.,1.,1.,1.,1.,1.,1.,1.,1.000000000001,0.999999999998
      ,1.000000000008,0.999999999982,1.)
    ,(1.,0.999999999982,1.000000000008,0.999999999998,1.000000000001,1.
      ,1.,1.,1.,1.,1.,1.,1.,1.,1.,1.,1.,1.,1.,1.,1.,1.,1.,1.,1.,1.,1.,1.
      ,1.,1.,1.,1.,1.,1.,1.,1.,1.,1.,1.,1.,1.000000000001,0.999999999998
      ,1.000000000008,0.999999999982,1.)
    ,(1.,0.999999999982,1.000000000008,0.999999999998,1.000000000001,1.
      ,1.,1.,1.,1.,1.,1.,1.,1.,1.,1.,1.,1.,1.,1.,1.,1.,1.,1.,1.,1.,1.,1.
      ,1.,1.,1.,1.,1.,1.,1.,1.,1.,1.,1.,1.,1.000000000001,0.999999999998
      ,1.000000000008,0.999999999982,1.)
    ,(1.,0.999999999982,1.000000000008,0.999999999998,1.000000000001,1.
      ,1.,1.,1.,1.,1.,1.,1.,1.,1.,1.,1.,1.,1.,1.,1.,1.,1.,1.,1.,1.,1.,1.
      ,1.,1.,1.,1.,1.,1.,1.,1.,1.,1.,1.,1.,1.000000000001,0.999999999998
      ,1.000000000008,0.999999999982,1.)
    ,(1.,0.999999999982,1.000000000008,0.999999999998,1.000000000001,1.
      ,1.,1.,1.,1.,1.,1.,1.,1.,1.,1.,1.,1.,1.,1.,1.,1.,1.,1.,1.,1.,1.,1.
      ,1.,1.,1.,1.,1.,1.,1.,1.,1.,1.,1.,1.,1.000000000001,0.999999999998
      ,1.000000000008,0.999999999982,1.)
    ,(1.,0.999999999982,1.000000000008,0.999999999998,1.000000000001,1.
      ,1.,1.,1.,1.,1.,1.,1.,1.,1.,1.,1.,1.,1.,1.,1.,1.,1.,1.,1.,1.,1.,1.
      ,1.,1.,1.,1.,1.,1.,1.,1.,1.,1.,1.,1.,1.000000000001,0.999999999998
      ,1.000000000008,0.999999999982,1.)
    ,(1.,0.999999999982,1.000000000008,0.999999999998,1.000000000001,1.
      ,1.,1.,1.,1.,1.,1.,1.,1.,1.,1.,1.,1.,1.,1.,1.,1.,1.,1.,1.,1.,1.,1.
      ,1.,1.,1.,1.,1.,1.,1.,1.,1.,1.,1.,1.,1.000000000001,0.999999999998
      ,1.000000000008,0.999999999982,1.)
    ,(1.,0.999999999982,1.000000000008,0.999999999998,1.000000000001,1.
      ,1.,1.,1.,1.,1.,1.,1.,1.,1.,1.,1.,1.,1.,1.,1.,1.,1.,1.,1.,1.,1.,1.
      ,1.,1.,1.,1.,1.,1.,1.,1.,1.,1.,1.,1.,1.000000000001,0.999999999998
      ,1.000000000008,0.999999999982,1.)
    ,(1.,0.999999999982,1.000000000008,0.999999999998,1.000000000001,1.
      ,1.,1.,1.,1.,1.,1.,1.,1.,1.,1.,1.,1.,1.,1.,1.,1.,1.,1.,1.,1.,1.,1.
      ,1.,1.,1.,1.,1.,1.,1.,1.,1.,1.,1.,1.,1.000000000001,0.999999999998
      ,1.000000000008,0.999999999982,1.)
    ,(1.,0.999999999982,1.000000000008,0.999999999998,1.000000000001,1.
      ,1.,1.,1.,1.,1.,1.,1.,1.,1.,1.,1.,1.,1.,1.,1.,1.,1.,1.,1.,1.,1.,1.
      ,1.,1.,1.,1.,1.,1.,1.,1.,1.,1.,1.,1.,1.000000000001,0.999999999998
      ,1.000000000008,0.999999999982,1.)
    ,(1.,0.999999999982,1.000000000008,0.999999999998,1.000000000001,1.
      ,1.,1.,1.,1.,1.,1.,1.,1.,1.,1.,1.,1.,1.,1.,1.,1.,1.,1.,1.,1.,1.,1.
      ,1.,1.,1.,1.,1.,1.,1.,1.,1.,1.,1.,1.,1.000000000001,0.999999999998
      ,1.000000000008,0.999999999982,1.)
    ,(1.,0.999999999982,1.000000000008,0.999999999998,1.000000000001,1.
      ,1.,1.,1.,1.,1.,1.,1.,1.,1.,1.,1.,1.,1.,1.,1.,1.,1.,1.,1.,1.,1.,1.
      ,1.,1.,1.,1.,1.,1.,1.,1.,1.,1.,1.,1.,1.000000000001,0.999999999998
      ,1.000000000008,0.999999999982,1.)
    ,(1.,0.999999999982,1.000000000008,0.999999999998,1.000000000001,1.
      ,1.,1.,1.,1.,1.,1.,1.,1.,1.,1.,1.,1.,1.,1.,1.,1.,1.,1.,1.,1.,1.,1.
      ,1.,1.,1.,1.,1.,1.,1.,1.,1.,1.,1.,1.,1.000000000001,0.999999999998
      ,1.000000000008,0.999999999982,1.)
    ,(1.,0.999999999982,1.000000000008,0.999999999998,1.000000000001,1.
      ,1.,1.,1.,1.,1.,1.,1.,1.,1.,1.,1.,1.,1.,1.,1.,1.,1.,1.,1.,1.,1.,1.
      ,1.,1.,1.,1.,1.,1.,1.,1.,1.,1.,1.,1.,1.000000000001,0.999999999998
      ,1.000000000008,0.999999999982,1.)
    ,(1.,0.999999999982,1.000000000008,0.999999999998,1.000000000001,1.
      ,1.,1.,1.,1.,1.,1.,1.,1.,1.,1.,1.,1.,1.,1.,1.,1.,1.,1.,1.,1.,1.,1.
      ,1.,1.,1.,1.,1.,1.,1.,1.,1.,1.,1.,1.,1.000000000001,0.999999999998
      ,1.000000000008,0.999999999982,1.)
    ,(1.,0.999999999982,1.000000000008,0.999999999998,1.000000000001,1.
      ,1.,1.,1.,1.,1.,1.,1.,1.,1.,1.,1.,1.,1.,1.,1.,1.,1.,1.,1.,1.,1.,1.
      ,1.,1.,1.,1.,1.,1.,1.,1.,1.,1.,1.,1.,1.000000000001,0.999999999998
      ,1.000000000008,0.999999999982,1.)
    ,(1.,0.999999999982,1.000000000008,0.999999999998,1.000000000001,1.
      ,1.,1.,1.,1.,1.,1.,1.,1.,1.,1.,1.,1.,1.,1.,1.,1.,1.,1.,1.,1.,1.,1.
      ,1.,1.,1.,1.,1.,1.,1.,1.,1.,1.,1.,1.,1.000000000001,0.999999999998
      ,1.000000000008,0.999999999982,1.)
    ,(1.,0.999999999982,1.000000000008,0.999999999998,1.000000000001,1.
      ,1.,1.,1.,1.,1.,1.,1.,1.,1.,1.,1.,1.,1.,1.,1.,1.,1.,1.,1.,1.,1.,1.
      ,1.,1.,1.,1.,1.,1.,1.,1.,1.,1.,1.,1.,1.000000000001,0.999999999998
      ,1.000000000008,0.999999999982,1.)
    ,(1.,0.999999999982,1.000000000008,0.999999999998,1.000000000001,1.
      ,1.,1.,1.,1.,1.,1.,1.,1.,1.,1.,1.,1.,1.,1.,1.,1.,1.,1.,1.,1.,1.,1.
      ,1.,1.,1.,1.,1.,1.,1.,1.,1.,1.,1.,1.,1.000000000001,0.999999999998
      ,1.000000000008,0.999999999982,1.)
    ,(1.,0.999999999982,1.000000000008,0.999999999998,1.000000000001,1.
      ,1.,1.,1.,1.,1.,1.,1.,1.,1.,1.,1.,1.,1.,1.,1.,1.,1.,1.,1.,1.,1.,1.
      ,1.,1.,1.,1.,1.,1.,1.,1.,1.,1.,1.,1.,1.000000000001,0.999999999998
      ,1.000000000008,0.999999999982,1.)
    ,(1.,0.999999999982,1.000000000008,0.999999999998,1.000000000001,1.
      ,1.,1.,1.,1.,1.,1.,1.,1.,1.,1.,1.,1.,1.,1.,1.,1.,1.,1.,1.,1.,1.,1.
      ,1.,1.,1.,1.,1.,1.,1.,1.,1.,1.,1.,1.,1.000000000001,0.999999999998
      ,1.000000000008,0.999999999982,1.)
    ,(1.,0.999999999982,1.000000000008,0.999999999998,1.000000000001,1.
      ,1.,1.,1.,1.,1.,1.,1.,1.,1.,1.,1.,1.,1.,1.,1.,1.,1.,1.,1.,1.,1.,1.
      ,1.,1.,1.,1.,1.,1.,1.,1.,1.,1.,1.,1.,1.000000000001,0.999999999998
      ,1.000000000008,0.999999999982,1.)
    ,(1.,0.999999999982,1.000000000008,0.999999999998,1.000000000001,1.
      ,1.,1.,1.,1.,1.,1.,1.,1.,1.,1.,1.,1.,1.,1.,1.,1.,1.,1.,1.,1.,1.,1.
      ,1.,1.,1.,1.,1.,1.,1.,1.,1.,1.,1.,1.,1.000000000001,0.999999999998
      ,1.000000000008,0.999999999982,1.)
    ,(1.,0.999999999982,1.000000000008,0.999999999998,1.000000000001,1.
      ,1.,1.,1.,1.,1.,1.,1.,1.,1.,1.,1.,1.,1.,1.,1.,1.,1.,1.,1.,1.,1.,1.
      ,1.,1.,1.,1.,1.,1.,1.,1.,1.,1.,1.,1.,1.000000000001,0.999999999998
      ,1.000000000008,0.999999999982,1.)
    ,(1.,0.999999999982,1.000000000008,0.999999999998,1.000000000001,1.
      ,1.,1.,1.,1.,1.,1.,1.,1.,1.,1.,1.,1.,1.,1.,1.,1.,1.,1.,1.,1.,1.,1.
      ,1.,1.,1.,1.,1.,1.,1.,1.,1.,1.,1.,1.,1.000000000001,0.999999999998
      ,1.000000000008,0.999999999982,1.)
    ,(1.,0.999999999982,1.000000000008,0.999999999998,1.000000000001,1.
      ,1.,1.,1.,1.,1.,1.,1.,1.,1.,1.,1.,1.,1.,1.,1.,1.,1.,1.,1.,1.,1.,1.
      ,1.,1.,1.,1.,1.,1.,1.,1.,1.,1.,1.,1.,1.000000000001,0.999999999998
      ,1.000000000008,0.999999999982,1.)
    ,(1.,0.999999999982,1.000000000008,0.999999999998,1.000000000001,1.
      ,1.,1.,1.,1.,1.,1.,1.,1.,1.,1.,1.,1.,1.,1.,1.,1.,1.,1.,1.,1.,1.,1.
      ,1.,1.,1.,1.,1.,1.,1.,1.,1.,1.,1.,1.,1.000000000001,0.999999999998
      ,1.000000000008,0.999999999982,1.)
    ,(1.,0.999999999982,1.000000000008,0.999999999998,1.000000000001,1.
      ,1.,1.,1.,1.,1.,1.,1.,1.,1.,1.,1.,1.,1.,1.,1.,1.,1.,1.,1.,1.,1.,1.
      ,1.,1.,1.,1.,1.,1.,1.,1.,1.,1.,1.,1.,1.000000000001,0.999999999998
      ,1.000000000008,0.999999999982,1.)
    ,(1.,0.999999999982,1.000000000008,0.999999999998,1.000000000001,1.
      ,1.,1.,1.,1.,1.,1.,1.,1.,1.,1.,1.,1.,1.,1.,1.,1.,1.,1.,1.,1.,1.,1.
      ,1.,1.,1.,1.,1.,1.,1.,1.,1.,1.,1.,1.,1.000000000001,0.999999999998
      ,1.000000000008,0.999999999982,1.)
    ,(1.,0.999999999982,1.000000000008,0.999999999998,1.000000000001,1.
      ,1.,1.,1.,1.,1.,1.,1.,1.,1.,1.,1.,1.,1.,1.,1.,1.,1.,1.,1.,1.,1.,1.
      ,1.,1.,1.,1.,1.,1.,1.,1.,1.,1.,1.,1.,1.000000000001,0.999999999998
      ,1.000000000008,0.999999999982,1.)
    ,(1.,0.999999999982,1.000000000008,0.999999999998,1.000000000001,1.
      ,1.,1.,1.,1.,1.,1.,1.,1.,1.,1.,1.,1.,1.,1.,1.,1.,1.,1.,1.,1.,1.,1.
      ,1.,1.,1.,1.,1.,1.,1.,1.,1.,1.,1.,1.,1.000000000001,0.999999999998
      ,1.000000000008,0.999999999982,1.)
    ,(1.,0.999999999982,1.000000000008,0.999999999998,1.000000000001,1.
      ,1.,1.,1.,1.,1.,1.,1.,1.,1.,1.,1.,1.,1.,1.,1.,1.,1.,1.,1.,1.,1.,1.
      ,1.,1.,1.,1.,1.,1.,1.,1.,1.,1.,1.,1.,1.000000000001,0.999999999998
      ,1.000000000008,0.999999999982,1.)
    ,(1.,0.999999999982,1.000000000008,0.999999999998,1.000000000001,1.
      ,1.,1.,1.,1.,1.,1.,1.,1.,1.,1.,1.,1.,1.,1.,1.,1.,1.,1.,1.,1.,1.,1.
      ,1.,1.,1.,1.,1.,1.,1.,1.,1.,1.,1.,1.,1.000000000001,0.999999999998
      ,1.000000000008,0.999999999982,1.)
    ,(1.,0.999999999982,1.000000000008,0.999999999998,1.000000000001,1.
      ,1.,1.,1.,1.,1.,1.,1.,1.,1.,1.,1.,1.,1.,1.,1.,1.,1.,1.,1.,1.,1.,1.
      ,1.,1.,1.,1.,1.,1.,1.,1.,1.,1.,1.,1.,1.000000000001,0.999999999998
      ,1.000000000008,0.999999999982,1.)
    ,(1.,0.999999999982,1.000000000008,0.999999999998,1.000000000001,1.
      ,1.,1.,1.,1.,1.,1.,1.,1.,1.,1.,1.,1.,1.,1.,1.,1.,1.,1.,1.,1.,1.,1.
      ,1.,1.,1.,1.,1.,1.,1.,1.,1.,1.,1.,1.,1.000000000001,0.999999999998
      ,1.000000000008,0.999999999982,1.)
    ,(1.,0.999999999982,1.000000000008,0.999999999998,1.000000000001,1.
      ,1.,1.,1.,1.,1.,1.,1.,1.,1.,1.,1.,1.,1.,1.,1.,1.,1.,1.,1.,1.,1.,1.
      ,1.,1.,1.,1.,1.,1.,1.,1.,1.,1.,1.,1.,1.000000000001,0.999999999998
,1.000000000008,0.999999999982,1.
  ))) REPRESENTATION_ITEM('') SURFACE() );
#2314 = CARTESIAN_POINT('',(0.,0.,0.));
#2315 = CARTESIAN_POINT('',(0.80826673777,1.733333612002,0.));
#2316 = CARTESIAN_POINT('',(2.42479976192,5.199999870641,
    -1.818756980169E-16));
#2317 = CARTESIAN_POINT('',(4.849599661025,10.400000034673,
    6.365649430658E-16));
#2318 = CARTESIAN_POINT('',(7.274399462872,15.599999990706,
    -2.364384074238E-15));
#2319 = CARTESIAN_POINT('',(9.699199290789,20.800000002491,
    8.820971353893E-15));
#2320 = CARTESIAN_POINT('',(12.123999111716,25.999999999334,
    -3.291950134133E-14));
#2321 = CARTESIAN_POINT('',(14.548798934526,31.200000000174,
    1.228570340114E-13));
#2322 = CARTESIAN_POINT('',(16.973598756796,36.399999999972,
    -4.585086347044E-13));
#2323 = CARTESIAN_POINT('',(19.398398579342,41.599999999938,
    1.711177504806E-12));
#2324 = CARTESIAN_POINT('',(21.823198401326,46.800000000274,
    -6.38620138452E-12));
#2325 = CARTESIAN_POINT('',(24.247998225279,51.999999998964,
    2.383362803327E-11));
#2326 = CARTESIAN_POINT('',(26.672798041916,57.200000003869,
    -8.894831074857E-11));
#2327 = CARTESIAN_POINT('',(29.097597885851,62.39999998556,
    3.31959614961E-10));
#2328 = CARTESIAN_POINT('',(31.52239762791,67.600000053889,
    -1.238890149095E-09));
#2329 = CARTESIAN_POINT('',(33.947197750176,72.799999798882,
    4.623600981421E-09));
#2330 = CARTESIAN_POINT('',(36.37199645349,78.000000750584,
    -1.725551377659E-08));
#2331 = CARTESIAN_POINT('',(38.796800452402,83.199997198784,
    6.439845412493E-08));
#2332 = CARTESIAN_POINT('',(41.221584687877,88.40001045428,
    -2.403383027231E-07));
#2333 = CARTESIAN_POINT('',(43.6464426815,93.599960984096,
    8.969547567676E-07));
#2334 = CARTESIAN_POINT('',(46.071025405969,98.800145609334,
    -3.347480724347E-06));
#2335 = CARTESIAN_POINT('',(48.496635448907,103.99945657856,
    1.249296814062E-05));
#2336 = CARTESIAN_POINT('',(50.918411487122,109.20202807639,
    -4.662439183814E-05));
#2337 = CARTESIAN_POINT('',(53.35449622576,114.39243111585,
    1.740045992119E-04));
#2338 = CARTESIAN_POINT('',(55.737180167429,119.62824746019,
    -6.493940050096E-04));
#2339 = CARTESIAN_POINT('',(58.31915859655,124.69457904336,
    2.423571420826E-03));
#2340 = CARTESIAN_POINT('',(59.910184210166,129.62713353898,
    -7.502772758628E-03));
#2341 = CARTESIAN_POINT('',(62.849810148431,132.39290926177,
    1.559492740213E-02));
#2342 = CARTESIAN_POINT('',(65.031504784628,134.91809502386,
    0.20029891799));
#2343 = CARTESIAN_POINT('',(67.274824136695,137.34176272617,
    0.694510829124));
#2344 = CARTESIAN_POINT('',(69.501492070973,139.67042123132,
    1.585598398526));
#2345 = CARTESIAN_POINT('',(71.731765909398,141.7837976199,
    2.905767742994));
#2346 = CARTESIAN_POINT('',(73.96046093023,143.58782725545,
    4.626200538485));
#2347 = CARTESIAN_POINT('',(76.189079694142,145.01216423312,
    6.669195776075));
#2348 = CARTESIAN_POINT('',(78.417408948528,146.04123610093,
    8.932628610311));
#2349 = CARTESIAN_POINT('',(80.645564490986,146.72138729748,
    11.318866371663));
#2350 = CARTESIAN_POINT('',(82.873674366686,147.1531397963,
    13.75730563148));
#2351 = CARTESIAN_POINT('',(85.097632965328,147.49464874835,
    16.203417306818));
#2352 = CARTESIAN_POINT('',(87.325354780285,147.83959230198,
    18.653422266615));
#2353 = CARTESIAN_POINT('',(89.553800145963,148.18386137147,
    21.104291378217));
#2354 = CARTESIAN_POINT('',(91.78278460511,148.52847560592,
    23.555727921588));
#2355 = CARTESIAN_POINT('',(94.012224675667,148.87290557219,
    26.007698748129));
#2356 = CARTESIAN_POINT('',(96.242156849451,149.21818728104,
    28.460100538202));
#2357 = CARTESIAN_POINT('',(97.706353028107,149.44296302147,
    30.070650351195));
#2358 = CARTESIAN_POINT('',(98.436965420659,149.55695291582,
    30.874028799033));
#2359 = CARTESIAN_POINT('',(1.493403238416E-02,0.,-0.154371627608));
#2360 = CARTESIAN_POINT('',(0.82308698686,1.733333609886,-0.153195462639
    ));
#2361 = CARTESIAN_POINT('',(2.43939244508,5.199999871623,-0.150843133349
    ));
#2362 = CARTESIAN_POINT('',(4.863850994762,10.40000003441,
    -0.147314638894));
#2363 = CARTESIAN_POINT('',(7.288309447328,15.599999990777,
    -0.143786144578));
#2364 = CARTESIAN_POINT('',(9.712767925925,20.800000002472,
    -0.140257650225));
#2365 = CARTESIAN_POINT('',(12.137226397543,25.999999999339,
    -0.136729155882));
#2366 = CARTESIAN_POINT('',(14.56168487104,31.200000000172,
    -0.133200661536));
#2367 = CARTESIAN_POINT('',(16.986143343999,36.399999999972,
    -0.129672167191));
#2368 = CARTESIAN_POINT('',(19.410601817233,41.599999999939,
    -0.126143672844));
#2369 = CARTESIAN_POINT('',(21.835060289905,46.800000000274,
    -0.122615178505));
#2370 = CARTESIAN_POINT('',(24.259518764547,51.999999998967,
    -0.119086684134));
#2371 = CARTESIAN_POINT('',(26.683977231871,57.20000000386,
    -0.115558189887));
#2372 = CARTESIAN_POINT('',(29.1084357265,62.399999985592,
    -0.112029695175));
#2373 = CARTESIAN_POINT('',(31.532894119228,67.60000005377,
    -0.108501202196));
#2374 = CARTESIAN_POINT('',(33.957352892254,72.799999799327,
    -0.104972702751));
#2375 = CARTESIAN_POINT('',(36.381810245986,78.000000748921,
    -0.10144422744));
#2376 = CARTESIAN_POINT('',(38.806272896599,83.199997204987,
    -9.791566205845E-02));
#2377 = CARTESIAN_POINT('',(41.23071577898,88.400010431131,
    -9.438743282246E-02));
#2378 = CARTESIAN_POINT('',(43.655232437411,93.599961070488,
    -9.085794907564E-02));
#2379 = CARTESIAN_POINT('',(46.079473759872,98.800145286915,
    -8.733314722697E-02));
#2380 = CARTESIAN_POINT('',(48.504742650161,103.99945778185,
    -8.379087229655E-02));
#2381 = CARTESIAN_POINT('',(50.926176605111,109.20202358567,
    -8.0313807795E-02));
#2382 = CARTESIAN_POINT('',(53.361922733589,114.39244787544,
    -7.659337465969E-02));
#2383 = CARTESIAN_POINT('',(55.744255103294,119.62818491255,
    -7.378120563056E-02));
#2384 = CARTESIAN_POINT('',(58.325930334561,124.69481247432,
    -6.757934881047E-02));
#2385 = CARTESIAN_POINT('',(59.916537261282,129.62641089496,
    -7.31608572193E-02));
#2386 = CARTESIAN_POINT('',(62.856202451942,132.39441131727,
    -5.050825420258E-02));
#2387 = CARTESIAN_POINT('',(65.037789201046,134.92633077084,
    0.135681796291));
#2388 = CARTESIAN_POINT('',(67.280970290457,137.35915185891,
    0.633095475134));
#2389 = CARTESIAN_POINT('',(69.507451346121,139.69792315392,
    1.530040305524));
#2390 = CARTESIAN_POINT('',(71.737504364702,141.82050722229,
    2.858638778833));
#2391 = CARTESIAN_POINT('',(73.965950739313,143.63141468644,
    4.589258152667));
#2392 = CARTESIAN_POINT('',(76.194301358221,145.05958491847,
    6.642781519923));
#2393 = CARTESIAN_POINT('',(78.42235069346,146.08958973115,
    8.915572567774));
#2394 = CARTESIAN_POINT('',(80.650222429457,146.76854650966,
    11.308755660055));
#2395 = CARTESIAN_POINT('',(82.87805244622,147.19798152959,
    13.751145745818));
#2396 = CARTESIAN_POINT('',(85.101743458374,147.5367178555,
    16.197466338678));
#2397 = CARTESIAN_POINT('',(87.329216838722,147.87912745865,
    18.647876508747));
#2398 = CARTESIAN_POINT('',(89.557441184167,148.22113156948,
    21.099050220906));
#2399 = CARTESIAN_POINT('',(91.78623993049,148.56384568624,
    23.550758973548));
#2400 = CARTESIAN_POINT('',(94.015537496779,148.90681590645,
    26.002928105206));
#2401 = CARTESIAN_POINT('',(96.245378260547,149.25116522149,
    28.455483784673));
#2402 = CARTESIAN_POINT('',(97.709553193629,149.47571516548,
    30.066007654629));
#2403 = CARTESIAN_POINT('',(98.440165570456,149.58971062158,
    30.869425003722));
#2404 = CARTESIAN_POINT('',(0.115098205847,0.,-0.455826733376));
#2405 = CARTESIAN_POINT('',(0.922488004195,1.733333611485,
    -0.452353767224));
#2406 = CARTESIAN_POINT('',(2.537267151963,5.199999870881,
    -0.445407836876));
#2407 = CARTESIAN_POINT('',(4.959436234516,10.400000034609,
    -0.43498893978));
#2408 = CARTESIAN_POINT('',(7.381605220342,15.599999990724,
    -0.424570043107));
#2409 = CARTESIAN_POINT('',(9.803774232095,20.800000002486,
    -0.41415114632));
#2410 = CARTESIAN_POINT('',(12.225943236897,25.999999999335,
    -0.403732249563));
#2411 = CARTESIAN_POINT('',(14.648112243571,31.200000000173,
    -0.393313352799));
#2412 = CARTESIAN_POINT('',(17.070281249708,36.399999999972,
    -0.382894456037));
#2413 = CARTESIAN_POINT('',(19.492450256119,41.599999999939,
    -0.372475559272));
#2414 = CARTESIAN_POINT('',(21.914619261969,46.800000000272,
    -0.362056662514));
#2415 = CARTESIAN_POINT('',(24.336788269792,51.999999998971,
    -0.351637765733));
#2416 = CARTESIAN_POINT('',(26.758957270285,57.200000003843,
    -0.341218869039));
#2417 = CARTESIAN_POINT('',(29.181126298126,62.399999985655,
    -0.330799972017));
#2418 = CARTESIAN_POINT('',(31.603295223901,67.600000053537,
    -0.320381076222));
#2419 = CARTESIAN_POINT('',(34.025464530594,72.799999800197,
    -0.309962175848));
#2420 = CARTESIAN_POINT('',(36.447632415682,78.000000745676,
    -0.299543292563));
#2421 = CARTESIAN_POINT('',(38.869805606273,83.199997217099,
    -0.289124345499));
#2422 = CARTESIAN_POINT('',(41.291958996455,88.400010385927,
    -0.278705636462));
#2423 = CARTESIAN_POINT('',(43.714186282767,93.599961239194,
    -0.268286039098));
#2424 = CARTESIAN_POINT('',(46.136137784972,98.800144657299,
    -0.257869757012));
#2425 = CARTESIAN_POINT('',(48.559118527474,103.99946013161,
    -0.247441102142));
#2426 = CARTESIAN_POINT('',(50.978258092897,109.20201481625,
    -0.237058623131));
#2427 = CARTESIAN_POINT('',(53.411733126338,114.39248060336,
    -0.226503813467));
#2428 = CARTESIAN_POINT('',(55.791707464784,119.62806277026,
    -0.216592150558));
#2429 = CARTESIAN_POINT('',(58.371349115193,124.69526831555,
    -0.204280231281));
#2430 = CARTESIAN_POINT('',(59.959147863539,129.62499972417,
    -0.201377195302));
#2431 = CARTESIAN_POINT('',(62.899076324265,132.39734451366,
    -0.179593772773));
#2432 = CARTESIAN_POINT('',(65.07993946294,134.94241344106,
    9.49823809254E-03));
#2433 = CARTESIAN_POINT('',(67.322193209738,137.39310915359,
    0.513164291406));
#2434 = CARTESIAN_POINT('',(69.547420850287,139.75162858616,
    1.421547112432));
#2435 = CARTESIAN_POINT('',(71.775992806247,141.89219330376,
    2.766605889785));
#2436 = CARTESIAN_POINT('',(74.00277148371,143.716531711,4.517117494459)
  );
#2437 = CARTESIAN_POINT('',(76.229323625022,145.15218747724,
    6.59120006998));
#2438 = CARTESIAN_POINT('',(78.455495512212,146.18401413373,
    8.882265727738));
#2439 = CARTESIAN_POINT('',(80.681463727519,146.8606384667,
    11.289011580885));
#2440 = CARTESIAN_POINT('',(82.90741670007,147.285547941,13.739116793267
    ));
#2441 = CARTESIAN_POINT('',(85.129312980628,147.61886991505,
    16.185845357816));
#2442 = CARTESIAN_POINT('',(87.355120083222,147.95633124943,
    18.637046817756));
#2443 = CARTESIAN_POINT('',(89.581862021676,148.29391237541,
    21.088815350318));
#2444 = CARTESIAN_POINT('',(91.80941517327,148.63291596499,
    23.541055670018));
#2445 = CARTESIAN_POINT('',(94.037756942989,148.97303560872,
    25.993612049651));
#2446 = CARTESIAN_POINT('',(96.266984629165,149.3155641618,
    28.446468242261));
#2447 = CARTESIAN_POINT('',(97.731017016646,149.53967315847,
    30.056941451632));
#2448 = CARTESIAN_POINT('',(98.461629321912,149.6536794856,
    30.860434766179));
#2449 = CARTESIAN_POINT('',(0.450112593306,0.,-0.865066108194));
#2450 = CARTESIAN_POINT('',(1.254949901586,1.733333609886,
    -0.858475127235));
#2451 = CARTESIAN_POINT('',(2.864624067475,5.199999871623,
    -0.845293169082));
#2452 = CARTESIAN_POINT('',(5.279135678611,10.40000003441,
    -0.825520228827));
#2453 = CARTESIAN_POINT('',(7.693647192644,15.599999990777,
    -0.805747289383));
#2454 = CARTESIAN_POINT('',(10.108158732705,20.800000002472,
    -0.785974349721));
#2455 = CARTESIAN_POINT('',(12.522670265788,25.999999999339,
    -0.766201410117));
#2456 = CARTESIAN_POINT('',(14.93718180075,31.200000000172,
    -0.746428470498));
#2457 = CARTESIAN_POINT('',(17.351693335173,36.399999999972,
    -0.726655530883));
#2458 = CARTESIAN_POINT('',(19.766204869872,41.599999999939,
    -0.706882591267));
#2459 = CARTESIAN_POINT('',(22.180716404006,46.800000000271,
    -0.687109651653));
#2460 = CARTESIAN_POINT('',(24.595227940124,51.999999998977,
    -0.667336712029));
#2461 = CARTESIAN_POINT('',(27.009739468872,57.200000003821,
    -0.647563772444));
#2462 = CARTESIAN_POINT('',(29.424251025118,62.39999998574,
    -0.627790832714));
#2463 = CARTESIAN_POINT('',(31.838762478742,67.600000053221,
    -0.608017893524));
#2464 = CARTESIAN_POINT('',(34.253274315354,72.799999801377,
    -0.588244952318));
#2465 = CARTESIAN_POINT('',(36.667784722635,78.00000074127,
    -0.568472018637));
#2466 = CARTESIAN_POINT('',(39.082300464253,83.199997233543,
    -0.548699056869));
#2467 = CARTESIAN_POINT('',(41.496796297851,88.40001032456,
    -0.528926199926));
#2468 = CARTESIAN_POINT('',(43.911366429196,93.599961468219,
    -0.509152951771));
#2469 = CARTESIAN_POINT('',(46.325659277573,98.800143802565,
    -0.489381163641));
#2470 = CARTESIAN_POINT('',(48.740986960075,103.99946332152,
    -0.46960392662));
#2471 = CARTESIAN_POINT('',(51.152452589044,109.20200291135,
    -0.449847025141));
#2472 = CARTESIAN_POINT('',(53.578331598018,114.39252503305,
    -0.430014230382));
#2473 = CARTESIAN_POINT('',(55.950419140509,119.62789695641,
    -0.410464673201));
#2474 = CARTESIAN_POINT('',(58.523259168924,124.6958871413,
    -0.389858058987));
#2475 = CARTESIAN_POINT('',(60.101665535483,129.62308399398,
    -0.375436858031));
#2476 = CARTESIAN_POINT('',(63.042474543186,132.40132646464,
    -0.354833388579));
#2477 = CARTESIAN_POINT('',(65.220917456186,134.96424641644,
    -0.161801831076));
#2478 = CARTESIAN_POINT('',(67.460069563875,137.43920776589,
    0.350352112377));
#2479 = CARTESIAN_POINT('',(69.681104965997,139.82453621683,
    1.274262539493));
#2480 = CARTESIAN_POINT('',(71.90472328165,141.98951050489,2.64166694778
    ));
#2481 = CARTESIAN_POINT('',(74.12592409111,143.83208204421,
    4.419183184179));
#2482 = CARTESIAN_POINT('',(76.346460949216,145.27789977247,
    6.521175844405));
#2483 = CARTESIAN_POINT('',(78.566353424456,146.31219966696,
    8.837050137978));
#2484 = CARTESIAN_POINT('',(80.785955023877,146.98565759625,
    11.262208071966));
#2485 = CARTESIAN_POINT('',(83.005629935163,147.40442343115,
    13.722786928795));
#2486 = CARTESIAN_POINT('',(85.221523461613,147.73039516989,
    16.170069333951));
#2487 = CARTESIAN_POINT('',(87.441757443485,148.06113899842,
    18.622345006819));
#2488 = CARTESIAN_POINT('',(89.66354124555,148.39271571628,
    21.074921035844));
#2489 = CARTESIAN_POINT('',(91.886928313795,148.72668209115,
    23.527882982614));
#2490 = CARTESIAN_POINT('',(94.112073281166,149.0629319477,
    25.980965069517));
#2491 = CARTESIAN_POINT('',(96.339250414913,149.40298871817,
    28.434229222471));
#2492 = CARTESIAN_POINT('',(97.802806089731,149.62649914218,
    30.044633658429));
#2493 = CARTESIAN_POINT('',(98.533418119225,149.74052020389,
    30.848230099144));
#2494 = CARTESIAN_POINT('',(0.949779966747,0.,-1.223888152442));
#2495 = CARTESIAN_POINT('',(1.75081028482,1.733333612532,-1.214563288867
    ));
#2496 = CARTESIAN_POINT('',(3.352870472703,5.199999870395,
    -1.195913566778));
#2497 = CARTESIAN_POINT('',(5.755961114894,10.400000034739,
    -1.167938979577));
#2498 = CARTESIAN_POINT('',(8.159051660501,15.599999990689,
    -1.139964393466));
#2499 = CARTESIAN_POINT('',(10.562142231997,20.800000002495,
    -1.111989807062));
#2500 = CARTESIAN_POINT('',(12.965232796551,25.999999999332,
    -1.084015220738));
#2501 = CARTESIAN_POINT('',(15.368323362976,31.200000000174,
    -1.056040634392));
#2502 = CARTESIAN_POINT('',(17.771413928863,36.399999999972,
    -1.028066048051));
#2503 = CARTESIAN_POINT('',(20.174504495027,41.59999999994,
    -1.000091461709));
#2504 = CARTESIAN_POINT('',(22.577595060623,46.800000000269,
    -0.972116875368));
#2505 = CARTESIAN_POINT('',(24.980685628217,51.999999998982,
    -0.944142289027));
#2506 = CARTESIAN_POINT('',(27.383776188382,57.200000003801,
    -0.916167702682));
#2507 = CARTESIAN_POINT('',(29.786866776267,62.399999985814,
    -0.888193116354));
#2508 = CARTESIAN_POINT('',(32.189957260703,67.600000052943,
    -0.860218529963));
#2509 = CARTESIAN_POINT('',(34.593048131214,72.799999802412,
    -0.832243943804));
#2510 = CARTESIAN_POINT('',(36.996137560871,78.000000737407,
    -0.804269356784));
#2511 = CARTESIAN_POINT('',(39.399232367872,83.19999724796,
    -0.776294772972));
#2512 = CARTESIAN_POINT('',(41.802307106349,88.400010270753,
    -0.748320177193));
#2513 = CARTESIAN_POINT('',(44.20545674158,93.599961669028,
    -0.720345626071));
#2514 = CARTESIAN_POINT('',(46.608326858319,98.800143053133,
    -0.692370908287));
#2515 = CARTESIAN_POINT('',(49.01224015227,103.99946611843,
    -0.664396812496));
#2516 = CARTESIAN_POINT('',(51.412260255868,109.20199247311,
    -0.636420395397));
#2517 = CARTESIAN_POINT('',(53.826809943664,114.39256398911,
    -0.608452641533));
#2518 = CARTESIAN_POINT('',(56.187134485022,119.62775157042,
    -0.580452556038));
#2519 = CARTESIAN_POINT('',(58.749830027933,124.69642972916,
    -0.552573133836));
#2520 = CARTESIAN_POINT('',(60.314227841687,129.62140427724,
    -0.528052778797));
#2521 = CARTESIAN_POINT('',(63.256350167896,132.4048178486,
    -0.508483894972));
#2522 = CARTESIAN_POINT('',(65.431183361875,134.9833896205,
    -0.311998133731));
#2523 = CARTESIAN_POINT('',(67.665709435804,137.47962713734,
    0.207598011714));
#2524 = CARTESIAN_POINT('',(69.88049219672,139.8884617985,1.145123080291
    ));
#2525 = CARTESIAN_POINT('',(72.096722255231,142.07483845523,
    2.532120190222));
#2526 = CARTESIAN_POINT('',(74.309603784209,143.93339684755,
    4.333314151093));
#2527 = CARTESIAN_POINT('',(76.521168965658,145.38812460796,
    6.459778439088));
#2528 = CARTESIAN_POINT('',(78.731695821408,146.42459304333,
    8.797405002764));
#2529 = CARTESIAN_POINT('',(80.941801738385,147.09527466244,
    11.238706692444));
#2530 = CARTESIAN_POINT('',(83.152113044706,147.5086537399,
    13.708468865303));
#2531 = CARTESIAN_POINT('',(85.359053581388,147.82818077507,
    16.156236879204));
#2532 = CARTESIAN_POINT('',(87.570975363311,148.15303467868,
    18.609454424488));
#2533 = CARTESIAN_POINT('',(89.785364202206,148.47934671748,
    21.062738468304));
#2534 = CARTESIAN_POINT('',(92.002537639823,148.80889645045,
    23.516333139389));
#2535 = CARTESIAN_POINT('',(94.222914636291,149.14175326936,
    25.969876167639));
#2536 = CARTESIAN_POINT('',(96.447033423141,149.4796427718,
    28.423498021261));
#2537 = CARTESIAN_POINT('',(97.909878060417,149.70262837416,
    30.033842156322));
#2538 = CARTESIAN_POINT('',(98.640489699248,149.81666234948,
    30.837529018446));
#2539 = CARTESIAN_POINT('',(1.6118882884,0.,-1.548514682247));
#2540 = CARTESIAN_POINT('',(2.407873970591,1.73333361225,-1.536716473284
    ));
#2541 = CARTESIAN_POINT('',(3.999844890349,5.199999870526,
    -1.513120061801));
#2542 = CARTESIAN_POINT('',(6.387801627426,10.400000034704,
    -1.477725439398));
#2543 = CARTESIAN_POINT('',(8.775758268704,15.599999990698,
    -1.442330818383));
#2544 = CARTESIAN_POINT('',(11.163714935661,20.800000002493,
    -1.406936196996));
#2545 = CARTESIAN_POINT('',(13.551671595732,25.999999999333,
    -1.371541575709));
#2546 = CARTESIAN_POINT('',(15.939628257659,31.200000000174,
    -1.336146954394));
#2547 = CARTESIAN_POINT('',(18.327584919052,36.399999999971,
    -1.300752333087));
#2548 = CARTESIAN_POINT('',(20.715541580722,41.59999999994,
    -1.265357711779));
#2549 = CARTESIAN_POINT('',(23.103498241818,46.800000000268,
    -1.229963090468));
#2550 = CARTESIAN_POINT('',(25.491454904934,51.999999998987,
    -1.194568469169));
#2551 = CARTESIAN_POINT('',(27.879411560542,57.200000003783,
    -1.159173847826));
#2552 = CARTESIAN_POINT('',(30.267368244164,62.399999985881,
    -1.123779226646));
#2553 = CARTESIAN_POINT('',(32.65532482324,67.600000052692,
    -1.088384604859));
#2554 = CARTESIAN_POINT('',(35.043281792483,72.799999803349,
    -1.052989985335));
#2555 = CARTESIAN_POINT('',(37.431237305602,78.000000733912,
    -1.017595357366));
#2556 = CARTESIAN_POINT('',(39.819198253054,83.199997261004,
    -0.982200760915));
#2557 = CARTESIAN_POINT('',(42.207138919298,88.400010222074,
    -0.946806046837));
#2558 = CARTESIAN_POINT('',(44.595155276039,93.599961850701,
    -0.911411771748));
#2559 = CARTESIAN_POINT('',(46.982889152001,98.800142375121,
    -0.876015858331));
#2560 = CARTESIAN_POINT('',(49.371677260581,103.99946864881,
    -0.840626059239));
#2561 = CARTESIAN_POINT('',(51.756530919467,109.20198302962,
    -0.805213441174));
#2562 = CARTESIAN_POINT('',(54.156068144514,114.39259923268,
    -0.769885984676));
#2563 = CARTESIAN_POINT('',(56.500805554609,119.62762003964,
    -0.734240700882));
#2564 = CARTESIAN_POINT('',(59.050058658353,124.69692060875,
    -0.699781564705));
#2565 = CARTESIAN_POINT('',(60.595893764435,129.61988463645,
    -0.666124498597));
#2566 = CARTESIAN_POINT('',(63.539756366592,132.40797650588,
    -0.647491605041));
#2567 = CARTESIAN_POINT('',(65.709806328506,135.00070848929,
    -0.4478808235));
#2568 = CARTESIAN_POINT('',(67.938202453569,137.51619456818,
    7.844828678332E-02));
#2569 = CARTESIAN_POINT('',(70.144699851071,139.94629531257,
    1.02829053008));
#2570 = CARTESIAN_POINT('',(72.351139743571,142.15203470574,
    2.433013169548));
#2571 = CARTESIAN_POINT('',(74.552997409216,144.02505641404,
    4.255628382686));
#2572 = CARTESIAN_POINT('',(76.752674238354,145.48784508616,
    6.404232167763));
#2573 = CARTESIAN_POINT('',(78.950790728866,146.52627540184,
    8.761538023925));
#2574 = CARTESIAN_POINT('',(81.148313934424,147.19444529138,
    11.217444979563));
#2575 = CARTESIAN_POINT('',(83.34621754495,147.60295096598,
    13.695515304228));
#2576 = CARTESIAN_POINT('',(85.54129449129,147.91664747376,
    16.143722648666));
#2577 = CARTESIAN_POINT('',(87.742201792251,148.23617275862,
    18.597792306521));
#2578 = CARTESIAN_POINT('',(89.946791579097,148.55772183882,
    21.051716891763));
#2579 = CARTESIAN_POINT('',(92.155731345739,148.88327583357,
    23.505883988945));
#2580 = CARTESIAN_POINT('',(94.369790314254,149.2130629673,
    25.95984403108));
#2581 = CARTESIAN_POINT('',(96.589856485202,149.54899174824,
    28.413789496885));
#2582 = CARTESIAN_POINT('',(98.051758943324,149.7715025256,
    30.02407907727));
#2583 = CARTESIAN_POINT('',(98.782370053888,149.88554819664,
    30.827847743988));
#2584 = CARTESIAN_POINT('',(2.435440345684,0.,-1.839008249463));
#2585 = CARTESIAN_POINT('',(3.225151343955,1.733333612532,-1.82499675576
    ));
#2586 = CARTESIAN_POINT('',(4.804572901341,5.199999870395,
    -1.796973776247));
#2587 = CARTESIAN_POINT('',(7.173705590466,10.400000034739,
    -1.754939300632));
#2588 = CARTESIAN_POINT('',(9.54283818497,15.599999990689,
    -1.712904826718));
#2589 = CARTESIAN_POINT('',(11.911970804836,20.800000002495,
    -1.670870352349));
#2590 = CARTESIAN_POINT('',(14.281103417901,25.999999999332,
    -1.628835878101));
#2591 = CARTESIAN_POINT('',(16.650236032799,31.200000000174,
    -1.586801403821));
#2592 = CARTESIAN_POINT('',(19.01936864717,36.399999999971,
    -1.544766929549));
#2593 = CARTESIAN_POINT('',(21.388501261818,41.59999999994,
    -1.502732455276));
#2594 = CARTESIAN_POINT('',(23.757633875884,46.800000000267,
    -1.460697980998));
#2595 = CARTESIAN_POINT('',(26.126766491998,51.999999998992,
    -1.418663506742));
#2596 = CARTESIAN_POINT('',(28.495899100505,57.200000003767,
    -1.376629032406));
#2597 = CARTESIAN_POINT('',(30.865031737391,62.399999985941,
    -1.334594558364));
#2598 = CARTESIAN_POINT('',(33.234164268368,67.600000052468,
    -1.292560083228));
#2599 = CARTESIAN_POINT('',(35.603297194602,72.799999804187,
    -1.250525612174));
#2600 = CARTESIAN_POINT('',(37.972428645717,78.000000730784,
    -1.208491125886));
#2601 = CARTESIAN_POINT('',(40.34156560205,83.199997272676,
    -1.166456696451));
#2602 = CARTESIAN_POINT('',(42.710682012633,88.400010178513,
    -1.124422054838));
#2603 = CARTESIAN_POINT('',(45.079875100996,93.599962013272,
    -1.082388205084));
#2604 = CARTESIAN_POINT('',(47.448782023989,98.800141768399,
    -1.040351400073));
#2605 = CARTESIAN_POINT('',(49.81875693068,103.99947091313,
    -0.998325624228));
#2606 = CARTESIAN_POINT('',(52.184746067951,109.20197457907,
    -0.956258686978));
#2607 = CARTESIAN_POINT('',(54.565610299204,114.39263077055,
    -0.914345366185));
#2608 = CARTESIAN_POINT('',(56.890959923948,119.6275023387,
    -0.871858740966));
#2609 = CARTESIAN_POINT('',(59.423492880749,124.69735987464,
    -0.831511716992));
#2610 = CARTESIAN_POINT('',(60.946239081899,129.61852477879,
    -0.789678622286));
#2611 = CARTESIAN_POINT('',(63.892266296388,132.4108030451,
    -0.771883303997));
#2612 = CARTESIAN_POINT('',(66.056366717299,135.01620635996,
    -0.569476083436));
#2613 = CARTESIAN_POINT('',(68.277138210811,137.54891710456,
    -3.712194810346E-02));
#2614 = CARTESIAN_POINT('',(70.473330001419,139.99804790289,
    0.92374237655));
#2615 = CARTESIAN_POINT('',(72.667592564174,142.22111413125,
    2.344326788959));
#2616 = CARTESIAN_POINT('',(74.85573838686,144.10707840546,
    4.186110909792));
#2617 = CARTESIAN_POINT('',(77.040628093282,145.57708042209,
    6.354526327293));
#2618 = CARTESIAN_POINT('',(79.223308164272,146.61726633552,
    8.729442290299));
#2619 = CARTESIAN_POINT('',(81.40518058047,147.28318859212,
    11.198418836434));
#2620 = CARTESIAN_POINT('',(83.587651091811,147.68733327939,
    13.683923749567));
#2621 = CARTESIAN_POINT('',(85.767971715187,147.9958123125,
    16.13252423099));
#2622 = CARTESIAN_POINT('',(87.955178843284,148.31056925795,
    18.587356405759));
#2623 = CARTESIAN_POINT('',(90.147580247671,148.62785618246,
    21.041854182493));
#2624 = CARTESIAN_POINT('',(92.346278704052,148.94983457193,
    23.496533517828));
#2625 = CARTESIAN_POINT('',(94.552479102526,149.27687478452,
    25.950866726846));
#2626 = CARTESIAN_POINT('',(96.7675044951,149.6110490009,28.405101778296
    ));
#2627 = CARTESIAN_POINT('',(98.22823504429,149.83313488849,
    30.015342540761));
#2628 = CARTESIAN_POINT('',(98.958845494734,149.94719101888,
    30.819184410297));
#2629 = CARTESIAN_POINT('',(3.417843736274,0.,-2.096488886987));
#2630 = CARTESIAN_POINT('',(4.200069755472,1.733333612532,
    -2.080515635787));
#2631 = CARTESIAN_POINT('',(5.764521357688,5.199999870395,
    -2.048569142177));
#2632 = CARTESIAN_POINT('',(8.111199111666,10.400000034739,
    -2.000649394695));
#2633 = CARTESIAN_POINT('',(10.457876771662,15.599999990689,
    -1.952729649107));
#2634 = CARTESIAN_POINT('',(12.80455445685,20.800000002495,
    -1.904809903012));
#2635 = CARTESIAN_POINT('',(15.151232135283,25.999999999332,
    -1.856890157052));
#2636 = CARTESIAN_POINT('',(17.497909815537,31.200000000174,
    -1.808970411056));
#2637 = CARTESIAN_POINT('',(19.844587495266,36.399999999971,
    -1.761050665069));
#2638 = CARTESIAN_POINT('',(22.191265175273,41.599999999941,
    -1.713130919082));
#2639 = CARTESIAN_POINT('',(24.537942854691,46.800000000266,
    -1.665211173088));
#2640 = CARTESIAN_POINT('',(26.884620536187,51.999999998995,
    -1.617291427123));
#2641 = CARTESIAN_POINT('',(29.23129820996,57.200000003752,
    -1.569371681048));
#2642 = CARTESIAN_POINT('',(31.577975912548,62.399999985995,
    -1.521451935382));
#2643 = CARTESIAN_POINT('',(33.9246535076,67.600000052269,
    -1.473532188191));
#2644 = CARTESIAN_POINT('',(36.271331503979,72.79999980493,
    -1.425612446693));
#2645 = CARTESIAN_POINT('',(38.618008002584,78.000000728012,
    -1.377692683945));
#2646 = CARTESIAN_POINT('',(40.964690090962,83.199997283021,
    -1.329773000505));
#2647 = CARTESIAN_POINT('',(43.311351318022,88.400010139903,
    -1.281853021082));
#2648 = CARTESIAN_POINT('',(45.658090400578,93.599962157367,
    -1.233934146285));
#2649 = CARTESIAN_POINT('',(48.00453892247,98.800141230628,
    -1.186011148966));
#2650 = CARTESIAN_POINT('',(50.352071831523,103.99947292012,
    -1.138103537109));
#2651 = CARTESIAN_POINT('',(52.695557752595,109.20196708888,
    -1.090138505926));
#2652 = CARTESIAN_POINT('',(55.054147238429,114.39265872432,
    -1.042387766586));
#2653 = CARTESIAN_POINT('',(57.356369453197,119.62739801379,
    -0.993837279202));
#2654 = CARTESIAN_POINT('',(59.868957187466,124.69774922048,
    -0.948271492147));
#2655 = CARTESIAN_POINT('',(61.364160966388,129.61731946117,
    -0.899191527654));
#2656 = CARTESIAN_POINT('',(64.312770315758,132.41330836434,-0.882138599
    ));
#2657 = CARTESIAN_POINT('',(66.469773614876,135.02994298642,
    -0.677252738693));
#2658 = CARTESIAN_POINT('',(68.6814497952,137.57792091215,
    -0.139558287891));
#2659 = CARTESIAN_POINT('',(70.865348175736,140.04391910782,
    0.831075521718));
#2660 = CARTESIAN_POINT('',(73.045084577184,142.2823430758,
    2.265719107444));
#2661 = CARTESIAN_POINT('',(75.216873739846,144.17977906745,
    4.12449369943));
#2662 = CARTESIAN_POINT('',(77.384124100504,145.65617467331,
    6.31046927083));
#2663 = CARTESIAN_POINT('',(79.548390288917,146.69791667087,
    8.700994052926));
#2664 = CARTESIAN_POINT('',(81.711593103848,147.36184672514,
    11.181554905471));
#2665 = CARTESIAN_POINT('',(83.875653693398,147.76212602631,
    13.673649508686));
#2666 = CARTESIAN_POINT('',(86.038371711584,148.06598052086,
    16.122598449327));
#2667 = CARTESIAN_POINT('',(88.209236100771,148.37651102134,
    18.578106485331));
#2668 = CARTESIAN_POINT('',(90.387098159123,148.69002015977,
    21.033112313628));
#2669 = CARTESIAN_POINT('',(92.573579904353,149.00882929088,
    23.488245674188));
#2670 = CARTESIAN_POINT('',(94.770405926278,149.33343475472,
    25.942909641799));
#2671 = CARTESIAN_POINT('',(96.979418252716,149.66605380063,
    28.397401369191));
#2672 = CARTESIAN_POINT('',(98.438750833801,149.88776309015,
    30.007598861491));
#2673 = CARTESIAN_POINT('',(99.169360507004,150.00182848752,
    30.811505614848));
#2674 = CARTESIAN_POINT('',(4.554779742372,0.,-2.320289671435));
#2675 = CARTESIAN_POINT('',(5.328343390176,1.733333612281,
    -2.302611271153));
#2676 = CARTESIAN_POINT('',(6.875470255921,5.199999870511,
    -2.267254480237));
#2677 = CARTESIAN_POINT('',(9.196160900115,10.400000034708,
    -2.214219286108));
#2678 = CARTESIAN_POINT('',(11.516851451688,15.599999990697,
    -2.161184094058));
#2679 = CARTESIAN_POINT('',(13.837542028088,20.800000002493,
    -2.10814890145));
#2680 = CARTESIAN_POINT('',(16.158232597831,25.999999999333,
    -2.055113708992));
#2681 = CARTESIAN_POINT('',(18.478923169369,31.200000000174,
    -2.002078516493));
#2682 = CARTESIAN_POINT('',(20.799613740388,36.399999999971,
    -1.949043324005));
#2683 = CARTESIAN_POINT('',(23.120304311686,41.599999999941,
    -1.896008131517));
#2684 = CARTESIAN_POINT('',(25.440994882385,46.800000000265,
    -1.842972939019));
#2685 = CARTESIAN_POINT('',(27.761685455199,51.999999998999,
    -1.789937746558));
#2686 = CARTESIAN_POINT('',(30.082376020155,57.20000000374,
    -1.73690255396));
#2687 = CARTESIAN_POINT('',(32.403066614429,62.399999986041,
    -1.683867361872));
#2688 = CARTESIAN_POINT('',(34.723757099286,67.600000052096,
    -1.630832167883));
#2689 = CARTESIAN_POINT('',(37.044447992496,72.799999805575,
    -1.577796980989));
#2690 = CARTESIAN_POINT('',(39.36513736171,78.000000725603,
    -1.524761767614));
#2691 = CARTESIAN_POINT('',(41.685832418554,83.199997292014,
    -1.471726653067));
#2692 = CARTESIAN_POINT('',(44.006506248874,88.400010106343,
    -1.418691169692));
#2693 = CARTESIAN_POINT('',(46.327259297661,93.599962282614,
    -1.3656570628));
#2694 = CARTESIAN_POINT('',(48.647716699106,98.8001407632,
    -1.312617818804));
#2695 = CARTESIAN_POINT('',(50.96927747145,103.99947466458,
    -1.25959774674));
#2696 = CARTESIAN_POINT('',(53.286720407538,109.20196057845,
    -1.206506124053));
#2697 = CARTESIAN_POINT('',(55.619531317752,114.39268302159,
    -1.153681531925));
#2698 = CARTESIAN_POINT('',(57.894988167721,119.62730733515,
    -1.099860368182));
#2699 = CARTESIAN_POINT('',(60.384493284542,124.69808763779,
    -1.049758460342));
#2700 = CARTESIAN_POINT('',(61.847822202457,129.61627180557,
    -0.994379555631));
#2701 = CARTESIAN_POINT('',(64.799419858002,132.41548597433,
    -0.977971908053));
#2702 = CARTESIAN_POINT('',(66.948209654009,135.04188278821,
    -0.770931627419));
#2703 = CARTESIAN_POINT('',(69.149359823175,137.60313086561,
    -0.228595403151));
#2704 = CARTESIAN_POINT('',(71.319031033201,140.08379011227,
    0.750529990205));
#2705 = CARTESIAN_POINT('',(73.481956299854,142.33556294489,
    2.197393733716));
#2706 = CARTESIAN_POINT('',(75.63481589051,144.24297009159,
    4.070936351791));
#2707 = CARTESIAN_POINT('',(77.781652226222,145.72492297081,
    6.272175114456));
#2708 = CARTESIAN_POINT('',(79.924608017792,146.76801750832,
    8.676266998101));
#2709 = CARTESIAN_POINT('',(82.066204492493,147.43021595104,
    11.166896867435));
#2710 = CARTESIAN_POINT('',(84.208959269019,147.82713547942,
    13.664719193805));
#2711 = CARTESIAN_POINT('',(86.351305782155,148.12697034992,
    16.113971013324));
#2712 = CARTESIAN_POINT('',(88.503256710213,148.43382724721,
    18.570066504276));
#2713 = CARTESIAN_POINT('',(90.664292375215,148.74405275424,
    21.025513928259));
#2714 = CARTESIAN_POINT('',(92.836635713119,149.06010718331,
    23.481041925093));
#2715 = CARTESIAN_POINT('',(95.022612765696,149.38259637557,
    25.935993386319));
#2716 = CARTESIAN_POINT('',(97.224666159545,149.71386367984,
    28.390708214955));
#2717 = CARTESIAN_POINT('',(98.682380891023,149.93524562172,
    30.000868097329));
#2718 = CARTESIAN_POINT('',(99.412989651167,150.04931908122,
    30.804831247169));
#2719 = CARTESIAN_POINT('',(5.840757539497,0.,-2.510217141616));
#2720 = CARTESIAN_POINT('',(6.604523260246,1.733333613079,
    -2.491091674565));
#2721 = CARTESIAN_POINT('',(8.132054275283,5.199999870141,
    -2.452840751253));
#2722 = CARTESIAN_POINT('',(10.423351140678,10.400000034807,
    -2.395464357611));
#2723 = CARTESIAN_POINT('',(12.714647914187,15.59999999067,
    -2.338087966294));
#2724 = CARTESIAN_POINT('',(15.005944712325,20.8000000025,
    -2.280711574354));
#2725 = CARTESIAN_POINT('',(17.297241503859,25.999999999331,
    -2.223335182581));
#2726 = CARTESIAN_POINT('',(19.588538297174,31.200000000175,
    -2.165958790764));
#2727 = CARTESIAN_POINT('',(21.879835089973,36.399999999971,
    -2.108582398957));
#2728 = CARTESIAN_POINT('',(24.171131883053,41.599999999941,
    -2.051206007151));
#2729 = CARTESIAN_POINT('',(26.462428675524,46.800000000264,
    -1.993829615333));
#2730 = CARTESIAN_POINT('',(28.75372547015,51.999999999002,
    -1.936453223559));
#2731 = CARTESIAN_POINT('',(31.045022256765,57.20000000373,
    -1.879076831625));
#2732 = CARTESIAN_POINT('',(33.33631907327,62.39999998608,
    -1.821700440285));
#2733 = CARTESIAN_POINT('',(35.627615778227,67.600000051949,
    -1.764324046726));
#2734 = CARTESIAN_POINT('',(37.918912899484,72.799999806123,
    -1.706947661452));
#2735 = CARTESIAN_POINT('',(40.210208467088,78.000000723558,
    -1.649571245258));
#2736 = CARTESIAN_POINT('',(42.501509833007,83.199997299645,
    -1.592194944456));
#2737 = CARTESIAN_POINT('',(44.792789559319,88.400010077863,
    -1.534818213008));
#2738 = CARTESIAN_POINT('',(47.084150045742,93.599962388905,
    -1.477443088752));
#2739 = CARTESIAN_POINT('',(49.375209131329,98.800140366519,
    -1.420061966373));
#2740 = CARTESIAN_POINT('',(51.667393060147,103.99947614501,
    -1.362703229295));
#2741 = CARTESIAN_POINT('',(53.95537901688,109.2019550534,
    -1.305260949137));
#2742 = CARTESIAN_POINT('',(56.259032018722,114.39270364136,
    -1.248130455999));
#2743 = CARTESIAN_POINT('',(58.50421481221,119.62723038115,
    -1.189836357858));
#2744 = CARTESIAN_POINT('',(60.967611394005,124.69837483402,
    -1.135884892711));
#2745 = CARTESIAN_POINT('',(62.394886951554,129.61538271764,
    -1.075160422373));
#2746 = CARTESIAN_POINT('',(65.349864652565,132.41733399269,
    -1.059300389509));
#2747 = CARTESIAN_POINT('',(67.489364231196,135.05201544415,
    -0.850431770321));
#2748 = CARTESIAN_POINT('',(69.678608526534,137.62452517259,
    -0.3041563271));
#2749 = CARTESIAN_POINT('',(71.83218751563,140.11762645037,
    0.682175408373));
#2750 = CARTESIAN_POINT('',(73.976097863261,142.38072773341,
    2.139409730606));
#2751 = CARTESIAN_POINT('',(76.107546390165,144.29659685338,
    4.025485163709));
#2752 = CARTESIAN_POINT('',(78.231292611138,145.78326588616,
    6.239676960971));
#2753 = CARTESIAN_POINT('',(80.350144410011,146.82750825027,
    8.655282500752));
#2754 = CARTESIAN_POINT('',(82.467302153189,147.48823716909,
    11.154457393245));
#2755 = CARTESIAN_POINT('',(84.585958121732,147.88230544229,
    13.6571405246));
#2756 = CARTESIAN_POINT('',(86.705262613986,148.17872907799,
    16.106649380835));
#2757 = CARTESIAN_POINT('',(88.835820701177,148.48246838941,
    18.563243412634));
#2758 = CARTESIAN_POINT('',(90.977824188268,148.78990725828,
    21.019065594686));
#2759 = CARTESIAN_POINT('',(93.134175704754,149.10362392257,
    23.474928497743));
#2760 = CARTESIAN_POINT('',(95.30788158735,149.42431715112,
    25.930123938953));
#2761 = CARTESIAN_POINT('',(97.502063801302,149.75443730587,
    28.385028101802));
#2762 = CARTESIAN_POINT('',(98.957948586905,149.97554144682,
    29.995156065654));
#2763 = CARTESIAN_POINT('',(99.68855632198,150.08962174746,
    30.799167076815));
#2764 = CARTESIAN_POINT('',(7.269381026195,0.,-2.66623764007));
#2765 = CARTESIAN_POINT('',(8.022261995383,1.733333612251,
    -2.645923445271));
#2766 = CARTESIAN_POINT('',(9.528023511407,5.199999870525,
    -2.605295066951));
#2767 = CARTESIAN_POINT('',(11.786666124979,10.400000034704,
    -2.544352490405));
#2768 = CARTESIAN_POINT('',(14.04530864755,15.599999990698,
    -2.483409916288));
#2769 = CARTESIAN_POINT('',(16.303951194514,20.800000002493,
    -2.42246734152));
#2770 = CARTESIAN_POINT('',(18.562593734937,25.999999999333,
    -2.361524766927));
#2771 = CARTESIAN_POINT('',(20.821236277124,31.200000000174,
    -2.300582192287));
#2772 = CARTESIAN_POINT('',(23.079878818798,36.399999999971,
    -2.239639617659));
#2773 = CARTESIAN_POINT('',(25.338521360756,41.599999999941,
    -2.178697043031));
#2774 = CARTESIAN_POINT('',(27.597163902093,46.800000000264,
    -2.117754468391));
#2775 = CARTESIAN_POINT('',(29.855806445631,51.999999999004,
    -2.056811893798));
#2776 = CARTESIAN_POINT('',(32.114448980987,57.200000003721,
    -1.995869319027));
#2777 = CARTESIAN_POINT('',(34.373091546867,62.399999986113,
    -1.934926744922));
#2778 = CARTESIAN_POINT('',(36.631733998834,67.600000051829,
    -1.873984168334));
#2779 = CARTESIAN_POINT('',(38.89037687593,72.799999806573,
    -1.813041601009));
#2780 = CARTESIAN_POINT('',(41.149018166424,78.000000721878,
    -1.752098999118));
#2781 = CARTESIAN_POINT('',(43.407665378196,83.199997305914,
    -1.691156526225));
#2782 = CARTESIAN_POINT('',(45.666290491458,88.400010054467,
    -1.630213571905));
#2783 = CARTESIAN_POINT('',(47.92499807748,93.599962476219,
    -1.569272414299));
#2784 = CARTESIAN_POINT('',(50.183397870973,98.800140040656,
    -1.508324551263));
#2785 = CARTESIAN_POINT('',(52.442946361822,103.99947736115,
    -1.447401713229));
#2786 = CARTESIAN_POINT('',(54.698207855777,109.20195051472,
    -1.386385480621));
#2787 = CARTESIAN_POINT('',(56.969468639951,114.39272057996,
    -1.325717801308));
#2788 = CARTESIAN_POINT('',(59.181019260145,119.62716716543,
    -1.263749303387));
#2789 = CARTESIAN_POINT('',(61.615411246039,124.6986107583,-1.2066355266
    ));
#2790 = CARTESIAN_POINT('',(63.002634263406,129.61465235492,
    -1.141519812527));
#2791 = CARTESIAN_POINT('',(65.961366937753,132.41885209191,
    -1.126109630968));
#2792 = CARTESIAN_POINT('',(68.090545791743,135.06033915861,
    -0.915739079005));
#2793 = CARTESIAN_POINT('',(70.266563567135,137.64210004175,
    -0.366227669424));
#2794 = CARTESIAN_POINT('',(72.402265323185,140.1454221259,
    0.626023889485));
#2795 = CARTESIAN_POINT('',(74.525051542566,142.4178294376,
    2.091777373586));
#2796 = CARTESIAN_POINT('',(76.63271400674,144.34064984948,
    3.988148189688));
#2797 = CARTESIAN_POINT('',(78.73080886709,145.8311930803,6.212980569445
    ));
#2798 = CARTESIAN_POINT('',(80.822882964073,146.87637835422,
    8.638044279588));
#2799 = CARTESIAN_POINT('',(82.912891135992,147.53590009722,
    11.144238687325));
#2800 = CARTESIAN_POINT('',(85.004775162469,147.92762613812,
    13.650914844102));
#2801 = CARTESIAN_POINT('',(87.098481722713,148.22124753276,
    16.100634849345));
#2802 = CARTESIAN_POINT('',(89.205273991419,148.52242582813,
    18.557638419538));
#2803 = CARTESIAN_POINT('',(91.326134176924,148.82757554591,
    21.013768455644));
#2804 = CARTESIAN_POINT('',(93.464719996674,149.13937179705,
    23.469906475468));
#2805 = CARTESIAN_POINT('',(95.624793542741,149.45858968755,
    25.925302340006));
#2806 = CARTESIAN_POINT('',(97.810231476083,149.78776749016,
    28.380362035661));
#2807 = CARTESIAN_POINT('',(99.264083327579,150.00864342102,
    29.990463780162));
#2808 = CARTESIAN_POINT('',(99.994689926272,150.1227293441,
    30.794514107547));
#2809 = CARTESIAN_POINT('',(8.83353801119,0.,-2.788759599027));
#2810 = CARTESIAN_POINT('',(9.574501591661,1.733333610965,
    -2.767511903555));
#2811 = CARTESIAN_POINT('',(11.05642833775,5.199999871122,
    -2.725016524004));
#2812 = CARTESIAN_POINT('',(13.279318790391,10.400000034544,
    -2.661273445519));
#2813 = CARTESIAN_POINT('',(15.502209153647,15.599999990741,
    -2.597530369489));
#2814 = CARTESIAN_POINT('',(17.725099540862,20.800000002481,
    -2.533787292801));
#2815 = CARTESIAN_POINT('',(19.947989921653,25.999999999336,
    -2.470044216289));
#2816 = CARTESIAN_POINT('',(22.170880304176,31.200000000173,
    -2.40630113973));
#2817 = CARTESIAN_POINT('',(24.393770686194,36.399999999971,
    -2.342558063182));
#2818 = CARTESIAN_POINT('',(26.616661068498,41.599999999941,
    -2.278814986635));
#2819 = CARTESIAN_POINT('',(28.839551450167,46.800000000263,
    -2.215071910075));
#2820 = CARTESIAN_POINT('',(31.062441834087,51.999999999006,
    -2.151328833567));
#2821 = CARTESIAN_POINT('',(33.28533220964,57.200000003714,
    -2.087585756866));
#2822 = CARTESIAN_POINT('',(35.50822261641,62.399999986138,
    -2.023842680884));
#2823 = CARTESIAN_POINT('',(37.731112906677,67.600000051734,
    -1.960099602216));
#2824 = CARTESIAN_POINT('',(39.954003631739,72.799999806927,
    -1.896356533576));
#2825 = CARTESIAN_POINT('',(42.176892734126,78.000000720559,
    -1.832613427508));
#2826 = CARTESIAN_POINT('',(44.399787892419,83.199997310837,
    -1.768870461124));
#2827 = CARTESIAN_POINT('',(46.622660449763,88.400010036094,
    -1.705126973433));
#2828 = CARTESIAN_POINT('',(48.845617354995,93.599962544787,
    -1.641385431287));
#2829 = CARTESIAN_POINT('',(51.068259469624,98.800139784758,
    -1.577636628269));
#2830 = CARTESIAN_POINT('',(53.292076398775,103.99947831618,
    -1.513914923192));
#2831 = CARTESIAN_POINT('',(55.511508860442,109.20194695051,
    -1.450092087222));
#2832 = CARTESIAN_POINT('',(57.747304377526,114.39273388174,
    -1.386646676882));
#2833 = CARTESIAN_POINT('',(59.922032140425,119.62711752251,
    -1.321792694918));
#2834 = CARTESIAN_POINT('',(62.324667864647,124.69879602821,
    -1.262195573821));
#2835 = CARTESIAN_POINT('',(63.668038557677,129.61407880548,
    -1.193631442456));
#2836 = CARTESIAN_POINT('',(66.630882439649,132.4200442461,
    -1.178574526422));
#2837 = CARTESIAN_POINT('',(68.748761441937,135.06687572151,
    -0.967024515684));
#2838 = CARTESIAN_POINT('',(70.910297897547,137.65590148079,
    -0.414971921185));
#2839 = CARTESIAN_POINT('',(73.0264264076,140.16724990271,0.58192843946)
  );
#2840 = CARTESIAN_POINT('',(75.126084452859,142.44696518274,
    2.054371970132));
#2841 = CARTESIAN_POINT('',(77.20770427073,144.37524440234,
    3.958827688576));
#2842 = CARTESIAN_POINT('',(79.277714226089,145.86883001756,
    6.192016053761));
#2843 = CARTESIAN_POINT('',(81.340470220826,146.9147557529,
    8.624507208197));
#2844 = CARTESIAN_POINT('',(83.400753141886,147.57332950798,
    11.136213999034));
#2845 = CARTESIAN_POINT('',(85.463325372375,147.96321620795,
    13.646025854655));
#2846 = CARTESIAN_POINT('',(87.529005525015,148.25463701954,
    16.095911673943));
#2847 = CARTESIAN_POINT('',(89.609777312231,148.55380416442,
    18.553236852175));
#2848 = CARTESIAN_POINT('',(91.707488331315,148.85715622555,
    21.009608644214));
#2849 = CARTESIAN_POINT('',(93.826623022789,149.16744438803,
    23.465962711599));
#2850 = CARTESIAN_POINT('',(95.971770932815,149.48550370359,
    25.921515967294));
#2851 = CARTESIAN_POINT('',(98.147635015178,149.81394148594,
    28.376697802221));
#2852 = CARTESIAN_POINT('',(99.599261069501,150.03463819661,
    29.986778956071));
#2853 = CARTESIAN_POINT('',(100.32986642305,150.1487285406,
    30.790860158769));
#2854 = CARTESIAN_POINT('',(10.52550825699,0.,-2.87863322949));
#2855 = CARTESIAN_POINT('',(11.253580634164,1.733333612532,
    -2.856700782417));
#2856 = CARTESIAN_POINT('',(12.709724978592,5.199999870395,
    -2.812835900117));
#2857 = CARTESIAN_POINT('',(14.893941824777,10.400000034739,
    -2.747038567145));
#2858 = CARTESIAN_POINT('',(17.078158582639,15.599999990689,
    -2.681241236724));
#2859 = CARTESIAN_POINT('',(19.262375364176,20.800000002495,
    -2.61544390562));
#2860 = CARTESIAN_POINT('',(21.446592139364,25.999999999332,
    -2.549646574699));
#2861 = CARTESIAN_POINT('',(23.630808916265,31.200000000174,
    -2.483849243729));
#2862 = CARTESIAN_POINT('',(25.815025692665,36.399999999971,
    -2.418051912771));
#2863 = CARTESIAN_POINT('',(27.999242469353,41.599999999942,
    -2.352254581814));
#2864 = CARTESIAN_POINT('',(30.183459245393,46.800000000263,
    -2.286457250843));
#2865 = CARTESIAN_POINT('',(32.367676023737,51.999999999007,
    -2.220659919926));
#2866 = CARTESIAN_POINT('',(34.551892793513,57.200000003709,
    -2.154862588805));
#2867 = CARTESIAN_POINT('',(36.736109595257,62.399999986157,
    -2.089065258445));
#2868 = CARTESIAN_POINT('',(38.920326277696,67.600000051664,
    -2.023267925247));
#2869 = CARTESIAN_POINT('',(41.104543405386,72.799999807186,
    -1.957470602641));
#2870 = CARTESIAN_POINT('',(43.28875887138,78.000000719592,
    -1.891673240506));
#2871 = CARTESIAN_POINT('',(45.472980538908,83.199997314448,
    -1.825876025893));
#2872 = CARTESIAN_POINT('',(47.657179061993,88.400010022617,
    -1.760078260721));
#2873 = CARTESIAN_POINT('',(49.841463961317,93.599962595083,
    -1.694282550265));
#2874 = CARTESIAN_POINT('',(52.025426500126,98.800139597049,
    -1.628479171503));
#2875 = CARTESIAN_POINT('',(54.210592104757,103.99947901672,
    -1.562704411248));
#2876 = CARTESIAN_POINT('',(56.391267806616,109.20194433606,
    -1.496822845272));
#2877 = CARTESIAN_POINT('',(58.58870005374,114.392743639,-1.431339883672
    ));
#2878 = CARTESIAN_POINT('',(60.723596022576,119.62708110789,
    -1.36436931029));
#2879 = CARTESIAN_POINT('',(63.091880559301,124.69893192939,
    -1.302950579658));
#2880 = CARTESIAN_POINT('',(64.387815586539,129.6136580893,
    -1.231856928001));
#2881 = CARTESIAN_POINT('',(67.355106618665,132.42091872791,
    -1.21705914311));
#2882 = CARTESIAN_POINT('',(69.460762415069,135.07167049172,
    -1.004643963035));
#2883 = CARTESIAN_POINT('',(71.606634226768,137.66602526139,
    -0.450727331132));
#2884 = CARTESIAN_POINT('',(73.701590085892,140.18326124927,
    0.549583068766));
#2885 = CARTESIAN_POINT('',(75.7762300653,142.46833714915,2.026933954645
    ));
#2886 = CARTESIAN_POINT('',(77.829679192447,144.40062057234,
    3.937320197965));
#2887 = CARTESIAN_POINT('',(79.869309317612,145.89643787023,
    6.176637935818));
#2888 = CARTESIAN_POINT('',(81.900351515627,146.94290675682,
    8.614577349402));
#2889 = CARTESIAN_POINT('',(83.928480221679,147.60078513357,
    11.130327643019));
#2890 = CARTESIAN_POINT('',(85.959345477014,147.98932262031,
    13.64243963032));
#2891 = CARTESIAN_POINT('',(87.994709076887,148.27912923647,
    16.092447079316));
#2892 = CARTESIAN_POINT('',(90.047334149382,148.57682114048,
    18.550008166949));
#2893 = CARTESIAN_POINT('',(92.12000439489,148.8788545653,
    21.006557294414));
#2894 = CARTESIAN_POINT('',(94.218098532099,149.18803649746,
    23.463069839327));
#2895 = CARTESIAN_POINT('',(96.347101174273,149.50524596583,
    25.918738546331));
#2896 = CARTESIAN_POINT('',(98.512609093066,149.83314090817,
    28.374009973993));
#2897 = CARTESIAN_POINT('',(99.961827462977,150.05370618683,
    29.984076024433));
#2898 = CARTESIAN_POINT('',(100.69243147572,150.16779975199,
    30.788179874802));
#2899 = CARTESIAN_POINT('',(12.337039260854,0.,-2.937198027128));
#2900 = CARTESIAN_POINT('',(13.05130949333,1.733333610965,
    -2.914819371847));
#2901 = CARTESIAN_POINT('',(14.479849561236,5.199999871122,
    -2.870062073915));
#2902 = CARTESIAN_POINT('',(16.622659982288,10.400000034544,
    -2.802926116863));
#2903 = CARTESIAN_POINT('',(18.765470317791,15.599999990741,
    -2.735790162533));
#2904 = CARTESIAN_POINT('',(20.908280676225,20.800000002481,
    -2.668654207473));
#2905 = CARTESIAN_POINT('',(23.05109102851,25.999999999336,
    -2.601518252608));
#2906 = CARTESIAN_POINT('',(25.193901382454,31.200000000173,
    -2.534382297691));
#2907 = CARTESIAN_POINT('',(27.336711735911,36.399999999971,
    -2.467246342788));
#2908 = CARTESIAN_POINT('',(29.479522089656,41.599999999942,
    -2.400110387884));
#2909 = CARTESIAN_POINT('',(31.622332442739,46.800000000263,
    -2.332974432967));
#2910 = CARTESIAN_POINT('',(33.765142798182,51.999999999008,
    -2.265838478106));
#2911 = CARTESIAN_POINT('',(35.907953144843,57.200000003706,
    -2.198702523034));
#2912 = CARTESIAN_POINT('',(38.050763524276,62.399999986169,
    -2.131566568748));
#2913 = CARTESIAN_POINT('',(40.193573781404,67.600000051619,
    -2.064430611527));
#2914 = CARTESIAN_POINT('',(42.336384494977,72.799999807355,
    -1.997294665263));
#2915 = CARTESIAN_POINT('',(44.479193505075,78.000000718961,
    -1.930158678103));
#2916 = CARTESIAN_POINT('',(46.622008872628,83.199997316801,
    -1.863022843573));
#2917 = CARTESIAN_POINT('',(48.764800513837,88.400010013835,
    -1.79588643942));
#2918 = CARTESIAN_POINT('',(50.907680702968,93.599962627858,
    -1.728752161125));
#2919 = CARTESIAN_POINT('',(53.050230426753,98.800139474731,
    -1.661609949025));
#2920 = CARTESIAN_POINT('',(55.194013464,103.99947947321,-1.594497346285
    ));
#2921 = CARTESIAN_POINT('',(57.333193712748,109.2019426324,
    -1.527274239909));
#2922 = CARTESIAN_POINT('',(59.489551802029,114.39274999718,
    -1.460463538719));
#2923 = CARTESIAN_POINT('',(61.581801317675,119.62705737886,
    -1.39211372042));
#2924 = CARTESIAN_POINT('',(63.913307287326,124.69902048735,
    -1.32950796537));
#2925 = CARTESIAN_POINT('',(65.158454672475,129.61338393593,
    -1.256765989915));
#2926 = CARTESIAN_POINT('',(68.130507106524,132.42148857081,
    -1.24213706393));
#2927 = CARTESIAN_POINT('',(70.223075960956,135.0747949315,
    -1.029158109286));
#2928 = CARTESIAN_POINT('',(72.352176208155,137.67262227055,
    -0.474026805486));
#2929 = CARTESIAN_POINT('',(74.424463279996,140.1936948021,
    0.528505695131));
#2930 = CARTESIAN_POINT('',(76.472317326223,142.48226386916,
    2.009054385116));
#2931 = CARTESIAN_POINT('',(78.495605119403,144.41715657131,
    3.923305165648));
#2932 = CARTESIAN_POINT('',(80.502708665319,145.9144281116,
    6.166617016882));
#2933 = CARTESIAN_POINT('',(82.499796054639,146.96125093452,
    8.608106706479));
#2934 = CARTESIAN_POINT('',(84.493498412157,147.61867617845,
    11.12649188778));
#2935 = CARTESIAN_POINT('',(86.490416162401,148.00633447071,
    13.640102721246));
#2936 = CARTESIAN_POINT('',(88.49332093187,148.29508922073,
    16.090189428411));
#2937 = CARTESIAN_POINT('',(90.515810340606,148.59181980627,
    18.547904242851));
#2938 = CARTESIAN_POINT('',(92.561670340697,148.89299396149,
    21.004568928278));
#2939 = CARTESIAN_POINT('',(94.637237121349,149.20145503577,
    23.461184742671));
#2940 = CARTESIAN_POINT('',(96.748953613856,149.5181107123,
    25.916928681834));
#2941 = CARTESIAN_POINT('',(98.903373559557,149.84565192778,
    28.372258491054));
#2942 = CARTESIAN_POINT('',(100.35001412316,150.06613154378,
    29.982314700089));
#2943 = CARTESIAN_POINT('',(101.08061669084,150.18022721965,
    30.786433308125));
#2944 = CARTESIAN_POINT('',(14.259398780794,0.,-2.966283665234));
#2945 = CARTESIAN_POINT('',(14.959022461475,1.733333612002,
    -2.943683405241));
#2946 = CARTESIAN_POINT('',(16.358269436431,5.199999870641,
    -2.898482897366));
#2947 = CARTESIAN_POINT('',(18.457140209505,10.400000034673,
    -2.830682125817));
#2948 = CARTESIAN_POINT('',(20.556010899323,15.599999990706,
    -2.762881356878));
#2949 = CARTESIAN_POINT('',(22.654881611457,20.800000002491,
    -2.695080587239));
#2950 = CARTESIAN_POINT('',(24.753752317606,25.999999999334,
    -2.627279817787));
#2951 = CARTESIAN_POINT('',(26.852623025371,31.200000000174,
    -2.559479048286));
#2952 = CARTESIAN_POINT('',(28.95149373266,36.399999999971,
    -2.491678278797));
#2953 = CARTESIAN_POINT('',(31.050364440238,41.599999999942,
    -2.423877509308));
#2954 = CARTESIAN_POINT('',(33.149235147138,46.800000000263,
    -2.356076739805));
#2955 = CARTESIAN_POINT('',(35.24810585646,51.999999999008,
    -2.288275970359));
#2956 = CARTESIAN_POINT('',(37.34697655677,57.200000003704,
    -2.220475200699));
#2957 = CARTESIAN_POINT('',(39.445847290705,62.399999986175,
    -2.152674431839));
#2958 = CARTESIAN_POINT('',(41.544717899153,67.600000051597,
    -2.084873659994));
#2959 = CARTESIAN_POINT('',(43.643588975925,72.799999807439,
    -2.017072899289));
#2960 = CARTESIAN_POINT('',(45.742458304888,78.000000718648,
    -1.949272097007));
#2961 = CARTESIAN_POINT('',(47.841334156764,83.19999731797,
    -1.881471449892));
#2962 = CARTESIAN_POINT('',(49.940185664795,88.400010009474,
    -1.813670223688));
#2963 = CARTESIAN_POINT('',(52.039128025293,93.599962644136,
    -1.745871158672));
#2964 = CARTESIAN_POINT('',(54.137731319766,98.800139413983,
    -1.678064027994));
#2965 = CARTESIAN_POINT('',(56.237600025875,103.99947969993,
    -1.610286998775));
#2966 = CARTESIAN_POINT('',(58.332746151468,109.20194178629,
    -1.542397629384));
#2967 = CARTESIAN_POINT('',(60.445517187486,114.39275315491,
    -1.474927519219));
#2968 = CARTESIAN_POINT('',(62.492511162319,119.62704559407,
    -1.405892712324));
#2969 = CARTESIAN_POINT('',(64.784988471466,124.69906446881,
    -1.342697433123));
#2970 = CARTESIAN_POINT('',(65.976241053236,129.61324778033,
    -1.269136833657));
#2971 = CARTESIAN_POINT('',(68.953346189278,132.42177157776,
    -1.254591769808));
#2972 = CARTESIAN_POINT('',(71.032027449497,135.07634665419,-1.041332822
    ));
#2973 = CARTESIAN_POINT('',(73.143330056682,137.67589861109,
    -0.485598263195));
#2974 = CARTESIAN_POINT('',(75.191561476731,140.1988765248,
    0.518037822167));
#2975 = CARTESIAN_POINT('',(77.210990840444,142.48918043943,
    2.000174670514));
#2976 = CARTESIAN_POINT('',(79.202272045075,144.42536901464,
    3.916344735928));
#2977 = CARTESIAN_POINT('',(81.174859052693,145.9233627903,
    6.161640224792));
#2978 = CARTESIAN_POINT('',(83.135914295943,146.97036139226,
    8.604893124499));
#2979 = CARTESIAN_POINT('',(85.093084118992,147.62756159218,
    11.124586897184));
#2980 = CARTESIAN_POINT('',(87.053977473598,148.01478324104,
    13.638942118045));
#2981 = CARTESIAN_POINT('',(89.022437598459,148.30301559195,
    16.08906818801));
#2982 = CARTESIAN_POINT('',(91.012947659328,148.59926874798,
    18.546859349376));
#2983 = CARTESIAN_POINT('',(93.030357177316,148.9000161554,
    21.003581425541));
#2984 = CARTESIAN_POINT('',(95.082018389336,149.20811922226,
    23.460248527728));
#2985 = CARTESIAN_POINT('',(97.175391175469,149.52449986478,
    25.916029830178));
#2986 = CARTESIAN_POINT('',(99.318044788395,149.85186540007,
    28.371388634162));
#2987 = CARTESIAN_POINT('',(100.76194984531,150.07230248576,
    29.981439955227));
#2988 = CARTESIAN_POINT('',(101.49255087368,150.18639920079,
    30.785565892743));
#2989 = CARTESIAN_POINT('',(16.283413614804,0.,-2.968192882475));
#2990 = CARTESIAN_POINT('',(16.967616227855,1.733333612532,
    -2.945578076121));
#2991 = CARTESIAN_POINT('',(18.33602107527,5.199999870395,
    -2.900348475329));
#2992 = CARTESIAN_POINT('',(20.388628650826,10.400000034739,
    -2.832504064562));
#2993 = CARTESIAN_POINT('',(22.441236144789,15.599999990689,
    -2.764659656362));
#2994 = CARTESIAN_POINT('',(24.493843660623,20.800000002495,
    -2.696815247475));
#2995 = CARTESIAN_POINT('',(26.546451170592,25.999999999332,
    -2.628970838771));
#2996 = CARTESIAN_POINT('',(28.599058682145,31.200000000174,
    -2.561126430019));
#2997 = CARTESIAN_POINT('',(30.651666193229,36.399999999971,
    -2.493282021278));
#2998 = CARTESIAN_POINT('',(32.704273704603,41.599999999942,
    -2.425437612539));
#2999 = CARTESIAN_POINT('',(34.756881215284,46.800000000263,
    -2.357593203785));
#3000 = CARTESIAN_POINT('',(36.809488728451,51.999999999008,
    -2.289748795088));
#3001 = CARTESIAN_POINT('',(38.862096232365,57.200000003704,
    -2.221904386176));
#3002 = CARTESIAN_POINT('',(40.914703770803,62.399999986175,
    -2.154059978065));
#3003 = CARTESIAN_POINT('',(42.967311180401,67.600000051595,
    -2.086215566966));
#3004 = CARTESIAN_POINT('',(45.019919070832,72.799999807444,
    -2.01837116702));
#3005 = CARTESIAN_POINT('',(47.072525166774,78.000000718627,
    -1.950526725452));
#3006 = CARTESIAN_POINT('',(49.125137959838,83.199997318046,
    -1.882682439216));
#3007 = CARTESIAN_POINT('',(51.177725758902,88.400010009187,
    -1.814837573271));
#3008 = CARTESIAN_POINT('',(53.230406836845,93.599962645204,
    -1.746994870833));
#3009 = CARTESIAN_POINT('',(55.282739793273,98.800139409996,
    -1.679144094078));
#3010 = CARTESIAN_POINT('',(57.336371956879,103.99947971481,
    -1.611323451083));
#3011 = CARTESIAN_POINT('',(59.385155413292,109.20194173075,
    -1.543390347365));
#3012 = CARTESIAN_POINT('',(61.452034491297,114.39275336218,
    -1.475876952779));
#3013 = CARTESIAN_POINT('',(63.451379790127,119.6270448205,
    -1.406797182386));
#3014 = CARTESIAN_POINT('',(65.702764584063,124.6990673558,
    -1.343563206091));
#3015 = CARTESIAN_POINT('',(66.837272378825,129.6132388429,
    -1.269948871133));
#3016 = CARTESIAN_POINT('',(69.819697406219,132.42179015468,
    -1.255409312098));
#3017 = CARTESIAN_POINT('',(71.883756689433,135.07644851118,
    -1.042131985192));
#3018 = CARTESIAN_POINT('',(73.976320508673,137.67611367413,
    -0.486357827983));
#3019 = CARTESIAN_POINT('',(75.999224202267,140.19921665949,
    0.517350698046));
#3020 = CARTESIAN_POINT('',(77.988725772316,142.48963445165,
    1.99959179507));
#3021 = CARTESIAN_POINT('',(79.9463078643,144.42590808957,3.915887844717
    ));
#3022 = CARTESIAN_POINT('',(81.88255308215,145.92394927365,
    6.161313542007));
#3023 = CARTESIAN_POINT('',(83.805670781776,146.97095941397,
    8.604682181005));
#3024 = CARTESIAN_POINT('',(85.724376212019,147.62814484172,
    11.124461851247));
#3025 = CARTESIAN_POINT('',(87.647340183283,148.01533782877,
    13.638865934616));
#3026 = CARTESIAN_POINT('',(89.579534213832,148.30353588875,
    16.088994588403));
#3027 = CARTESIAN_POINT('',(91.536373843265,148.59975770575,
    18.546790761277));
#3028 = CARTESIAN_POINT('',(93.523828403595,148.90047710078,
    21.003516604638));
#3029 = CARTESIAN_POINT('',(95.550319909212,149.20855666808,
    23.46018707343));
#3030 = CARTESIAN_POINT('',(97.624378963176,149.52491925517,
    25.915970828412));
#3031 = CARTESIAN_POINT('',(99.754644040076,149.85227326577,
    28.371331535804));
#3032 = CARTESIAN_POINT('',(101.19566891956,150.07270754143,
    29.98138253562));
#3033 = CARTESIAN_POINT('',(101.92626833811,150.18680433726,
    30.785508954525));
#3034 = CARTESIAN_POINT('',(18.399498899046,0.,-2.945662472947));
#3035 = CARTESIAN_POINT('',(19.067578956259,1.733333611734,
    -2.923219326644));
#3036 = CARTESIAN_POINT('',(20.403738696472,5.199999870765,
    -2.878333046689));
#3037 = CARTESIAN_POINT('',(22.407978607628,10.40000003464,
    -2.811003616587));
#3038 = CARTESIAN_POINT('',(24.412218438155,15.599999990715,
    -2.74367418921));
#3039 = CARTESIAN_POINT('',(26.416458290295,20.800000002488,
    -2.676344761102));
#3040 = CARTESIAN_POINT('',(28.420698136638,25.999999999334,
    -2.60901533319));
#3041 = CARTESIAN_POINT('',(30.424937984548,31.200000000174,
    -2.541685905226));
#3042 = CARTESIAN_POINT('',(32.429177831992,36.399999999971,
    -2.474356477275));
#3043 = CARTESIAN_POINT('',(34.43341767973,41.599999999942,
    -2.407027049325));
#3044 = CARTESIAN_POINT('',(36.437657526756,46.800000000263,
    -2.33969762136));
#3045 = CARTESIAN_POINT('',(38.441897376337,51.999999999008,
    -2.272368193452));
#3046 = CARTESIAN_POINT('',(40.446137216413,57.200000003705,
    -2.205038765331));
#3047 = CARTESIAN_POINT('',(42.450377091951,62.399999986171,
    -2.137709338002));
#3048 = CARTESIAN_POINT('',(44.454616835147,67.600000051612,
    -2.070379907722));
#3049 = CARTESIAN_POINT('',(46.45885707225,72.799999807379,
    -2.003050488453));
#3050 = CARTESIAN_POINT('',(48.463095466063,78.00000071887,
    -1.93572102809));
#3051 = CARTESIAN_POINT('',(50.467340739132,83.199997317141,
    -1.868391721094));
#3052 = CARTESIAN_POINT('',(52.47156033847,88.400010012566,
    -1.801061841722));
#3053 = CARTESIAN_POINT('',(54.475875753472,93.599962632595,
    -1.733734098488));
#3054 = CARTESIAN_POINT('',(56.479833579548,98.800139457052,
    -1.666398383077));
#3055 = CARTESIAN_POINT('',(58.485125945667,103.99947953919,
    -1.599092420236));
#3056 = CARTESIAN_POINT('',(60.485437740539,109.20194238616,
    -1.531675419293));
#3057 = CARTESIAN_POINT('',(62.504337280358,114.39275091613,
    -1.464672818186));
#3058 = CARTESIAN_POINT('',(64.453866411634,119.62705394927,
    -1.396123655839));
#3059 = CARTESIAN_POINT('',(66.662289432134,124.69903328675,
    -1.333346338617));
#3060 = CARTESIAN_POINT('',(67.737471175164,129.61334431219,
    -1.260366128795));
#3061 = CARTESIAN_POINT('',(70.725458090553,132.42157093094,
    -1.245761608205));
#3062 = CARTESIAN_POINT('',(72.774230257364,135.07524651082,
    -1.032701170496));
#3063 = CARTESIAN_POINT('',(74.847202879569,137.6735757448,
    -0.477394308597));
#3064 = CARTESIAN_POINT('',(76.843626713266,140.19520277696,
    0.525459355105));
#3065 = CARTESIAN_POINT('',(78.801839103662,142.48427671598,
    2.006470227847));
#3066 = CARTESIAN_POINT('',(80.724189143407,144.41954654059,
    3.921279554931));
#3067 = CARTESIAN_POINT('',(82.622439419105,145.91702826442,
    6.16516868053));
#3068 = CARTESIAN_POINT('',(84.505893833447,146.96390224221,
    8.607171496103));
#3069 = CARTESIAN_POINT('',(86.38438516337,147.62126199427,
    11.125937501123));
#3070 = CARTESIAN_POINT('',(88.267694380833,148.00879321542,
    13.63976496476));
#3071 = CARTESIAN_POINT('',(90.161972608002,148.29739593786,
    16.089863127211));
#3072 = CARTESIAN_POINT('',(92.083610171071,148.59398758282,
    18.547600159983));
#3073 = CARTESIAN_POINT('',(94.039747152159,148.89503754662,
    21.004281547159));
#3074 = CARTESIAN_POINT('',(96.039924005846,149.20339443467,
    23.460912287193));
#3075 = CARTESIAN_POINT('',(98.093790765898,149.51997006984,
    25.916667099878));
#3076 = CARTESIAN_POINT('',(100.21110376057,149.84746016498,
    28.372005346591));
#3077 = CARTESIAN_POINT('',(101.64911745596,150.06792738917,
    29.982060134433));
#3078 = CARTESIAN_POINT('',(102.37971518474,150.18202337759,
    30.786180874588));
#3079 = CARTESIAN_POINT('',(20.597680853768,0.,-2.901784447325));
#3080 = CARTESIAN_POINT('',(21.249012856414,1.733333611718,
    -2.879675609755));
#3081 = CARTESIAN_POINT('',(22.551676492962,5.199999870773,
    -2.835457947383));
#3082 = CARTESIAN_POINT('',(24.505672244223,10.400000034638,
    -2.76913144356));
#3083 = CARTESIAN_POINT('',(26.459667916035,15.599999990716,
    -2.702804942488));
#3084 = CARTESIAN_POINT('',(28.413663609142,20.800000002488,
    -2.636478440679));
#3085 = CARTESIAN_POINT('',(30.367659296539,25.999999999334,
    -2.570151939068));
#3086 = CARTESIAN_POINT('',(32.321654985478,31.200000000174,
    -2.503825437404));
#3087 = CARTESIAN_POINT('',(34.275650673957,36.399999999971,
    -2.437498935753));
#3088 = CARTESIAN_POINT('',(36.229646362734,41.599999999941,
    -2.371172434102));
#3089 = CARTESIAN_POINT('',(38.183642050781,46.800000000263,
    -2.304845932437));
#3090 = CARTESIAN_POINT('',(40.137637741451,51.999999999007,
    -2.238519430828));
#3091 = CARTESIAN_POINT('',(42.091633422357,57.200000003708,
    -2.172192929012));
#3092 = CARTESIAN_POINT('',(44.045629139699,62.399999986162,
    -2.105866427967));
#3093 = CARTESIAN_POINT('',(45.999624721058,67.600000051646,
    -2.039539924045));
#3094 = CARTESIAN_POINT('',(47.953620809911,72.799999807253,
    -1.973213430859));
#3095 = CARTESIAN_POINT('',(49.907615004776,78.000000719342,
    -1.906886897604));
#3096 = CARTESIAN_POINT('',(51.861616268096,83.199997315378,
    -1.84056051389));
#3097 = CARTESIAN_POINT('',(53.815591151585,88.400010019146,
    -1.774233572082));
#3098 = CARTESIAN_POINT('',(55.769664485942,93.59996260804,
    -1.707908713112));
#3099 = CARTESIAN_POINT('',(57.723370396657,98.800139548696,
    -1.641576080882));
#3100 = CARTESIAN_POINT('',(59.678447551074,103.99947919717,
    -1.575272458852));
#3101 = CARTESIAN_POINT('',(61.628407154325,109.20194366259,
    -1.508860569281));
#3102 = CARTESIAN_POINT('',(63.597465718537,114.39274615245,
    -1.442852739676));
#3103 = CARTESIAN_POINT('',(65.495245990073,119.62707172758,
    -1.375336937748));
#3104 = CARTESIAN_POINT('',(67.659040471349,124.69896693719,
    -1.313448965148));
#3105 = CARTESIAN_POINT('',(68.672594520387,129.61354971388,
    -1.24170371552));
#3106 = CARTESIAN_POINT('',(71.666359105473,132.42114399219,
    -1.22697268215));
#3107 = CARTESIAN_POINT('',(73.699251069503,135.07290561228,
    -1.014334636661));
#3108 = CARTESIAN_POINT('',(75.751872425095,137.66863312144,
    -0.459937833481));
#3109 = CARTESIAN_POINT('',(77.720789073414,140.18738573128,
    0.541250983826));
#3110 = CARTESIAN_POINT('',(79.646498373975,142.47384251315,
    2.019865991881));
#3111 = CARTESIAN_POINT('',(81.532249481703,144.40715740897,
    3.931779923274));
#3112 = CARTESIAN_POINT('',(83.391030745056,145.90354958262,
    6.172676571884));
#3113 = CARTESIAN_POINT('',(85.233283078071,146.95015838358,
    8.612019443119));
#3114 = CARTESIAN_POINT('',(87.070000141943,147.60785763265,
    11.128811332732));
#3115 = CARTESIAN_POINT('',(88.912116140553,147.9960475655,
    13.641515828083));
#3116 = CARTESIAN_POINT('',(90.767007564456,148.28543836904,
    16.091554608583));
#3117 = CARTESIAN_POINT('',(92.652077344727,148.58275025476,
    18.549176465874));
#3118 = CARTESIAN_POINT('',(94.575681734592,148.88444400225,
    21.005771274499));
#3119 = CARTESIAN_POINT('',(96.548523020338,149.19334097228,
    23.462324642787));
#3120 = CARTESIAN_POINT('',(98.581414096534,149.51033152225,
    25.918023089876));
#3121 = CARTESIAN_POINT('',(100.68527251342,149.83808663012,
    28.373317595927));
#3122 = CARTESIAN_POINT('',(102.12015820216,150.05861805295,
    29.98337975697));
#3123 = CARTESIAN_POINT('',(102.85075417503,150.17271244737,
    30.787489440493));
#3124 = CARTESIAN_POINT('',(22.867618575184,0.,-2.839976327623));
#3125 = CARTESIAN_POINT('',(23.501655809215,1.733333611983,
    -2.818338409302));
#3126 = CARTESIAN_POINT('',(24.769729925934,5.19999987065,-2.77506258459
    ));
#3127 = CARTESIAN_POINT('',(26.671841383464,10.400000034671,
    -2.710148837932));
#3128 = CARTESIAN_POINT('',(28.573952765292,15.599999990707,
    -2.645235093844));
#3129 = CARTESIAN_POINT('',(30.476064167413,20.800000002491,
    -2.580321349067));
#3130 = CARTESIAN_POINT('',(32.37817556409,25.999999999334,
    -2.515407604474));
#3131 = CARTESIAN_POINT('',(34.28028696224,31.200000000174,
    -2.450493859833));
#3132 = CARTESIAN_POINT('',(36.182398359947,36.399999999971,
    -2.385580115203));
#3133 = CARTESIAN_POINT('',(38.084509757952,41.599999999941,
    -2.320666370574));
#3134 = CARTESIAN_POINT('',(39.986621155208,46.800000000263,
    -2.255752625932));
#3135 = CARTESIAN_POINT('',(41.88873255516,51.999999999006,
    -2.190838881342));
#3136 = CARTESIAN_POINT('',(43.790843945077,57.200000003711,
    -2.125925136554));
#3137 = CARTESIAN_POINT('',(45.692955372438,62.399999986149,
    -2.061011392509));
#3138 = CARTESIAN_POINT('',(47.595066660059,67.600000051694,
    -1.99609764569));
#3139 = CARTESIAN_POINT('',(49.497178469199,72.799999807075,
    -1.931183909221));
#3140 = CARTESIAN_POINT('',(51.399288332001,78.000000720008,
    -1.866270134127));
#3141 = CARTESIAN_POINT('',(53.301405458633,83.199997312895,
    -1.801356503184));
#3142 = CARTESIAN_POINT('',(55.203495476284,88.400010028414,
    -1.736442334263));
#3143 = CARTESIAN_POINT('',(57.10568666603,93.59996257345,
    -1.671530173101));
#3144 = CARTESIAN_POINT('',(59.00750027638,98.800139677787,
    -1.606610518881));
#3145 = CARTESIAN_POINT('',(60.910723032216,103.9994787154,
    -1.541718829134));
#3146 = CARTESIAN_POINT('',(62.808686785502,109.2019454606,
    -1.476722774553));
#3147 = CARTESIAN_POINT('',(64.726277403504,114.39273944216,
    -1.412116214837));
#3148 = CARTESIAN_POINT('',(66.570619565192,119.62709677073,
    -1.346056040494));
#3149 = CARTESIAN_POINT('',(68.688328687421,124.69887347489,
    -1.285420829796));
#3150 = CARTESIAN_POINT('',(69.638243315263,129.61383904988,
    -1.215415188239));
#3151 = CARTESIAN_POINT('',(72.637974171867,132.42054259136,
    -1.200505944546));
#3152 = CARTESIAN_POINT('',(74.65446755195,135.06960814083,
    -0.988462895495));
#3153 = CARTESIAN_POINT('',(76.686073309783,137.66167076952,
    -0.435348032818));
#3154 = CARTESIAN_POINT('',(78.62658484925,140.17637436766,
    0.563495623698));
#3155 = CARTESIAN_POINT('',(80.518730054027,142.45914453053,
    2.03873573306));
#3156 = CARTESIAN_POINT('',(82.366687522258,144.38970564536,
    3.946571108935));
#3157 = CARTESIAN_POINT('',(84.184711377081,145.88456304059,
    6.183252449922));
#3158 = CARTESIAN_POINT('',(85.984416659609,146.9307983042,
    8.618848430642));
#3159 = CARTESIAN_POINT('',(87.777995810311,147.58897578061,
    11.13285951233));
#3160 = CARTESIAN_POINT('',(89.577573910212,147.97809359778,
    13.643982155324));
#3161 = CARTESIAN_POINT('',(91.391792818227,148.26859451988,
    16.093937288334));
#3162 = CARTESIAN_POINT('',(93.239101125059,148.56692096195,
    18.551396905417));
#3163 = CARTESIAN_POINT('',(95.129110954621,148.86952156543,
    21.007869756474));
#3164 = CARTESIAN_POINT('',(97.073724351523,149.17917931452,
    23.464314136205));
#3165 = CARTESIAN_POINT('',(99.08495502809,149.49675432524,
    25.919933184798));
#3166 = CARTESIAN_POINT('',(101.17491967255,149.8248827499,
    28.375166076026));
#3167 = CARTESIAN_POINT('',(102.60657523032,150.04550457805,
    29.985238623721));
#3168 = CARTESIAN_POINT('',(103.33716940105,150.1595967458,
    30.789332732139));
#3169 = CARTESIAN_POINT('',(25.198617085881,0.,-2.763664276834));
#3170 = CARTESIAN_POINT('',(25.814894331134,1.733333612799,
    -2.742607783752));
#3171 = CARTESIAN_POINT('',(27.047448470732,5.199999870271,
    -2.700494809206));
#3172 = CARTESIAN_POINT('',(28.896279962228,10.400000034772,
    -2.637325338047));
#3173 = CARTESIAN_POINT('',(30.745111378118,15.59999999068,
    -2.574155869391));
#3174 = CARTESIAN_POINT('',(32.593942814274,20.800000002498,
    -2.510986400065));
#3175 = CARTESIAN_POINT('',(34.442774244994,25.999999999332,
    -2.447816930918));
#3176 = CARTESIAN_POINT('',(36.291605677185,31.200000000174,
    -2.384647461723));
#3177 = CARTESIAN_POINT('',(38.140437108932,36.399999999971,
    -2.32147799254));
#3178 = CARTESIAN_POINT('',(39.989268540982,41.599999999941,
    -2.258308523358));
#3179 = CARTESIAN_POINT('',(41.838099972264,46.800000000263,
    -2.195139054162));
#3180 = CARTESIAN_POINT('',(43.686931406316,51.999999999005,
    -2.131969585018));
#3181 = CARTESIAN_POINT('',(45.535762830055,57.200000003715,
    -2.068800115683));
#3182 = CARTESIAN_POINT('',(47.384594292274,62.399999986133,
    -2.005630647057));
#3183 = CARTESIAN_POINT('',(49.233425610891,67.600000051753,
    -1.942461175786));
#3184 = CARTESIAN_POINT('',(51.082257465433,72.799999806854,
    -1.879291714387));
#3185 = CARTESIAN_POINT('',(52.931087319878,78.000000720829,
    -1.816122216146));
#3186 = CARTESIAN_POINT('',(54.779924638784,83.199997309828,
    -1.7529528554));
#3187 = CARTESIAN_POINT('',(56.628734099945,88.400010039857,
    -1.689782981516));
#3188 = CARTESIAN_POINT('',(58.477647527625,93.599962530743,
    -1.626615022692));
#3189 = CARTESIAN_POINT('',(60.326172946971,98.800139837172,
    -1.563439916764));
#3190 = CARTESIAN_POINT('',(62.176146433137,103.99947812057,
    -1.500291484191));
#3191 = CARTESIAN_POINT('',(64.020715660358,109.20194768055,
    -1.437043505302));
#3192 = CARTESIAN_POINT('',(65.885453856537,114.39273115723,
    -1.374167038322));
#3193 = CARTESIAN_POINT('',(67.674920435827,119.62712769052,
    -1.309904070021));
#3194 = CARTESIAN_POINT('',(69.745304513719,124.69875808066,
    -1.250815595098));
#3195 = CARTESIAN_POINT('',(70.629867834948,129.61419628163,
    -1.182957779104));
#3196 = CARTESIAN_POINT('',(73.635725454366,132.41980006543,
    -1.167828506146));
#3197 = CARTESIAN_POINT('',(75.635379132461,135.06553688271,
    -0.95652007576));
#3198 = CARTESIAN_POINT('',(77.645403977913,137.65307462785,
    -0.404987974525));
#3199 = CARTESIAN_POINT('',(79.5567463178,140.16277907073,0.590960204338
    ));
#3200 = CARTESIAN_POINT('',(81.414424560533,142.44099751035,
    2.062033459218));
#3201 = CARTESIAN_POINT('',(83.223571749278,144.36815864026,
    3.964833203249));
#3202 = CARTESIAN_POINT('',(84.999741830896,145.86112110501,
    6.196310069954));
#3203 = CARTESIAN_POINT('',(86.755755557316,146.90689517678,
    8.627279912543));
#3204 = CARTESIAN_POINT('',(88.50503639516,147.56566310165,
    11.137857640222));
#3205 = CARTESIAN_POINT('',(90.260932336908,147.95592654104,
    13.64702723242));
#3206 = CARTESIAN_POINT('',(92.033384647956,148.24779808279,
    16.096879089168));
#3207 = CARTESIAN_POINT('',(93.841915706601,148.54737715762,
    18.554138394659));
#3208 = CARTESIAN_POINT('',(95.697427290192,148.85109742046,
    21.010460669507));
#3209 = CARTESIAN_POINT('',(97.613053474391,149.16169447355,
    23.466770485375));
#3210 = CARTESIAN_POINT('',(99.602041092871,149.47999109474,
    25.92229150371));
#3211 = CARTESIAN_POINT('',(101.67773822113,149.80858043965,
    28.377448321785));
#3212 = CARTESIAN_POINT('',(103.10607676985,150.02931388594,
    29.987533692854));
#3213 = CARTESIAN_POINT('',(103.83666908191,150.1434033057,
    30.791608571729));
#3214 = CARTESIAN_POINT('',(27.585027328757,0.,-2.676815790028));
#3215 = CARTESIAN_POINT('',(28.183122394052,1.733333612532,
    -2.656420999853));
#3216 = CARTESIAN_POINT('',(29.37931219687,5.199999870395,-2.6156314306)
  );
#3217 = CARTESIAN_POINT('',(31.173597164599,10.400000034739,
    -2.5544470678));
#3218 = CARTESIAN_POINT('',(32.967882061705,15.599999990689,
    -2.49326270739));
#3219 = CARTESIAN_POINT('',(34.762166977741,20.800000002495,
    -2.43207834634));
#3220 = CARTESIAN_POINT('',(36.5564518887,25.999999999332,
    -2.370893985461));
#3221 = CARTESIAN_POINT('',(38.350736801034,31.200000000174,
    -2.309709624537));
#3222 = CARTESIAN_POINT('',(40.145021712948,36.399999999971,
    -2.248525263624));
#3223 = CARTESIAN_POINT('',(41.939306625164,41.599999999941,
    -2.187340902711));
#3224 = CARTESIAN_POINT('',(43.733591536593,46.800000000264,
    -2.126156541786));
#3225 = CARTESIAN_POINT('',(45.527876450867,51.999999999004,
    -2.064972180909));
#3226 = CARTESIAN_POINT('',(47.322161354546,57.20000000372,
    -2.003787819852));
#3227 = CARTESIAN_POINT('',(49.116446297762,62.399999986115,
    -1.942603459466));
#3228 = CARTESIAN_POINT('',(50.910731093426,67.60000005182,
    -1.881419096579));
#3229 = CARTESIAN_POINT('',(52.705016439761,72.799999806604,
    -1.820234743021));
#3230 = CARTESIAN_POINT('',(54.499299730963,78.000000721764,
    -1.759050354651));
#3231 = CARTESIAN_POINT('',(56.293590692026,83.199997306339,
    -1.697866096201));
#3232 = CARTESIAN_POINT('',(58.08785302878,88.40001005288,-1.63668135288
    ));
#3233 = CARTESIAN_POINT('',(59.882222192908,93.599962482139,
    -1.575498419123));
#3234 = CARTESIAN_POINT('',(61.676192671848,98.800140018563,
    -1.514308731983));
#3235 = CARTESIAN_POINT('',(63.471651064166,103.9994774436,
    -1.453144248813));
#3236 = CARTESIAN_POINT('',(65.261556488159,109.20195020699,
    -1.391885703141));
#3237 = CARTESIAN_POINT('',(67.072185872077,114.39272172839,
    -1.330978203509));
#3238 = CARTESIAN_POINT('',(68.805472384618,119.62716287942,
    -1.268760582222));
#3239 = CARTESIAN_POINT('',(70.827406422741,124.6986267539,
    -1.211432401513));
#3240 = CARTESIAN_POINT('',(71.645064927526,129.61460283652,
    -1.146018962235));
#3241 = CARTESIAN_POINT('',(74.657194953154,132.41895501865,
    -1.130639280481));
#3242 = CARTESIAN_POINT('',(76.639608621389,135.06090350432,
    -0.920166897858));
#3243 = CARTESIAN_POINT('',(78.627539540086,137.64329161339,
    -0.370436090585));
#3244 = CARTESIAN_POINT('',(80.509019279748,140.14730666561,
    0.622216830842));
#3245 = CARTESIAN_POINT('',(82.331411223118,142.42034492367,
    2.088547911942));
#3246 = CARTESIAN_POINT('',(84.100825547141,144.34363663137,
    3.985616752383));
#3247 = CARTESIAN_POINT('',(85.834146921382,145.83444253182,
    6.211170560916));
#3248 = CARTESIAN_POINT('',(87.54543047035,146.87969173479,
    8.636875532594));
#3249 = CARTESIAN_POINT('',(89.249359950369,147.53913163158,
    11.143545861673));
#3250 = CARTESIAN_POINT('',(90.960535336027,147.93069886973,
    13.650492744554));
#3251 = CARTESIAN_POINT('',(92.690228188258,148.22413027314,
    16.100227065645));
#3252 = CARTESIAN_POINT('',(94.459060198703,148.52513493227,
    18.557258402437));
#3253 = CARTESIAN_POINT('',(96.279253455273,148.8301294462,
    21.013409310969));
#3254 = CARTESIAN_POINT('',(98.165203352486,149.14179549378,
    23.469565983642));
#3255 = CARTESIAN_POINT('',(100.1314191573,149.4609133569,
    25.924975436821));
#3256 = CARTESIAN_POINT('',(102.1925096101,149.79002726765,
    28.380045677596));
#3257 = CARTESIAN_POINT('',(103.61745229011,150.0108877275,
    29.990145644342));
#3258 = CARTESIAN_POINT('',(104.34804270539,150.1249740307,
    30.794198637419));
#3259 = CARTESIAN_POINT('',(30.016481872554,0.,-2.580893189715));
#3260 = CARTESIAN_POINT('',(30.596051566912,1.733333612532,
    -2.56122923844));
#3261 = CARTESIAN_POINT('',(31.755190638193,5.199999870395,
    -2.521901346847));
#3262 = CARTESIAN_POINT('',(33.493899500308,10.400000034739,
    -2.462909500649));
#3263 = CARTESIAN_POINT('',(35.232608294026,15.599999990689,
    -2.403917656812));
#3264 = CARTESIAN_POINT('',(36.971317106078,20.800000002495,
    -2.344925812342));
#3265 = CARTESIAN_POINT('',(38.710025913213,25.999999999332,
    -2.285933968041));
#3266 = CARTESIAN_POINT('',(40.448734721679,31.200000000174,
    -2.226942123695));
#3267 = CARTESIAN_POINT('',(42.187443529736,36.399999999971,
    -2.167950279361));
#3268 = CARTESIAN_POINT('',(43.926152338098,41.599999999941,
    -2.108958435026));
#3269 = CARTESIAN_POINT('',(45.664861145652,46.800000000264,
    -2.049966590681));
#3270 = CARTESIAN_POINT('',(47.40356995613,51.999999999003,
    -1.99097474638));
#3271 = CARTESIAN_POINT('',(49.142278755723,57.200000003726,
    -1.931982901911));
#3272 = CARTESIAN_POINT('',(50.880987595931,62.399999986095,
    -1.872991058069));
#3273 = CARTESIAN_POINT('',(52.619696284561,67.600000051894,
    -1.813999211888));
#3274 = CARTESIAN_POINT('',(54.358405538889,72.799999806327,
    -1.755007374435));
#3275 = CARTESIAN_POINT('',(56.097112682007,78.000000722797,
    -1.696015504411));
#3276 = CARTESIAN_POINT('',(57.835827704263,83.199997302485,
    -1.637023755942));
#3277 = CARTESIAN_POINT('',(59.574513321178,88.400010067265,
    -1.578031553823));
#3278 = CARTESIAN_POINT('',(61.31330868032,93.599962428457,
    -1.519041044749));
#3279 = CARTESIAN_POINT('',(63.051694475892,98.800140218906,
    -1.460044217147));
#3280 = CARTESIAN_POINT('',(64.791608783519,103.99947669591,
    -1.40107097061));
#3281 = CARTESIAN_POINT('',(66.525818606498,109.20195299741,
    -1.342009718343));
#3282 = CARTESIAN_POINT('',(68.281317856012,114.39271131441,
    -1.283276907929));
#3283 = CARTESIAN_POINT('',(69.957363884034,119.62720174493,
    -1.223318335836));
#3284 = CARTESIAN_POINT('',(71.929933371489,124.69848170585,
    -1.167934368603));
#3285 = CARTESIAN_POINT('',(72.67942420878,129.61505186912,
    -1.105220699688));
#3286 = CARTESIAN_POINT('',(75.697945034408,132.41802167959,
    -1.089564445897));
#3287 = CARTESIAN_POINT('',(77.662793281762,135.05578602077,
    -0.880015463076));
#3288 = CARTESIAN_POINT('',(79.628213243361,137.6324864489,
    -0.332274152765));
#3289 = CARTESIAN_POINT('',(81.479266716111,140.13021767089,
    0.656739215763));
#3290 = CARTESIAN_POINT('',(83.265706319277,142.39753451108,
    2.11783265074));
#3291 = CARTESIAN_POINT('',(84.99463780731,144.31655251114,
    4.008571810669));
#3292 = CARTESIAN_POINT('',(86.684301690323,145.8049765249,6.22758370739
    ));
#3293 = CARTESIAN_POINT('',(88.350010764601,146.84964601968,
    8.647473723314));
#3294 = CARTESIAN_POINT('',(90.00773286457,147.50982809743,
    11.149828400528));
#3295 = CARTESIAN_POINT('',(91.673343578506,147.90283535798,
    13.654320340722));
#3296 = CARTESIAN_POINT('',(93.359469872668,148.1979896007,
    16.103924845783));
#3297 = CARTESIAN_POINT('',(95.087853501934,148.50056879218,
    18.560704395225));
#3298 = CARTESIAN_POINT('',(96.872061786144,148.8069706937,
    21.016666032725));
#3299 = CARTESIAN_POINT('',(98.727775246277,149.11981742635,
    23.472653561481));
#3300 = CARTESIAN_POINT('',(100.67078941226,149.43984233736,
    25.927939792919));
#3301 = CARTESIAN_POINT('',(102.71699748164,149.76953561837,
    28.382914410701));
#3302 = CARTESIAN_POINT('',(104.13848019989,149.99053637096,
    29.993030497892));
#3303 = CARTESIAN_POINT('',(104.86906867906,150.1046192261,
    30.797059318649));
#3304 = CARTESIAN_POINT('',(32.480538884146,0.,-2.466856131139));
#3305 = CARTESIAN_POINT('',(33.041334810671,1.733333609886,
    -2.448061033744));
#3306 = CARTESIAN_POINT('',(34.162926346722,5.199999871623,
    -2.410470849564));
#3307 = CARTESIAN_POINT('',(35.84531390564,10.40000003441,
    -2.354085564763));
#3308 = CARTESIAN_POINT('',(37.527701396257,15.599999990777,
    -2.297700282249));
#3309 = CARTESIAN_POINT('',(39.210088905181,20.800000002472,
    -2.241314999122));
#3310 = CARTESIAN_POINT('',(40.892476409195,25.999999999339,
    -2.184929716159));
#3311 = CARTESIAN_POINT('',(42.574863914539,31.200000000172,
    -2.128544433153));
#3312 = CARTESIAN_POINT('',(44.257251419473,36.399999999972,
    -2.072159150157));
#3313 = CARTESIAN_POINT('',(45.939638924717,41.599999999941,
    -2.015773867161));
#3314 = CARTESIAN_POINT('',(47.622026429133,46.800000000264,
    -1.959388584155));
#3315 = CARTESIAN_POINT('',(49.30441393655,51.999999999001,
    -1.90300330119));
#3316 = CARTESIAN_POINT('',(50.98680143279,57.200000003732,
    -1.846618018071));
#3317 = CARTESIAN_POINT('',(52.669188970738,62.399999986071,
    -1.790232735527));
#3318 = CARTESIAN_POINT('',(54.351576353029,67.600000051983,
    -1.733847450837));
#3319 = CARTESIAN_POINT('',(56.033964316243,72.799999805998,
    -1.677462174159));
#3320 = CARTESIAN_POINT('',(57.716350111421,78.000000724025,
    -1.621076867576));
#3321 = CARTESIAN_POINT('',(59.398743997819,83.199997297903,
    -1.564691672602));
#3322 = CARTESIAN_POINT('',(61.081107687371,88.400010084365,
    -1.508306061095));
#3323 = CARTESIAN_POINT('',(62.763584073089,93.599962364638,
    -1.45192200411));
#3324 = CARTESIAN_POINT('',(64.44563987099,98.800140457082,
    -1.395532145574));
#3325 = CARTESIAN_POINT('',(66.129265323994,103.99947580703,
    -1.339163938718));
#3326 = CARTESIAN_POINT('',(67.807032744403,109.20195631479,
    -1.282714926695));
#3327 = CARTESIAN_POINT('',(69.506662640087,114.3926989338,
    -1.226567483658));
#3328 = CARTESIAN_POINT('',(71.124700667266,119.62724794998,
    -1.169294569841));
#3329 = CARTESIAN_POINT('',(73.047243693192,124.69830926626,
    -1.116221970161));
#3330 = CARTESIAN_POINT('',(73.727652828139,129.61558569908,
    -1.056717908471));
#3331 = CARTESIAN_POINT('',(76.752650145623,132.41691208456,
    -1.040732853527));
#3332 = CARTESIAN_POINT('',(78.699697443914,135.04970212844,
    -0.832281649509));
#3333 = CARTESIAN_POINT('',(80.642304607381,137.6196407882,
    -0.286905541778));
#3334 = CARTESIAN_POINT('',(82.462523838746,140.10990151301,0.6977809642
    ));
#3335 = CARTESIAN_POINT('',(84.212529030178,142.37041647687,
    2.152647652239));
#3336 = CARTESIAN_POINT('',(85.900434862959,144.28435370299,
    4.035861806122));
#3337 = CARTESIAN_POINT('',(87.545855867715,145.76994602379,
    6.247096386778));
#3338 = CARTESIAN_POINT('',(89.165379376158,146.81392633564,
    8.660073324368));
#3339 = CARTESIAN_POINT('',(90.776274518538,147.47499075118,
    11.157297362472));
#3340 = CARTESIAN_POINT('',(92.39570960105,147.86970997448,
    13.658870757485));
#3341 = CARTESIAN_POINT('',(94.037685169408,148.1669124053,
    16.108320931468));
#3342 = CARTESIAN_POINT('',(95.725078060204,148.47136347091,
    18.564801144898));
#3343 = CARTESIAN_POINT('',(97.472818863062,148.77943853762,
    21.020537768563));
#3344 = CARTESIAN_POINT('',(99.297890456647,149.09368892064,
    23.476324211512));
#3345 = CARTESIAN_POINT('',(101.21739188302,149.41479217299,
    25.931463951414));
#3346 = CARTESIAN_POINT('',(103.24851801145,149.74517422578,
    28.386324888489));
#3347 = CARTESIAN_POINT('',(104.6664943879,149.96634178857,
    29.996460139962));
#3348 = CARTESIAN_POINT('',(105.39708089583,150.080420528,
    30.800460223877));
#3349 = CARTESIAN_POINT('',(34.959644330532,0.,-2.340596188121));
#3350 = CARTESIAN_POINT('',(35.501551830315,1.733333611235,
    -2.322763071512));
#3351 = CARTESIAN_POINT('',(36.585366527755,5.199999870997,
    -2.287096847976));
#3352 = CARTESIAN_POINT('',(38.2110888168,10.400000034578,
    -2.233597504888));
#3353 = CARTESIAN_POINT('',(39.836811040747,15.599999990732,
    -2.180098163886));
#3354 = CARTESIAN_POINT('',(41.462533282145,20.800000002484,
    -2.126598822325));
#3355 = CARTESIAN_POINT('',(43.088255518861,25.999999999336,
    -2.073099480914));
#3356 = CARTESIAN_POINT('',(44.713977756847,31.200000000173,
    -2.019600139463));
#3357 = CARTESIAN_POINT('',(46.339699994437,36.399999999971,
    -1.966100798022));
#3358 = CARTESIAN_POINT('',(47.965422232338,41.599999999941,
    -1.91260145658));
#3359 = CARTESIAN_POINT('',(49.591144469392,46.800000000265,
    -1.85910211513));
#3360 = CARTESIAN_POINT('',(51.216866709525,51.999999998999,
    -1.805602773716));
#3361 = CARTESIAN_POINT('',(52.842588938186,57.200000003739,
    -1.752103432164));
#3362 = CARTESIAN_POINT('',(54.468311209657,62.399999986045,
    -1.69860409113));
#3363 = CARTESIAN_POINT('',(56.094033321364,67.60000005208,
    -1.645104748161));
#3364 = CARTESIAN_POINT('',(57.719756029314,72.799999805634,
    -1.591605412415));
#3365 = CARTESIAN_POINT('',(59.345476512054,78.000000725384,
    -1.538106049713));
#3366 = CARTESIAN_POINT('',(60.971205299393,83.199997292829,
    -1.484606787609));
#3367 = CARTESIAN_POINT('',(62.596903093546,88.400010103298,
    -1.431107150069));
#3368 = CARTESIAN_POINT('',(64.222716555843,93.599962293979,
    -1.377608913678));
#3369 = CARTESIAN_POINT('',(65.84809833875,98.800140720788,
    -1.324105448126));
#3370 = CARTESIAN_POINT('',(67.475091171075,103.99947482287,
    -1.270621498069));
#3371 = CARTESIAN_POINT('',(69.096071485115,109.20195998773,
    -1.21706471519));
#3372 = CARTESIAN_POINT('',(70.73949082288,114.3926852262,
    -1.163779748107));
#3373 = CARTESIAN_POINT('',(72.299166584028,119.62729910744,
    -1.109480350663));
#3374 = CARTESIAN_POINT('',(74.17137762792,124.69811834401,
    -1.058966858866));
#3375 = CARTESIAN_POINT('',(74.78228316627,129.61617674676,
    -1.00301642115));
#3376 = CARTESIAN_POINT('',(77.813796528699,132.41568355931,
    -0.986667323015));
#3377 = CARTESIAN_POINT('',(79.742934164362,135.04296614359,
    -0.779431561509));
#3378 = CARTESIAN_POINT('',(81.662589207878,137.60541828539,
    -0.23667416691));
#3379 = CARTESIAN_POINT('',(83.451785887657,140.0874077994,
    0.743221708495));
#3380 = CARTESIAN_POINT('',(85.165134155916,142.34039183842,
    2.191194245429));
#3381 = CARTESIAN_POINT('',(86.811763782467,144.24870371576,
    4.066076837218));
#3382 = CARTESIAN_POINT('',(88.412671709832,145.73116083299,
    6.268700502303));
#3383 = CARTESIAN_POINT('',(89.985727588969,146.77437809293,
    8.674023394028));
#3384 = CARTESIAN_POINT('',(91.549509793194,147.43641941825,
    11.165566873464));
#3385 = CARTESIAN_POINT('',(93.122487241483,147.83303409836,
    13.663908903579));
#3386 = CARTESIAN_POINT('',(94.720042447687,148.13250424912,
    16.113188204748));
#3387 = CARTESIAN_POINT('',(96.366194262308,148.4390278228,
    18.569336998302));
#3388 = CARTESIAN_POINT('',(98.077244870289,148.74895539022,
    21.02482449037));
#3389 = CARTESIAN_POINT('',(99.871487462471,149.06475987206,
    23.480388294462));
#3390 = CARTESIAN_POINT('',(101.76733255091,149.38705704459,
    25.935365841288));
#3391 = CARTESIAN_POINT('',(103.78328463736,149.71820169991,
    28.390100913249));
#3392 = CARTESIAN_POINT('',(105.1977332401,149.93955393733,
    30.000257382376));
#3393 = CARTESIAN_POINT('',(105.9283177772,150.05362813016,
    30.804225649834));
#3394 = CARTESIAN_POINT('',(37.440200184542,0.,-2.204252711969));
#3395 = CARTESIAN_POINT('',(37.963208205964,1.733333611483,
    -2.187458402914));
#3396 = CARTESIAN_POINT('',(39.009223964653,5.199999870882,
    -2.153869794082));
#3397 = CARTESIAN_POINT('',(40.578247831124,10.400000034609,
    -2.103486873375));
#3398 = CARTESIAN_POINT('',(42.14727163637,15.599999990724,
    -2.053103954667));
#3399 = CARTESIAN_POINT('',(43.716295458028,20.800000002486,
    -2.002721035423));
#3400 = CARTESIAN_POINT('',(45.285319275282,25.999999999335,
    -1.952338116322));
#3401 = CARTESIAN_POINT('',(46.854343093732,31.200000000173,
    -1.901955197183));
#3402 = CARTESIAN_POINT('',(48.423366911805,36.399999999971,
    -1.851572278054));
#3403 = CARTESIAN_POINT('',(49.99239073019,41.599999999941,
    -1.801189358925));
#3404 = CARTESIAN_POINT('',(51.561414547707,46.800000000266,
    -1.750806439787));
#3405 = CARTESIAN_POINT('',(53.130438368382,51.999999998997,
    -1.700423520683));
#3406 = CARTESIAN_POINT('',(54.699462177291,57.200000003747,
    -1.650040601455));
#3407 = CARTESIAN_POINT('',(56.268486030108,62.399999986017,
    -1.599657682685));
#3408 = CARTESIAN_POINT('',(57.837509719056,67.600000052186,
    -1.549274762208));
#3409 = CARTESIAN_POINT('',(59.406534019576,72.799999805241,
    -1.498891848101));
#3410 = CARTESIAN_POINT('',(60.975556037677,78.000000726852,
    -1.448508910224));
#3411 = CARTESIAN_POINT('',(62.54458657388,83.199997287351,
    -1.398126061054));
#3412 = CARTESIAN_POINT('',(64.113585320093,88.400010123743,
    -1.347742880825));
#3413 = CARTESIAN_POINT('',(65.682702708166,93.599962217676,
    -1.297360936126));
#3414 = CARTESIAN_POINT('',(67.251377318786,98.800141005553,
    -1.246974380367));
#3415 = CARTESIAN_POINT('',(68.82170439736,103.99947376011,
    -1.196605033319));
#3416 = CARTESIAN_POINT('',(70.385864381573,109.201963954,
    -1.146171462488));
#3417 = CARTESIAN_POINT('',(71.973040275274,114.39267042387,
    -1.095977578075));
#3418 = CARTESIAN_POINT('',(73.474319625384,119.62735435051,
    -1.044889171773));
#3419 = CARTESIAN_POINT('',(75.296169240372,124.69791217408,
    -0.997139166608));
#3420 = CARTESIAN_POINT('',(75.837530518852,129.61681499746,
    -0.945026156932));
#3421 = CARTESIAN_POINT('',(78.875563738456,132.41435692001,
    -0.928283941921));
#3422 = CARTESIAN_POINT('',(80.786781233392,135.0356922009,
    -0.722360692153));
#3423 = CARTESIAN_POINT('',(82.683470728754,137.59005992685,
    -0.182431149706));
#3424 = CARTESIAN_POINT('',(84.441626707116,140.06311766405,
    0.792291499658));
#3425 = CARTESIAN_POINT('',(86.118296605966,142.30796933387,
    2.232819295969));
#3426 = CARTESIAN_POINT('',(87.723625877527,144.21020660363,
    4.09870493979));
#3427 = CARTESIAN_POINT('',(89.279994685,145.68927812966,6.292029993347)
  );
#3428 = CARTESIAN_POINT('',(90.806555748812,146.73167139786,
    8.689087562003));
#3429 = CARTESIAN_POINT('',(92.323197451326,147.39476765217,
    11.174496814726));
#3430 = CARTESIAN_POINT('',(93.849690085221,147.79342916649,
    13.669349412544));
#3431 = CARTESIAN_POINT('',(95.402798941016,148.09534814476,
    16.118444194435));
#3432 = CARTESIAN_POINT('',(97.007685551245,148.40410974377,
    18.574235099834));
#3433 = CARTESIAN_POINT('',(98.682024498683,148.71603775878,
    21.029453563846));
#3434 = CARTESIAN_POINT('',(100.44542005273,149.03352045444,
    23.484776948385));
#3435 = CARTESIAN_POINT('',(102.31759496356,149.35710689921,
    25.939579348965));
#3436 = CARTESIAN_POINT('',(104.31836412838,149.68907505451,
    28.394178503422));
#3437 = CARTESIAN_POINT('',(105.72928289867,149.91062673183,
    30.004357885707));
#3438 = CARTESIAN_POINT('',(106.4598654602,150.02469600356,
    30.808291795056));
#3439 = CARTESIAN_POINT('',(39.909764662348,0.,-2.060686227632));
#3440 = CARTESIAN_POINT('',(40.413956952622,1.733333611483,
    -2.044985758569));
#3441 = CARTESIAN_POINT('',(41.422341255227,5.199999870882,
    -2.013584829335));
#3442 = CARTESIAN_POINT('',(42.934917932578,10.400000034609,
    -1.966483428335));
#3443 = CARTESIAN_POINT('',(44.447494550043,15.599999990724,
    -1.919382029252));
#3444 = CARTESIAN_POINT('',(45.960071183561,20.800000002486,
    -1.872280629654));
#3445 = CARTESIAN_POINT('',(47.472647812771,25.999999999335,
    -1.825179230195));
#3446 = CARTESIAN_POINT('',(48.985224443152,31.200000000173,
    -1.778077830698));
#3447 = CARTESIAN_POINT('',(50.497801073161,36.399999999971,
    -1.730976431211));
#3448 = CARTESIAN_POINT('',(52.010377703486,41.599999999941,
    -1.683875031724));
#3449 = CARTESIAN_POINT('',(53.522954332922,46.800000000266,
    -1.636773632229));
#3450 = CARTESIAN_POINT('',(55.035530965595,51.999999998995,
    -1.589672232762));
#3451 = CARTESIAN_POINT('',(56.548107586208,57.200000003754,
    -1.542570833191));
#3452 = CARTESIAN_POINT('',(58.060684251826,62.399999985987,
    -1.495469434012));
#3453 = CARTESIAN_POINT('',(59.573260749484,67.600000052297,
    -1.448368033367));
#3454 = CARTESIAN_POINT('',(61.085837873976,72.799999804826,
    -1.401266638192));
#3455 = CARTESIAN_POINT('',(62.598412659094,78.000000728398,
    -1.354165222604));
#3456 = CARTESIAN_POINT('',(64.110996174872,83.199997281583,
    -1.307063883201));
#3457 = CARTESIAN_POINT('',(65.623547107385,88.400010145272,
    -1.259962259468));
#3458 = CARTESIAN_POINT('',(67.136219642299,93.599962137331,
    -1.212861696871));
#3459 = CARTESIAN_POINT('',(68.648438350872,98.800141305405,
    -1.16575717406));
#3460 = CARTESIAN_POINT('',(70.162350762407,103.99947264104,
    -1.118667430968));
#3461 = CARTESIAN_POINT('',(71.669942188436,109.20196813039,
    -1.071522529213));
#3462 = CARTESIAN_POINT('',(73.201123853527,114.39265483735,
    -1.024583482393));
#3463 = CARTESIAN_POINT('',(74.644265547877,119.62741252016,
    -0.976876174495));
#3464 = CARTESIAN_POINT('',(76.415976886129,124.69769508198,
    -0.932036055974));
#3465 = CARTESIAN_POINT('',(76.888102056284,129.61748706047,
    -0.883963768069));
#3466 = CARTESIAN_POINT('',(79.932626243488,132.41295999992,
    -0.866807610204));
#3467 = CARTESIAN_POINT('',(81.826003002081,135.02803290975,
    -0.66226640453));
#3468 = CARTESIAN_POINT('',(83.699828709941,137.57388793533,
    -0.12531452411));
#3469 = CARTESIAN_POINT('',(85.42708152865,140.03754072092,
    0.843960839499));
#3470 = CARTESIAN_POINT('',(87.067235580437,142.2738291966,
    2.276649498447));
#3471 = CARTESIAN_POINT('',(88.631447499433,144.16967004697,
    4.133061566957));
#3472 = CARTESIAN_POINT('',(90.14347454045,145.64517662483,
    6.316595400546));
#3473 = CARTESIAN_POINT('',(91.623746808087,146.68670224904,
    8.704949777759));
#3474 = CARTESIAN_POINT('',(93.093456889084,147.35090931886,
    11.183899833546));
#3475 = CARTESIAN_POINT('',(94.573670683421,147.75172610162,
    13.675078140951));
#3476 = CARTESIAN_POINT('',(96.082530131182,148.05622363784,
    16.123978628369));
#3477 = CARTESIAN_POINT('',(97.646334383684,148.36734182509,
    18.57939268593));
#3478 = CARTESIAN_POINT('',(99.284124340469,148.6813762644,
    21.034327869704));
#3479 = CARTESIAN_POINT('',(101.0168095399,149.00062608033,
    23.489398098092));
#3480 = CARTESIAN_POINT('',(102.86541915645,149.32557009681,
    25.944016073771));
#3481 = CARTESIAN_POINT('',(104.85107267364,149.65840538497,
    28.398472110318));
#3482 = CARTESIAN_POINT('',(106.2584772566,149.8801670508,
    30.008675619533));
#3483 = CARTESIAN_POINT('',(106.9890578483,149.99423115245,
    30.81257335066));
#3484 = CARTESIAN_POINT('',(42.355888533109,0.,-1.912276743957));
#3485 = CARTESIAN_POINT('',(42.841443689177,1.733333609886,
    -1.897707013997));
#3486 = CARTESIAN_POINT('',(43.812553723206,5.199999871623,
    -1.868567562345));
#3487 = CARTESIAN_POINT('',(45.269218997825,10.40000003441,
    -1.824858378222));
#3488 = CARTESIAN_POINT('',(46.725884212522,15.599999990777,
    -1.781149195879));
#3489 = CARTESIAN_POINT('',(48.182549443281,20.800000002472,
    -1.737440013059));
#3490 = CARTESIAN_POINT('',(49.639214669731,25.999999999339,
    -1.693730830367));
#3491 = CARTESIAN_POINT('',(51.095879897352,31.200000000172,
    -1.650021647641));
#3492 = CARTESIAN_POINT('',(52.5525451246,36.399999999972,
    -1.606312464924));
#3493 = CARTESIAN_POINT('',(54.009210352169,41.59999999994,
    -1.562603282206));
#3494 = CARTESIAN_POINT('',(55.465875578828,46.800000000267,
    -1.518894099482));
#3495 = CARTESIAN_POINT('',(56.922540808803,51.999999998993,
    -1.475184916781));
#3496 = CARTESIAN_POINT('',(58.379206026426,57.200000003763,
    -1.431475733993));
#3497 = CARTESIAN_POINT('',(59.835871290139,62.399999985957,
    -1.387766551531));
#3498 = CARTESIAN_POINT('',(61.292536381843,67.600000052411,
    -1.344057367853));
#3499 = CARTESIAN_POINT('',(62.749202115496,72.799999804398,
    -1.300348188715));
#3500 = CARTESIAN_POINT('',(64.205865453362,78.000000729995,
    -1.256638992631));
#3501 = CARTESIAN_POINT('',(65.662537732427,83.19999727562,
    -1.21292985979));
#3502 = CARTESIAN_POINT('',(67.119176642482,88.400010167526,
    -1.169220490924));
#3503 = CARTESIAN_POINT('',(68.575940087378,93.599962054276,
    -1.125512002917));
#3504 = CARTESIAN_POINT('',(70.03223876192,98.800141615372,
    -1.081800227497));
#3505 = CARTESIAN_POINT('',(71.490271983037,103.99947148423,
    -1.038100720868));
#3506 = CARTESIAN_POINT('',(72.941831788207,109.20197244767,
    -0.994355426491));
#3507 = CARTESIAN_POINT('',(74.417550710591,114.39263872506,
    -0.950781014313));
#3508 = CARTESIAN_POINT('',(75.803106580064,119.62747265208,
    -0.906568861087));
#3509 = CARTESIAN_POINT('',(77.525155543971,124.6974706666,
    -0.864736789857));
#3510 = CARTESIAN_POINT('',(77.928701780952,129.61818179453,
    -0.820841531393));
#3511 = CARTESIAN_POINT('',(80.979655324804,132.41151595684,
    -0.803257466934));
#3512 = CARTESIAN_POINT('',(82.855360687719,135.02011524395,
    -0.600144926531));
#3513 = CARTESIAN_POINT('',(84.706539626527,137.557170406,
    -6.627115508796E-02));
#3514 = CARTESIAN_POINT('',(86.40318261213,140.0111009781,0.897373166778
    ));
#3515 = CARTESIAN_POINT('',(88.007167417896,142.23853739317,
    2.32195824686));
#3516 = CARTESIAN_POINT('',(89.530652261931,144.12776605057,
    4.168577163249));
#3517 = CARTESIAN_POINT('',(90.998758419581,145.59958742209,
    6.341989484795));
#3518 = CARTESIAN_POINT('',(92.433181254943,146.64021613364,
    8.721347081497));
#3519 = CARTESIAN_POINT('',(93.856405179891,147.30557149066,
    11.193620049058));
#3520 = CARTESIAN_POINT('',(95.290779404065,147.7086162466,
    13.681000119392));
#3521 = CARTESIAN_POINT('',(96.755809450226,148.01577932454,
    16.129699758105));
#3522 = CARTESIAN_POINT('',(98.278921290469,148.32933359599,
    18.584724255433));
#3523 = CARTESIAN_POINT('',(99.880509172127,148.64554551666,
    21.039366602935));
#3524 = CARTESIAN_POINT('',(101.58277551384,148.96662206405,
    23.494175135338));
#3525 = CARTESIAN_POINT('',(103.40804351153,149.29296944763,
    25.948602464789));
#3526 = CARTESIAN_POINT('',(105.37872486189,149.62670112108,
    28.402910555676));
#3527 = CARTESIAN_POINT('',(106.78264859786,149.84867985647,
    30.013139005403));
#3528 = CARTESIAN_POINT('',(107.51322724918,149.96273861542,
    30.816999338101));
#3529 = CARTESIAN_POINT('',(44.766190382341,0.,-1.761219937012));
#3530 = CARTESIAN_POINT('',(45.233381330861,1.733333614348,
    -1.747801116353));
#3531 = CARTESIAN_POINT('',(46.167762960127,5.199999869552,
    -1.72096348228));
#3532 = CARTESIAN_POINT('',(47.569335619292,10.400000034965,
    -1.680707025346));
#3533 = CARTESIAN_POINT('',(48.970908220764,15.599999990628,
    -1.640450569972));
#3534 = CARTESIAN_POINT('',(50.3724808377,20.800000002512,
    -1.600194114181));
#3535 = CARTESIAN_POINT('',(51.774053450487,25.999999999328,
    -1.559937658501));
#3536 = CARTESIAN_POINT('',(53.175626064402,31.200000000175,
    -1.519681202792));
#3537 = CARTESIAN_POINT('',(54.577198677955,36.399999999971,
    -1.47942474709));
#3538 = CARTESIAN_POINT('',(55.97877129183,41.59999999994,
    -1.439168291388));
#3539 = CARTESIAN_POINT('',(57.380343904777,46.800000000267,
    -1.398911835681));
#3540 = CARTESIAN_POINT('',(58.781916521115,51.99999999899,
    -1.358655379992));
#3541 = CARTESIAN_POINT('',(60.183489124816,57.200000003771,
    -1.318398924235));
#3542 = CARTESIAN_POINT('',(61.585061775676,62.399999985925,
    -1.278142468735));
#3543 = CARTESIAN_POINT('',(62.986634250535,67.600000052528,
    -1.237886012272));
#3544 = CARTESIAN_POINT('',(64.388207382238,72.799999803963,
    -1.197629559404));
#3545 = CARTESIAN_POINT('',(65.789778062567,78.000000731622,
    -1.15737309312));
#3546 = CARTESIAN_POINT('',(67.191357891551,83.19999726955,
    -1.117116676905));
#3547 = CARTESIAN_POINT('',(68.592903577287,88.400010190178,
    -1.076860073831));
#3548 = CARTESIAN_POINT('',(69.99457668736,93.599961969739,
    -1.036604168124));
#3549 = CARTESIAN_POINT('',(71.395774243333,98.800141930867,
    -0.996345659807));
#3550 = CARTESIAN_POINT('',(72.798746591366,103.99947030679,
    -0.956096864561));
#3551 = CARTESIAN_POINT('',(74.195095325262,109.20197684196,
    -0.915811819643));
#3552 = CARTESIAN_POINT('',(75.616163723646,114.39262232535,
    -0.875662060344));
#3553 = CARTESIAN_POINT('',(76.944977078215,119.62753385663,
    -0.835007408238));
#3554 = CARTESIAN_POINT('',(78.618090943556,124.6972422481,
    -0.796237041744));
#3555 = CARTESIAN_POINT('',(78.954062544836,129.61888892122,
    -0.756593322429));
#3556 = CARTESIAN_POINT('',(82.011351291252,132.41004615496,
    -0.738573718393));
#3557 = CARTESIAN_POINT('',(83.869644045512,135.01205634309,
    -0.536915327743));
#3558 = CARTESIAN_POINT('',(85.698507863661,137.54015466996,
    -6.174572478093E-03));
#3559 = CARTESIAN_POINT('',(87.364989278862,139.98418960405,
    0.951738261316));
#3560 = CARTESIAN_POINT('',(88.93333451559,142.20261605576,
    2.368075211169));
#3561 = CARTESIAN_POINT('',(90.416688708324,144.08511457212,
    4.204726285527));
#3562 = CARTESIAN_POINT('',(91.841517177682,145.55318500072,
    6.367836547847));
#3563 = CARTESIAN_POINT('',(93.230762018292,146.59290080052,
    8.738036879775));
#3564 = CARTESIAN_POINT('',(94.608180549152,147.25942492784,
    11.20351365344));
#3565 = CARTESIAN_POINT('',(95.99738649626,147.66473739948,
    13.68702773388));
#3566 = CARTESIAN_POINT('',(97.419228996205,147.97461356697,
    16.135522941156));
#3567 = CARTESIAN_POINT('',(98.902244340219,148.29064737745,
    18.590150929289));
#3568 = CARTESIAN_POINT('',(100.46816030455,148.60907562116,
    21.044495216919));
#3569 = CARTESIAN_POINT('',(102.1404532543,148.93201148569,
    23.499037385199));
#3570 = CARTESIAN_POINT('',(103.94272145807,149.2597872677,
    25.953270667732));
#3571 = CARTESIAN_POINT('',(105.89864989658,149.59443132337,
    28.407428173714));
#3572 = CARTESIAN_POINT('',(107.29914376933,149.81663098195,
    30.017682009344));
#3573 = CARTESIAN_POINT('',(108.02972050258,149.93068431561,
    30.821504276153));
#3574 = CARTESIAN_POINT('',(47.128417845756,0.,-1.609430575983));
#3575 = CARTESIAN_POINT('',(47.577610865803,1.733333611983,
    -1.597168245858));
#3576 = CARTESIAN_POINT('',(48.475996655243,5.19999987065,
    -1.572643592283));
#3577 = CARTESIAN_POINT('',(49.823575540908,10.400000034671,
    -1.535856606555));
#3578 = CARTESIAN_POINT('',(51.171154372566,15.599999990707,
    -1.499069622265));
#3579 = CARTESIAN_POINT('',(52.518733218702,20.800000002491,
    -1.46228263759));
#3580 = CARTESIAN_POINT('',(53.866312060952,25.999999999334,
    -1.425495653018));
#3581 = CARTESIAN_POINT('',(55.213890904261,31.200000000174,
    -1.388708668418));
#3582 = CARTESIAN_POINT('',(56.561469747223,36.399999999971,
    -1.351921683826));
#3583 = CARTESIAN_POINT('',(57.90904859051,41.59999999994,
    -1.315134699232));
#3584 = CARTESIAN_POINT('',(59.256627432848,46.800000000268,
    -1.278347714636));
#3585 = CARTESIAN_POINT('',(60.604206278654,51.999999998988,
    -1.241560730052));
#3586 = CARTESIAN_POINT('',(61.95178511154,57.20000000378,
    -1.204773745418));
#3587 = CARTESIAN_POINT('',(63.299363992635,62.399999985894,
    -1.167986760974));
#3588 = CARTESIAN_POINT('',(64.646942693817,67.600000052645,
    -1.131199775821));
#3589 = CARTESIAN_POINT('',(65.994522066441,72.799999803525,
    -1.094412793313));
#3590 = CARTESIAN_POINT('',(67.34209893321,78.000000733256,
    -1.057625800936));
#3591 = CARTESIAN_POINT('',(68.689685151954,83.199997263451,
    -1.02083884539));
#3592 = CARTESIAN_POINT('',(70.037236468655,88.400010212939,
    -0.984051752389));
#3593 = CARTESIAN_POINT('',(71.384918041556,93.599961884792,
    -0.947265172374));
#3594 = CARTESIAN_POINT('',(72.732113491699,98.800142247893,
    -0.910476677873));
#3595 = CARTESIAN_POINT('',(74.081123176672,103.99946912363,
    -0.873695328329));
#3596 = CARTESIAN_POINT('',(75.42336204508,109.20198125756,
    -0.836887313442));
#3597 = CARTESIAN_POINT('',(76.790869944921,114.3926058461,
    -0.80017881497));
#3598 = CARTESIAN_POINT('',(78.064072535597,119.627595358,
    -0.763098916182));
#3599 = CARTESIAN_POINT('',(79.689227331499,124.69701272189,
    -0.727405102243));
#3600 = CARTESIAN_POINT('',(79.958972098852,129.61959947715,
    -0.692033540031));
#3601 = CARTESIAN_POINT('',(83.022469689809,132.40856922524,
    -0.673576284258));
#3602 = CARTESIAN_POINT('',(84.863697136508,135.00395836037,
    -0.4733790953));
#3603 = CARTESIAN_POINT('',(86.670690917556,137.52305641565,
    5.421345013996E-02));
#3604 = CARTESIAN_POINT('',(88.307612346332,139.95714772257,
    1.006367000854));
#3605 = CARTESIAN_POINT('',(89.84102885876,142.16652051685,
    2.414415820948));
#3606 = CARTESIAN_POINT('',(91.285052821277,144.04225625417,
    4.241050713954));
#3607 = CARTESIAN_POINT('',(92.667466792273,145.50655754955,
    6.393808956932));
#3608 = CARTESIAN_POINT('',(94.012434730395,146.5453560104,
    8.754807615683));
#3609 = CARTESIAN_POINT('',(95.34496147315,147.21305457602,
    11.213455237125));
#3610 = CARTESIAN_POINT('',(96.68990004163,147.62064576069,
    13.693084579449));
#3611 = CARTESIAN_POINT('',(98.06941638738,147.93324817494,
    16.141374363891));
#3612 = CARTESIAN_POINT('',(99.513134974976,148.25177354901,
    18.595603919948));
#3613 = CARTESIAN_POINT('',(101.04409051206,148.572428864,
    21.049648702248));
#3614 = CARTESIAN_POINT('',(102.68700790001,148.89723306209,
    23.503923214699));
#3615 = CARTESIAN_POINT('',(104.46673505147,149.22644417107,
    25.957961509155));
#3616 = CARTESIAN_POINT('',(106.40820482293,149.56200502785,
    28.41196770044));
#3617 = CARTESIAN_POINT('',(107.80533726182,149.78442669558,
    30.022247043872));
#3618 = CARTESIAN_POINT('',(108.53591210189,149.89847456759,
    30.826031061024));
#3619 = CARTESIAN_POINT('',(49.430513176287,0.,-1.458572865689));
#3620 = CARTESIAN_POINT('',(49.86216642181,1.733333613784,-1.44745992785
    ));
#3621 = CARTESIAN_POINT('',(50.725472664201,5.199999869814,
    -1.425234058128));
#3622 = CARTESIAN_POINT('',(52.020432227686,10.400000034895,
    -1.391895248758));
#3623 = CARTESIAN_POINT('',(53.315391737594,15.599999990647,
    -1.35855644067));
#3624 = CARTESIAN_POINT('',(54.610351261864,20.800000002507,
    -1.325217632239));
#3625 = CARTESIAN_POINT('',(55.905310782281,25.999999999329,
    -1.2918788239));
#3626 = CARTESIAN_POINT('',(57.200270303747,31.200000000175,
    -1.258540015536));
#3627 = CARTESIAN_POINT('',(58.495229824869,36.399999999971,
    -1.225201207179));
#3628 = CARTESIAN_POINT('',(59.790189346318,41.59999999994,
    -1.19186239882));
#3629 = CARTESIAN_POINT('',(61.085148866801,46.800000000268,
    -1.15852359046));
#3630 = CARTESIAN_POINT('',(62.380108390823,51.999999998986,
    -1.125184782108));
#3631 = CARTESIAN_POINT('',(63.675067901653,57.200000003788,
    -1.091845973724));
#3632 = CARTESIAN_POINT('',(64.970027461713,62.399999985863,
    -1.058507165461));
#3633 = CARTESIAN_POINT('',(66.264986838048,67.600000052762,
    -1.025168356744));
#3634 = CARTESIAN_POINT('',(67.55994690005,72.799999803089,
    -0.991829549725));
#3635 = CARTESIAN_POINT('',(68.854904403107,78.00000073488,
    -0.958490736364));
#3636 = CARTESIAN_POINT('',(70.149871456281,83.19999725739,
    -0.925151946676));
#3637 = CARTESIAN_POINT('',(71.444802867931,88.400010235561,
    -0.891813068637));
#3638 = CARTESIAN_POINT('',(72.739867295558,93.599961800367,
    -0.858474520331));
#3639 = CARTESIAN_POINT('',(74.034435300801,98.800142562973,
    -0.825134741441));
#3640 = CARTESIAN_POINT('',(75.330855979604,103.99946794774,
    -0.791799555157));
#3641 = CARTESIAN_POINT('',(76.620362386552,109.20198564606,
    -0.758447229033));
#3642 = CARTESIAN_POINT('',(77.935673207361,114.39258946801,
    -0.725158869662));
#3643 = CARTESIAN_POINT('',(79.154680644578,119.62765648188,
    -0.691631783118));
#3644 = CARTESIAN_POINT('',(80.733097202303,124.69678460446,
    -0.658995638512));
#3645 = CARTESIAN_POINT('',(80.938300985563,129.62030567183,
    -0.627870011813));
#3646 = CARTESIAN_POINT('',(84.007849370634,132.4071013606,
    -0.608977790515));
#3647 = CARTESIAN_POINT('',(85.83244591897,134.99591008135,
    -0.410232834705));
#3648 = CARTESIAN_POINT('',(87.618126379827,137.50606310678,
    0.114230823951));
#3649 = CARTESIAN_POINT('',(89.226240292065,139.93027181838,
    1.060660440837));
#3650 = CARTESIAN_POINT('',(90.725617215016,142.13064652466,
    2.460472001944));
#3651 = CARTESIAN_POINT('',(92.131312125509,143.99966099143,
    4.277152190784));
#3652 = CARTESIAN_POINT('',(93.472391288518,145.46021628773,
    6.419621952908));
#3653 = CARTESIAN_POINT('',(94.774209423308,146.49810304007,
    8.77147541639));
#3654 = CARTESIAN_POINT('',(96.062987129454,147.16696883552,
    11.22333580149));
#3655 = CARTESIAN_POINT('',(97.364785176028,147.57682474698,
    13.699104249391));
#3656 = CARTESIAN_POINT('',(98.70305280909,147.89213667488,
    16.147189871841));
#3657 = CARTESIAN_POINT('',(100.10847496638,148.21313831981,
    18.601023441312));
#3658 = CARTESIAN_POINT('',(101.605360018,148.53600703692,21.05477055659
    ));
#3659 = CARTESIAN_POINT('',(103.21964961965,148.86266810062,
    23.508779055996));
#3660 = CARTESIAN_POINT('',(104.97740951584,149.19330572884,
    25.962623559279));
#3661 = CARTESIAN_POINT('',(106.90478867953,149.5297777519,
    28.41647936419));
#3662 = CARTESIAN_POINT('',(108.29864524219,149.75242008582,
    30.026784059919));
#3663 = CARTESIAN_POINT('',(109.02921824414,149.86646251614,
    30.830530061455));
#3664 = CARTESIAN_POINT('',(51.660677367957,0.,-1.310076424279));
#3665 = CARTESIAN_POINT('',(52.075338883048,1.733333612532,
    -1.300094888025));
#3666 = CARTESIAN_POINT('',(52.90466167586,5.199999870395,
    -1.280131821035));
#3667 = CARTESIAN_POINT('',(54.148646055902,10.400000034739,
    -1.250187216114));
#3668 = CARTESIAN_POINT('',(55.392630384801,15.599999990689,
    -1.220242612382));
#3669 = CARTESIAN_POINT('',(56.63661472741,20.800000002495,
    -1.190298008331));
#3670 = CARTESIAN_POINT('',(57.880599066339,25.999999999332,
    -1.160353404366));
#3671 = CARTESIAN_POINT('',(59.124583406272,31.200000000174,
    -1.130408800377));
#3672 = CARTESIAN_POINT('',(60.368567745871,36.399999999972,
    -1.100464196395));
#3673 = CARTESIAN_POINT('',(61.6125520858,41.59999999994,-1.070519592411
    ));
#3674 = CARTESIAN_POINT('',(62.856536424744,46.800000000269,
    -1.040574988427));
#3675 = CARTESIAN_POINT('',(64.100520767298,51.999999998984,
    -1.010630384447));
#3676 = CARTESIAN_POINT('',(65.344505096395,57.200000003796,
    -0.980685780451));
#3677 = CARTESIAN_POINT('',(66.588489475711,62.399999985832,
    -0.950741176511));
#3678 = CARTESIAN_POINT('',(67.83247366761,67.600000052877,
    -0.920796572365));
#3679 = CARTESIAN_POINT('',(69.076458558958,72.799999802661,
    -0.890851968989));
#3680 = CARTESIAN_POINT('',(70.320440839926,78.000000736479,
    -0.860907362739));
#3681 = CARTESIAN_POINT('',(71.564432862964,83.199997251423,
    -0.830962767213));
#3682 = CARTESIAN_POINT('',(72.808388528104,88.400010257829,
    -0.801018131667));
#3683 = CARTESIAN_POINT('',(74.052479882766,93.599961717263,
    -0.771073645474));
#3684 = CARTESIAN_POINT('',(75.296064837238,98.800142873121,
    -0.741128601891));
#3685 = CARTESIAN_POINT('',(76.541539702945,103.99946679025,
    -0.711185638514));
#3686 = CARTESIAN_POINT('',(77.779961323903,109.20198996586,
    -0.681234911704));
#3687 = CARTESIAN_POINT('',(79.044706012624,114.39257334627,
    -0.65131315842));
#3688 = CARTESIAN_POINT('',(80.211211675043,119.62771664903,
    -0.621283274467));
#3689 = CARTESIAN_POINT('',(81.744350374904,124.69656005758,
    -0.591656939661));
#3690 = CARTESIAN_POINT('',(81.887029817964,129.62100081295,
    -0.564710789855));
#3691 = CARTESIAN_POINT('',(84.962439934381,132.40565647141,
    -0.545390411239));
#3692 = CARTESIAN_POINT('',(86.770925232455,134.98798777634,
    -0.3480749578));
#3693 = CARTESIAN_POINT('',(88.535958327902,137.48933578214,
    0.17330878832));
#3694 = CARTESIAN_POINT('',(90.116164841614,139.90381658369,
    1.11410406406));
#3695 = CARTESIAN_POINT('',(91.58256577415,142.09533404266,
    2.505807298161));
#3696 = CARTESIAN_POINT('',(92.951129259985,143.95773244217,
    4.312688596769));
#3697 = CARTESIAN_POINT('',(94.252165160049,145.41460037286,
    6.445030916341));
#3698 = CARTESIAN_POINT('',(95.512181747792,146.45158968702,
    8.787882327818));
#3699 = CARTESIAN_POINT('',(96.75857739722,147.12160444248,
    11.233061712378));
#3700 = CARTESIAN_POINT('',(98.018582888169,147.53368963256,
    13.705029697704));
#3701 = CARTESIAN_POINT('',(99.316890663447,147.851668664,
    16.152914353765));
#3702 = CARTESIAN_POINT('',(100.68521299854,148.1751078205,
    18.606358134748));
#3703 = CARTESIAN_POINT('',(102.14909212897,148.50015529489,
    21.059812242172));
#3704 = CARTESIAN_POINT('',(103.73564844706,148.82864416008,
    23.513558892255));
#3705 = CARTESIAN_POINT('',(105.47212747341,149.1606859789,
    25.967212637612));
#3706 = CARTESIAN_POINT('',(107.38585631209,149.49805490771,
    28.420920410149));
#3707 = CARTESIAN_POINT('',(108.77653933481,149.72091445053,
    30.031250061079));
#3708 = CARTESIAN_POINT('',(109.50711057093,149.83495152666,
    30.83495864222));
#3709 = CARTESIAN_POINT('',(53.807433608796,0.,-1.165170815044));
#3710 = CARTESIAN_POINT('',(54.205738882858,1.733333611718,
    -1.156293321744));
#3711 = CARTESIAN_POINT('',(55.002349204016,5.199999870773,
    -1.13853833991));
#3712 = CARTESIAN_POINT('',(56.197264868214,10.400000034638,
    -1.111905863328));
#3713 = CARTESIAN_POINT('',(57.392180483511,15.599999990716,
    -1.085273387772));
#3714 = CARTESIAN_POINT('',(58.587096111916,20.800000002488,
    -1.058640911942));
#3715 = CARTESIAN_POINT('',(59.782011736803,25.999999999334,
    -1.032008436185));
#3716 = CARTESIAN_POINT('',(60.97692736265,31.200000000174,
    -1.005375960408));
#3717 = CARTESIAN_POINT('',(62.171842988175,36.399999999972,
    -0.978743484637));
#3718 = CARTESIAN_POINT('',(63.366758614031,41.59999999994,
    -0.952111008864));
#3719 = CARTESIAN_POINT('',(64.561674238884,46.80000000027,
    -0.925478533092));
#3720 = CARTESIAN_POINT('',(65.756589867416,51.999999998982,
    -0.898846057319));
#3721 = CARTESIAN_POINT('',(66.951505482236,57.200000003804,
    -0.872213581549));
#3722 = CARTESIAN_POINT('',(68.146421148226,62.399999985802,
    -0.845581105769));
#3723 = CARTESIAN_POINT('',(69.341336623245,67.600000052989,
    -0.818948630025));
#3724 = CARTESIAN_POINT('',(70.53625281098,72.799999802243,
    -0.792316154144));
#3725 = CARTESIAN_POINT('',(71.731166338825,78.000000738039,
    -0.765683678777));
#3726 = CARTESIAN_POINT('',(72.926089793512,83.199997245601,
    -0.739051201494));
#3727 = CARTESIAN_POINT('',(74.120976200719,88.400010279558,
    -0.712418731357));
#3728 = CARTESIAN_POINT('',(75.316000871003,93.599961636168,
    -0.685786234552));
#3729 = CARTESIAN_POINT('',(76.510509536462,98.80014317577,
    -0.659153837275));
#3730 = CARTESIAN_POINT('',(77.706943958144,103.99946566075,
    -0.632521068555));
#3731 = CARTESIAN_POINT('',(78.896191359758,109.20199418121,
    -0.605889686077));
#3732 = CARTESIAN_POINT('',(80.112261085423,114.39255761437,
    -0.579253130076));
#3733 = CARTESIAN_POINT('',(81.22822853495,119.62777536126,
    -0.552635881923));
#3734 = CARTESIAN_POINT('',(82.717782764976,124.69634094054,
    -0.525946575901));
#3735 = CARTESIAN_POINT('',(82.800276272835,129.62167914468,
    -0.503078837938));
#3736 = CARTESIAN_POINT('',(85.881328892345,132.40424652147,
    -0.483340655392));
#3737 = CARTESIAN_POINT('',(87.674305499542,134.9802570427,
    -0.287420137144));
#3738 = CARTESIAN_POINT('',(89.419463439289,137.4730129454,
    0.230958172629));
#3739 = CARTESIAN_POINT('',(90.972806288802,139.87800107011,
    1.166255352733));
#3740 = CARTESIAN_POINT('',(92.407464530157,142.06087546123,
    2.550046329453));
#3741 = CARTESIAN_POINT('',(93.740285303454,143.91681777838,
    4.347365687414));
#3742 = CARTESIAN_POINT('',(95.002775555196,145.37008750862,
    6.469825458833));
#3743 = CARTESIAN_POINT('',(96.222553970192,146.40620108579,
    8.803892499332));
#3744 = CARTESIAN_POINT('',(97.428152648215,147.07733701797,
    11.242552438414));
#3745 = CARTESIAN_POINT('',(98.647928621555,147.49159757988,
    13.710811861165));
#3746 = CARTESIAN_POINT('',(99.90777103434,147.81217922092,
    16.158500410459));
#3747 = CARTESIAN_POINT('',(101.24038107738,148.13799694689,
    18.611563828534));
#3748 = CARTESIAN_POINT('',(102.67248870546,148.4651704933,
    21.064732013406));
#3749 = CARTESIAN_POINT('',(104.23234896169,148.79544296202,
    23.518223146015));
#3750 = CARTESIAN_POINT('',(105.94834302376,149.12885501406,
    25.971690746216));
#3751 = CARTESIAN_POINT('',(107.84893204742,149.46709916908,
    28.42525406598));
#3752 = CARTESIAN_POINT('',(109.23656024843,149.69017064601,
    30.035608068684));
#3753 = CARTESIAN_POINT('',(109.9671297654,149.80420251284,
    30.839280134287));
#3754 = CARTESIAN_POINT('',(55.85968928762,0.,-1.024924823031));
#3755 = CARTESIAN_POINT('',(56.242358323524,1.733333611983,
    -1.01711587078));
#3756 = CARTESIAN_POINT('',(57.007696183659,5.19999987065,
    -1.001497970499));
#3757 = CARTESIAN_POINT('',(58.155703144029,10.400000034671,
    -0.978071116684));
#3758 = CARTESIAN_POINT('',(59.303710058792,15.599999990707,
    -0.954644263778));
#3759 = CARTESIAN_POINT('',(60.45171698578,20.800000002491,
    -0.931217410629));
#3760 = CARTESIAN_POINT('',(61.599723909487,25.999999999334,
    -0.907790557545));
#3761 = CARTESIAN_POINT('',(62.747730834091,31.200000000174,
    -0.884363704443));
#3762 = CARTESIAN_POINT('',(63.895737758387,36.399999999972,
    -0.860936851346));
#3763 = CARTESIAN_POINT('',(65.043744683016,41.59999999994,
    -0.837509998248));
#3764 = CARTESIAN_POINT('',(66.191751606625,46.80000000027,
    -0.814083145151));
#3765 = CARTESIAN_POINT('',(67.339758533978,51.999999998979,
    -0.790656292049));
#3766 = CARTESIAN_POINT('',(68.487765447375,57.200000003812,
    -0.767229438967));
#3767 = CARTESIAN_POINT('',(69.635772412854,62.399999985773,
    -0.743802585812));
#3768 = CARTESIAN_POINT('',(70.783779183963,67.600000053097,
    -0.720375732928));
#3769 = CARTESIAN_POINT('',(71.931786680469,72.799999801838,
    -0.696948879029));
#3770 = CARTESIAN_POINT('',(73.079791469755,78.000000739549,
    -0.673522028921));
#3771 = CARTESIAN_POINT('',(74.227806362523,83.199997239966,
    -0.650095164667));
#3772 = CARTESIAN_POINT('',(75.375783548585,88.400010300588,
    -0.626668353206));
#3773 = CARTESIAN_POINT('',(76.523901457989,93.599961557681,
    -0.603241344716));
#3774 = CARTESIAN_POINT('',(77.67149418073,98.800143468686,
    -0.579815071548));
#3775 = CARTESIAN_POINT('',(78.821046926781,103.99946456757,
    -0.556386054125));
#3776 = CARTESIAN_POINT('',(79.963284766255,109.20199826101,
    -0.532967278398));
#3777 = CARTESIAN_POINT('',(81.132822208727,114.39254238836,
    -0.509510280141));
#3778 = CARTESIAN_POINT('',(82.200476145787,119.62783218554,
    -0.486195930307));
#3779 = CARTESIAN_POINT('',(83.648364501493,124.69612886947,
    -0.462349209313));
#3780 = CARTESIAN_POINT('',(83.673321468894,129.62233566381,
    -0.44342873687));
#3781 = CARTESIAN_POINT('',(86.759768207586,132.40288191019,
    -0.42328618539));
#3782 = CARTESIAN_POINT('',(88.537918819023,134.97277490027,
    -0.228715746485));
#3783 = CARTESIAN_POINT('',(90.264076510685,137.45721498946,
    0.286753770425));
#3784 = CARTESIAN_POINT('',(91.791738238906,139.85301568596,
    1.216729652889));
#3785 = CARTESIAN_POINT('',(93.196051107554,142.02752493767,
    2.592862800548));
#3786 = CARTESIAN_POINT('',(94.494702568384,143.87721877568,
    4.380927693767));
#3787 = CARTESIAN_POINT('',(95.720343957571,145.32700601002,
    6.493822702463));
#3788 = CARTESIAN_POINT('',(96.901655490786,146.36227201059,
    8.819387844185));
#3789 = CARTESIAN_POINT('',(98.068253086779,147.03449306667,
    11.251737978538));
#3790 = CARTESIAN_POINT('',(99.24957045248,147.45085904867,
    13.716408092083));
#3791 = CARTESIAN_POINT('',(100.47264075433,147.77395960921,
    16.163906840664));
#3792 = CARTESIAN_POINT('',(101.7711105663,148.10207941883,
    18.616602126866));
#3793 = CARTESIAN_POINT('',(103.17284527868,148.43131067091,
    21.069493583372));
#3794 = CARTESIAN_POINT('',(104.70718463842,148.76330938882,
    23.522737414994));
#3795 = CARTESIAN_POINT('',(106.40359548637,149.098047614,
    25.976024855725));
#3796 = CARTESIAN_POINT('',(108.29162311698,149.43713884569,
    28.429448367927));
#3797 = CARTESIAN_POINT('',(109.67633095688,149.66041545595,
    30.039825938949));
#3798 = CARTESIAN_POINT('',(110.40689883943,149.7744422712,
    30.843462663489));
#3799 = CARTESIAN_POINT('',(57.806796365166,0.,-0.890288513875));
#3800 = CARTESIAN_POINT('',(58.174630299012,1.733333609886,
    -0.883505362221));
#3801 = CARTESIAN_POINT('',(58.910297956814,5.199999871623,
    -0.869939062626));
#3802 = CARTESIAN_POINT('',(60.013799612252,10.40000003441,
    -0.84958961025));
#3803 = CARTESIAN_POINT('',(61.117301222466,15.599999990777,
    -0.829240158673));
#3804 = CARTESIAN_POINT('',(62.220802844803,20.800000002472,
    -0.808890706882));
#3805 = CARTESIAN_POINT('',(63.324304463885,25.999999999339,
    -0.788541255149));
#3806 = CARTESIAN_POINT('',(64.427806083859,31.200000000172,
    -0.7681918034));
#3807 = CARTESIAN_POINT('',(65.531307703525,36.399999999972,
    -0.747842351655));
#3808 = CARTESIAN_POINT('',(66.634809323527,41.599999999939,
    -0.727492899908));
#3809 = CARTESIAN_POINT('',(67.738310942494,46.800000000271,
    -0.707143448165));
#3810 = CARTESIAN_POINT('',(68.841812565267,51.999999998977,
    -0.686793996412));
#3811 = CARTESIAN_POINT('',(69.945314173851,57.200000003819,
    -0.666444544694));
#3812 = CARTESIAN_POINT('',(71.048815835382,62.399999985745,
    -0.646095092843));
#3813 = CARTESIAN_POINT('',(72.152317299318,67.600000053201,
    -0.62574564149));
#3814 = CARTESIAN_POINT('',(73.255819500684,72.79999980145,
    -0.605396188279));
#3815 = CARTESIAN_POINT('',(74.359318949925,78.000000740998,
    -0.585046742004));
#3816 = CARTESIAN_POINT('',(75.462828670237,83.199997234556,
    -0.564697269841));
#3817 = CARTESIAN_POINT('',(76.566300058392,88.400010320777,
    -0.544347894293));
#3818 = CARTESIAN_POINT('',(77.669914504102,93.599961482334,
    -0.523998158171));
#3819 = CARTESIAN_POINT('',(78.772995051748,98.800143749886,
    -0.503649767732));
#3820 = CARTESIAN_POINT('',(79.878068134095,103.99946351812,
    -0.483296355137));
#3821 = CARTESIAN_POINT('',(80.975704975702,109.20200217762,
    -0.462961685484));
#3822 = CARTESIAN_POINT('',(82.101094245567,114.39252777136,
    -0.442557066217));
#3823 = CARTESIAN_POINT('',(83.122910043143,119.6278867369,
    -0.422413502462));
#3824 = CARTESIAN_POINT('',(84.531267301617,124.69592528101,
    -0.401295666275));
#3825 = CARTESIAN_POINT('',(84.501635649141,129.62296592292,
    -0.386164573144));
#3826 = CARTESIAN_POINT('',(87.59320013595,132.40157188184,
    -0.365633827034));
#3827 = CARTESIAN_POINT('',(89.35728437078,134.96559203516,
    -0.172359465809));
#3828 = CARTESIAN_POINT('',(91.065415303932,137.4420489341,
    0.340317606701));
#3829 = CARTESIAN_POINT('',(92.568711699148,139.82902968924,
    1.265185037479));
#3830 = CARTESIAN_POINT('',(93.94423395921,141.99550839776,
    2.633966660676));
#3831 = CARTESIAN_POINT('',(95.210466793635,143.83920368881,
    4.413147257395));
#3832 = CARTESIAN_POINT('',(96.401147294749,145.28564772319,
    6.516860083182));
#3833 = CARTESIAN_POINT('',(97.545962820893,146.32010004928,
    8.834263392571));
#3834 = CARTESIAN_POINT('',(98.67555757965,146.99336282551,
    11.260556107328));
#3835 = CARTESIAN_POINT('',(99.82038678849,147.41175001315,
    13.721780480023));
#3836 = CARTESIAN_POINT('',(101.00856902148,147.73726873924,
    16.169097019706));
#3837 = CARTESIAN_POINT('',(102.27464779843,148.06759855174,
    18.621438898897));
#3838 = CARTESIAN_POINT('',(103.64756577041,148.3988052035,
    21.074064695867));
#3839 = CARTESIAN_POINT('',(105.15769181279,148.73246112279,
    23.527071118251));
#3840 = CARTESIAN_POINT('',(106.83552280458,149.06847247483,
    25.980185605743));
#3841 = CARTESIAN_POINT('',(108.7116326339,149.40837690428,
    28.433474902322));
#3842 = CARTESIAN_POINT('',(110.09356973676,149.63185043457,
    30.043875099483));
#3843 = CARTESIAN_POINT('',(110.82413607033,149.74587240595,
    30.847477896199));
#3844 = CARTESIAN_POINT('',(59.638609921489,0.,-0.762133160003));
#3845 = CARTESIAN_POINT('',(59.992487179107,1.733333612002,
    -0.756326430236));
#3846 = CARTESIAN_POINT('',(60.700241489696,5.199999870641,
    -0.744712973919));
#3847 = CARTESIAN_POINT('',(61.761873120098,10.400000034673,
    -0.727292786858));
#3848 = CARTESIAN_POINT('',(62.823504706406,15.599999990706,
    -0.709872600491));
#3849 = CARTESIAN_POINT('',(63.885136304535,20.800000002491,
    -0.692452413937));
#3850 = CARTESIAN_POINT('',(64.94676789949,25.999999999334,
    -0.675032227433));
#3851 = CARTESIAN_POINT('',(66.008399495314,31.200000000174,
    -0.657612040916));
#3852 = CARTESIAN_POINT('',(67.070031090837,36.399999999972,
    -0.640191854402));
#3853 = CARTESIAN_POINT('',(68.131662686697,41.599999999939,
    -0.622771667887));
#3854 = CARTESIAN_POINT('',(69.193294281507,46.800000000271,
    -0.605351481376));
#3855 = CARTESIAN_POINT('',(70.254925880181,51.999999998976,
    -0.587931294851));
#3856 = CARTESIAN_POINT('',(71.31655746445,57.200000003827,
    -0.570511108377));
#3857 = CARTESIAN_POINT('',(72.378189102476,62.399999985718,
    -0.553090921712));
#3858 = CARTESIAN_POINT('',(73.439820539876,67.6000000533,-0.53567073576
    ));
#3859 = CARTESIAN_POINT('',(74.501452726025,72.79999980108,
    -0.518250547146));
#3860 = CARTESIAN_POINT('',(75.563082117803,78.000000742378,
    -0.500830368465));
#3861 = CARTESIAN_POINT('',(76.624721938317,83.199997229407,
    -0.483410152718));
#3862 = CARTESIAN_POINT('',(77.686322838258,88.400010339995,
    -0.4659900753));
#3863 = CARTESIAN_POINT('',(78.748068991753,93.599961410614,
    -0.448569481634));
#3864 = CARTESIAN_POINT('',(79.809273051608,98.80014401755,
    -0.431150814631));
#3865 = CARTESIAN_POINT('',(80.872500232467,103.99946251918,
    -0.413724957221));
#3866 = CARTESIAN_POINT('',(81.928177022951,109.2020059057,
    -0.396325934778));
#3867 = CARTESIAN_POINT('',(83.012032253933,114.39251385798,
    -0.378826762876));
#3868 = CARTESIAN_POINT('',(83.990724113296,119.62793866234,
    -0.361701353841));
#3869 = CARTESIAN_POINT('',(85.361891018636,124.69573149264,
    -0.343181042795));
#3870 = CARTESIAN_POINT('',(85.280903087368,129.6235658434,
    -0.331656920546));
#3871 = CARTESIAN_POINT('',(88.377282286467,132.40032491401,
    -0.310756666238));
#3872 = CARTESIAN_POINT('',(90.128133053218,134.95875492989,
    -0.118715993715));
#3873 = CARTESIAN_POINT('',(91.819304641403,137.42761292345,
    0.391303053611));
#3874 = CARTESIAN_POINT('',(93.299678441443,139.80619830061,1.311307937)
  );
#3875 = CARTESIAN_POINT('',(94.648114863386,141.96503303024,
    2.673091914281));
#3876 = CARTESIAN_POINT('',(95.883848666705,143.80301852493,
    4.44381587572));
#3877 = CARTESIAN_POINT('',(97.041638409292,145.24628029016,
    6.538788519106));
#3878 = CARTESIAN_POINT('',(98.152118956495,146.27995810942,
    8.848422880301));
#3879 = CARTESIAN_POINT('',(99.246901916942,146.95421246077,
    11.268949759997));
#3880 = CARTESIAN_POINT('',(100.35740353221,147.37452355978,
    13.72689425863));
#3881 = CARTESIAN_POINT('',(101.51276351407,147.70234404875,
    16.174037360361));
#3882 = CARTESIAN_POINT('',(102.74836921754,148.03477748175,
    18.626042844409));
#3883 = CARTESIAN_POINT('',(104.09417676695,148.36786444393,
    21.078415769832));
#3884 = CARTESIAN_POINT('',(105.58152322839,148.70309779204,
    23.531196211086));
#3885 = CARTESIAN_POINT('',(107.24187452856,149.04032098771,
    25.984146070752));
#3886 = CARTESIAN_POINT('',(109.10677223987,149.38099946649,
    28.437307612392));
#3887 = CARTESIAN_POINT('',(110.48610267436,149.60466044725,
    30.047729346599));
#3888 = CARTESIAN_POINT('',(111.21666754669,149.71867780135,
    30.851299848628));
#3889 = CARTESIAN_POINT('',(61.345544791447,0.,-0.64128544855));
#3890 = CARTESIAN_POINT('',(61.686416830918,1.733333610965,
    -0.636399463386));
#3891 = CARTESIAN_POINT('',(62.368160705525,5.199999871122,
    -0.626627495809));
#3892 = CARTESIAN_POINT('',(63.390776681703,10.400000034544,
    -0.611969542232));
#3893 = CARTESIAN_POINT('',(64.413392613856,15.599999990741,
    -0.597311589247));
#3894 = CARTESIAN_POINT('',(65.43600855781,20.800000002481,
    -0.582653636104));
#3895 = CARTESIAN_POINT('',(66.458624498596,25.999999999336,
    -0.567995683003));
#3896 = CARTESIAN_POINT('',(67.481240440249,31.200000000173,
    -0.553337729891));
#3897 = CARTESIAN_POINT('',(68.503856381601,36.399999999972,
    -0.538679776782));
#3898 = CARTESIAN_POINT('',(69.526472323294,41.599999999939,
    -0.524021823672));
#3899 = CARTESIAN_POINT('',(70.549088263922,46.800000000272,
    -0.509363870566));
#3900 = CARTESIAN_POINT('',(71.571704208468,51.999999998974,
    -0.494705917442));
#3901 = CARTESIAN_POINT('',(72.594320138406,57.200000003833,
    -0.480047964384));
#3902 = CARTESIAN_POINT('',(73.61693612286,62.399999985693,
    -0.465390011081));
#3903 = CARTESIAN_POINT('',(74.63955190386,67.600000053394,
    -0.450732058693));
#3904 = CARTESIAN_POINT('',(75.662168444158,72.799999800732,
    -0.436074102888));
#3905 = CARTESIAN_POINT('',(76.684782150718,78.000000743679,
    -0.421416159838));
#3906 = CARTESIAN_POINT('',(77.707406432931,83.199997224551,
    -0.406758169184));
#3907 = CARTESIAN_POINT('',(78.72999124627,88.400010358117,
    -0.392100356192));
#3908 = CARTESIAN_POINT('',(79.752723359453,93.599961342983,
    -0.377441880156));
#3909 = CARTESIAN_POINT('',(80.774905742132,98.800144269951,
    -0.362785878636));
#3910 = CARTESIAN_POINT('',(81.799139746984,103.99946157721,
    -0.348120642094));
#3911 = CARTESIAN_POINT('',(82.815716993651,109.2020094212,
    -0.333489871122));
#3912 = CARTESIAN_POINT('',(83.860869650883,114.39250073797,
    -0.318730472894));
#3913 = CARTESIAN_POINT('',(84.799377424038,119.6279876269,
    -0.304451118119));
#3914 = CARTESIAN_POINT('',(86.135889322938,124.69554875442,
    -0.288380216788));
#3915 = CARTESIAN_POINT('',(86.00704618132,129.62413155536,
    -0.280257389632));
#3916 = CARTESIAN_POINT('',(89.107911863375,132.39914905046,
    -0.25900869713));
#3917 = CARTESIAN_POINT('',(90.846431316146,134.95230768832,
    -6.813136622218E-02));
#3918 = CARTESIAN_POINT('',(92.521799714539,137.41400007938,
    0.439381221165));
#3919 = CARTESIAN_POINT('',(93.980813602223,139.78466879769,
    1.354800828122));
#3920 = CARTESIAN_POINT('',(95.304010686129,141.93629542148,
    2.709986177496));
#3921 = CARTESIAN_POINT('',(96.511324643161,143.76889670238,
    4.47273571579));
#3922 = CARTESIAN_POINT('',(97.638465861267,145.20915765702,
    6.55946655726));
#3923 = CARTESIAN_POINT('',(98.716952119198,146.24210513318,
    8.861774969276));
#3924 = CARTESIAN_POINT('',(99.779296476809,146.91729451831,
    11.27686479191));
#3925 = CARTESIAN_POINT('',(100.85781068471,147.33941982388,
    13.731716440637));
#3926 = CARTESIAN_POINT('',(101.98258597917,147.6694108252,
    16.178695994151));
#3927 = CARTESIAN_POINT('',(103.18979602439,148.00382792658,
    18.630384264896));
#3928 = CARTESIAN_POINT('',(104.51034132726,148.33868798057,
    21.082518737946));
#3929 = CARTESIAN_POINT('',(105.97646114113,148.6754088098,
    23.535086083924));
#3930 = CARTESIAN_POINT('',(107.6205243775,149.01377474747,
    25.987880703078));
#3931 = CARTESIAN_POINT('',(109.47497432705,149.35518313868,
    28.440921774795));
#3932 = CARTESIAN_POINT('',(110.85187579041,149.57902087924,
    30.051363817441));
#3933 = CARTESIAN_POINT('',(111.58243930454,149.69303388068,
    30.854903866645));
#3934 = CARTESIAN_POINT('',(62.918630206809,0.,-0.528553000713));
#3935 = CARTESIAN_POINT('',(63.247516830157,1.733333612251,
    -0.524525929586));
#3936 = CARTESIAN_POINT('',(63.905289884416,5.199999870525,
    -0.516471789568));
#3937 = CARTESIAN_POINT('',(64.891949620508,10.400000034704,
    -0.504390577743));
#3938 = CARTESIAN_POINT('',(65.878609315136,15.599999990698,
    -0.4923093664));
#3939 = CARTESIAN_POINT('',(66.86526902088,20.800000002493,
    -0.480228154928));
#3940 = CARTESIAN_POINT('',(67.851928723639,25.999999999333,
    -0.46814694349));
#3941 = CARTESIAN_POINT('',(68.838588427217,31.200000000174,
    -0.456065732043));
#3942 = CARTESIAN_POINT('',(69.825248130505,36.399999999972,
    -0.443984520599));
#3943 = CARTESIAN_POINT('',(70.811907834135,41.599999999939,
    -0.431903309153));
#3944 = CARTESIAN_POINT('',(71.798567536687,46.800000000272,
    -0.419822097713));
#3945 = CARTESIAN_POINT('',(72.785227243207,51.999999998972,
    -0.407740886251));
#3946 = CARTESIAN_POINT('',(73.771886934933,57.200000003839,
    -0.395659674869));
#3947 = CARTESIAN_POINT('',(74.758546681871,62.39999998567,
    -0.38357846319));
#3948 = CARTESIAN_POINT('',(75.745206222751,67.600000053481,
    -0.371497252617));
#3949 = CARTESIAN_POINT('',(76.731866532651,72.799999800407,
    -0.35941603792));
#3950 = CARTESIAN_POINT('',(77.718523972533,78.000000744893,
    -0.347334838613));
#3951 = CARTESIAN_POINT('',(78.705192123464,83.199997220021,
    -0.335253581869));
#3952 = CARTESIAN_POINT('',(79.691820300215,88.400010375021,
    -0.323172539481));
#3953 = CARTESIAN_POINT('',(80.678597662641,93.599961279894,
    -0.311090697109));
#3954 = CARTESIAN_POINT('',(81.664818256544,98.800144505403,
    -0.299011840316));
#3955 = CARTESIAN_POINT('',(82.653116738866,103.99946069849,
    -0.28692184119));
#3956 = CARTESIAN_POINT('',(83.633660436035,109.20201270062,
    -0.274873425819));
#3957 = CARTESIAN_POINT('',(84.643145385393,114.392488499,-0.26266981776
    ));
#3958 = CARTESIAN_POINT('',(85.54462011115,119.62803330335,
    -0.251045396698));
#3959 = CARTESIAN_POINT('',(86.849194479124,124.69537828758,
    -0.237259420333));
#3960 = CARTESIAN_POINT('',(86.67624869787,129.62465927818,
    -0.232309481741));
#3961 = CARTESIAN_POINT('',(89.781249054907,132.39805214945,
    -0.210735749648));
#3962 = CARTESIAN_POINT('',(91.508404154816,134.94629339715,
    -2.094363869571E-02));
#3963 = CARTESIAN_POINT('',(93.169208571996,137.40130137606,
    0.484230804586));
#3964 = CARTESIAN_POINT('',(94.608537486812,139.76458506143,
    1.395373049315));
#3965 = CARTESIAN_POINT('',(95.908474377692,141.90948762396,2.7444028872
    ));
#3966 = CARTESIAN_POINT('',(97.089597033295,143.73706625616,
    4.499713507284));
#3967 = CARTESIAN_POINT('',(98.188493033781,145.17452791306,
    6.578756007012));
#3968 = CARTESIAN_POINT('',(99.237493837571,146.20679409072,
    8.874230427933));
#3969 = CARTESIAN_POINT('',(100.26994326836,146.88285571948,
    11.284248307175));
#3970 = CARTESIAN_POINT('',(101.31897836438,147.30667340254,
    13.736214799563));
#3971 = CARTESIAN_POINT('',(102.41556727252,147.63868916022,
    16.183041787584));
#3972 = CARTESIAN_POINT('',(103.59660830765,147.97495672102,
    18.63443414679));
#3973 = CARTESIAN_POINT('',(104.89387230537,148.31147079892,
    21.086346180218));
#3974 = CARTESIAN_POINT('',(106.34042996113,148.64957921998,
    23.538714740851));
#3975 = CARTESIAN_POINT('',(107.96948236392,148.98901116422,
    25.991364544393));
#3976 = CARTESIAN_POINT('',(109.81430381315,149.33110044093,
    28.444293235837));
#3977 = CARTESIAN_POINT('',(111.18896677527,149.5551031001,
    30.054754223775));
#3978 = CARTESIAN_POINT('',(111.9195290364,149.66911202138,
    30.858265864719));
#3979 = CARTESIAN_POINT('',(64.34956232256,0.,-0.424739315164));
#3980 = CARTESIAN_POINT('',(64.667546601883,1.733333610465,
    -0.421503205569));
#3981 = CARTESIAN_POINT('',(65.303514982279,5.199999871354,
    -0.415030988205));
#3982 = CARTESIAN_POINT('',(66.257467696172,10.400000034482,
    -0.405322660691));
#3983 = CARTESIAN_POINT('',(67.211420371658,15.599999990758,
    -0.39561433357));
#3984 = CARTESIAN_POINT('',(68.16537305744,20.800000002477,
    -0.385906006344));
#3985 = CARTESIAN_POINT('',(69.119325740457,25.999999999337,
    -0.376197679147));
#3986 = CARTESIAN_POINT('',(70.073278424234,31.200000000173,
    -0.366489351941));
#3987 = CARTESIAN_POINT('',(71.027231107736,36.399999999972,
    -0.356781024738));
#3988 = CARTESIAN_POINT('',(71.981183791579,41.599999999939,
    -0.347072697533));
#3989 = CARTESIAN_POINT('',(72.935136474333,46.800000000273,
    -0.337364370334));
#3990 = CARTESIAN_POINT('',(73.889089161101,51.99999999897,
    -0.327656043111));
#3991 = CARTESIAN_POINT('',(74.843041832903,57.200000003845,
    -0.31794771598));
#3992 = CARTESIAN_POINT('',(75.796994560554,62.399999985648,
    -0.308239388506));
#3993 = CARTESIAN_POINT('',(76.750947079777,67.600000053561,
    -0.298531062311));
#3994 = CARTESIAN_POINT('',(77.704900376861,72.799999800107,
    -0.288822731342));
#3995 = CARTESIAN_POINT('',(78.658850770928,78.000000746011,
    -0.279114418189));
#3996 = CARTESIAN_POINT('',(79.612811999205,83.19999721585,
    -0.269406038547));
#3997 = CARTESIAN_POINT('',(80.566732793657,88.400010390588,
    -0.259697907048));
#3998 = CARTESIAN_POINT('',(81.520804489201,93.599961221796,
    -0.249988849462));
#3999 = CARTESIAN_POINT('',(82.474313014199,98.800144722227,
    -0.240283248084));
#4000 = CARTESIAN_POINT('',(83.42992332029,103.99945988929,
    -0.230564747957));
#4001 = CARTESIAN_POINT('',(84.377689672557,109.20201572059,
    -0.220894386621));
#4002 = CARTESIAN_POINT('',(85.354730059024,114.39247722831,
    -0.211044368872));
#4003 = CARTESIAN_POINT('',(86.222518262518,119.62807536613,
    -0.201864837982));
#4004 = CARTESIAN_POINT('',(87.498041163702,124.69522130713,
    -0.190183016067));
#4005 = CARTESIAN_POINT('',(87.284978118104,129.62514525051,
    -0.188154944799));
#4006 = CARTESIAN_POINT('',(90.393739516444,132.39704202914,
    -0.166281888435));
#4007 = CARTESIAN_POINT('',(92.110557213612,134.94075492314,
    2.251085911033E-02));
#4008 = CARTESIAN_POINT('',(93.758113737036,137.3896073233,
    0.525532139201));
#4009 = CARTESIAN_POINT('',(95.179536529529,139.74609023833,
    1.432735422738));
#4010 = CARTESIAN_POINT('',(96.45831515596,141.8848007098,2.776096738858
    ));
#4011 = CARTESIAN_POINT('',(97.615613310997,143.70775405725,
    4.524556966437));
#4012 = CARTESIAN_POINT('',(98.688816498737,145.14263788124,
    6.596519383124));
#4013 = CARTESIAN_POINT('',(99.710996328367,146.17427666093,
    8.885700480196));
#4014 = CARTESIAN_POINT('',(100.7162523147,146.85114152627,
    11.291047679908));
#4015 = CARTESIAN_POINT('',(101.73847220569,147.27651769536,
    13.74035727343));
#4016 = CARTESIAN_POINT('',(102.80942181603,147.61039802195,
    16.187043766087));
#4017 = CARTESIAN_POINT('',(103.96665862755,147.94836964424,
    18.638163624625));
#4018 = CARTESIAN_POINT('',(105.24274515653,148.28640688852,
    21.089870816611));
#4019 = CARTESIAN_POINT('',(106.67150840639,148.62579312436,
    23.542056318693));
#4020 = CARTESIAN_POINT('',(108.28690644352,148.96620673302,
    25.994572763602));
#4021 = CARTESIAN_POINT('',(110.12296947973,149.30892304919,
    28.447397965763));
#4022 = CARTESIAN_POINT('',(111.49559622721,149.53307752383,
    30.057876399919));
#4023 = CARTESIAN_POINT('',(112.22615734692,149.64708272611,
    30.861361880263));
#4024 = CARTESIAN_POINT('',(65.630754412489,0.,-0.330647380138));
#4025 = CARTESIAN_POINT('',(65.938977225265,1.73333361225,
    -0.328128161607));
#4026 = CARTESIAN_POINT('',(66.555422682976,5.199999870526,
    -0.323089725919));
#4027 = CARTESIAN_POINT('',(67.480091004473,10.400000034704,
    -0.315532071282));
#4028 = CARTESIAN_POINT('',(68.404759289806,15.599999990698,
    -0.307974416942));
#4029 = CARTESIAN_POINT('',(69.329427584834,20.800000002493,
    -0.300416762522));
#4030 = CARTESIAN_POINT('',(70.254095877258,25.999999999333,
    -0.292859108123));
#4031 = CARTESIAN_POINT('',(71.178764170399,31.200000000174,
    -0.285301453719));
#4032 = CARTESIAN_POINT('',(72.103432463276,36.399999999972,
    -0.277743799316));
#4033 = CARTESIAN_POINT('',(73.028100756494,41.599999999939,
    -0.270186144912));
#4034 = CARTESIAN_POINT('',(73.952769048612,46.800000000273,
    -0.262628490514));
#4035 = CARTESIAN_POINT('',(74.877437344785,51.999999998969,
    -0.255070836089));
#4036 = CARTESIAN_POINT('',(75.802105625841,57.200000003851,
    -0.247513181767));
#4037 = CARTESIAN_POINT('',(76.726773963313,62.399999985629,
    -0.239955527061));
#4038 = CARTESIAN_POINT('',(77.651442090236,67.600000053634,
    -0.232397873791));
#4039 = CARTESIAN_POINT('',(78.576111002937,72.799999799836,
    -0.224840215158));
#4040 = CARTESIAN_POINT('',(79.500776983073,78.000000747024,
    -0.21728257654));
#4041 = CARTESIAN_POINT('',(80.425453907694,83.19999721207,
    -0.209724863226));
#4042 = CARTESIAN_POINT('',(81.350089986943,88.400010404698,
    -0.202167428682));
#4043 = CARTESIAN_POINT('',(82.274878503192,93.599961169139,
    -0.194608953753));
#4044 = CARTESIAN_POINT('',(83.199098116812,98.800144918747,
    -0.187054361592));
#4045 = CARTESIAN_POINT('',(84.125440903947,103.99945915587,
    -0.179485278746));
#4046 = CARTESIAN_POINT('',(85.043859899653,109.20201845776,
    -0.171970275872));
#4047 = CARTESIAN_POINT('',(85.991850887562,114.39246701308,
    -0.164253443795));
#4048 = CARTESIAN_POINT('',(86.829477698084,119.6281134899,
    -0.157289848559));
#4049 = CARTESIAN_POINT('',(88.078989225953,124.6950790273,
    -0.147515135161));
#4050 = CARTESIAN_POINT('',(87.830006990911,129.6255857134,
    -0.148135309632));
#4051 = CARTESIAN_POINT('',(90.942135856033,132.39612650268,
    -0.125990959558));
#4052 = CARTESIAN_POINT('',(92.649697908942,134.93573510582,
    6.189601110189E-02));
#4053 = CARTESIAN_POINT('',(94.285392865699,137.3790083734,
    0.562965763416));
#4054 = CARTESIAN_POINT('',(95.690783323722,139.72932738395,
    1.466598954256));
#4055 = CARTESIAN_POINT('',(96.950617794276,141.86242562976,
    2.804822583771));
#4056 = CARTESIAN_POINT('',(98.08658456585,143.68118683251,
    4.547073931633));
#4057 = CARTESIAN_POINT('',(99.136783567651,145.11373422767,
    6.612619287699));
#4058 = CARTESIAN_POINT('',(100.13494910648,146.14480436279,
    8.896096406384));
#4059 = CARTESIAN_POINT('',(101.1158573089,146.82239724471,
    11.297210317657));
#4060 = CARTESIAN_POINT('',(102.11406807452,147.24918595364,
    13.744111820625));
#4061 = CARTESIAN_POINT('',(103.1620614138,147.58475623946,
    16.190670974767));
#4062 = CARTESIAN_POINT('',(104.29798499692,147.92427234445,
    18.641543851272));
#4063 = CARTESIAN_POINT('',(105.55511017537,148.26369011656,
    21.093065384421));
#4064 = CARTESIAN_POINT('',(106.96794111662,148.60423450441,
    23.545084970696));
#4065 = CARTESIAN_POINT('',(108.57111365049,148.9455378497,
    25.997480545422));
#4066 = CARTESIAN_POINT('',(110.39933479853,149.28882248057,
    28.450211949948));
#4067 = CARTESIAN_POINT('',(111.77013841148,149.51311456636,
    30.060706195843));
#4068 = CARTESIAN_POINT('',(112.50069850905,149.62711638923,
    30.864167965915));
#4069 = CARTESIAN_POINT('',(66.755384393873,0.,-0.247072355625));
#4070 = CARTESIAN_POINT('',(67.055038599861,1.733333611767,
    -0.245189899275));
#4071 = CARTESIAN_POINT('',(67.654346835009,5.19999987075,
    -0.241424987639));
#4072 = CARTESIAN_POINT('',(68.553309329887,10.400000034644,
    -0.235777619329));
#4073 = CARTESIAN_POINT('',(69.452271786665,15.599999990714,
    -0.230130251249));
#4074 = CARTESIAN_POINT('',(70.351234253657,20.800000002489,
    -0.224482883108));
#4075 = CARTESIAN_POINT('',(71.250196717906,25.999999999334,
    -0.218835514983));
#4076 = CARTESIAN_POINT('',(72.149159182909,31.200000000173,
    -0.213188146853));
#4077 = CARTESIAN_POINT('',(73.048121647637,36.399999999972,
    -0.207540778725));
#4078 = CARTESIAN_POINT('',(73.947084112712,41.599999999939,
    -0.201893410595));
#4079 = CARTESIAN_POINT('',(74.846046576677,46.800000000273,
    -0.196246042473));
#4080 = CARTESIAN_POINT('',(75.745009044732,51.999999998968,
    -0.19059867432));
#4081 = CARTESIAN_POINT('',(76.643971497536,57.200000003855,
    -0.184951306281));
#4082 = CARTESIAN_POINT('',(77.542934007256,62.399999985612,
    -0.179303937819));
#4083 = CARTESIAN_POINT('',(78.441896304564,67.600000053698,
    -0.173656570934));
#4084 = CARTESIAN_POINT('',(79.340859394601,72.799999799595,
    -0.168009198164));
#4085 = CARTESIAN_POINT('',(80.239819526135,78.000000747923,
    -0.16236184736));
#4086 = CARTESIAN_POINT('',(81.138790698952,83.199997208712,
    -0.156714414572));
#4087 = CARTESIAN_POINT('',(82.037720665143,88.40001041723,
    -0.151067287757));
#4088 = CARTESIAN_POINT('',(82.936804416552,93.599961122367,
    -0.145419019036));
#4089 = CARTESIAN_POINT('',(83.835314233713,98.800145093301,
    -0.139775011963));
#4090 = CARTESIAN_POINT('',(84.73596600265,103.99945850442,
    -0.134115100205));
#4091 = CARTESIAN_POINT('',(85.628623898733,109.20202088898,
    -0.128514545538));
#4092 = CARTESIAN_POINT('',(86.551115334456,114.39245793963,
    -0.122692467191));
#4093 = CARTESIAN_POINT('',(87.362266484471,119.62814735247,
    -0.117697126477));
#4094 = CARTESIAN_POINT('',(88.588945237679,124.69495265046,
    -0.10961635891));
#4095 = CARTESIAN_POINT('',(88.308433150342,129.62597694457,
    -0.112588777518));
#4096 = CARTESIAN_POINT('',(91.423517976662,132.3953133071,
    -9.020345696722E-02));
#4097 = CARTESIAN_POINT('',(93.122955428185,134.93127636708,
    9.687897794429E-02));
#4098 = CARTESIAN_POINT('',(94.748238305749,137.36959409684,
    0.596215330029));
#4099 = CARTESIAN_POINT('',(96.13955558602,139.71443815921,
    1.496677467105));
#4100 = CARTESIAN_POINT('',(97.382760882981,141.84255147304,
    2.830337663168));
#4101 = CARTESIAN_POINT('',(98.500002973395,143.65758909846,
    4.567074114621));
#4102 = CARTESIAN_POINT('',(99.530008908592,145.08806121378,
    6.626919662318));
#4103 = CARTESIAN_POINT('',(100.50709471112,146.11862626327,
    8.905330351735));
#4104 = CARTESIAN_POINT('',(101.46663043709,146.79686578938,
    11.302684140687));
#4105 = CARTESIAN_POINT('',(102.44376600061,147.22490915474,
    13.747446711908));
#4106 = CARTESIAN_POINT('',(103.47160833295,147.56198050848,
    16.193892760505));
#4107 = CARTESIAN_POINT('',(104.58882317142,147.90286846513,
    18.644546260827));
#4108 = CARTESIAN_POINT('',(105.8293040828,148.24351245982,
    21.095902886737));
#4109 = CARTESIAN_POINT('',(107.22814964905,148.58508554953,
    23.547775102038));
#4110 = CARTESIAN_POINT('',(108.82059063991,148.92717918466,
    26.000063316668));
#4111 = CARTESIAN_POINT('',(110.64192818274,149.27096860238,
    28.452711407192));
#4112 = CARTESIAN_POINT('',(112.01113144485,149.49538293288,
    30.063219698484));
#4113 = CARTESIAN_POINT('',(112.74169064791,149.60938174392,
    30.86666040777));
#4114 = CARTESIAN_POINT('',(67.717439202841,0.,-0.174784786602));
#4115 = CARTESIAN_POINT('',(68.009763464335,1.733333612752,
    -0.173453092781));
#4116 = CARTESIAN_POINT('',(68.594411821208,5.199999870293,
    -0.170789705862));
#4117 = CARTESIAN_POINT('',(69.47138449006,10.400000034766,
    -0.166794624902));
#4118 = CARTESIAN_POINT('',(70.348357123121,15.599999990681,
    -0.162799544099));
#4119 = CARTESIAN_POINT('',(71.225329765777,20.800000002497,
    -0.158804463253));
#4120 = CARTESIAN_POINT('',(72.102302405856,25.999999999332,
    -0.154809382419));
#4121 = CARTESIAN_POINT('',(72.979275046645,31.200000000174,
    -0.150814301582));
#4122 = CARTESIAN_POINT('',(73.85624768717,36.399999999972,
    -0.146819220746));
#4123 = CARTESIAN_POINT('',(74.733220328041,41.599999999939,
    -0.142824139907));
#4124 = CARTESIAN_POINT('',(75.610192967795,46.800000000274,
    -0.138829059078));
#4125 = CARTESIAN_POINT('',(76.487165611669,51.999999998967,
    -0.134833978215));
#4126 = CARTESIAN_POINT('',(77.364138240178,57.200000003859,
    -0.130838897475));
#4127 = CARTESIAN_POINT('',(78.241110926029,62.399999985597,
    -0.126843816279));
#4128 = CARTESIAN_POINT('',(79.118083397876,67.600000053754,
    -0.122848736782));
#4129 = CARTESIAN_POINT('',(79.995056668397,72.799999799386,
    -0.118853650946));
#4130 = CARTESIAN_POINT('',(80.872026958228,78.000000748702,
    -0.114858588767));
#4131 = CARTESIAN_POINT('',(81.749008372145,83.199997205807,
    -0.110863438299));
#4132 = CARTESIAN_POINT('',(82.625948270406,88.40001042807,
    -0.106868617332));
#4133 = CARTESIAN_POINT('',(83.503043107207,93.599961081912,
    -0.10287256665));
#4134 = CARTESIAN_POINT('',(84.379559705504,98.80014524428,
    -9.888110532487E-02));
#4135 = CARTESIAN_POINT('',(85.258234319275,103.99945794096,
    -9.487251628693E-02));
#4136 = CARTESIAN_POINT('',(86.128855109654,109.20202299185,
    -9.092784874401E-02));
#4137 = CARTESIAN_POINT('',(87.029533178125,114.39245009162,
    -8.674462293396E-02));
#4138 = CARTESIAN_POINT('',(87.818035957624,119.62817664164,
    -8.345170869742E-02));
#4139 = CARTESIAN_POINT('',(89.025182614917,124.6948433418,
    -7.683610643398E-02));
#4140 = CARTESIAN_POINT('',(88.717698593231,129.62631533693,
    -8.184308035898E-02));
#4141 = CARTESIAN_POINT('',(91.835312070514,132.3946099399,
    -5.924933426376E-02));
#4142 = CARTESIAN_POINT('',(93.527799403362,134.9274198156,
    0.127137223694));
#4143 = CARTESIAN_POINT('',(95.144175359517,137.36145129137,
    0.624974284698));
#4144 = CARTESIAN_POINT('',(96.523453863874,139.7015598398,
    1.522693643425));
#4145 = CARTESIAN_POINT('',(97.752433880795,141.82536147538,
    2.85240673313));
#4146 = CARTESIAN_POINT('',(98.853658107686,143.63717842147,
    4.584373117722));
#4147 = CARTESIAN_POINT('',(99.866390061969,145.0658555396,
    6.639288660394));
#4148 = CARTESIAN_POINT('',(100.82544338979,146.0959837192,
    8.913317181124));
#4149 = CARTESIAN_POINT('',(101.7666962191,146.77478255518,
    11.307418681448));
#4150 = CARTESIAN_POINT('',(102.72580318666,147.20391112589,
    13.750331200248));
#4151 = CARTESIAN_POINT('',(103.73640751766,147.54228081668,
    16.196679419082));
#4152 = CARTESIAN_POINT('',(104.83761812534,147.88435534576,
    18.647143171677));
#4153 = CARTESIAN_POINT('',(106.06386084518,148.22605995224,
    21.09835716235));
#4154 = CARTESIAN_POINT('',(107.45074274525,148.56852280933,
    23.550101910274));
#4155 = CARTESIAN_POINT('',(109.03400353357,148.91130000068,
    26.002297264606));
#4156 = CARTESIAN_POINT('',(110.84945255167,149.25552602546,
    28.45487329339));
#4157 = CARTESIAN_POINT('',(112.21728682128,149.48004610184,
    30.065393732988));
#4158 = CARTESIAN_POINT('',(112.94784524983,149.59404230005,
    30.868816226014));
#4159 = CARTESIAN_POINT('',(68.511755413734,0.,-0.114506683588));
#4160 = CARTESIAN_POINT('',(68.798027738368,1.733333611767,
    -0.113634251571));
#4161 = CARTESIAN_POINT('',(69.37057223477,5.19999987075,-0.111889388029
    ));
#4162 = CARTESIAN_POINT('',(70.229389102266,10.400000034644,
    -0.10927209232));
#4163 = CARTESIAN_POINT('',(71.088205936824,15.599999990714,
    -0.106654796718));
#4164 = CARTESIAN_POINT('',(71.947022780212,20.800000002489,
    -0.104037501087));
#4165 = CARTESIAN_POINT('',(72.805839621228,25.999999999334,
    -0.101420205464));
#4166 = CARTESIAN_POINT('',(73.6646564629,31.200000000173,
    -9.880290983816E-02));
#4167 = CARTESIAN_POINT('',(74.523473304321,36.399999999972,
    -9.618561421395E-02));
#4168 = CARTESIAN_POINT('',(75.382290146086,41.599999999939,
    -9.35683185871E-02));
#4169 = CARTESIAN_POINT('',(76.241106986729,46.800000000274,
    -9.095102296957E-02));
#4170 = CARTESIAN_POINT('',(77.099923831517,51.999999998966,
    -8.83337273174E-02));
#4171 = CARTESIAN_POINT('',(77.958740660845,57.200000003862,
    -8.571643179445E-02));
#4172 = CARTESIAN_POINT('',(78.817557547868,62.399999985584,
    -8.309913578928E-02));
#4173 = CARTESIAN_POINT('',(79.676374219572,67.600000053801,
    -8.048184158375E-02));
#4174 = CARTESIAN_POINT('',(80.535191694858,72.799999799212,
    -7.786454066189E-02));
#4175 = CARTESIAN_POINT('',(81.394006171135,78.000000749351,
    -7.524726480574E-02));
#4176 = CARTESIAN_POINT('',(82.252831839866,83.199997203385,
    -7.262989540303E-02));
#4177 = CARTESIAN_POINT('',(83.111615737789,88.400010437109,
    -7.00128751209E-02));
#4178 = CARTESIAN_POINT('',(83.970555526488,93.599961048179,
    -6.739455190301E-02));
#4179 = CARTESIAN_POINT('',(84.828913522894,98.800145370176,
    -6.478109130754E-02));
#4180 = CARTESIAN_POINT('',(85.689442797694,103.99945747111,
    -6.214948315816E-02));
#4181 = CARTESIAN_POINT('',(86.541868751212,109.20202474536,
    -5.9585602602E-02));
#4182 = CARTESIAN_POINT('',(87.424536711463,114.39244354744,
    -5.676895922686E-02));
#4183 = CARTESIAN_POINT('',(88.194339966067,119.62820106486,
    -5.489563953444E-02));
#4184 = CARTESIAN_POINT('',(89.385360036524,124.69475219308,
    -4.950178793014E-02));
#4185 = CARTESIAN_POINT('',(89.055606758976,129.62659751062,
    -5.620530714793E-02));
#4186 = CARTESIAN_POINT('',(92.175308005514,132.39402342631,
    -3.343776220176E-02));
#4187 = CARTESIAN_POINT('',(93.862057004248,134.92420397074,
    0.152368528038));
#4188 = CARTESIAN_POINT('',(95.471079000942,137.3546612876,
    0.648955382079));
#4189 = CARTESIAN_POINT('',(96.8404177443,139.69082105477,1.544387632826
    ));
#4190 = CARTESIAN_POINT('',(98.057652722962,141.81102733103,
    2.870809367089));
#4191 = CARTESIAN_POINT('',(99.14565187313,143.62015866405,
    4.598798157948));
#4192 = CARTESIAN_POINT('',(100.14412164303,145.04733899611,
    6.649602739983));
#4193 = CARTESIAN_POINT('',(101.08828653951,146.07710288501,
    8.919977121846));
#4194 = CARTESIAN_POINT('',(102.0144441777,146.75636811015,
    11.311366651197));
#4195 = CARTESIAN_POINT('',(102.95866591638,147.18640159606,
    13.752736475286));
#4196 = CARTESIAN_POINT('',(103.95503776937,147.5258539252,
    16.199003117265));
#4197 = CARTESIAN_POINT('',(105.04303455616,147.868917896,
    18.649308645795));
#4198 = CARTESIAN_POINT('',(106.25752157731,148.21150690986,
    21.100403697875));
#4199 = CARTESIAN_POINT('',(107.63452573084,148.55471171358,
    23.552042155174));
#4200 = CARTESIAN_POINT('',(109.21020692466,148.89805889731,
    26.004160076479));
#4201 = CARTESIAN_POINT('',(111.02079411547,149.24264899942,
    28.456676015612));
#4202 = CARTESIAN_POINT('',(112.3874980658,149.46725723878,
    30.067206584901));
#4203 = CARTESIAN_POINT('',(113.11805586645,149.58125126848,
    30.870613888268));
#4204 = CARTESIAN_POINT('',(69.134055399076,0.,-6.688342535841E-02));
#4205 = CARTESIAN_POINT('',(69.415586393833,1.733333613784,
    -6.637383727474E-02));
#4206 = CARTESIAN_POINT('',(69.978648218895,5.199999869814,
    -6.535466138778E-02));
#4207 = CARTESIAN_POINT('',(70.823241088694,10.400000034895,
    -6.382589733195E-02));
#4208 = CARTESIAN_POINT('',(71.667833923059,15.599999990647,
    -6.229713333653E-02));
#4209 = CARTESIAN_POINT('',(72.512426766924,20.800000002507,
    -6.076836932491E-02));
#4210 = CARTESIAN_POINT('',(73.357019608237,25.999999999329,
    -5.923960531767E-02));
#4211 = CARTESIAN_POINT('',(74.201612450254,31.200000000175,
    -5.771084130909E-02));
#4212 = CARTESIAN_POINT('',(75.046205292007,36.399999999972,
    -5.618207730151E-02));
#4213 = CARTESIAN_POINT('',(75.890798134109,41.599999999939,
    -5.465331329125E-02));
#4214 = CARTESIAN_POINT('',(76.735390975082,46.800000000274,
    -5.31245492907E-02));
#4215 = CARTESIAN_POINT('',(77.579983820221,51.999999998965,
    -5.159578525399E-02));
#4216 = CARTESIAN_POINT('',(78.424576649826,57.200000003865,
    -5.006702135223E-02));
#4217 = CARTESIAN_POINT('',(79.269169537402,62.399999985574,
    -4.853825694684E-02));
#4218 = CARTESIAN_POINT('',(80.113762208628,67.600000053838,
    -4.7009494421E-02));
#4219 = CARTESIAN_POINT('',(80.958355687282,72.799999799075,
    -4.548072488061E-02));
#4220 = CARTESIAN_POINT('',(81.802946152575,78.000000749863,
    -4.395198151885E-02));
#4221 = CARTESIAN_POINT('',(82.647547863884,83.199997201472,
    -4.242314045713E-02));
#4222 = CARTESIAN_POINT('',(83.49210760449,88.40001044425,
    -4.089466401662E-02));
#4223 = CARTESIAN_POINT('',(84.336823981891,93.599961021527,
    -3.936482679123E-02));
#4224 = CARTESIAN_POINT('',(85.180955782815,98.800145469642,
    -3.784006808416E-02));
#4225 = CARTESIAN_POINT('',(86.02726925285,103.9994570999,
    -3.629635608867E-02));
#4226 = CARTESIAN_POINT('',(86.865440622921,109.20202613073,
    -3.482337872856E-02));
#4227 = CARTESIAN_POINT('',(87.733998723738,114.39243837715,
    -3.308641611533E-02));
#4228 = CARTESIAN_POINT('',(88.489152001533,119.62822036065,
    -3.233465987919E-02));
#4229 = CARTESIAN_POINT('',(89.667537840668,124.69468018022,
    -2.790606338782E-02));
#4230 = CARTESIAN_POINT('',(89.320337912271,129.62682044448,
    -3.594995349549E-02));
#4231 = CARTESIAN_POINT('',(92.441674803101,132.39356004598,
    -1.304509720165E-02));
#4232 = CARTESIAN_POINT('',(94.123928154904,134.92166326354,
    0.172302747301));
#4233 = CARTESIAN_POINT('',(95.72718875733,137.34929678395,
    0.667901864069));
#4234 = CARTESIAN_POINT('',(97.088740283155,139.68233678093,
    1.561527164557));
#4235 = CARTESIAN_POINT('',(98.296773715837,141.79970251117,
    2.885348533807));
#4236 = CARTESIAN_POINT('',(99.374411797028,143.60671205139,
    4.610194790909));
#4237 = CARTESIAN_POINT('',(100.36170798516,145.03270983414,
    6.657751471464));
#4238 = CARTESIAN_POINT('',(101.29420867225,146.0621859119,
    8.925238868001));
#4239 = CARTESIAN_POINT('',(102.20854011694,146.741819612,
    11.314485780257));
#4240 = CARTESIAN_POINT('',(103.14110015517,147.17256803431,
    13.754636784495));
#4241 = CARTESIAN_POINT('',(104.12632169958,147.51287571162,
    16.200838975945));
#4242 = CARTESIAN_POINT('',(105.20396623566,147.85672139978,
    18.651019498127));
#4243 = CARTESIAN_POINT('',(106.40924335907,148.2000091476,
    21.102020581702));
#4244 = CARTESIAN_POINT('',(107.77850887949,148.54380013317,
    23.553575063127));
#4245 = CARTESIAN_POINT('',(109.34825190827,148.88759764358,
    26.005631807801));
#4246 = CARTESIAN_POINT('',(111.1550301398,149.23247539185,
    28.458100272451));
#4247 = CARTESIAN_POINT('',(112.52084856133,149.45715327605,
    30.068638845083));
#4248 = CARTESIAN_POINT('',(113.25140586331,149.57114559878,
    30.872034147523));
#4249 = CARTESIAN_POINT('',(69.580978278853,0.,-3.245474898384E-02));
#4250 = CARTESIAN_POINT('',(69.859104147224,1.733333610965,
    -3.220747466659E-02));
#4251 = CARTESIAN_POINT('',(70.415355718416,5.199999871122,
    -3.171292616815E-02));
#4252 = CARTESIAN_POINT('',(71.249733208292,10.400000034544,
    -3.097110331112E-02));
#4253 = CARTESIAN_POINT('',(72.084110662499,15.599999990741,
    -3.02292804834E-02));
#4254 = CARTESIAN_POINT('',(72.918488126267,20.800000002481,
    -2.948745764781E-02));
#4255 = CARTESIAN_POINT('',(73.752865587467,25.999999999336,
    -2.874563481438E-02));
#4256 = CARTESIAN_POINT('',(74.587243049376,31.200000000173,
    -2.800381198019E-02));
#4257 = CARTESIAN_POINT('',(75.42162051102,36.399999999972,
    -2.726198914687E-02));
#4258 = CARTESIAN_POINT('',(76.255997973014,41.599999999938,
    -2.652016631084E-02));
#4259 = CARTESIAN_POINT('',(77.090375433875,46.800000000274,
    -2.57783434848E-02));
#4260 = CARTESIAN_POINT('',(77.924752898916,51.999999998965,
    -2.503652062149E-02));
#4261 = CARTESIAN_POINT('',(78.75913034837,57.200000003867,
    -2.429469789727E-02));
#4262 = CARTESIAN_POINT('',(79.593507855993,62.399999985567,
    -2.355287465396E-02));
#4263 = CARTESIAN_POINT('',(80.427885146526,67.600000053864,
    -2.281105334794E-02));
#4264 = CARTESIAN_POINT('',(81.262263247249,72.799999798975,
    -2.206922481181E-02));
#4265 = CARTESIAN_POINT('',(82.096638324303,78.000000750234,
    -2.132742325886E-02));
#4266 = CARTESIAN_POINT('',(82.931024685841,83.199997200088,
    -2.058552100331E-02));
#4267 = CARTESIAN_POINT('',(83.765368933115,88.400010449413,
    -1.984399457496E-02));
#4268 = CARTESIAN_POINT('',(84.59987035296,93.599961002259,
    -1.910106554038E-02));
#4269 = CARTESIAN_POINT('',(85.433785196785,98.800145541549,
    -1.836337110356E-02));
#4270 = CARTESIAN_POINT('',(86.269889172117,103.99945683154,
    -1.760614088196E-02));
#4271 = CARTESIAN_POINT('',(87.097823197443,109.20202713227,
    -1.692181920165E-02));
#4272 = CARTESIAN_POINT('',(87.956247891287,114.39243463935,
    -1.5965399141E-02));
#4273 = CARTESIAN_POINT('',(88.700879861067,119.62823431031,
    -1.602446406044E-02));
#4274 = CARTESIAN_POINT('',(89.870192058582,124.69462811937,
    -1.229368743982E-02));
#4275 = CARTESIAN_POINT('',(89.51046230916,129.6269816119,
    -2.130658297267E-02));
#4276 = CARTESIAN_POINT('',(92.632973885631,132.39322505059,
    1.697540950618E-03));
#4277 = CARTESIAN_POINT('',(94.311998557505,134.91982648905,
    0.186713957481));
#4278 = CARTESIAN_POINT('',(95.911121446644,137.34541857892,
    0.681599001165));
#4279 = CARTESIAN_POINT('',(97.267080355135,139.6762031746,1.57391798814
    ));
#4280 = CARTESIAN_POINT('',(98.468505429269,141.79151536538,
    2.895859453981));
#4281 = CARTESIAN_POINT('',(99.538702406661,143.59699098037,
    4.618433853135));
#4282 = CARTESIAN_POINT('',(100.51797396125,145.02213385295,
    6.663642501382));
#4283 = CARTESIAN_POINT('',(101.44209765625,146.05140186102,
    8.929042785715));
#4284 = CARTESIAN_POINT('',(102.34793577524,146.73130194577,
    11.316740718054));
#4285 = CARTESIAN_POINT('',(103.27212062326,147.16256722297,
    13.756010590765));
#4286 = CARTESIAN_POINT('',(104.24933424844,147.50349326423,
    16.202166188461));
#4287 = CARTESIAN_POINT('',(105.31954401384,147.84790408576,
    18.652256338768));
#4288 = CARTESIAN_POINT('',(106.51820678054,148.19169697523,
    21.103189488914));
#4289 = CARTESIAN_POINT('',(107.88191457634,148.53591173362,
    23.554683260967));
#4290 = CARTESIAN_POINT('',(109.44739293719,148.88003480429,
    26.006695778705));
#4291 = CARTESIAN_POINT('',(111.25143565955,149.22512049578,
    28.459129922264));
#4292 = CARTESIAN_POINT('',(112.61661809747,149.44984874727,
    30.069674280743));
#4293 = CARTESIAN_POINT('',(113.34717505184,149.56383982331,
    30.873060907306));
#4294 = CARTESIAN_POINT('',(69.85010492132,0.,-1.162808309903E-02));
#4295 = CARTESIAN_POINT('',(70.126180298354,1.733333611749,
    -1.153948816621E-02));
#4296 = CARTESIAN_POINT('',(70.678330895992,5.199999870758,
    -1.136229834897E-02));
#4297 = CARTESIAN_POINT('',(71.506556918205,10.400000034642,
    -1.109651358419E-02));
#4298 = CARTESIAN_POINT('',(72.334782906713,15.599999990715,
    -1.083072882985E-02));
#4299 = CARTESIAN_POINT('',(73.163008904257,20.800000002488,
    -1.05649440727E-02));
#4300 = CARTESIAN_POINT('',(73.991234899373,25.999999999334,
    -1.029915931635E-02));
#4301 = CARTESIAN_POINT('',(74.819460895161,31.200000000173,
    -1.003337455961E-02));
#4302 = CARTESIAN_POINT('',(75.647686890693,36.399999999972,
    -9.767589803643E-03));
#4303 = CARTESIAN_POINT('',(76.475912886573,41.599999999938,
    -9.501805044944E-03));
#4304 = CARTESIAN_POINT('',(77.304138881319,46.800000000274,
    -9.236020296412E-03));
#4305 = CARTESIAN_POINT('',(78.132364880253,51.999999998964,
    -8.970235509939E-03));
#4306 = CARTESIAN_POINT('',(78.960590863568,57.200000003868,
    -8.704450865069E-03));
#4307 = CARTESIAN_POINT('',(79.788816905172,62.399999985563,
    -8.438665691731E-03));
#4308 = CARTESIAN_POINT('',(80.61704272924,67.60000005388,
    -8.17288249065E-03));
#4309 = CARTESIAN_POINT('',(81.445269365161,72.799999798915,
    -7.907091929031E-03));
#4310 = CARTESIAN_POINT('',(82.273492971207,78.000000750458,
    -7.641328837287E-03));
#4311 = CARTESIAN_POINT('',(83.1017278849,83.199997199251,
    -7.37546322658E-03));
#4312 = CARTESIAN_POINT('',(83.92992059788,88.400010452536,
    -7.109980221848E-03));
#4313 = CARTESIAN_POINT('',(84.758270806063,93.599960990604,
    -6.843069312206E-03));
#4314 = CARTESIAN_POINT('',(85.586033234148,98.800145585048,
    -6.581487416201E-03));
#4315 = CARTESIAN_POINT('',(86.415989287423,103.9994566692,
    -6.300017370562E-03));
#4316 = CARTESIAN_POINT('',(87.237758620038,109.20202773813,
    -6.09277090983E-03));
#4317 = CARTESIAN_POINT('',(88.090081210098,114.39243237827,
    -5.608518259103E-03));
#4318 = CARTESIAN_POINT('',(88.828377491041,119.62824274877,
    -6.15806678344E-03));
#4319 = CARTESIAN_POINT('',(89.992225751009,124.69459662661,
    -2.849416797532E-03));
#4320 = CARTESIAN_POINT('',(89.624950832574,129.62707910563,
    -1.244848508973E-02));
#4321 = CARTESIAN_POINT('',(92.748169777625,132.39302240449,
    1.06156880126E-02));
#4322 = CARTESIAN_POINT('',(94.425250212969,134.91871538364,
    0.195431616451));
#4323 = CARTESIAN_POINT('',(96.021881466672,137.34307256713,
    0.689884701572));
#4324 = CARTESIAN_POINT('',(97.374472630091,139.67249282081,
    1.581413470685));
#4325 = CARTESIAN_POINT('',(98.57191830324,141.78656278027,
    2.902217741481));
#4326 = CARTESIAN_POINT('',(99.637634419677,143.59111049005,
    4.623417843641));
#4327 = CARTESIAN_POINT('',(100.61207372516,145.01573620861,
    6.667206115344));
#4328 = CARTESIAN_POINT('',(101.53115298889,146.04487835073,
    8.931343859459));
#4329 = CARTESIAN_POINT('',(102.43187662318,146.72493957743,
    11.318104779674));
#4330 = CARTESIAN_POINT('',(103.35101812496,147.15651751156,
    13.756841636486));
#4331 = CARTESIAN_POINT('',(104.32340956602,147.49781761481,
    16.202969048591));
#4332 = CARTESIAN_POINT('',(105.3891422841,147.84257029799,
    18.653004530959));
#4333 = CARTESIAN_POINT('',(106.58382203798,148.18666875874,
    21.103896586672));
#4334 = CARTESIAN_POINT('',(107.94418309985,148.53113986685,
    23.555353634294));
#4335 = CARTESIAN_POINT('',(109.50709337784,148.8754598754,
    26.007339398158));
#4336 = CARTESIAN_POINT('',(111.30948883306,149.22067135907,
    28.45975278023));
#4337 = CARTESIAN_POINT('',(112.67428831329,149.44543007184,
    30.070300638442));
#4338 = CARTESIAN_POINT('',(113.40484504665,149.55942039855,
    30.873682016951));
#4339 = CARTESIAN_POINT('',(69.969988219237,-0.,-2.32924480964E-03));
#4340 = CARTESIAN_POINT('',(70.245150200201,1.733333610465,
    -2.31149817968E-03));
#4341 = CARTESIAN_POINT('',(70.795474004015,5.199999871354,
    -2.276004929595E-03));
#4342 = CARTESIAN_POINT('',(71.620959836848,10.400000034482,
    -2.22276504656E-03));
#4343 = CARTESIAN_POINT('',(72.446445635613,15.599999990758,
    -2.169525165648E-03));
#4344 = CARTESIAN_POINT('',(73.271931443511,20.800000002477,
    -2.116285284153E-03));
#4345 = CARTESIAN_POINT('',(74.097417248955,25.999999999337,
    -2.063045402864E-03));
#4346 = CARTESIAN_POINT('',(74.922903055077,31.200000000173,
    -2.009805521337E-03));
#4347 = CARTESIAN_POINT('',(75.748388860943,36.399999999972,
    -1.956565640556E-03));
#4348 = CARTESIAN_POINT('',(76.573874667156,41.599999999938,
    -1.903325757027E-03));
#4349 = CARTESIAN_POINT('',(77.399360472234,46.800000000274,
    -1.850085883745E-03));
#4350 = CARTESIAN_POINT('',(78.224846281505,51.999999998964,
    -1.796845972221E-03));
#4351 = CARTESIAN_POINT('',(79.050332075142,57.200000003869,
    -1.743606203419E-03));
#4352 = CARTESIAN_POINT('',(79.875817927121,62.399999985561,
    -1.690365901973E-03));
#4353 = CARTESIAN_POINT('',(80.701303561366,67.600000053888,
    -1.637127588378E-03));
#4354 = CARTESIAN_POINT('',(81.526790008205,72.799999798888,
    -1.583881856026E-03));
#4355 = CARTESIAN_POINT('',(82.352273422403,78.000000750558,
    -1.530663810849E-03));
#4356 = CARTESIAN_POINT('',(83.177768154568,83.199997198878,
    -1.47734243573E-03));
#4357 = CARTESIAN_POINT('',(84.00322064751,88.400010453931,
    -1.424406693204E-03));
#4358 = CARTESIAN_POINT('',(84.828830779373,93.5999609854,
    -1.370031750251E-03));
#4359 = CARTESIAN_POINT('',(85.653852594777,98.800145604469,
    -1.321027976409E-03));
#4360 = CARTESIAN_POINT('',(86.481070037095,103.99945659672,
    -1.251978726549E-03));
#4361 = CARTESIAN_POINT('',(87.300093288216,109.20202800863,
    -1.257740211652E-03));
#4362 = CARTESIAN_POINT('',(88.149697677213,114.39243136873,
    -9.843042329185E-04));
#4363 = CARTESIAN_POINT('',(88.885171705904,119.62824651644,
    -1.752847374571E-03));
#4364 = CARTESIAN_POINT('',(90.046586037938,124.6945825655,
    1.367328501482E-03));
#4365 = CARTESIAN_POINT('',(89.675950100557,129.62712263533,
    -8.49345838403E-03));
#4366 = CARTESIAN_POINT('',(92.799484145137,132.39293192562,
    1.459752590394E-02));
#4367 = CARTESIAN_POINT('',(94.475698514285,134.91821928938,
    0.199323938989));
#4368 = CARTESIAN_POINT('',(96.071219861252,137.34202510306,
    0.693584160171));
#4369 = CARTESIAN_POINT('',(97.42231085218,139.6708361956,1.584760107178
    ));
#4370 = CARTESIAN_POINT('',(98.617983888813,141.78435151476,
    2.905056635021));
#4371 = CARTESIAN_POINT('',(99.681703991835,143.5884849268,
    4.625643131261));
#4372 = CARTESIAN_POINT('',(100.65399075697,145.01287974274,
    6.668797223116));
#4373 = CARTESIAN_POINT('',(101.57082296312,146.04196568734,
    8.932371259273));
#4374 = CARTESIAN_POINT('',(102.46926833434,146.72209886185,
    11.318713815633));
#4375 = CARTESIAN_POINT('',(103.3861632619,147.15381639327,
    13.757212687706));
#4376 = CARTESIAN_POINT('',(104.35640664608,147.49528351038,
    16.203327515307));
#4377 = CARTESIAN_POINT('',(105.42014504955,147.84018883039,
    18.653338589143));
#4378 = CARTESIAN_POINT('',(106.61305055793,148.18442372482,
    21.104212296723));
#4379 = CARTESIAN_POINT('',(107.9719208071,148.52900928966,
    23.55565294735));
#4380 = CARTESIAN_POINT('',(109.53368712343,148.87341722887,
    26.007626765986));
#4381 = CARTESIAN_POINT('',(111.33534880293,149.21868487542,
    28.460030878198));
#4382 = CARTESIAN_POINT('',(112.69997768188,149.44345719314,
    30.070580299312));
#4383 = CARTESIAN_POINT('',(113.43053432478,149.55744718227,
    30.873959334413));
#4384 = CARTESIAN_POINT('',(70.,0.,-1.163152258676E-15));
#4385 = CARTESIAN_POINT('',(70.274933317067,1.733333612002,
    -1.154290144809E-15));
#4386 = CARTESIAN_POINT('',(70.824799802477,5.199999870641,
    -1.318441620011E-15));
#4387 = CARTESIAN_POINT('',(71.649599650154,10.400000034673,
    -4.73414640751E-16));
#4388 = CARTESIAN_POINT('',(72.474399465786,15.599999990706,
    -3.447777320937E-15));
#4389 = CARTESIAN_POINT('',(73.299199290009,20.800000002491,
    7.764164444594E-15));
#4390 = CARTESIAN_POINT('',(74.123999111924,25.999999999334,
    -3.39497219133E-14));
#4391 = CARTESIAN_POINT('',(74.948798934477,31.200000000174,
    1.218533997768E-13));
#4392 = CARTESIAN_POINT('',(75.773598756784,36.399999999972,
    -4.594856826016E-13));
#4393 = CARTESIAN_POINT('',(76.598398579437,41.599999999938,
    1.710227043246E-12));
#4394 = CARTESIAN_POINT('',(77.423198400955,46.800000000274,
    -6.387125259742E-12));
#4395 = CARTESIAN_POINT('',(78.247998226666,51.999999998964,
    2.383273074439E-11));
#4396 = CARTESIAN_POINT('',(79.07279803674,57.200000003869,
    -8.894918145112E-11));
#4397 = CARTESIAN_POINT('',(79.897597905169,62.39999998556,
    3.319587708448E-10));
#4398 = CARTESIAN_POINT('',(80.722397555815,67.600000053889,
    -1.238890966625E-09));
#4399 = CARTESIAN_POINT('',(81.547198019239,72.799999798882,
    4.623600190477E-09));
#4400 = CARTESIAN_POINT('',(82.371995449332,78.000000750584,
    -1.725551454094E-08));
#4401 = CARTESIAN_POINT('',(83.196804199973,83.199997198784,
    6.439845338716E-08));
#4402 = CARTESIAN_POINT('',(84.021570701752,88.40001045428,
    -2.403383034343E-07));
#4403 = CARTESIAN_POINT('',(84.84649487843,93.599960984096,
    8.96954756083E-07));
#4404 = CARTESIAN_POINT('',(85.670830604376,98.800145609334,
    -3.347480725005E-06));
#4405 = CARTESIAN_POINT('',(86.497362458351,103.99945657856,
    1.249296813999E-05));
#4406 = CARTESIAN_POINT('',(87.315698250941,109.20202807639,
    -4.662439183874E-05));
#4407 = CARTESIAN_POINT('',(88.16462216104,114.39243111585,
    1.740045992114E-04));
#4408 = CARTESIAN_POINT('',(88.89938966249,119.62824746019,
    -6.493940050101E-04));
#4409 = CARTESIAN_POINT('',(90.060194681026,124.69457904336,
    2.423571420826E-03));
#4410 = CARTESIAN_POINT('',(89.688717340668,129.62713353898,
    -7.502772758628E-03));
#4411 = CARTESIAN_POINT('',(92.812330267779,132.39290926177,
    1.559492740213E-02));
#4412 = CARTESIAN_POINT('',(94.4883278245,134.91809502386,0.20029891799)
  );
#4413 = CARTESIAN_POINT('',(96.083571315601,137.34176272617,
    0.694510829124));
#4414 = CARTESIAN_POINT('',(97.434286750895,139.67042123132,
    1.585598398526));
#4415 = CARTESIAN_POINT('',(98.629516022805,141.7837976199,
    2.905767742994));
#4416 = CARTESIAN_POINT('',(99.692736440566,143.58782725545,
    4.626200538485));
#4417 = CARTESIAN_POINT('',(100.66448433523,145.01216423312,
    6.669195776075));
#4418 = CARTESIAN_POINT('',(101.58075400932,146.04123610093,
    8.932628610311));
#4419 = CARTESIAN_POINT('',(102.47862903643,146.72138729748,
    11.318866371663));
#4420 = CARTESIAN_POINT('',(103.39496155292,147.1531397963,
    13.75730563148));
#4421 = CARTESIAN_POINT('',(104.36466718904,147.49464874835,
    16.203417306818));
#4422 = CARTESIAN_POINT('',(105.42790633252,147.83959230198,
    18.653422266615));
#4423 = CARTESIAN_POINT('',(106.62036767342,148.18386137147,
    21.104291378217));
#4424 = CARTESIAN_POINT('',(107.97886470995,148.52847560592,
    23.555727921588));
#4425 = CARTESIAN_POINT('',(109.54034464564,148.87290557219,
    26.007698748129));
#4426 = CARTESIAN_POINT('',(111.34182262822,149.21818728104,
    28.460100538202));
#4427 = CARTESIAN_POINT('',(112.70640880448,149.44296302147,
    30.070650351195));
#4428 = CARTESIAN_POINT('',(113.43696542065,149.55695291582,
    30.874028799033));
#4429 = DEFINITIONAL_REPRESENTATION('',(#4430),#4434);
#4430 = LINE('',#4431,#4432);
#4431 = CARTESIAN_POINT('',(1.,0.));
#4432 = VECTOR('',#4433,1.);
#4433 = DIRECTION('',(0.,1.));
#4434 = ( GEOMETRIC_REPRESENTATION_CONTEXT(2) 
PARAMETRIC_REPRESENTATION_CONTEXT() REPRESENTATION_CONTEXT('2D SPACE',''
  ) );
#4435 = ORIENTED_EDGE('',*,*,#4436,.F.);
#4436 = EDGE_CURVE('',#4437,#2256,#4439,.T.);
#4437 = VERTEX_POINT('',#4438);
#4438 = CARTESIAN_POINT('',(113.43696542065,149.55695291582,
    30.874028799033));
#4439 = SURFACE_CURVE('',#4440,(#4488,#4495),.PCURVE_S1.);
#4440 = B_SPLINE_CURVE_WITH_KNOTS('',3,(#4441,#4442,#4443,#4444,#4445,
    #4446,#4447,#4448,#4449,#4450,#4451,#4452,#4453,#4454,#4455,#4456,
    #4457,#4458,#4459,#4460,#4461,#4462,#4463,#4464,#4465,#4466,#4467,
    #4468,#4469,#4470,#4471,#4472,#4473,#4474,#4475,#4476,#4477,#4478,
    #4479,#4480,#4481,#4482,#4483,#4484,#4485,#4486,#4487),
  .UNSPECIFIED.,.F.,.F.,(4,1,1,1,1,1,1,1,1,1,1,1,1,1,1,1,1,1,1,1,1,1,1,1
    ,1,1,1,1,1,1,1,1,1,1,1,1,1,1,1,1,1,1,1,1,4),(0.,1.254956588655E-03,
    5.013258042861E-03,1.125524629923E-02,1.994831234723E-02,
    3.104712176402E-02,4.449391904138E-02,6.021890099618E-02,
    7.814064890659E-02,9.816660946618E-02,0.120193616026,0.144108443623,
    0.169788393653,0.19710190642,0.225909201994,0.256062951565,
    0.287408982857,0.319787023978,0.353031490349,0.386972319074,
    0.421435854087,0.456245783643,0.491224129199,0.526192281396,
    0.560972075084,0.595436158676,0.629586848814,0.663028746494,
    0.695594486647,0.727122299999,0.757457075469,0.786451400201,
    0.81396659126,0.839873754231,0.864054935332,0.886404482466,
    0.906830812748,0.925258934134,0.941634364655,0.955929713143,
    0.968156548194,0.978388219222,0.986805462839,0.993782843249,1.),
  .UNSPECIFIED.);
#4441 = CARTESIAN_POINT('',(113.43696542065,149.55695291582,
    30.874028799033));
#4442 = CARTESIAN_POINT('',(113.43065736638,149.55561761943,
    30.874216462703));
#4443 = CARTESIAN_POINT('',(113.40545714761,149.55028813433,
    30.874965472987));
#4444 = CARTESIAN_POINT('',(113.34887113962,149.53836512155,
    30.876641143155));
#4445 = CARTESIAN_POINT('',(113.25486004253,149.51870184571,
    30.879404636355));
#4446 = CARTESIAN_POINT('',(113.12387166288,149.49160442628,
    30.883212930299));
#4447 = CARTESIAN_POINT('',(112.95653171555,149.45748887352,
    30.88800755856));
#4448 = CARTESIAN_POINT('',(112.75364243492,149.41686952448,
    30.893716235781));
#4449 = CARTESIAN_POINT('',(112.51618056523,149.37034549886,
    30.900254761174));
#4450 = CARTESIAN_POINT('',(112.24529460142,149.31858601379,
    30.90752908241));
#4451 = CARTESIAN_POINT('',(111.94230116118,149.26231542527,
    30.91543739789));
#4452 = CARTESIAN_POINT('',(111.60868039173,149.20229882252,
    30.923872181337));
#4453 = CARTESIAN_POINT('',(111.24607034909,149.13932888902,
    30.932722028351));
#4454 = CARTESIAN_POINT('',(110.85626032748,149.07421457419,
    30.941873248508));
#4455 = CARTESIAN_POINT('',(110.44118315799,149.00777190412,
    30.951211156821));
#4456 = CARTESIAN_POINT('',(110.00290653213,148.94081702137,
    30.960621051929));
#4457 = CARTESIAN_POINT('',(109.54362343411,148.87416129807,
    30.969988902919));
#4458 = CARTESIAN_POINT('',(109.06564178188,148.80860815326,
    30.979201796609));
#4459 = CARTESIAN_POINT('',(108.57137338112,148.74495097935,
    30.988148228965));
#4460 = CARTESIAN_POINT('',(108.06332228229,148.68397162285,
    30.996718318626));
#4461 = CARTESIAN_POINT('',(107.54407263194,148.62643815855,
    31.004804119723));
#4462 = CARTESIAN_POINT('',(107.0162760021,148.57310322847,
    31.012299855315));
#4463 = CARTESIAN_POINT('',(106.48263846868,148.52469469966,
    31.019103230361));
#4464 = CARTESIAN_POINT('',(105.94590648829,148.48192710184,
    31.025113824256));
#4465 = CARTESIAN_POINT('',(105.40885512093,148.44542477846,
    31.030243891253));
#4466 = CARTESIAN_POINT('',(104.8740123997,148.41594940288,
    31.03438638514));
#4467 = CARTESIAN_POINT('',(104.34302176564,148.39344297142,
    31.037549457803));
#4468 = CARTESIAN_POINT('',(103.81855769296,148.38098811655,
    31.039299873503));
#4469 = CARTESIAN_POINT('',(103.30370107651,148.37934771403,
    31.039530417042));
#4470 = CARTESIAN_POINT('',(102.80240601975,148.38852898142,
    31.03824007406));
#4471 = CARTESIAN_POINT('',(102.31741093131,148.40849018134,
    31.035434710361));
#4472 = CARTESIAN_POINT('',(101.85136685785,148.43898502738,
    31.031148939245));
#4473 = CARTESIAN_POINT('',(101.40681598212,148.47960868707,
    31.025439656203));
#4474 = CARTESIAN_POINT('',(100.98617100937,148.52979153942,
    31.018386916246));
#4475 = CARTESIAN_POINT('',(100.59169551061,148.58881367575,
    31.01009189594));
#4476 = CARTESIAN_POINT('',(100.22548562212,148.65582162883,
    31.000674542283));
#4477 = CARTESIAN_POINT('',(99.88945322641,148.72985241322,
    30.990270194051));
#4478 = CARTESIAN_POINT('',(99.585309838969,148.80986124618,
    30.979025685883));
#4479 = CARTESIAN_POINT('',(99.314550921668,148.89475961181,
    30.967093998713));
#4480 = CARTESIAN_POINT('',(99.078434124197,148.98344288718,
    30.954630377168));
#4481 = CARTESIAN_POINT('',(98.877956632042,149.07488057262,
    30.941779648533));
#4482 = CARTESIAN_POINT('',(98.713789221728,149.16807909319,
    30.92868145066));
#4483 = CARTESIAN_POINT('',(98.586272898428,149.26260522009,
    30.915396669884));
#4484 = CARTESIAN_POINT('',(98.495316705951,149.35798630089,
    30.901991733174));
#4485 = CARTESIAN_POINT('',(98.441828491031,149.45724098501,
    30.888042397019));
#4486 = CARTESIAN_POINT('',(98.433530147755,149.52420469731,
    30.878631260998));
#4487 = CARTESIAN_POINT('',(98.436965420659,149.55695291582,
    30.874028799033));
#4488 = PCURVE('',#76,#4489);
#4489 = DEFINITIONAL_REPRESENTATION('',(#4490),#4494);
#4490 = LINE('',#4491,#4492);
#4491 = CARTESIAN_POINT('',(0.,1.));
#4492 = VECTOR('',#4493,1.);
#4493 = DIRECTION('',(1.,0.));
#4494 = ( GEOMETRIC_REPRESENTATION_CONTEXT(2) 
PARAMETRIC_REPRESENTATION_CONTEXT() REPRESENTATION_CONTEXT('2D SPACE',''
  ) );
#4495 = PCURVE('',#4496,#4501);
#4496 = PLANE('',#4497);
#4497 = AXIS2_PLACEMENT_3D('',#4498,#4499,#4500);
#4498 = CARTESIAN_POINT('',(113.43696542065,149.55695291582,
    30.874028799033));
#4499 = DIRECTION('',(0.,0.13917310096,0.990268068742));
#4500 = DIRECTION('',(-1.,0.,0.));
#4501 = DEFINITIONAL_REPRESENTATION('',(#4502),#4550);
#4502 = B_SPLINE_CURVE_WITH_KNOTS('',3,(#4503,#4504,#4505,#4506,#4507,
    #4508,#4509,#4510,#4511,#4512,#4513,#4514,#4515,#4516,#4517,#4518,
    #4519,#4520,#4521,#4522,#4523,#4524,#4525,#4526,#4527,#4528,#4529,
    #4530,#4531,#4532,#4533,#4534,#4535,#4536,#4537,#4538,#4539,#4540,
    #4541,#4542,#4543,#4544,#4545,#4546,#4547,#4548,#4549),
  .UNSPECIFIED.,.F.,.F.,(4,1,1,1,1,1,1,1,1,1,1,1,1,1,1,1,1,1,1,1,1,1,1,1
    ,1,1,1,1,1,1,1,1,1,1,1,1,1,1,1,1,1,1,1,1,4),(0.,1.254956588655E-03,
    5.013258042861E-03,1.125524629923E-02,1.994831234723E-02,
    3.104712176402E-02,4.449391904138E-02,6.021890099618E-02,
    7.814064890659E-02,9.816660946618E-02,0.120193616026,0.144108443623,
    0.169788393653,0.19710190642,0.225909201994,0.256062951565,
    0.287408982857,0.319787023978,0.353031490349,0.386972319074,
    0.421435854087,0.456245783643,0.491224129199,0.526192281396,
    0.560972075084,0.595436158676,0.629586848814,0.663028746494,
    0.695594486647,0.727122299999,0.757457075469,0.786451400201,
    0.81396659126,0.839873754231,0.864054935332,0.886404482466,
    0.906830812748,0.925258934134,0.941634364655,0.955929713143,
    0.968156548194,0.978388219222,0.986805462839,0.993782843249,1.),
  .UNSPECIFIED.);
#4503 = CARTESIAN_POINT('',(0.,0.));
#4504 = CARTESIAN_POINT('',(6.308054279131E-03,1.348419118045E-03));
#4505 = CARTESIAN_POINT('',(3.150827304459E-02,6.730280116244E-03));
#4506 = CARTESIAN_POINT('',(8.809428103626E-02,1.877046717124E-02));
#4507 = CARTESIAN_POINT('',(0.182105378122,3.862698528314E-02));
#4508 = CARTESIAN_POINT('',(0.313093757774,6.599070656108E-02));
#4509 = CARTESIAN_POINT('',(0.480433705106,0.100441532387));
#4510 = CARTESIAN_POINT('',(0.683322985734,0.141460071034));
#4511 = CARTESIAN_POINT('',(0.920784855425,0.188441314882));
#4512 = CARTESIAN_POINT('',(1.191670819234,0.240709470053));
#4513 = CARTESIAN_POINT('',(1.494664259477,0.297533061859));
#4514 = CARTESIAN_POINT('',(1.82828502892,0.358139482129));
#4515 = CARTESIAN_POINT('',(2.190895071564,0.421728257208));
#4516 = CARTESIAN_POINT('',(2.580705093178,0.487482487689));
#4517 = CARTESIAN_POINT('',(2.995782262665,0.554578127924));
#4518 = CARTESIAN_POINT('',(3.434058888528,0.622191014633));
#4519 = CARTESIAN_POINT('',(3.893341986541,0.689501801889));
#4520 = CARTESIAN_POINT('',(4.371323638779,0.75569917499));
#4521 = CARTESIAN_POINT('',(4.865592039531,0.81998194439));
#4522 = CARTESIAN_POINT('',(5.373643138362,0.881560579935));
#4523 = CARTESIAN_POINT('',(5.892892788713,0.939659458529));
#4524 = CARTESIAN_POINT('',(6.420689418551,0.993518541499));
#4525 = CARTESIAN_POINT('',(6.954326951977,1.042402808641));
#4526 = CARTESIAN_POINT('',(7.491058932366,1.085590708126));
#4527 = CARTESIAN_POINT('',(8.028110299722,1.122451760737));
#4528 = CARTESIAN_POINT('',(8.562953020957,1.152216807711));
#4529 = CARTESIAN_POINT('',(9.093943655018,1.174944422755));
#4530 = CARTESIAN_POINT('',(9.618407727697,1.187521678613));
#4531 = CARTESIAN_POINT('',(10.133264344145,1.189178202308));
#4532 = CARTESIAN_POINT('',(10.634559400902,1.179906705354));
#4533 = CARTESIAN_POINT('',(11.119554489342,1.159749335286));
#4534 = CARTESIAN_POINT('',(11.585598562806,1.128954798942));
#4535 = CARTESIAN_POINT('',(12.030149438539,1.087931907286));
#4536 = CARTESIAN_POINT('',(12.450794411286,1.037255879317));
#4537 = CARTESIAN_POINT('',(12.845269910046,0.977653698658));
#4538 = CARTESIAN_POINT('',(13.21147979853,0.909987220062));
#4539 = CARTESIAN_POINT('',(13.547512194249,0.83522889277));
#4540 = CARTESIAN_POINT('',(13.85165558169,0.754433767202));
#4541 = CARTESIAN_POINT('',(14.122414498991,0.668701056726));
#4542 = CARTESIAN_POINT('',(14.358531296462,0.579146240037));
#4543 = CARTESIAN_POINT('',(14.559008788617,0.486809944115));
#4544 = CARTESIAN_POINT('',(14.723176198931,0.392695508326));
#4545 = CARTESIAN_POINT('',(14.850692522231,0.297240419058));
#4546 = CARTESIAN_POINT('',(14.941648714708,0.200921973774));
#4547 = CARTESIAN_POINT('',(14.995136929628,0.100691857043));
#4548 = CARTESIAN_POINT('',(15.003435272904,3.307005400958E-02));
#4549 = CARTESIAN_POINT('',(15.,0.));
#4550 = ( GEOMETRIC_REPRESENTATION_CONTEXT(2) 
PARAMETRIC_REPRESENTATION_CONTEXT() REPRESENTATION_CONTEXT('2D SPACE',''
  ) );
#4551 = ORIENTED_EDGE('',*,*,#4552,.F.);
#4552 = EDGE_CURVE('',#22,#4437,#4553,.T.);
#4553 = SURFACE_CURVE('',#4554,(#4600,#4607),.PCURVE_S1.);
#4554 = ( BOUNDED_CURVE() B_SPLINE_CURVE(3,(#4555,#4556,#4557,#4558,
    #4559,#4560,#4561,#4562,#4563,#4564,#4565,#4566,#4567,#4568,#4569,
    #4570,#4571,#4572,#4573,#4574,#4575,#4576,#4577,#4578,#4579,#4580,
    #4581,#4582,#4583,#4584,#4585,#4586,#4587,#4588,#4589,#4590,#4591,
    #4592,#4593,#4594,#4595,#4596,#4597,#4598,#4599),.UNSPECIFIED.,.F.,
.F.) B_SPLINE_CURVE_WITH_KNOTS((4,1,1,1,1,1,1,1,1,1,1,1,1,1,1,1,1,1,1,1,
    1,1,1,1,1,1,1,1,1,1,1,1,1,1,1,1,1,1,1,1,1,1,4),(0.,
    2.900131297246E-02,5.800262594491E-02,8.700393891737E-02,
    0.11600525189,0.145006564862,0.174007877835,0.203009190807,
    0.23201050378,0.261011816752,0.290013129725,0.319014442697,
    0.348015755669,0.377017068642,0.406018381614,0.435019694587,
    0.464021007559,0.493022320532,0.522023633504,0.551024946477,
    0.580026259449,0.609027572422,0.638028885394,0.667030198367,
    0.696031511339,0.725032824311,0.742335061381,0.759117460833,
    0.775491457371,0.791553830909,0.807387784336,0.823065100639,
    0.838648773393,0.85419567035,0.869758995487,0.885390500132,
    0.901135554835,0.916996390613,0.933015065352,0.949250630528,
0.96577175721,0.982657916868,1.),.UNSPECIFIED.) CURVE() 
GEOMETRIC_REPRESENTATION_ITEM() RATIONAL_B_SPLINE_CURVE((1.,
    0.999999999982,1.000000000008,0.999999999998,1.000000000001,1.,1.,1.
    ,1.,1.,1.,1.,1.,1.,1.,1.,1.,1.,1.,1.,1.,1.,1.,1.,1.,1.,1.,1.,1.,1.,
    1.,1.,1.,1.,1.,1.,1.,1.,1.,1.,1.000000000001,0.999999999998,
1.000000000008,0.999999999982,1.)) REPRESENTATION_ITEM('') );
#4555 = CARTESIAN_POINT('',(70.,0.,-1.163152258676E-15));
#4556 = CARTESIAN_POINT('',(70.274933317067,1.733333612002,
    -1.154290144809E-15));
#4557 = CARTESIAN_POINT('',(70.824799802477,5.199999870641,
    -1.318441620011E-15));
#4558 = CARTESIAN_POINT('',(71.649599650154,10.400000034673,
    -4.73414640751E-16));
#4559 = CARTESIAN_POINT('',(72.474399465786,15.599999990706,
    -3.447777320937E-15));
#4560 = CARTESIAN_POINT('',(73.299199290009,20.800000002491,
    7.764164444594E-15));
#4561 = CARTESIAN_POINT('',(74.123999111924,25.999999999334,
    -3.39497219133E-14));
#4562 = CARTESIAN_POINT('',(74.948798934477,31.200000000174,
    1.218533997768E-13));
#4563 = CARTESIAN_POINT('',(75.773598756784,36.399999999972,
    -4.594856826016E-13));
#4564 = CARTESIAN_POINT('',(76.598398579437,41.599999999938,
    1.710227043246E-12));
#4565 = CARTESIAN_POINT('',(77.423198400955,46.800000000274,
    -6.387125259742E-12));
#4566 = CARTESIAN_POINT('',(78.247998226666,51.999999998964,
    2.383273074439E-11));
#4567 = CARTESIAN_POINT('',(79.07279803674,57.200000003869,
    -8.894918145112E-11));
#4568 = CARTESIAN_POINT('',(79.897597905169,62.39999998556,
    3.319587708448E-10));
#4569 = CARTESIAN_POINT('',(80.722397555815,67.600000053889,
    -1.238890966625E-09));
#4570 = CARTESIAN_POINT('',(81.547198019239,72.799999798882,
    4.623600190477E-09));
#4571 = CARTESIAN_POINT('',(82.371995449332,78.000000750584,
    -1.725551454094E-08));
#4572 = CARTESIAN_POINT('',(83.196804199973,83.199997198784,
    6.439845338716E-08));
#4573 = CARTESIAN_POINT('',(84.021570701752,88.40001045428,
    -2.403383034343E-07));
#4574 = CARTESIAN_POINT('',(84.84649487843,93.599960984096,
    8.96954756083E-07));
#4575 = CARTESIAN_POINT('',(85.670830604376,98.800145609334,
    -3.347480725005E-06));
#4576 = CARTESIAN_POINT('',(86.497362458351,103.99945657856,
    1.249296813999E-05));
#4577 = CARTESIAN_POINT('',(87.315698250941,109.20202807639,
    -4.662439183874E-05));
#4578 = CARTESIAN_POINT('',(88.16462216104,114.39243111585,
    1.740045992114E-04));
#4579 = CARTESIAN_POINT('',(88.89938966249,119.62824746019,
    -6.493940050101E-04));
#4580 = CARTESIAN_POINT('',(90.060194681026,124.69457904336,
    2.423571420826E-03));
#4581 = CARTESIAN_POINT('',(89.688717340668,129.62713353898,
    -7.502772758628E-03));
#4582 = CARTESIAN_POINT('',(92.812330267779,132.39290926177,
    1.559492740213E-02));
#4583 = CARTESIAN_POINT('',(94.4883278245,134.91809502386,0.20029891799)
  );
#4584 = CARTESIAN_POINT('',(96.083571315601,137.34176272617,
    0.694510829124));
#4585 = CARTESIAN_POINT('',(97.434286750895,139.67042123132,
    1.585598398526));
#4586 = CARTESIAN_POINT('',(98.629516022805,141.7837976199,
    2.905767742994));
#4587 = CARTESIAN_POINT('',(99.692736440566,143.58782725545,
    4.626200538485));
#4588 = CARTESIAN_POINT('',(100.66448433523,145.01216423312,
    6.669195776075));
#4589 = CARTESIAN_POINT('',(101.58075400932,146.04123610093,
    8.932628610311));
#4590 = CARTESIAN_POINT('',(102.47862903643,146.72138729748,
    11.318866371663));
#4591 = CARTESIAN_POINT('',(103.39496155292,147.1531397963,
    13.75730563148));
#4592 = CARTESIAN_POINT('',(104.36466718904,147.49464874835,
    16.203417306818));
#4593 = CARTESIAN_POINT('',(105.42790633252,147.83959230198,
    18.653422266615));
#4594 = CARTESIAN_POINT('',(106.62036767342,148.18386137147,
    21.104291378217));
#4595 = CARTESIAN_POINT('',(107.97886470995,148.52847560592,
    23.555727921588));
#4596 = CARTESIAN_POINT('',(109.54034464564,148.87290557219,
    26.007698748129));
#4597 = CARTESIAN_POINT('',(111.34182262822,149.21818728104,
    28.460100538202));
#4598 = CARTESIAN_POINT('',(112.70640880448,149.44296302147,
    30.070650351195));
#4599 = CARTESIAN_POINT('',(113.43696542065,149.55695291582,
    30.874028799033));
#4600 = PCURVE('',#76,#4601);
#4601 = DEFINITIONAL_REPRESENTATION('',(#4602),#4606);
#4602 = LINE('',#4603,#4604);
#4603 = CARTESIAN_POINT('',(0.,0.));
#4604 = VECTOR('',#4605,1.);
#4605 = DIRECTION('',(0.,1.));
#4606 = ( GEOMETRIC_REPRESENTATION_CONTEXT(2) 
PARAMETRIC_REPRESENTATION_CONTEXT() REPRESENTATION_CONTEXT('2D SPACE',''
  ) );
#4607 = PCURVE('',#2313,#4608);
#4608 = DEFINITIONAL_REPRESENTATION('',(#4609),#4613);
#4609 = LINE('',#4610,#4611);
#4610 = CARTESIAN_POINT('',(2.,0.));
#4611 = VECTOR('',#4612,1.);
#4612 = DIRECTION('',(0.,1.));
#4613 = ( GEOMETRIC_REPRESENTATION_CONTEXT(2) 
PARAMETRIC_REPRESENTATION_CONTEXT() REPRESENTATION_CONTEXT('2D SPACE',''
  ) );
#4614 = ADVANCED_FACE('',(#4615),#2199,.F.);
#4615 = FACE_BOUND('',#4616,.F.);
#4616 = EDGE_LOOP('',(#4617,#4618,#4729,#4755,#4781,#4807));
#4617 = ORIENTED_EDGE('',*,*,#21,.F.);
#4618 = ORIENTED_EDGE('',*,*,#4619,.F.);
#4619 = EDGE_CURVE('',#4620,#22,#4622,.T.);
#4620 = VERTEX_POINT('',#4621);
#4621 = CARTESIAN_POINT('',(46.,0.,-1.681799052744));
#4622 = SURFACE_CURVE('',#4623,(#4671,#4722),.PCURVE_S1.);
#4623 = B_SPLINE_CURVE_WITH_KNOTS('',3,(#4624,#4625,#4626,#4627,#4628,
    #4629,#4630,#4631,#4632,#4633,#4634,#4635,#4636,#4637,#4638,#4639,
    #4640,#4641,#4642,#4643,#4644,#4645,#4646,#4647,#4648,#4649,#4650,
    #4651,#4652,#4653,#4654,#4655,#4656,#4657,#4658,#4659,#4660,#4661,
    #4662,#4663,#4664,#4665,#4666,#4667,#4668,#4669,#4670),
  .UNSPECIFIED.,.F.,.F.,(4,1,1,1,1,1,1,1,1,1,1,1,1,1,1,1,1,1,1,1,1,1,1,1
    ,1,1,1,1,1,1,1,1,1,1,1,1,1,1,1,1,1,1,1,1,4),(1.,1.006306272119,
    1.013374840337,1.021878472168,1.032180969574,1.044452099658,
    1.058755159554,1.075093119796,1.093431814394,1.113712075531,
    1.13585648416,1.159773361275,1.185359262256,1.212500620141,
    1.241074892928,1.270951425024,1.301992155141,1.334052256939,
    1.36698076855,1.400621245402,1.435038952021,1.469885112111,
    1.504935691107,1.540014560117,1.574944533616,1.609548394557,
    1.643649903707,1.677074783173,1.709651667609,1.74121301989,
    1.771596010901,1.800643365189,1.828204175673,1.854134691185,
    1.878299080448,1.900570175159,1.920830193118,1.93897144,
    1.954896985468,1.968521306216,1.979770885524,1.988584756409,
    1.994914973922,1.998727001814,2.),.UNSPECIFIED.);
#4624 = CARTESIAN_POINT('',(0.,0.,0.));
#4625 = CARTESIAN_POINT('',(1.493403238416E-02,0.,-0.154371627608));
#4626 = CARTESIAN_POINT('',(0.115098205847,0.,-0.455826733376));
#4627 = CARTESIAN_POINT('',(0.450112593306,0.,-0.865066108194));
#4628 = CARTESIAN_POINT('',(0.949779966747,0.,-1.223888152442));
#4629 = CARTESIAN_POINT('',(1.6118882884,0.,-1.548514682247));
#4630 = CARTESIAN_POINT('',(2.435440345684,0.,-1.839008249463));
#4631 = CARTESIAN_POINT('',(3.417843736274,0.,-2.096488886987));
#4632 = CARTESIAN_POINT('',(4.554779742372,0.,-2.320289671435));
#4633 = CARTESIAN_POINT('',(5.840757539497,0.,-2.510217141616));
#4634 = CARTESIAN_POINT('',(7.269381026195,0.,-2.66623764007));
#4635 = CARTESIAN_POINT('',(8.83353801119,0.,-2.788759599027));
#4636 = CARTESIAN_POINT('',(10.52550825699,0.,-2.87863322949));
#4637 = CARTESIAN_POINT('',(12.337039260854,0.,-2.937198027128));
#4638 = CARTESIAN_POINT('',(14.259398780794,0.,-2.966283665234));
#4639 = CARTESIAN_POINT('',(16.283413614804,0.,-2.968192882475));
#4640 = CARTESIAN_POINT('',(18.399498899046,0.,-2.945662472947));
#4641 = CARTESIAN_POINT('',(20.597680853768,0.,-2.901784447325));
#4642 = CARTESIAN_POINT('',(22.867618575184,0.,-2.839976327623));
#4643 = CARTESIAN_POINT('',(25.198617085881,0.,-2.763664276834));
#4644 = CARTESIAN_POINT('',(27.585027328757,0.,-2.676815790028));
#4645 = CARTESIAN_POINT('',(30.016481872554,0.,-2.580893189715));
#4646 = CARTESIAN_POINT('',(32.480538884146,0.,-2.466856131139));
#4647 = CARTESIAN_POINT('',(34.959644330532,0.,-2.340596188121));
#4648 = CARTESIAN_POINT('',(37.440200184542,0.,-2.204252711969));
#4649 = CARTESIAN_POINT('',(39.909764662348,0.,-2.060686227632));
#4650 = CARTESIAN_POINT('',(42.355888533109,0.,-1.912276743957));
#4651 = CARTESIAN_POINT('',(44.766190382341,0.,-1.761219937012));
#4652 = CARTESIAN_POINT('',(47.128417845756,0.,-1.609430575983));
#4653 = CARTESIAN_POINT('',(49.430513176287,0.,-1.458572865689));
#4654 = CARTESIAN_POINT('',(51.660677367957,0.,-1.310076424279));
#4655 = CARTESIAN_POINT('',(53.807433608796,0.,-1.165170815044));
#4656 = CARTESIAN_POINT('',(55.85968928762,0.,-1.024924823031));
#4657 = CARTESIAN_POINT('',(57.806796365166,0.,-0.890288513875));
#4658 = CARTESIAN_POINT('',(59.638609921489,0.,-0.762133160003));
#4659 = CARTESIAN_POINT('',(61.345544791447,0.,-0.64128544855));
#4660 = CARTESIAN_POINT('',(62.918630206809,0.,-0.528553000713));
#4661 = CARTESIAN_POINT('',(64.34956232256,0.,-0.424739315164));
#4662 = CARTESIAN_POINT('',(65.630754412489,0.,-0.330647380138));
#4663 = CARTESIAN_POINT('',(66.755384393873,0.,-0.247072355625));
#4664 = CARTESIAN_POINT('',(67.717439202841,0.,-0.174784786602));
#4665 = CARTESIAN_POINT('',(68.511755413734,0.,-0.114506683588));
#4666 = CARTESIAN_POINT('',(69.134055399076,0.,-6.688342535841E-02));
#4667 = CARTESIAN_POINT('',(69.580978278853,0.,-3.245474898384E-02));
#4668 = CARTESIAN_POINT('',(69.85010492132,0.,-1.162808309903E-02));
#4669 = CARTESIAN_POINT('',(69.969988219237,0.,-2.32924480964E-03));
#4670 = CARTESIAN_POINT('',(70.,0.,-1.163152258676E-15));
#4671 = PCURVE('',#2199,#4672);
#4672 = DEFINITIONAL_REPRESENTATION('',(#4673),#4721);
#4673 = B_SPLINE_CURVE_WITH_KNOTS('',3,(#4674,#4675,#4676,#4677,#4678,
    #4679,#4680,#4681,#4682,#4683,#4684,#4685,#4686,#4687,#4688,#4689,
    #4690,#4691,#4692,#4693,#4694,#4695,#4696,#4697,#4698,#4699,#4700,
    #4701,#4702,#4703,#4704,#4705,#4706,#4707,#4708,#4709,#4710,#4711,
    #4712,#4713,#4714,#4715,#4716,#4717,#4718,#4719,#4720),
  .UNSPECIFIED.,.F.,.F.,(4,1,1,1,1,1,1,1,1,1,1,1,1,1,1,1,1,1,1,1,1,1,1,1
    ,1,1,1,1,1,1,1,1,1,1,1,1,1,1,1,1,1,1,1,1,4),(1.,1.006306272119,
    1.013374840337,1.021878472168,1.032180969574,1.044452099658,
    1.058755159554,1.075093119796,1.093431814394,1.113712075531,
    1.13585648416,1.159773361275,1.185359262256,1.212500620141,
    1.241074892928,1.270951425024,1.301992155141,1.334052256939,
    1.36698076855,1.400621245402,1.435038952021,1.469885112111,
    1.504935691107,1.540014560117,1.574944533616,1.609548394557,
    1.643649903707,1.677074783173,1.709651667609,1.74121301989,
    1.771596010901,1.800643365189,1.828204175673,1.854134691185,
    1.878299080448,1.900570175159,1.920830193118,1.93897144,
    1.954896985468,1.968521306216,1.979770885524,1.988584756409,
    1.994914973922,1.998727001814,2.),.UNSPECIFIED.);
#4674 = CARTESIAN_POINT('',(70.,0.));
#4675 = CARTESIAN_POINT('',(69.985065967616,-0.154371627608));
#4676 = CARTESIAN_POINT('',(69.884901794153,-0.455826733376));
#4677 = CARTESIAN_POINT('',(69.549887406694,-0.865066108194));
#4678 = CARTESIAN_POINT('',(69.050220033253,-1.223888152442));
#4679 = CARTESIAN_POINT('',(68.3881117116,-1.548514682247));
#4680 = CARTESIAN_POINT('',(67.564559654316,-1.839008249463));
#4681 = CARTESIAN_POINT('',(66.582156263726,-2.096488886987));
#4682 = CARTESIAN_POINT('',(65.445220257628,-2.320289671435));
#4683 = CARTESIAN_POINT('',(64.159242460503,-2.510217141616));
#4684 = CARTESIAN_POINT('',(62.730618973805,-2.66623764007));
#4685 = CARTESIAN_POINT('',(61.16646198881,-2.788759599027));
#4686 = CARTESIAN_POINT('',(59.47449174301,-2.87863322949));
#4687 = CARTESIAN_POINT('',(57.662960739146,-2.937198027128));
#4688 = CARTESIAN_POINT('',(55.740601219206,-2.966283665234));
#4689 = CARTESIAN_POINT('',(53.716586385196,-2.968192882475));
#4690 = CARTESIAN_POINT('',(51.600501100954,-2.945662472947));
#4691 = CARTESIAN_POINT('',(49.402319146232,-2.901784447325));
#4692 = CARTESIAN_POINT('',(47.132381424816,-2.839976327623));
#4693 = CARTESIAN_POINT('',(44.801382914119,-2.763664276834));
#4694 = CARTESIAN_POINT('',(42.414972671243,-2.676815790028));
#4695 = CARTESIAN_POINT('',(39.983518127446,-2.580893189715));
#4696 = CARTESIAN_POINT('',(37.519461115854,-2.466856131139));
#4697 = CARTESIAN_POINT('',(35.040355669468,-2.340596188121));
#4698 = CARTESIAN_POINT('',(32.559799815458,-2.204252711969));
#4699 = CARTESIAN_POINT('',(30.090235337652,-2.060686227632));
#4700 = CARTESIAN_POINT('',(27.644111466891,-1.912276743957));
#4701 = CARTESIAN_POINT('',(25.233809617659,-1.761219937012));
#4702 = CARTESIAN_POINT('',(22.871582154244,-1.609430575983));
#4703 = CARTESIAN_POINT('',(20.569486823713,-1.458572865689));
#4704 = CARTESIAN_POINT('',(18.339322632043,-1.310076424279));
#4705 = CARTESIAN_POINT('',(16.192566391204,-1.165170815044));
#4706 = CARTESIAN_POINT('',(14.14031071238,-1.024924823031));
#4707 = CARTESIAN_POINT('',(12.193203634834,-0.890288513875));
#4708 = CARTESIAN_POINT('',(10.361390078511,-0.762133160003));
#4709 = CARTESIAN_POINT('',(8.654455208553,-0.64128544855));
#4710 = CARTESIAN_POINT('',(7.081369793191,-0.528553000713));
#4711 = CARTESIAN_POINT('',(5.65043767744,-0.424739315164));
#4712 = CARTESIAN_POINT('',(4.369245587511,-0.330647380138));
#4713 = CARTESIAN_POINT('',(3.244615606127,-0.247072355625));
#4714 = CARTESIAN_POINT('',(2.282560797159,-0.174784786602));
#4715 = CARTESIAN_POINT('',(1.488244586266,-0.114506683588));
#4716 = CARTESIAN_POINT('',(0.865944600924,-6.68834253584E-02));
#4717 = CARTESIAN_POINT('',(0.419021721147,-3.245474898383E-02));
#4718 = CARTESIAN_POINT('',(0.14989507868,-1.162808309903E-02));
#4719 = CARTESIAN_POINT('',(3.001178076347E-02,-2.329244809639E-03));
#4720 = CARTESIAN_POINT('',(0.,0.));
#4721 = ( GEOMETRIC_REPRESENTATION_CONTEXT(2) 
PARAMETRIC_REPRESENTATION_CONTEXT() REPRESENTATION_CONTEXT('2D SPACE',''
  ) );
#4722 = PCURVE('',#2313,#4723);
#4723 = DEFINITIONAL_REPRESENTATION('',(#4724),#4728);
#4724 = LINE('',#4725,#4726);
#4725 = CARTESIAN_POINT('',(0.,0.));
#4726 = VECTOR('',#4727,1.);
#4727 = DIRECTION('',(1.,0.));
#4728 = ( GEOMETRIC_REPRESENTATION_CONTEXT(2) 
PARAMETRIC_REPRESENTATION_CONTEXT() REPRESENTATION_CONTEXT('2D SPACE',''
  ) );
#4729 = ORIENTED_EDGE('',*,*,#4730,.F.);
#4730 = EDGE_CURVE('',#4731,#4620,#4733,.T.);
#4731 = VERTEX_POINT('',#4732);
#4732 = CARTESIAN_POINT('',(46.,0.,3.));
#4733 = SURFACE_CURVE('',#4734,(#4738,#4744),.PCURVE_S1.);
#4734 = LINE('',#4735,#4736);
#4735 = CARTESIAN_POINT('',(46.,0.,-1.5));
#4736 = VECTOR('',#4737,1.);
#4737 = DIRECTION('',(-0.,0.,-1.));
#4738 = PCURVE('',#2199,#4739);
#4739 = DEFINITIONAL_REPRESENTATION('',(#4740),#4743);
#4740 = B_SPLINE_CURVE_WITH_KNOTS('',1,(#4741,#4742),.UNSPECIFIED.,.F.,
  .F.,(2,2),(-4.5,1.468192882475),.PIECEWISE_BEZIER_KNOTS.);
#4741 = CARTESIAN_POINT('',(24.,3.));
#4742 = CARTESIAN_POINT('',(24.,-2.968192882475));
#4743 = ( GEOMETRIC_REPRESENTATION_CONTEXT(2) 
PARAMETRIC_REPRESENTATION_CONTEXT() REPRESENTATION_CONTEXT('2D SPACE',''
  ) );
#4744 = PCURVE('',#4745,#4750);
#4745 = PLANE('',#4746);
#4746 = AXIS2_PLACEMENT_3D('',#4747,#4748,#4749);
#4747 = CARTESIAN_POINT('',(46.,-16.,-3.));
#4748 = DIRECTION('',(1.,0.,-0.));
#4749 = DIRECTION('',(0.,0.,1.));
#4750 = DEFINITIONAL_REPRESENTATION('',(#4751),#4754);
#4751 = B_SPLINE_CURVE_WITH_KNOTS('',1,(#4752,#4753),.UNSPECIFIED.,.F.,
  .F.,(2,2),(-4.5,1.468192882475),.PIECEWISE_BEZIER_KNOTS.);
#4752 = CARTESIAN_POINT('',(6.,-16.));
#4753 = CARTESIAN_POINT('',(3.180711752549E-02,-16.));
#4754 = ( GEOMETRIC_REPRESENTATION_CONTEXT(2) 
PARAMETRIC_REPRESENTATION_CONTEXT() REPRESENTATION_CONTEXT('2D SPACE',''
  ) );
#4755 = ORIENTED_EDGE('',*,*,#4756,.F.);
#4756 = EDGE_CURVE('',#4757,#4731,#4759,.T.);
#4757 = VERTEX_POINT('',#4758);
#4758 = CARTESIAN_POINT('',(16.,0.,3.));
#4759 = SURFACE_CURVE('',#4760,(#4764,#4770),.PCURVE_S1.);
#4760 = LINE('',#4761,#4762);
#4761 = CARTESIAN_POINT('',(43.,0.,3.));
#4762 = VECTOR('',#4763,1.);
#4763 = DIRECTION('',(1.,0.,0.));
#4764 = PCURVE('',#2199,#4765);
#4765 = DEFINITIONAL_REPRESENTATION('',(#4766),#4769);
#4766 = B_SPLINE_CURVE_WITH_KNOTS('',1,(#4767,#4768),.UNSPECIFIED.,.F.,
  .F.,(2,2),(-27.,3.),.PIECEWISE_BEZIER_KNOTS.);
#4767 = CARTESIAN_POINT('',(54.,3.));
#4768 = CARTESIAN_POINT('',(24.,3.));
#4769 = ( GEOMETRIC_REPRESENTATION_CONTEXT(2) 
PARAMETRIC_REPRESENTATION_CONTEXT() REPRESENTATION_CONTEXT('2D SPACE',''
  ) );
#4770 = PCURVE('',#4771,#4776);
#4771 = PLANE('',#4772);
#4772 = AXIS2_PLACEMENT_3D('',#4773,#4774,#4775);
#4773 = CARTESIAN_POINT('',(16.,-16.,3.));
#4774 = DIRECTION('',(0.,0.,1.));
#4775 = DIRECTION('',(1.,0.,-0.));
#4776 = DEFINITIONAL_REPRESENTATION('',(#4777),#4780);
#4777 = B_SPLINE_CURVE_WITH_KNOTS('',1,(#4778,#4779),.UNSPECIFIED.,.F.,
  .F.,(2,2),(-27.,3.),.PIECEWISE_BEZIER_KNOTS.);
#4778 = CARTESIAN_POINT('',(0.,16.));
#4779 = CARTESIAN_POINT('',(30.,16.));
#4780 = ( GEOMETRIC_REPRESENTATION_CONTEXT(2) 
PARAMETRIC_REPRESENTATION_CONTEXT() REPRESENTATION_CONTEXT('2D SPACE',''
  ) );
#4781 = ORIENTED_EDGE('',*,*,#4782,.T.);
#4782 = EDGE_CURVE('',#4757,#4783,#4785,.T.);
#4783 = VERTEX_POINT('',#4784);
#4784 = CARTESIAN_POINT('',(16.,0.,-2.965347926186));
#4785 = SURFACE_CURVE('',#4786,(#4790,#4796),.PCURVE_S1.);
#4786 = LINE('',#4787,#4788);
#4787 = CARTESIAN_POINT('',(16.,0.,-1.5));
#4788 = VECTOR('',#4789,1.);
#4789 = DIRECTION('',(-0.,0.,-1.));
#4790 = PCURVE('',#2199,#4791);
#4791 = DEFINITIONAL_REPRESENTATION('',(#4792),#4795);
#4792 = B_SPLINE_CURVE_WITH_KNOTS('',1,(#4793,#4794),.UNSPECIFIED.,.F.,
  .F.,(2,2),(-4.5,1.468192882475),.PIECEWISE_BEZIER_KNOTS.);
#4793 = CARTESIAN_POINT('',(54.,3.));
#4794 = CARTESIAN_POINT('',(54.,-2.968192882475));
#4795 = ( GEOMETRIC_REPRESENTATION_CONTEXT(2) 
PARAMETRIC_REPRESENTATION_CONTEXT() REPRESENTATION_CONTEXT('2D SPACE',''
  ) );
#4796 = PCURVE('',#4797,#4802);
#4797 = PLANE('',#4798);
#4798 = AXIS2_PLACEMENT_3D('',#4799,#4800,#4801);
#4799 = CARTESIAN_POINT('',(16.,-16.,-3.));
#4800 = DIRECTION('',(1.,0.,-0.));
#4801 = DIRECTION('',(0.,0.,1.));
#4802 = DEFINITIONAL_REPRESENTATION('',(#4803),#4806);
#4803 = B_SPLINE_CURVE_WITH_KNOTS('',1,(#4804,#4805),.UNSPECIFIED.,.F.,
  .F.,(2,2),(-4.5,1.468192882475),.PIECEWISE_BEZIER_KNOTS.);
#4804 = CARTESIAN_POINT('',(6.,-16.));
#4805 = CARTESIAN_POINT('',(3.180711752549E-02,-16.));
#4806 = ( GEOMETRIC_REPRESENTATION_CONTEXT(2) 
PARAMETRIC_REPRESENTATION_CONTEXT() REPRESENTATION_CONTEXT('2D SPACE',''
  ) );
#4807 = ORIENTED_EDGE('',*,*,#4808,.F.);
#4808 = EDGE_CURVE('',#24,#4783,#4809,.T.);
#4809 = SURFACE_CURVE('',#4810,(#4858,#4909),.PCURVE_S1.);
#4810 = B_SPLINE_CURVE_WITH_KNOTS('',3,(#4811,#4812,#4813,#4814,#4815,
    #4816,#4817,#4818,#4819,#4820,#4821,#4822,#4823,#4824,#4825,#4826,
    #4827,#4828,#4829,#4830,#4831,#4832,#4833,#4834,#4835,#4836,#4837,
    #4838,#4839,#4840,#4841,#4842,#4843,#4844,#4845,#4846,#4847,#4848,
    #4849,#4850,#4851,#4852,#4853,#4854,#4855,#4856,#4857),
  .UNSPECIFIED.,.F.,.F.,(4,1,1,1,1,1,1,1,1,1,1,1,1,1,1,1,1,1,1,1,1,1,1,1
    ,1,1,1,1,1,1,1,1,1,1,1,1,1,1,1,1,1,1,1,1,4),(1.,1.006306272119,
    1.013374840337,1.021878472168,1.032180969574,1.044452099658,
    1.058755159554,1.075093119796,1.093431814394,1.113712075531,
    1.13585648416,1.159773361275,1.185359262256,1.212500620141,
    1.241074892928,1.270951425024,1.301992155141,1.334052256939,
    1.36698076855,1.400621245402,1.435038952021,1.469885112111,
    1.504935691107,1.540014560117,1.574944533616,1.609548394557,
    1.643649903707,1.677074783173,1.709651667609,1.74121301989,
    1.771596010901,1.800643365189,1.828204175673,1.854134691185,
    1.878299080448,1.900570175159,1.920830193118,1.93897144,
    1.954896985468,1.968521306216,1.979770885524,1.988584756409,
    1.994914973922,1.998727001814,2.),.UNSPECIFIED.);
#4811 = CARTESIAN_POINT('',(0.,0.,0.));
#4812 = CARTESIAN_POINT('',(1.493403238416E-02,0.,-0.154371627608));
#4813 = CARTESIAN_POINT('',(0.115098205847,0.,-0.455826733376));
#4814 = CARTESIAN_POINT('',(0.450112593306,0.,-0.865066108194));
#4815 = CARTESIAN_POINT('',(0.949779966747,0.,-1.223888152442));
#4816 = CARTESIAN_POINT('',(1.6118882884,0.,-1.548514682247));
#4817 = CARTESIAN_POINT('',(2.435440345684,0.,-1.839008249463));
#4818 = CARTESIAN_POINT('',(3.417843736274,0.,-2.096488886987));
#4819 = CARTESIAN_POINT('',(4.554779742372,0.,-2.320289671435));
#4820 = CARTESIAN_POINT('',(5.840757539497,0.,-2.510217141616));
#4821 = CARTESIAN_POINT('',(7.269381026195,0.,-2.66623764007));
#4822 = CARTESIAN_POINT('',(8.83353801119,0.,-2.788759599027));
#4823 = CARTESIAN_POINT('',(10.52550825699,0.,-2.87863322949));
#4824 = CARTESIAN_POINT('',(12.337039260854,0.,-2.937198027128));
#4825 = CARTESIAN_POINT('',(14.259398780794,0.,-2.966283665234));
#4826 = CARTESIAN_POINT('',(16.283413614804,0.,-2.968192882475));
#4827 = CARTESIAN_POINT('',(18.399498899046,0.,-2.945662472947));
#4828 = CARTESIAN_POINT('',(20.597680853768,0.,-2.901784447325));
#4829 = CARTESIAN_POINT('',(22.867618575184,0.,-2.839976327623));
#4830 = CARTESIAN_POINT('',(25.198617085881,0.,-2.763664276834));
#4831 = CARTESIAN_POINT('',(27.585027328757,0.,-2.676815790028));
#4832 = CARTESIAN_POINT('',(30.016481872554,0.,-2.580893189715));
#4833 = CARTESIAN_POINT('',(32.480538884146,0.,-2.466856131139));
#4834 = CARTESIAN_POINT('',(34.959644330532,0.,-2.340596188121));
#4835 = CARTESIAN_POINT('',(37.440200184542,0.,-2.204252711969));
#4836 = CARTESIAN_POINT('',(39.909764662348,0.,-2.060686227632));
#4837 = CARTESIAN_POINT('',(42.355888533109,0.,-1.912276743957));
#4838 = CARTESIAN_POINT('',(44.766190382341,0.,-1.761219937012));
#4839 = CARTESIAN_POINT('',(47.128417845756,0.,-1.609430575983));
#4840 = CARTESIAN_POINT('',(49.430513176287,0.,-1.458572865689));
#4841 = CARTESIAN_POINT('',(51.660677367957,0.,-1.310076424279));
#4842 = CARTESIAN_POINT('',(53.807433608796,0.,-1.165170815044));
#4843 = CARTESIAN_POINT('',(55.85968928762,0.,-1.024924823031));
#4844 = CARTESIAN_POINT('',(57.806796365166,0.,-0.890288513875));
#4845 = CARTESIAN_POINT('',(59.638609921489,0.,-0.762133160003));
#4846 = CARTESIAN_POINT('',(61.345544791447,0.,-0.64128544855));
#4847 = CARTESIAN_POINT('',(62.918630206809,0.,-0.528553000713));
#4848 = CARTESIAN_POINT('',(64.34956232256,0.,-0.424739315164));
#4849 = CARTESIAN_POINT('',(65.630754412489,0.,-0.330647380138));
#4850 = CARTESIAN_POINT('',(66.755384393873,0.,-0.247072355625));
#4851 = CARTESIAN_POINT('',(67.717439202841,0.,-0.174784786602));
#4852 = CARTESIAN_POINT('',(68.511755413734,0.,-0.114506683588));
#4853 = CARTESIAN_POINT('',(69.134055399076,0.,-6.688342535841E-02));
#4854 = CARTESIAN_POINT('',(69.580978278853,0.,-3.245474898384E-02));
#4855 = CARTESIAN_POINT('',(69.85010492132,0.,-1.162808309903E-02));
#4856 = CARTESIAN_POINT('',(69.969988219237,0.,-2.32924480964E-03));
#4857 = CARTESIAN_POINT('',(70.,0.,-1.163152258676E-15));
#4858 = PCURVE('',#2199,#4859);
#4859 = DEFINITIONAL_REPRESENTATION('',(#4860),#4908);
#4860 = B_SPLINE_CURVE_WITH_KNOTS('',3,(#4861,#4862,#4863,#4864,#4865,
    #4866,#4867,#4868,#4869,#4870,#4871,#4872,#4873,#4874,#4875,#4876,
    #4877,#4878,#4879,#4880,#4881,#4882,#4883,#4884,#4885,#4886,#4887,
    #4888,#4889,#4890,#4891,#4892,#4893,#4894,#4895,#4896,#4897,#4898,
    #4899,#4900,#4901,#4902,#4903,#4904,#4905,#4906,#4907),
  .UNSPECIFIED.,.F.,.F.,(4,1,1,1,1,1,1,1,1,1,1,1,1,1,1,1,1,1,1,1,1,1,1,1
    ,1,1,1,1,1,1,1,1,1,1,1,1,1,1,1,1,1,1,1,1,4),(1.,1.006306272119,
    1.013374840337,1.021878472168,1.032180969574,1.044452099658,
    1.058755159554,1.075093119796,1.093431814394,1.113712075531,
    1.13585648416,1.159773361275,1.185359262256,1.212500620141,
    1.241074892928,1.270951425024,1.301992155141,1.334052256939,
    1.36698076855,1.400621245402,1.435038952021,1.469885112111,
    1.504935691107,1.540014560117,1.574944533616,1.609548394557,
    1.643649903707,1.677074783173,1.709651667609,1.74121301989,
    1.771596010901,1.800643365189,1.828204175673,1.854134691185,
    1.878299080448,1.900570175159,1.920830193118,1.93897144,
    1.954896985468,1.968521306216,1.979770885524,1.988584756409,
    1.994914973922,1.998727001814,2.),.UNSPECIFIED.);
#4861 = CARTESIAN_POINT('',(70.,0.));
#4862 = CARTESIAN_POINT('',(69.985065967616,-0.154371627608));
#4863 = CARTESIAN_POINT('',(69.884901794153,-0.455826733376));
#4864 = CARTESIAN_POINT('',(69.549887406694,-0.865066108194));
#4865 = CARTESIAN_POINT('',(69.050220033253,-1.223888152442));
#4866 = CARTESIAN_POINT('',(68.3881117116,-1.548514682247));
#4867 = CARTESIAN_POINT('',(67.564559654316,-1.839008249463));
#4868 = CARTESIAN_POINT('',(66.582156263726,-2.096488886987));
#4869 = CARTESIAN_POINT('',(65.445220257628,-2.320289671435));
#4870 = CARTESIAN_POINT('',(64.159242460503,-2.510217141616));
#4871 = CARTESIAN_POINT('',(62.730618973805,-2.66623764007));
#4872 = CARTESIAN_POINT('',(61.16646198881,-2.788759599027));
#4873 = CARTESIAN_POINT('',(59.47449174301,-2.87863322949));
#4874 = CARTESIAN_POINT('',(57.662960739146,-2.937198027128));
#4875 = CARTESIAN_POINT('',(55.740601219206,-2.966283665234));
#4876 = CARTESIAN_POINT('',(53.716586385196,-2.968192882475));
#4877 = CARTESIAN_POINT('',(51.600501100954,-2.945662472947));
#4878 = CARTESIAN_POINT('',(49.402319146232,-2.901784447325));
#4879 = CARTESIAN_POINT('',(47.132381424816,-2.839976327623));
#4880 = CARTESIAN_POINT('',(44.801382914119,-2.763664276834));
#4881 = CARTESIAN_POINT('',(42.414972671243,-2.676815790028));
#4882 = CARTESIAN_POINT('',(39.983518127446,-2.580893189715));
#4883 = CARTESIAN_POINT('',(37.519461115854,-2.466856131139));
#4884 = CARTESIAN_POINT('',(35.040355669468,-2.340596188121));
#4885 = CARTESIAN_POINT('',(32.559799815458,-2.204252711969));
#4886 = CARTESIAN_POINT('',(30.090235337652,-2.060686227632));
#4887 = CARTESIAN_POINT('',(27.644111466891,-1.912276743957));
#4888 = CARTESIAN_POINT('',(25.233809617659,-1.761219937012));
#4889 = CARTESIAN_POINT('',(22.871582154244,-1.609430575983));
#4890 = CARTESIAN_POINT('',(20.569486823713,-1.458572865689));
#4891 = CARTESIAN_POINT('',(18.339322632043,-1.310076424279));
#4892 = CARTESIAN_POINT('',(16.192566391204,-1.165170815044));
#4893 = CARTESIAN_POINT('',(14.14031071238,-1.024924823031));
#4894 = CARTESIAN_POINT('',(12.193203634834,-0.890288513875));
#4895 = CARTESIAN_POINT('',(10.361390078511,-0.762133160003));
#4896 = CARTESIAN_POINT('',(8.654455208553,-0.64128544855));
#4897 = CARTESIAN_POINT('',(7.081369793191,-0.528553000713));
#4898 = CARTESIAN_POINT('',(5.65043767744,-0.424739315164));
#4899 = CARTESIAN_POINT('',(4.369245587511,-0.330647380138));
#4900 = CARTESIAN_POINT('',(3.244615606127,-0.247072355625));
#4901 = CARTESIAN_POINT('',(2.282560797159,-0.174784786602));
#4902 = CARTESIAN_POINT('',(1.488244586266,-0.114506683588));
#4903 = CARTESIAN_POINT('',(0.865944600924,-6.68834253584E-02));
#4904 = CARTESIAN_POINT('',(0.419021721147,-3.245474898383E-02));
#4905 = CARTESIAN_POINT('',(0.14989507868,-1.162808309903E-02));
#4906 = CARTESIAN_POINT('',(3.001178076347E-02,-2.329244809639E-03));
#4907 = CARTESIAN_POINT('',(0.,0.));
#4908 = ( GEOMETRIC_REPRESENTATION_CONTEXT(2) 
PARAMETRIC_REPRESENTATION_CONTEXT() REPRESENTATION_CONTEXT('2D SPACE',''
  ) );
#4909 = PCURVE('',#2313,#4910);
#4910 = DEFINITIONAL_REPRESENTATION('',(#4911),#4915);
#4911 = LINE('',#4912,#4913);
#4912 = CARTESIAN_POINT('',(0.,0.));
#4913 = VECTOR('',#4914,1.);
#4914 = DIRECTION('',(1.,0.));
#4915 = ( GEOMETRIC_REPRESENTATION_CONTEXT(2) 
PARAMETRIC_REPRESENTATION_CONTEXT() REPRESENTATION_CONTEXT('2D SPACE',''
  ) );
#4916 = ADVANCED_FACE('',(#4917),#2313,.F.);
#4917 = FACE_BOUND('',#4918,.F.);
#4918 = EDGE_LOOP('',(#4919,#4920,#4921,#4956,#5233,#5266,#5267,#5268));
#4919 = ORIENTED_EDGE('',*,*,#2255,.F.);
#4920 = ORIENTED_EDGE('',*,*,#4808,.T.);
#4921 = ORIENTED_EDGE('',*,*,#4922,.T.);
#4922 = EDGE_CURVE('',#4783,#4923,#4925,.T.);
#4923 = VERTEX_POINT('',#4924);
#4924 = CARTESIAN_POINT('',(16.,0.6,-2.958142270622));
#4925 = SURFACE_CURVE('',#4926,(#4934,#4945),.PCURVE_S1.);
#4926 = B_SPLINE_CURVE_WITH_KNOTS('',3,(#4927,#4928,#4929,#4930,#4931,
    #4932,#4933),.UNSPECIFIED.,.F.,.F.,(4,1,1,1,4),(0.,0.298466396252,
    0.59646400283,0.893993877869,1.),.UNSPECIFIED.);
#4927 = CARTESIAN_POINT('',(16.,0.,-2.965347926186));
#4928 = CARTESIAN_POINT('',(16.,5.96934804753E-02,-2.964647512918));
#4929 = CARTESIAN_POINT('',(16.,0.178986566416,-2.963238093457));
#4930 = CARTESIAN_POINT('',(16.,0.357785411487,-2.961096242106));
#4931 = CARTESIAN_POINT('',(16.,0.498091898975,-2.959392198149));
#4932 = CARTESIAN_POINT('',(16.,0.578798849091,-2.958402812085));
#4933 = CARTESIAN_POINT('',(16.,0.6,-2.958142270622));
#4934 = PCURVE('',#2313,#4935);
#4935 = DEFINITIONAL_REPRESENTATION('',(#4936),#4944);
#4936 = B_SPLINE_CURVE_WITH_KNOTS('',3,(#4937,#4938,#4939,#4940,#4941,
    #4942,#4943),.UNSPECIFIED.,.F.,.F.,(4,1,1,1,4),(0.,0.298466396252,
    0.59646400283,0.893993877869,1.),.UNSPECIFIED.);
#4937 = CARTESIAN_POINT('',(1.237514155827,0.));
#4938 = CARTESIAN_POINT('',(1.237180953506,3.329209675139E-04));
#4939 = CARTESIAN_POINT('',(1.236514549208,9.982393516027E-04));
#4940 = CARTESIAN_POINT('',(1.235514156813,1.995431769951E-03));
#4941 = CARTESIAN_POINT('',(1.234727896902,2.777945594127E-03));
#4942 = CARTESIAN_POINT('',(1.234275142725,3.228062377863E-03));
#4943 = CARTESIAN_POINT('',(1.23415617404,3.346304906826E-03));
#4944 = ( GEOMETRIC_REPRESENTATION_CONTEXT(2) 
PARAMETRIC_REPRESENTATION_CONTEXT() REPRESENTATION_CONTEXT('2D SPACE',''
  ) );
#4945 = PCURVE('',#4797,#4946);
#4946 = DEFINITIONAL_REPRESENTATION('',(#4947),#4955);
#4947 = B_SPLINE_CURVE_WITH_KNOTS('',3,(#4948,#4949,#4950,#4951,#4952,
    #4953,#4954),.UNSPECIFIED.,.F.,.F.,(4,1,1,1,4),(0.,0.298466396252,
    0.59646400283,0.893993877869,1.),.UNSPECIFIED.);
#4948 = CARTESIAN_POINT('',(3.465207381403E-02,-16.));
#4949 = CARTESIAN_POINT('',(3.535248708207E-02,-16.05969348047));
#4950 = CARTESIAN_POINT('',(3.676190654255E-02,-16.17898656641));
#4951 = CARTESIAN_POINT('',(3.890375789356E-02,-16.35778541148));
#4952 = CARTESIAN_POINT('',(4.060780185073E-02,-16.49809189897));
#4953 = CARTESIAN_POINT('',(4.159718791467E-02,-16.57879884909));
#4954 = CARTESIAN_POINT('',(4.185772937821E-02,-16.6));
#4955 = ( GEOMETRIC_REPRESENTATION_CONTEXT(2) 
PARAMETRIC_REPRESENTATION_CONTEXT() REPRESENTATION_CONTEXT('2D SPACE',''
  ) );
#4956 = ORIENTED_EDGE('',*,*,#4957,.F.);
#4957 = EDGE_CURVE('',#4958,#4923,#4960,.T.);
#4958 = VERTEX_POINT('',#4959);
#4959 = CARTESIAN_POINT('',(46.,0.6,-1.687536221443));
#4960 = SURFACE_CURVE('',#4961,(#5048,#5138),.PCURVE_S1.);
#4961 = B_SPLINE_CURVE_WITH_KNOTS('',8,(#4962,#4963,#4964,#4965,#4966,
    #4967,#4968,#4969,#4970,#4971,#4972,#4973,#4974,#4975,#4976,#4977,
    #4978,#4979,#4980,#4981,#4982,#4983,#4984,#4985,#4986,#4987,#4988,
    #4989,#4990,#4991,#4992,#4993,#4994,#4995,#4996,#4997,#4998,#4999,
    #5000,#5001,#5002,#5003,#5004,#5005,#5006,#5007,#5008,#5009,#5010,
    #5011,#5012,#5013,#5014,#5015,#5016,#5017,#5018,#5019,#5020,#5021,
    #5022,#5023,#5024,#5025,#5026,#5027,#5028,#5029,#5030,#5031,#5032,
    #5033,#5034,#5035,#5036,#5037,#5038,#5039,#5040,#5041,#5042,#5043,
    #5044,#5045,#5046,#5047),.UNSPECIFIED.,.F.,.F.,(9,7,7,7,7,7,7,7,7,7,
    7,7,9),(0.,0.107282136996,0.269844457625,0.349947652215,
    0.432406827536,0.526645956188,0.609105160065,0.675072484966,
    0.77637948641,0.82821101329,0.880042589916,0.938942167195,1.),
  .UNSPECIFIED.);
#4962 = CARTESIAN_POINT('',(46.,0.6,-1.687536221443));
#4963 = CARTESIAN_POINT('',(45.598100507008,0.6,-1.713316659444));
#4964 = CARTESIAN_POINT('',(45.196193774397,0.6,-1.738984217677));
#4965 = CARTESIAN_POINT('',(44.79427959347,0.6,-1.764535119677));
#4966 = CARTESIAN_POINT('',(44.39235765845,0.6,-1.789963925677));
#4967 = CARTESIAN_POINT('',(43.990427604232,0.6,-1.81526413225));
#4968 = CARTESIAN_POINT('',(43.588489044126,0.6,-1.84042877193));
#4969 = CARTESIAN_POINT('',(43.186541607611,0.6,-1.865451012843));
#4970 = CARTESIAN_POINT('',(42.175508720656,0.6,-1.928015411266));
#4971 = CARTESIAN_POINT('',(41.566411364494,0.6,-1.965364490996));
#4972 = CARTESIAN_POINT('',(40.957291905541,0.6,-2.002353340208));
#4973 = CARTESIAN_POINT('',(40.348147254972,0.6,-2.038926003171));
#4974 = CARTESIAN_POINT('',(39.738978361343,0.6,-2.075094624685));
#4975 = CARTESIAN_POINT('',(39.129781887179,0.6,-2.110794367809));
#4976 = CARTESIAN_POINT('',(38.520556778496,0.6,-2.146000709423));
#4977 = CARTESIAN_POINT('',(37.611088647705,0.6,-2.197764083977));
#4978 = CARTESIAN_POINT('',(37.310868496559,0.6,-2.214722535251));
#4979 = CARTESIAN_POINT('',(37.010640859162,0.6,-2.231548327472));
#4980 = CARTESIAN_POINT('',(36.710405458264,0.6,-2.248235306021));
#4981 = CARTESIAN_POINT('',(36.410162020008,0.6,-2.264777174011));
#4982 = CARTESIAN_POINT('',(36.109910320284,0.6,-2.281168280898));
#4983 = CARTESIAN_POINT('',(35.809650168406,0.6,-2.297403355367));
#4984 = CARTESIAN_POINT('',(35.200281034826,0.6,-2.330021740669));
#4985 = CARTESIAN_POINT('',(34.891171547268,0.6,-2.346395457822));
#4986 = CARTESIAN_POINT('',(34.582052608616,0.6,-2.36259052308));
#4987 = CARTESIAN_POINT('',(34.27292411915,0.6,-2.378602743991));
#4988 = CARTESIAN_POINT('',(33.963786004025,0.6,-2.394428162345));
#4989 = CARTESIAN_POINT('',(33.654638156001,0.6,-2.410062015738));
#4990 = CARTESIAN_POINT('',(33.345480453152,0.6,-2.425499044845));
#4991 = CARTESIAN_POINT('',(32.682978182977,0.6,-2.458147847085));
#4992 = CARTESIAN_POINT('',(32.329630446686,0.6,-2.475295702148));
#4993 = CARTESIAN_POINT('',(31.976270457215,0.6,-2.4921912011));
#4994 = CARTESIAN_POINT('',(31.622895283427,0.6,-2.508767805537));
#4995 = CARTESIAN_POINT('',(31.269505740068,0.6,-2.525036011229));
#4996 = CARTESIAN_POINT('',(30.916100042237,0.6,-2.540949179271));
#4997 = CARTESIAN_POINT('',(30.562677958414,0.6,-2.556491935465));
#4998 = CARTESIAN_POINT('',(29.899979641804,0.6,-2.584888818563));
#4999 = CARTESIAN_POINT('',(29.590707471389,0.6,-2.597836231186));
#5000 = CARTESIAN_POINT('',(29.281423790485,0.6,-2.610507060949));
#5001 = CARTESIAN_POINT('',(28.972130034409,0.6,-2.622929410752));
#5002 = CARTESIAN_POINT('',(28.662827556995,0.6,-2.635131474765));
#5003 = CARTESIAN_POINT('',(28.35351762669,0.6,-2.647141407211));
#5004 = CARTESIAN_POINT('',(28.044201422659,0.6,-2.658987191147));
#5005 = CARTESIAN_POINT('',(27.487423060761,0.6,-2.680063954691));
#5006 = CARTESIAN_POINT('',(27.239962716642,0.6,-2.689342264272));
#5007 = CARTESIAN_POINT('',(26.992498931859,0.6,-2.698528694838));
#5008 = CARTESIAN_POINT('',(26.745031644271,0.6,-2.707620505131));
#5009 = CARTESIAN_POINT('',(26.497560796264,0.6,-2.716614953781));
#5010 = CARTESIAN_POINT('',(26.250086334756,0.6,-2.725509299306));
#5011 = CARTESIAN_POINT('',(26.002608211189,0.6,-2.734300800113));
#5012 = CARTESIAN_POINT('',(25.375064856964,0.6,-2.756325802329));
#5013 = CARTESIAN_POINT('',(24.994994505571,0.6,-2.76941377864));
#5014 = CARTESIAN_POINT('',(24.614915871835,0.6,-2.78226117467));
#5015 = CARTESIAN_POINT('',(24.234826385682,0.6,-2.794786913839));
#5016 = CARTESIAN_POINT('',(23.854726977248,0.6,-2.807008272514));
#5017 = CARTESIAN_POINT('',(23.474615885167,0.6,-2.818861509664));
#5018 = CARTESIAN_POINT('',(23.094493206696,0.6,-2.830333551635));
#5019 = CARTESIAN_POINT('',(22.519870555951,0.6,-2.847042771325));
#5020 = CARTESIAN_POINT('',(22.325379618009,0.6,-2.85258889033));
#5021 = CARTESIAN_POINT('',(22.13088544901,0.6,-2.858021441692));
#5022 = CARTESIAN_POINT('',(21.936388006889,0.6,-2.863336169399));
#5023 = CARTESIAN_POINT('',(21.741887260791,0.6,-2.868528817151));
#5024 = CARTESIAN_POINT('',(21.547383191078,0.6,-2.873595128353));
#5025 = CARTESIAN_POINT('',(21.35287578932,0.6,-2.878530846123));
#5026 = CARTESIAN_POINT('',(20.963854140597,0.6,-2.888132585055));
#5027 = CARTESIAN_POINT('',(20.769339892029,0.6,-2.892798599452));
#5028 = CARTESIAN_POINT('',(20.574822326352,0.6,-2.897325883893));
#5029 = CARTESIAN_POINT('',(20.380301444902,0.6,-2.90170947999));
#5030 = CARTESIAN_POINT('',(20.185777248367,0.6,-2.905943775296));
#5031 = CARTESIAN_POINT('',(19.991249748551,0.6,-2.910022935042));
#5032 = CARTESIAN_POINT('',(19.796718980146,0.6,-2.913941333891));
#5033 = CARTESIAN_POINT('',(19.381123466504,0.6,-2.921958371199));
#5034 = CARTESIAN_POINT('',(19.160057803941,0.6,-2.92600888195));
#5035 = CARTESIAN_POINT('',(18.93898808343,0.6,-2.929835992003));
#5036 = CARTESIAN_POINT('',(18.717914437432,0.6,-2.933433406973));
#5037 = CARTESIAN_POINT('',(18.496837031968,0.6,-2.936793940719));
#5038 = CARTESIAN_POINT('',(18.275756047103,0.6,-2.939907893503));
#5039 = CARTESIAN_POINT('',(18.054671678201,0.6,-2.942763933592));
#5040 = CARTESIAN_POINT('',(17.604395334002,0.6,-2.948035883132));
#5041 = CARTESIAN_POINT('',(17.375203179749,0.6,-2.950431489063));
#5042 = CARTESIAN_POINT('',(17.146007933952,0.6,-2.952529767778));
#5043 = CARTESIAN_POINT('',(16.916809968652,0.6,-2.954316476187));
#5044 = CARTESIAN_POINT('',(16.687609671574,0.6,-2.955782247936));
#5045 = CARTESIAN_POINT('',(16.458407516031,0.6,-2.956918317911));
#5046 = CARTESIAN_POINT('',(16.229204107994,0.6,-2.957710342031));
#5047 = CARTESIAN_POINT('',(16.,0.6,-2.958142270622));
#5048 = PCURVE('',#2313,#5049);
#5049 = DEFINITIONAL_REPRESENTATION('',(#5050),#5137);
#5050 = B_SPLINE_CURVE_WITH_KNOTS('',8,(#5051,#5052,#5053,#5054,#5055,
    #5056,#5057,#5058,#5059,#5060,#5061,#5062,#5063,#5064,#5065,#5066,
    #5067,#5068,#5069,#5070,#5071,#5072,#5073,#5074,#5075,#5076,#5077,
    #5078,#5079,#5080,#5081,#5082,#5083,#5084,#5085,#5086,#5087,#5088,
    #5089,#5090,#5091,#5092,#5093,#5094,#5095,#5096,#5097,#5098,#5099,
    #5100,#5101,#5102,#5103,#5104,#5105,#5106,#5107,#5108,#5109,#5110,
    #5111,#5112,#5113,#5114,#5115,#5116,#5117,#5118,#5119,#5120,#5121,
    #5122,#5123,#5124,#5125,#5126,#5127,#5128,#5129,#5130,#5131,#5132,
    #5133,#5134,#5135,#5136),.UNSPECIFIED.,.F.,.F.,(9,7,7,7,7,7,7,7,7,7,
    7,7,9),(0.,0.107282136996,0.269844457625,0.349947652215,
    0.432406827536,0.526645956188,0.609105160065,0.675072484966,
    0.77637948641,0.82821101329,0.880042589916,0.938942167195,1.),
  .UNSPECIFIED.);
#5051 = CARTESIAN_POINT('',(1.658608395977,3.346304905504E-03));
#5052 = CARTESIAN_POINT('',(1.652916372084,3.346304905258E-03));
#5053 = CARTESIAN_POINT('',(1.647224347677,3.346304905044E-03));
#5054 = CARTESIAN_POINT('',(1.641532323705,3.346304905193E-03));
#5055 = CARTESIAN_POINT('',(1.635840300255,3.346304905751E-03));
#5056 = CARTESIAN_POINT('',(1.63014827696,3.346304906578E-03));
#5057 = CARTESIAN_POINT('',(1.624456253404,3.346304907457E-03));
#5058 = CARTESIAN_POINT('',(1.618764229524,3.346304908194E-03));
#5059 = CARTESIAN_POINT('',(1.604447204929,3.34630490952E-03));
#5060 = CARTESIAN_POINT('',(1.595822204584,3.346304909667E-03));
#5061 = CARTESIAN_POINT('',(1.587197207683,3.346304909286E-03));
#5062 = CARTESIAN_POINT('',(1.578572200784,3.346304908329E-03));
#5063 = CARTESIAN_POINT('',(1.569947204688,3.346304908225E-03));
#5064 = CARTESIAN_POINT('',(1.561322204651,3.346304908148E-03));
#5065 = CARTESIAN_POINT('',(1.552697204662,3.346304908119E-03));
#5066 = CARTESIAN_POINT('',(1.539822205523,3.346304908168E-03));
#5067 = CARTESIAN_POINT('',(1.5355722055,3.346304908194E-03));
#5068 = CARTESIAN_POINT('',(1.531322206225,3.346304908224E-03));
#5069 = CARTESIAN_POINT('',(1.527072207038,3.346304908264E-03));
#5070 = CARTESIAN_POINT('',(1.522822207367,3.346304908321E-03));
#5071 = CARTESIAN_POINT('',(1.518572207162,3.346304908397E-03));
#5072 = CARTESIAN_POINT('',(1.514322206735,3.346304908494E-03));
#5073 = CARTESIAN_POINT('',(1.505697205059,3.346304908743E-03));
#5074 = CARTESIAN_POINT('',(1.501322203965,3.346304908897E-03));
#5075 = CARTESIAN_POINT('',(1.496947203055,3.346304909091E-03));
#5076 = CARTESIAN_POINT('',(1.492572202269,3.346304909294E-03));
#5077 = CARTESIAN_POINT('',(1.488197201666,3.346304909471E-03));
#5078 = CARTESIAN_POINT('',(1.483822201644,3.346304909601E-03));
#5079 = CARTESIAN_POINT('',(1.479447202884,3.34630490967E-03));
#5080 = CARTESIAN_POINT('',(1.470072205839,3.346304909618E-03));
#5081 = CARTESIAN_POINT('',(1.465072207258,3.346304909482E-03));
#5082 = CARTESIAN_POINT('',(1.460072216547,3.346304909112E-03));
#5083 = CARTESIAN_POINT('',(1.455072219231,3.346304908748E-03));
#5084 = CARTESIAN_POINT('',(1.450072222391,3.346304908275E-03));
#5085 = CARTESIAN_POINT('',(1.445072219646,3.346304907838E-03));
#5086 = CARTESIAN_POINT('',(1.440072213827,3.346304907443E-03));
#5087 = CARTESIAN_POINT('',(1.430697200985,3.346304906887E-03));
#5088 = CARTESIAN_POINT('',(1.426322195245,3.346304906703E-03));
#5089 = CARTESIAN_POINT('',(1.421947191392,3.346304906581E-03));
#5090 = CARTESIAN_POINT('',(1.417572190777,3.346304906505E-03));
#5091 = CARTESIAN_POINT('',(1.413197193543,3.346304906462E-03));
#5092 = CARTESIAN_POINT('',(1.408822198654,3.346304906438E-03));
#5093 = CARTESIAN_POINT('',(1.404447203919,3.346304906419E-03));
#5094 = CARTESIAN_POINT('',(1.396572209736,3.346304906368E-03));
#5095 = CARTESIAN_POINT('',(1.393072211803,3.346304906341E-03));
#5096 = CARTESIAN_POINT('',(1.389572212437,3.346304906313E-03));
#5097 = CARTESIAN_POINT('',(1.386072211915,3.346304906287E-03));
#5098 = CARTESIAN_POINT('',(1.382572210577,3.346304906268E-03));
#5099 = CARTESIAN_POINT('',(1.379072208827,3.346304906259E-03));
#5100 = CARTESIAN_POINT('',(1.375572207132,3.346304906264E-03));
#5101 = CARTESIAN_POINT('',(1.366697202298,3.346304906321E-03));
#5102 = CARTESIAN_POINT('',(1.361322199084,3.346304906394E-03));
#5103 = CARTESIAN_POINT('',(1.355947204451,3.346304906545E-03));
#5104 = CARTESIAN_POINT('',(1.350572199477,3.346304906697E-03));
#5105 = CARTESIAN_POINT('',(1.345197204827,3.346304906872E-03));
#5106 = CARTESIAN_POINT('',(1.339822198166,3.346304907052E-03));
#5107 = CARTESIAN_POINT('',(1.334447202217,3.346304907193E-03));
#5108 = CARTESIAN_POINT('',(1.326322205969,3.34630490737E-03));
#5109 = CARTESIAN_POINT('',(1.323572206239,3.346304907424E-03));
#5110 = CARTESIAN_POINT('',(1.320822206481,3.346304907472E-03));
#5111 = CARTESIAN_POINT('',(1.318072206502,3.346304907514E-03));
#5112 = CARTESIAN_POINT('',(1.315322206265,3.346304907551E-03));
#5113 = CARTESIAN_POINT('',(1.312572205893,3.346304907582E-03));
#5114 = CARTESIAN_POINT('',(1.309822205666,3.346304907609E-03));
#5115 = CARTESIAN_POINT('',(1.304322203744,3.346304907655E-03));
#5116 = CARTESIAN_POINT('',(1.30157220202,3.346304907674E-03));
#5117 = CARTESIAN_POINT('',(1.298822201798,3.346304907689E-03));
#5118 = CARTESIAN_POINT('',(1.296072202857,3.3463049077E-03));
#5119 = CARTESIAN_POINT('',(1.293322204369,3.346304907706E-03));
#5120 = CARTESIAN_POINT('',(1.29057220546,3.346304907706E-03));
#5121 = CARTESIAN_POINT('',(1.287822205773,3.346304907699E-03));
#5122 = CARTESIAN_POINT('',(1.281947203213,3.346304907666E-03));
#5123 = CARTESIAN_POINT('',(1.278822200919,3.346304907637E-03));
#5124 = CARTESIAN_POINT('',(1.275697196585,3.3463049076E-03));
#5125 = CARTESIAN_POINT('',(1.272572193728,3.346304907547E-03));
#5126 = CARTESIAN_POINT('',(1.269447194954,3.346304907476E-03));
#5127 = CARTESIAN_POINT('',(1.266322199155,3.346304907389E-03));
#5128 = CARTESIAN_POINT('',(1.263197202902,3.346304907299E-03));
#5129 = CARTESIAN_POINT('',(1.256832699976,3.346304907115E-03));
#5130 = CARTESIAN_POINT('',(1.253593193479,3.346304907021E-03));
#5131 = CARTESIAN_POINT('',(1.250353688031,3.346304906937E-03));
#5132 = CARTESIAN_POINT('',(1.24711417911,3.346304906862E-03));
#5133 = CARTESIAN_POINT('',(1.243874670502,3.346304906807E-03));
#5134 = CARTESIAN_POINT('',(1.240635168439,3.346304906784E-03));
#5135 = CARTESIAN_POINT('',(1.237395671735,3.346304906793E-03));
#5136 = CARTESIAN_POINT('',(1.234156174074,3.346304906826E-03));
#5137 = ( GEOMETRIC_REPRESENTATION_CONTEXT(2) 
PARAMETRIC_REPRESENTATION_CONTEXT() REPRESENTATION_CONTEXT('2D SPACE',''
  ) );
#5138 = PCURVE('',#5139,#5144);
#5139 = PLANE('',#5140);
#5140 = AXIS2_PLACEMENT_3D('',#5141,#5142,#5143);
#5141 = CARTESIAN_POINT('',(16.,0.6,-3.));
#5142 = DIRECTION('',(-0.,1.,0.));
#5143 = DIRECTION('',(0.,0.,1.));
#5144 = DEFINITIONAL_REPRESENTATION('',(#5145),#5232);
#5145 = B_SPLINE_CURVE_WITH_KNOTS('',8,(#5146,#5147,#5148,#5149,#5150,
    #5151,#5152,#5153,#5154,#5155,#5156,#5157,#5158,#5159,#5160,#5161,
    #5162,#5163,#5164,#5165,#5166,#5167,#5168,#5169,#5170,#5171,#5172,
    #5173,#5174,#5175,#5176,#5177,#5178,#5179,#5180,#5181,#5182,#5183,
    #5184,#5185,#5186,#5187,#5188,#5189,#5190,#5191,#5192,#5193,#5194,
    #5195,#5196,#5197,#5198,#5199,#5200,#5201,#5202,#5203,#5204,#5205,
    #5206,#5207,#5208,#5209,#5210,#5211,#5212,#5213,#5214,#5215,#5216,
    #5217,#5218,#5219,#5220,#5221,#5222,#5223,#5224,#5225,#5226,#5227,
    #5228,#5229,#5230,#5231),.UNSPECIFIED.,.F.,.F.,(9,7,7,7,7,7,7,7,7,7,
    7,7,9),(0.,0.107282136996,0.269844457625,0.349947652215,
    0.432406827536,0.526645956188,0.609105160065,0.675072484966,
    0.77637948641,0.82821101329,0.880042589916,0.938942167195,1.),
  .UNSPECIFIED.);
#5146 = CARTESIAN_POINT('',(1.312463778557,30.));
#5147 = CARTESIAN_POINT('',(1.286683340556,29.598100507008));
#5148 = CARTESIAN_POINT('',(1.261015782323,29.196193774397));
#5149 = CARTESIAN_POINT('',(1.235464880323,28.79427959347));
#5150 = CARTESIAN_POINT('',(1.210036074323,28.39235765845));
#5151 = CARTESIAN_POINT('',(1.18473586775,27.990427604232));
#5152 = CARTESIAN_POINT('',(1.15957122807,27.588489044126));
#5153 = CARTESIAN_POINT('',(1.134548987157,27.186541607611));
#5154 = CARTESIAN_POINT('',(1.071984588734,26.175508720656));
#5155 = CARTESIAN_POINT('',(1.034635509004,25.566411364494));
#5156 = CARTESIAN_POINT('',(0.997646659792,24.957291905541));
#5157 = CARTESIAN_POINT('',(0.961073996829,24.348147254972));
#5158 = CARTESIAN_POINT('',(0.924905375315,23.738978361343));
#5159 = CARTESIAN_POINT('',(0.889205632191,23.129781887179));
#5160 = CARTESIAN_POINT('',(0.853999290577,22.520556778496));
#5161 = CARTESIAN_POINT('',(0.802235916023,21.611088647705));
#5162 = CARTESIAN_POINT('',(0.785277464749,21.310868496559));
#5163 = CARTESIAN_POINT('',(0.768451672528,21.010640859162));
#5164 = CARTESIAN_POINT('',(0.751764693979,20.710405458264));
#5165 = CARTESIAN_POINT('',(0.735222825989,20.410162020008));
#5166 = CARTESIAN_POINT('',(0.718831719102,20.109910320284));
#5167 = CARTESIAN_POINT('',(0.702596644633,19.809650168406));
#5168 = CARTESIAN_POINT('',(0.669978259331,19.200281034826));
#5169 = CARTESIAN_POINT('',(0.653604542178,18.891171547268));
#5170 = CARTESIAN_POINT('',(0.63740947692,18.582052608616));
#5171 = CARTESIAN_POINT('',(0.621397256009,18.27292411915));
#5172 = CARTESIAN_POINT('',(0.605571837655,17.963786004025));
#5173 = CARTESIAN_POINT('',(0.589937984262,17.654638156001));
#5174 = CARTESIAN_POINT('',(0.574500955155,17.345480453152));
#5175 = CARTESIAN_POINT('',(0.541852152915,16.682978182977));
#5176 = CARTESIAN_POINT('',(0.524704297852,16.329630446686));
#5177 = CARTESIAN_POINT('',(0.5078087989,15.976270457215));
#5178 = CARTESIAN_POINT('',(0.491232194463,15.622895283427));
#5179 = CARTESIAN_POINT('',(0.474963988771,15.269505740068));
#5180 = CARTESIAN_POINT('',(0.459050820729,14.916100042237));
#5181 = CARTESIAN_POINT('',(0.443508064535,14.562677958414));
#5182 = CARTESIAN_POINT('',(0.415111181437,13.899979641804));
#5183 = CARTESIAN_POINT('',(0.402163768814,13.590707471389));
#5184 = CARTESIAN_POINT('',(0.389492939051,13.281423790485));
#5185 = CARTESIAN_POINT('',(0.377070589248,12.972130034409));
#5186 = CARTESIAN_POINT('',(0.364868525235,12.662827556995));
#5187 = CARTESIAN_POINT('',(0.352858592789,12.35351762669));
#5188 = CARTESIAN_POINT('',(0.341012808853,12.044201422659));
#5189 = CARTESIAN_POINT('',(0.319936045309,11.487423060761));
#5190 = CARTESIAN_POINT('',(0.310657735728,11.239962716642));
#5191 = CARTESIAN_POINT('',(0.301471305162,10.992498931859));
#5192 = CARTESIAN_POINT('',(0.292379494869,10.745031644271));
#5193 = CARTESIAN_POINT('',(0.283385046219,10.497560796264));
#5194 = CARTESIAN_POINT('',(0.274490700694,10.250086334756));
#5195 = CARTESIAN_POINT('',(0.265699199887,10.002608211189));
#5196 = CARTESIAN_POINT('',(0.243674197671,9.375064856964));
#5197 = CARTESIAN_POINT('',(0.23058622136,8.994994505571));
#5198 = CARTESIAN_POINT('',(0.21773882533,8.614915871835));
#5199 = CARTESIAN_POINT('',(0.205213086161,8.234826385682));
#5200 = CARTESIAN_POINT('',(0.192991727486,7.854726977248));
#5201 = CARTESIAN_POINT('',(0.181138490336,7.474615885167));
#5202 = CARTESIAN_POINT('',(0.169666448365,7.094493206696));
#5203 = CARTESIAN_POINT('',(0.152957228675,6.519870555951));
#5204 = CARTESIAN_POINT('',(0.14741110967,6.325379618009));
#5205 = CARTESIAN_POINT('',(0.141978558308,6.13088544901));
#5206 = CARTESIAN_POINT('',(0.136663830601,5.936388006889));
#5207 = CARTESIAN_POINT('',(0.131471182849,5.741887260791));
#5208 = CARTESIAN_POINT('',(0.126404871647,5.547383191078));
#5209 = CARTESIAN_POINT('',(0.121469153877,5.35287578932));
#5210 = CARTESIAN_POINT('',(0.111867414945,4.963854140597));
#5211 = CARTESIAN_POINT('',(0.107201400548,4.769339892029));
#5212 = CARTESIAN_POINT('',(0.102674116107,4.574822326352));
#5213 = CARTESIAN_POINT('',(9.829052000971E-02,4.380301444902));
#5214 = CARTESIAN_POINT('',(9.405622470446E-02,4.185777248367));
#5215 = CARTESIAN_POINT('',(8.997706495774E-02,3.991249748551));
#5216 = CARTESIAN_POINT('',(8.605866610896E-02,3.796718980146));
#5217 = CARTESIAN_POINT('',(7.804162880143E-02,3.381123466504));
#5218 = CARTESIAN_POINT('',(7.399111805039E-02,3.160057803941));
#5219 = CARTESIAN_POINT('',(7.01640079966E-02,2.93898808343));
#5220 = CARTESIAN_POINT('',(6.656659302687E-02,2.717914437432));
#5221 = CARTESIAN_POINT('',(6.32060592813E-02,2.496837031968));
#5222 = CARTESIAN_POINT('',(6.009210649738E-02,2.275756047103));
#5223 = CARTESIAN_POINT('',(5.723606640842E-02,2.054671678201));
#5224 = CARTESIAN_POINT('',(5.196411686807E-02,1.604395334002));
#5225 = CARTESIAN_POINT('',(4.956851093655E-02,1.375203179749));
#5226 = CARTESIAN_POINT('',(4.747023222165E-02,1.146007933952));
#5227 = CARTESIAN_POINT('',(4.568352381312E-02,0.916809968652));
#5228 = CARTESIAN_POINT('',(4.421775206412E-02,0.687609671574));
#5229 = CARTESIAN_POINT('',(4.308168208862E-02,0.458407516031));
#5230 = CARTESIAN_POINT('',(4.228965796879E-02,0.229204107994));
#5231 = CARTESIAN_POINT('',(4.185772937821E-02,0.));
#5232 = ( GEOMETRIC_REPRESENTATION_CONTEXT(2) 
PARAMETRIC_REPRESENTATION_CONTEXT() REPRESENTATION_CONTEXT('2D SPACE',''
  ) );
#5233 = ORIENTED_EDGE('',*,*,#5234,.F.);
#5234 = EDGE_CURVE('',#4620,#4958,#5235,.T.);
#5235 = SURFACE_CURVE('',#5236,(#5244,#5255),.PCURVE_S1.);
#5236 = B_SPLINE_CURVE_WITH_KNOTS('',3,(#5237,#5238,#5239,#5240,#5241,
    #5242,#5243),.UNSPECIFIED.,.F.,.F.,(4,1,1,1,4),(0.,0.298764283537,
    0.597528330779,0.896292141233,1.),.UNSPECIFIED.);
#5237 = CARTESIAN_POINT('',(46.,0.,-1.681799052744));
#5238 = CARTESIAN_POINT('',(46.,5.975285165049E-02,-1.682371165131));
#5239 = CARTESIAN_POINT('',(46.,0.179258510693,-1.683514939286));
#5240 = CARTESIAN_POINT('',(46.,0.358516937329,-1.685229240832));
#5241 = CARTESIAN_POINT('',(46.,0.498764086492,-1.68656939594));
#5242 = CARTESIAN_POINT('',(46.,0.579258426479,-1.687338156824));
#5243 = CARTESIAN_POINT('',(46.,0.6,-1.687536221443));
#5244 = PCURVE('',#2313,#5245);
#5245 = DEFINITIONAL_REPRESENTATION('',(#5246),#5254);
#5246 = B_SPLINE_CURVE_WITH_KNOTS('',3,(#5247,#5248,#5249,#5250,#5251,
    #5252,#5253),.UNSPECIFIED.,.F.,.F.,(4,1,1,1,4),(0.,0.298764283537,
    0.597528330779,0.896292141233,1.),.UNSPECIFIED.);
#5247 = CARTESIAN_POINT('',(1.660852724295,0.));
#5248 = CARTESIAN_POINT('',(1.660629804686,3.332520907812E-04));
#5249 = CARTESIAN_POINT('',(1.660183614743,9.997560319207E-04));
#5250 = CARTESIAN_POINT('',(1.659513274899,1.999511616647E-03));
#5251 = CARTESIAN_POINT('',(1.658987990891,2.781694500392E-03));
#5252 = CARTESIAN_POINT('',(1.6586861854,3.230625520105E-03));
#5253 = CARTESIAN_POINT('',(1.658608395633,3.346304905503E-03));
#5254 = ( GEOMETRIC_REPRESENTATION_CONTEXT(2) 
PARAMETRIC_REPRESENTATION_CONTEXT() REPRESENTATION_CONTEXT('2D SPACE',''
  ) );
#5255 = PCURVE('',#4745,#5256);
#5256 = DEFINITIONAL_REPRESENTATION('',(#5257),#5265);
#5257 = B_SPLINE_CURVE_WITH_KNOTS('',3,(#5258,#5259,#5260,#5261,#5262,
    #5263,#5264),.UNSPECIFIED.,.F.,.F.,(4,1,1,1,4),(0.,0.298764283537,
    0.597528330779,0.896292141233,1.),.UNSPECIFIED.);
#5258 = CARTESIAN_POINT('',(1.318200947256,-16.));
#5259 = CARTESIAN_POINT('',(1.317628834869,-16.05975285165));
#5260 = CARTESIAN_POINT('',(1.316485060714,-16.17925851069));
#5261 = CARTESIAN_POINT('',(1.314770759168,-16.35851693732));
#5262 = CARTESIAN_POINT('',(1.31343060406,-16.49876408649));
#5263 = CARTESIAN_POINT('',(1.312661843176,-16.57925842647));
#5264 = CARTESIAN_POINT('',(1.312463778557,-16.6));
#5265 = ( GEOMETRIC_REPRESENTATION_CONTEXT(2) 
PARAMETRIC_REPRESENTATION_CONTEXT() REPRESENTATION_CONTEXT('2D SPACE',''
  ) );
#5266 = ORIENTED_EDGE('',*,*,#4619,.T.);
#5267 = ORIENTED_EDGE('',*,*,#4552,.T.);
#5268 = ORIENTED_EDGE('',*,*,#5269,.F.);
#5269 = EDGE_CURVE('',#2256,#4437,#5270,.T.);
#5270 = SURFACE_CURVE('',#5271,(#5319,#5326),.PCURVE_S1.);
#5271 = B_SPLINE_CURVE_WITH_KNOTS('',3,(#5272,#5273,#5274,#5275,#5276,
    #5277,#5278,#5279,#5280,#5281,#5282,#5283,#5284,#5285,#5286,#5287,
    #5288,#5289,#5290,#5291,#5292,#5293,#5294,#5295,#5296,#5297,#5298,
    #5299,#5300,#5301,#5302,#5303,#5304,#5305,#5306,#5307,#5308,#5309,
    #5310,#5311,#5312,#5313,#5314,#5315,#5316,#5317,#5318),
  .UNSPECIFIED.,.F.,.F.,(4,1,1,1,1,1,1,1,1,1,1,1,1,1,1,1,1,1,1,1,1,1,1,1
    ,1,1,1,1,1,1,1,1,1,1,1,1,1,1,1,1,1,1,1,1,4),(1.,1.006306272119,
    1.013374840337,1.021878472168,1.032180969574,1.044452099658,
    1.058755159554,1.075093119796,1.093431814394,1.113712075531,
    1.13585648416,1.159773361275,1.185359262256,1.212500620141,
    1.241074892928,1.270951425024,1.301992155141,1.334052256939,
    1.36698076855,1.400621245402,1.435038952021,1.469885112111,
    1.504935691107,1.540014560117,1.574944533616,1.609548394557,
    1.643649903707,1.677074783173,1.709651667609,1.74121301989,
    1.771596010901,1.800643365189,1.828204175673,1.854134691185,
    1.878299080448,1.900570175159,1.920830193118,1.93897144,
    1.954896985468,1.968521306216,1.979770885524,1.988584756409,
    1.994914973922,1.998727001814,2.),.UNSPECIFIED.);
#5272 = CARTESIAN_POINT('',(98.436965420659,149.55695291582,
    30.874028799033));
#5273 = CARTESIAN_POINT('',(98.440165570456,149.58971062158,
    30.869425003722));
#5274 = CARTESIAN_POINT('',(98.461629321912,149.6536794856,
    30.860434766179));
#5275 = CARTESIAN_POINT('',(98.533418119225,149.74052020389,
    30.848230099144));
#5276 = CARTESIAN_POINT('',(98.640489699248,149.81666234948,
    30.837529018446));
#5277 = CARTESIAN_POINT('',(98.782370053888,149.88554819664,
    30.827847743988));
#5278 = CARTESIAN_POINT('',(98.958845494734,149.94719101888,
    30.819184410297));
#5279 = CARTESIAN_POINT('',(99.169360507004,150.00182848752,
    30.811505614848));
#5280 = CARTESIAN_POINT('',(99.412989651167,150.04931908122,
    30.804831247169));
#5281 = CARTESIAN_POINT('',(99.68855632198,150.08962174746,
    30.799167076815));
#5282 = CARTESIAN_POINT('',(99.994689926272,150.1227293441,
    30.794514107547));
#5283 = CARTESIAN_POINT('',(100.32986642305,150.1487285406,
    30.790860158769));
#5284 = CARTESIAN_POINT('',(100.69243147572,150.16779975199,
    30.788179874802));
#5285 = CARTESIAN_POINT('',(101.08061669084,150.18022721965,
    30.786433308125));
#5286 = CARTESIAN_POINT('',(101.49255087368,150.18639920079,
    30.785565892743));
#5287 = CARTESIAN_POINT('',(101.92626833811,150.18680433726,
    30.785508954525));
#5288 = CARTESIAN_POINT('',(102.37971518474,150.18202337759,
    30.786180874588));
#5289 = CARTESIAN_POINT('',(102.85075417503,150.17271244737,
    30.787489440493));
#5290 = CARTESIAN_POINT('',(103.33716940105,150.1595967458,
    30.789332732139));
#5291 = CARTESIAN_POINT('',(103.83666908191,150.1434033057,
    30.791608571729));
#5292 = CARTESIAN_POINT('',(104.34804270539,150.1249740307,
    30.794198637419));
#5293 = CARTESIAN_POINT('',(104.86906867906,150.1046192261,
    30.797059318649));
#5294 = CARTESIAN_POINT('',(105.39708089583,150.080420528,
    30.800460223877));
#5295 = CARTESIAN_POINT('',(105.9283177772,150.05362813016,
    30.804225649834));
#5296 = CARTESIAN_POINT('',(106.4598654602,150.02469600356,
    30.808291795056));
#5297 = CARTESIAN_POINT('',(106.9890578483,149.99423115245,
    30.81257335066));
#5298 = CARTESIAN_POINT('',(107.51322724918,149.96273861542,
    30.816999338101));
#5299 = CARTESIAN_POINT('',(108.02972050258,149.93068431561,
    30.821504276153));
#5300 = CARTESIAN_POINT('',(108.53591210189,149.89847456759,
    30.826031061024));
#5301 = CARTESIAN_POINT('',(109.02921824414,149.86646251614,
    30.830530061455));
#5302 = CARTESIAN_POINT('',(109.50711057093,149.83495152666,
    30.83495864222));
#5303 = CARTESIAN_POINT('',(109.9671297654,149.80420251284,
    30.839280134287));
#5304 = CARTESIAN_POINT('',(110.40689883943,149.7744422712,
    30.843462663489));
#5305 = CARTESIAN_POINT('',(110.82413607033,149.74587240595,
    30.847477896199));
#5306 = CARTESIAN_POINT('',(111.21666754669,149.71867780135,
    30.851299848628));
#5307 = CARTESIAN_POINT('',(111.58243930454,149.69303388068,
    30.854903866645));
#5308 = CARTESIAN_POINT('',(111.9195290364,149.66911202138,
    30.858265864719));
#5309 = CARTESIAN_POINT('',(112.22615734692,149.64708272611,
    30.861361880263));
#5310 = CARTESIAN_POINT('',(112.50069850905,149.62711638923,
    30.864167965915));
#5311 = CARTESIAN_POINT('',(112.74169064791,149.60938174392,
    30.86666040777));
#5312 = CARTESIAN_POINT('',(112.94784524983,149.59404230005,
    30.868816226014));
#5313 = CARTESIAN_POINT('',(113.11805586645,149.58125126848,
    30.870613888268));
#5314 = CARTESIAN_POINT('',(113.25140586331,149.57114559878,
    30.872034147523));
#5315 = CARTESIAN_POINT('',(113.34717505184,149.56383982331,
    30.873060907306));
#5316 = CARTESIAN_POINT('',(113.40484504665,149.55942039855,
    30.873682016951));
#5317 = CARTESIAN_POINT('',(113.43053432478,149.55744718227,
    30.873959334413));
#5318 = CARTESIAN_POINT('',(113.43696542065,149.55695291582,
    30.874028799033));
#5319 = PCURVE('',#2313,#5320);
#5320 = DEFINITIONAL_REPRESENTATION('',(#5321),#5325);
#5321 = LINE('',#5322,#5323);
#5322 = CARTESIAN_POINT('',(0.,1.));
#5323 = VECTOR('',#5324,1.);
#5324 = DIRECTION('',(1.,0.));
#5325 = ( GEOMETRIC_REPRESENTATION_CONTEXT(2) 
PARAMETRIC_REPRESENTATION_CONTEXT() REPRESENTATION_CONTEXT('2D SPACE',''
  ) );
#5326 = PCURVE('',#4496,#5327);
#5327 = DEFINITIONAL_REPRESENTATION('',(#5328),#5376);
#5328 = B_SPLINE_CURVE_WITH_KNOTS('',3,(#5329,#5330,#5331,#5332,#5333,
    #5334,#5335,#5336,#5337,#5338,#5339,#5340,#5341,#5342,#5343,#5344,
    #5345,#5346,#5347,#5348,#5349,#5350,#5351,#5352,#5353,#5354,#5355,
    #5356,#5357,#5358,#5359,#5360,#5361,#5362,#5363,#5364,#5365,#5366,
    #5367,#5368,#5369,#5370,#5371,#5372,#5373,#5374,#5375),
  .UNSPECIFIED.,.F.,.F.,(4,1,1,1,1,1,1,1,1,1,1,1,1,1,1,1,1,1,1,1,1,1,1,1
    ,1,1,1,1,1,1,1,1,1,1,1,1,1,1,1,1,1,1,1,1,4),(1.,1.006306272119,
    1.013374840337,1.021878472168,1.032180969574,1.044452099658,
    1.058755159554,1.075093119796,1.093431814394,1.113712075531,
    1.13585648416,1.159773361275,1.185359262256,1.212500620141,
    1.241074892928,1.270951425024,1.301992155141,1.334052256939,
    1.36698076855,1.400621245402,1.435038952021,1.469885112111,
    1.504935691107,1.540014560117,1.574944533616,1.609548394557,
    1.643649903707,1.677074783173,1.709651667609,1.74121301989,
    1.771596010901,1.800643365189,1.828204175673,1.854134691185,
    1.878299080448,1.900570175159,1.920830193118,1.93897144,
    1.954896985468,1.968521306216,1.979770885524,1.988584756409,
    1.994914973922,1.998727001814,2.),.UNSPECIFIED.);
#5329 = CARTESIAN_POINT('',(15.,0.));
#5330 = CARTESIAN_POINT('',(14.996799850203,-3.307963448734E-02));
#5331 = CARTESIAN_POINT('',(14.975336098747,-9.767715715202E-02));
#5332 = CARTESIAN_POINT('',(14.903547301434,-0.185371308899));
#5333 = CARTESIAN_POINT('',(14.796475721411,-0.262261746952));
#5334 = CARTESIAN_POINT('',(14.654595366771,-0.331824574767));
#5335 = CARTESIAN_POINT('',(14.478119925925,-0.394073196313));
#5336 = CARTESIAN_POINT('',(14.267604913656,-0.44924761864));
#5337 = CARTESIAN_POINT('',(14.023975769492,-0.497204929593));
#5338 = CARTESIAN_POINT('',(13.748409098679,-0.537903673203));
#5339 = CARTESIAN_POINT('',(13.442275494387,-0.571336637158));
#5340 = CARTESIAN_POINT('',(13.107098997602,-0.597591342649));
#5341 = CARTESIAN_POINT('',(12.744533944931,-0.616849977748));
#5342 = CARTESIAN_POINT('',(12.356348729817,-0.629399577242));
#5343 = CARTESIAN_POINT('',(11.944414546973,-0.635632213979));
#5344 = CARTESIAN_POINT('',(11.510697082542,-0.636041331959));
#5345 = CARTESIAN_POINT('',(11.057250235919,-0.63121338706));
#5346 = CARTESIAN_POINT('',(10.586211245621,-0.621810952998));
#5347 = CARTESIAN_POINT('',(10.099796019603,-0.608566355919));
#5348 = CARTESIAN_POINT('',(9.60029633874,-0.592213773607));
#5349 = CARTESIAN_POINT('',(9.088922715266,-0.573603383577));
#5350 = CARTESIAN_POINT('',(8.567896741596,-0.553048540653));
#5351 = CARTESIAN_POINT('',(8.039884524826,-0.528612028101));
#5352 = CARTESIAN_POINT('',(7.508647643457,-0.501556326026));
#5353 = CARTESIAN_POINT('',(6.977099960455,-0.472339866851));
#5354 = CARTESIAN_POINT('',(6.447907572354,-0.441575620207));
#5355 = CARTESIAN_POINT('',(5.923738171477,-0.409773587991));
#5356 = CARTESIAN_POINT('',(5.40724491807,-0.377404272217));
#5357 = CARTESIAN_POINT('',(4.901053318767,-0.344877980568));
#5358 = CARTESIAN_POINT('',(4.40774717651,-0.312551328362));
#5359 = CARTESIAN_POINT('',(3.929854849723,-0.280730662346));
#5360 = CARTESIAN_POINT('',(3.469835655258,-0.249679460366));
#5361 = CARTESIAN_POINT('',(3.030066581224,-0.219626747792));
#5362 = CARTESIAN_POINT('',(2.612829350322,-0.190776110116));
#5363 = CARTESIAN_POINT('',(2.220297873967,-0.163314248572));
#5364 = CARTESIAN_POINT('',(1.854526116118,-0.137418310404));
#5365 = CARTESIAN_POINT('',(1.517436384255,-0.113261357296));
#5366 = CARTESIAN_POINT('',(1.210808073737,-9.101556753518E-02));
#5367 = CARTESIAN_POINT('',(0.93626691161,-7.085301002951E-02));
#5368 = CARTESIAN_POINT('',(0.695274772742,-5.294407620531E-02));
#5369 = CARTESIAN_POINT('',(0.48912017082,-3.745388284321E-02));
#5370 = CARTESIAN_POINT('',(0.3189095542,-2.453714648297E-02));
#5371 = CARTESIAN_POINT('',(0.185559557341,-1.433216257684E-02));
#5372 = CARTESIAN_POINT('',(8.979036881723E-02,-6.954589067874E-03));
#5373 = CARTESIAN_POINT('',(3.212037400273E-02,-2.491732092636E-03));
#5374 = CARTESIAN_POINT('',(6.4310958779E-03,-4.991238877494E-04));
#5375 = CARTESIAN_POINT('',(0.,0.));
#5376 = ( GEOMETRIC_REPRESENTATION_CONTEXT(2) 
PARAMETRIC_REPRESENTATION_CONTEXT() REPRESENTATION_CONTEXT('2D SPACE',''
  ) );
#5377 = ADVANCED_FACE('',(#5378),#4496,.T.);
#5378 = FACE_BOUND('',#5379,.F.);
#5379 = EDGE_LOOP('',(#5380,#5381));
#5380 = ORIENTED_EDGE('',*,*,#4436,.T.);
#5381 = ORIENTED_EDGE('',*,*,#5269,.T.);
#5382 = ADVANCED_FACE('',(#5383),#4797,.F.);
#5383 = FACE_BOUND('',#5384,.F.);
#5384 = EDGE_LOOP('',(#5385,#5408,#5436,#5464,#5485,#5486));
#5385 = ORIENTED_EDGE('',*,*,#5386,.F.);
#5386 = EDGE_CURVE('',#5387,#4757,#5389,.T.);
#5387 = VERTEX_POINT('',#5388);
#5388 = CARTESIAN_POINT('',(16.,-16.,3.));
#5389 = SURFACE_CURVE('',#5390,(#5394,#5401),.PCURVE_S1.);
#5390 = LINE('',#5391,#5392);
#5391 = CARTESIAN_POINT('',(16.,-16.,3.));
#5392 = VECTOR('',#5393,1.);
#5393 = DIRECTION('',(-0.,1.,0.));
#5394 = PCURVE('',#4797,#5395);
#5395 = DEFINITIONAL_REPRESENTATION('',(#5396),#5400);
#5396 = LINE('',#5397,#5398);
#5397 = CARTESIAN_POINT('',(6.,0.));
#5398 = VECTOR('',#5399,1.);
#5399 = DIRECTION('',(0.,-1.));
#5400 = ( GEOMETRIC_REPRESENTATION_CONTEXT(2) 
PARAMETRIC_REPRESENTATION_CONTEXT() REPRESENTATION_CONTEXT('2D SPACE',''
  ) );
#5401 = PCURVE('',#4771,#5402);
#5402 = DEFINITIONAL_REPRESENTATION('',(#5403),#5407);
#5403 = LINE('',#5404,#5405);
#5404 = CARTESIAN_POINT('',(0.,0.));
#5405 = VECTOR('',#5406,1.);
#5406 = DIRECTION('',(0.,1.));
#5407 = ( GEOMETRIC_REPRESENTATION_CONTEXT(2) 
PARAMETRIC_REPRESENTATION_CONTEXT() REPRESENTATION_CONTEXT('2D SPACE',''
  ) );
#5408 = ORIENTED_EDGE('',*,*,#5409,.F.);
#5409 = EDGE_CURVE('',#5410,#5387,#5412,.T.);
#5410 = VERTEX_POINT('',#5411);
#5411 = CARTESIAN_POINT('',(16.,-16.,-3.));
#5412 = SURFACE_CURVE('',#5413,(#5417,#5424),.PCURVE_S1.);
#5413 = LINE('',#5414,#5415);
#5414 = CARTESIAN_POINT('',(16.,-16.,-3.));
#5415 = VECTOR('',#5416,1.);
#5416 = DIRECTION('',(0.,0.,1.));
#5417 = PCURVE('',#4797,#5418);
#5418 = DEFINITIONAL_REPRESENTATION('',(#5419),#5423);
#5419 = LINE('',#5420,#5421);
#5420 = CARTESIAN_POINT('',(0.,0.));
#5421 = VECTOR('',#5422,1.);
#5422 = DIRECTION('',(1.,0.));
#5423 = ( GEOMETRIC_REPRESENTATION_CONTEXT(2) 
PARAMETRIC_REPRESENTATION_CONTEXT() REPRESENTATION_CONTEXT('2D SPACE',''
  ) );
#5424 = PCURVE('',#5425,#5430);
#5425 = PLANE('',#5426);
#5426 = AXIS2_PLACEMENT_3D('',#5427,#5428,#5429);
#5427 = CARTESIAN_POINT('',(16.,-16.,-3.));
#5428 = DIRECTION('',(-0.,1.,0.));
#5429 = DIRECTION('',(0.,0.,1.));
#5430 = DEFINITIONAL_REPRESENTATION('',(#5431),#5435);
#5431 = LINE('',#5432,#5433);
#5432 = CARTESIAN_POINT('',(0.,0.));
#5433 = VECTOR('',#5434,1.);
#5434 = DIRECTION('',(1.,0.));
#5435 = ( GEOMETRIC_REPRESENTATION_CONTEXT(2) 
PARAMETRIC_REPRESENTATION_CONTEXT() REPRESENTATION_CONTEXT('2D SPACE',''
  ) );
#5436 = ORIENTED_EDGE('',*,*,#5437,.T.);
#5437 = EDGE_CURVE('',#5410,#5438,#5440,.T.);
#5438 = VERTEX_POINT('',#5439);
#5439 = CARTESIAN_POINT('',(16.,0.6,-3.));
#5440 = SURFACE_CURVE('',#5441,(#5445,#5452),.PCURVE_S1.);
#5441 = LINE('',#5442,#5443);
#5442 = CARTESIAN_POINT('',(16.,-16.,-3.));
#5443 = VECTOR('',#5444,1.);
#5444 = DIRECTION('',(-0.,1.,0.));
#5445 = PCURVE('',#4797,#5446);
#5446 = DEFINITIONAL_REPRESENTATION('',(#5447),#5451);
#5447 = LINE('',#5448,#5449);
#5448 = CARTESIAN_POINT('',(0.,0.));
#5449 = VECTOR('',#5450,1.);
#5450 = DIRECTION('',(0.,-1.));
#5451 = ( GEOMETRIC_REPRESENTATION_CONTEXT(2) 
PARAMETRIC_REPRESENTATION_CONTEXT() REPRESENTATION_CONTEXT('2D SPACE',''
  ) );
#5452 = PCURVE('',#5453,#5458);
#5453 = PLANE('',#5454);
#5454 = AXIS2_PLACEMENT_3D('',#5455,#5456,#5457);
#5455 = CARTESIAN_POINT('',(16.,-16.,-3.));
#5456 = DIRECTION('',(0.,0.,1.));
#5457 = DIRECTION('',(1.,0.,-0.));
#5458 = DEFINITIONAL_REPRESENTATION('',(#5459),#5463);
#5459 = LINE('',#5460,#5461);
#5460 = CARTESIAN_POINT('',(0.,0.));
#5461 = VECTOR('',#5462,1.);
#5462 = DIRECTION('',(0.,1.));
#5463 = ( GEOMETRIC_REPRESENTATION_CONTEXT(2) 
PARAMETRIC_REPRESENTATION_CONTEXT() REPRESENTATION_CONTEXT('2D SPACE',''
  ) );
#5464 = ORIENTED_EDGE('',*,*,#5465,.T.);
#5465 = EDGE_CURVE('',#5438,#4923,#5466,.T.);
#5466 = SURFACE_CURVE('',#5467,(#5471,#5478),.PCURVE_S1.);
#5467 = LINE('',#5468,#5469);
#5468 = CARTESIAN_POINT('',(16.,0.6,-3.));
#5469 = VECTOR('',#5470,1.);
#5470 = DIRECTION('',(0.,0.,1.));
#5471 = PCURVE('',#4797,#5472);
#5472 = DEFINITIONAL_REPRESENTATION('',(#5473),#5477);
#5473 = LINE('',#5474,#5475);
#5474 = CARTESIAN_POINT('',(0.,-16.6));
#5475 = VECTOR('',#5476,1.);
#5476 = DIRECTION('',(1.,0.));
#5477 = ( GEOMETRIC_REPRESENTATION_CONTEXT(2) 
PARAMETRIC_REPRESENTATION_CONTEXT() REPRESENTATION_CONTEXT('2D SPACE',''
  ) );
#5478 = PCURVE('',#5139,#5479);
#5479 = DEFINITIONAL_REPRESENTATION('',(#5480),#5484);
#5480 = LINE('',#5481,#5482);
#5481 = CARTESIAN_POINT('',(0.,0.));
#5482 = VECTOR('',#5483,1.);
#5483 = DIRECTION('',(1.,0.));
#5484 = ( GEOMETRIC_REPRESENTATION_CONTEXT(2) 
PARAMETRIC_REPRESENTATION_CONTEXT() REPRESENTATION_CONTEXT('2D SPACE',''
  ) );
#5485 = ORIENTED_EDGE('',*,*,#4922,.F.);
#5486 = ORIENTED_EDGE('',*,*,#4782,.F.);
#5487 = ADVANCED_FACE('',(#5488),#4771,.T.);
#5488 = FACE_BOUND('',#5489,.T.);
#5489 = EDGE_LOOP('',(#5490,#5491,#5514,#5535));
#5490 = ORIENTED_EDGE('',*,*,#5386,.F.);
#5491 = ORIENTED_EDGE('',*,*,#5492,.T.);
#5492 = EDGE_CURVE('',#5387,#5493,#5495,.T.);
#5493 = VERTEX_POINT('',#5494);
#5494 = CARTESIAN_POINT('',(46.,-16.,3.));
#5495 = SURFACE_CURVE('',#5496,(#5500,#5507),.PCURVE_S1.);
#5496 = LINE('',#5497,#5498);
#5497 = CARTESIAN_POINT('',(16.,-16.,3.));
#5498 = VECTOR('',#5499,1.);
#5499 = DIRECTION('',(1.,0.,-0.));
#5500 = PCURVE('',#4771,#5501);
#5501 = DEFINITIONAL_REPRESENTATION('',(#5502),#5506);
#5502 = LINE('',#5503,#5504);
#5503 = CARTESIAN_POINT('',(0.,0.));
#5504 = VECTOR('',#5505,1.);
#5505 = DIRECTION('',(1.,0.));
#5506 = ( GEOMETRIC_REPRESENTATION_CONTEXT(2) 
PARAMETRIC_REPRESENTATION_CONTEXT() REPRESENTATION_CONTEXT('2D SPACE',''
  ) );
#5507 = PCURVE('',#5425,#5508);
#5508 = DEFINITIONAL_REPRESENTATION('',(#5509),#5513);
#5509 = LINE('',#5510,#5511);
#5510 = CARTESIAN_POINT('',(6.,0.));
#5511 = VECTOR('',#5512,1.);
#5512 = DIRECTION('',(0.,1.));
#5513 = ( GEOMETRIC_REPRESENTATION_CONTEXT(2) 
PARAMETRIC_REPRESENTATION_CONTEXT() REPRESENTATION_CONTEXT('2D SPACE',''
  ) );
#5514 = ORIENTED_EDGE('',*,*,#5515,.T.);
#5515 = EDGE_CURVE('',#5493,#4731,#5516,.T.);
#5516 = SURFACE_CURVE('',#5517,(#5521,#5528),.PCURVE_S1.);
#5517 = LINE('',#5518,#5519);
#5518 = CARTESIAN_POINT('',(46.,-16.,3.));
#5519 = VECTOR('',#5520,1.);
#5520 = DIRECTION('',(-0.,1.,0.));
#5521 = PCURVE('',#4771,#5522);
#5522 = DEFINITIONAL_REPRESENTATION('',(#5523),#5527);
#5523 = LINE('',#5524,#5525);
#5524 = CARTESIAN_POINT('',(30.,0.));
#5525 = VECTOR('',#5526,1.);
#5526 = DIRECTION('',(0.,1.));
#5527 = ( GEOMETRIC_REPRESENTATION_CONTEXT(2) 
PARAMETRIC_REPRESENTATION_CONTEXT() REPRESENTATION_CONTEXT('2D SPACE',''
  ) );
#5528 = PCURVE('',#4745,#5529);
#5529 = DEFINITIONAL_REPRESENTATION('',(#5530),#5534);
#5530 = LINE('',#5531,#5532);
#5531 = CARTESIAN_POINT('',(6.,0.));
#5532 = VECTOR('',#5533,1.);
#5533 = DIRECTION('',(0.,-1.));
#5534 = ( GEOMETRIC_REPRESENTATION_CONTEXT(2) 
PARAMETRIC_REPRESENTATION_CONTEXT() REPRESENTATION_CONTEXT('2D SPACE',''
  ) );
#5535 = ORIENTED_EDGE('',*,*,#4756,.F.);
#5536 = ADVANCED_FACE('',(#5537),#4745,.T.);
#5537 = FACE_BOUND('',#5538,.T.);
#5538 = EDGE_LOOP('',(#5539,#5540,#5563,#5586,#5607,#5608));
#5539 = ORIENTED_EDGE('',*,*,#5515,.F.);
#5540 = ORIENTED_EDGE('',*,*,#5541,.F.);
#5541 = EDGE_CURVE('',#5542,#5493,#5544,.T.);
#5542 = VERTEX_POINT('',#5543);
#5543 = CARTESIAN_POINT('',(46.,-16.,-3.));
#5544 = SURFACE_CURVE('',#5545,(#5549,#5556),.PCURVE_S1.);
#5545 = LINE('',#5546,#5547);
#5546 = CARTESIAN_POINT('',(46.,-16.,-3.));
#5547 = VECTOR('',#5548,1.);
#5548 = DIRECTION('',(0.,0.,1.));
#5549 = PCURVE('',#4745,#5550);
#5550 = DEFINITIONAL_REPRESENTATION('',(#5551),#5555);
#5551 = LINE('',#5552,#5553);
#5552 = CARTESIAN_POINT('',(0.,0.));
#5553 = VECTOR('',#5554,1.);
#5554 = DIRECTION('',(1.,0.));
#5555 = ( GEOMETRIC_REPRESENTATION_CONTEXT(2) 
PARAMETRIC_REPRESENTATION_CONTEXT() REPRESENTATION_CONTEXT('2D SPACE',''
  ) );
#5556 = PCURVE('',#5425,#5557);
#5557 = DEFINITIONAL_REPRESENTATION('',(#5558),#5562);
#5558 = LINE('',#5559,#5560);
#5559 = CARTESIAN_POINT('',(0.,30.));
#5560 = VECTOR('',#5561,1.);
#5561 = DIRECTION('',(1.,0.));
#5562 = ( GEOMETRIC_REPRESENTATION_CONTEXT(2) 
PARAMETRIC_REPRESENTATION_CONTEXT() REPRESENTATION_CONTEXT('2D SPACE',''
  ) );
#5563 = ORIENTED_EDGE('',*,*,#5564,.T.);
#5564 = EDGE_CURVE('',#5542,#5565,#5567,.T.);
#5565 = VERTEX_POINT('',#5566);
#5566 = CARTESIAN_POINT('',(46.,0.6,-3.));
#5567 = SURFACE_CURVE('',#5568,(#5572,#5579),.PCURVE_S1.);
#5568 = LINE('',#5569,#5570);
#5569 = CARTESIAN_POINT('',(46.,-16.,-3.));
#5570 = VECTOR('',#5571,1.);
#5571 = DIRECTION('',(-0.,1.,0.));
#5572 = PCURVE('',#4745,#5573);
#5573 = DEFINITIONAL_REPRESENTATION('',(#5574),#5578);
#5574 = LINE('',#5575,#5576);
#5575 = CARTESIAN_POINT('',(0.,0.));
#5576 = VECTOR('',#5577,1.);
#5577 = DIRECTION('',(0.,-1.));
#5578 = ( GEOMETRIC_REPRESENTATION_CONTEXT(2) 
PARAMETRIC_REPRESENTATION_CONTEXT() REPRESENTATION_CONTEXT('2D SPACE',''
  ) );
#5579 = PCURVE('',#5453,#5580);
#5580 = DEFINITIONAL_REPRESENTATION('',(#5581),#5585);
#5581 = LINE('',#5582,#5583);
#5582 = CARTESIAN_POINT('',(30.,0.));
#5583 = VECTOR('',#5584,1.);
#5584 = DIRECTION('',(0.,1.));
#5585 = ( GEOMETRIC_REPRESENTATION_CONTEXT(2) 
PARAMETRIC_REPRESENTATION_CONTEXT() REPRESENTATION_CONTEXT('2D SPACE',''
  ) );
#5586 = ORIENTED_EDGE('',*,*,#5587,.T.);
#5587 = EDGE_CURVE('',#5565,#4958,#5588,.T.);
#5588 = SURFACE_CURVE('',#5589,(#5593,#5600),.PCURVE_S1.);
#5589 = LINE('',#5590,#5591);
#5590 = CARTESIAN_POINT('',(46.,0.6,-3.));
#5591 = VECTOR('',#5592,1.);
#5592 = DIRECTION('',(0.,0.,1.));
#5593 = PCURVE('',#4745,#5594);
#5594 = DEFINITIONAL_REPRESENTATION('',(#5595),#5599);
#5595 = LINE('',#5596,#5597);
#5596 = CARTESIAN_POINT('',(0.,-16.6));
#5597 = VECTOR('',#5598,1.);
#5598 = DIRECTION('',(1.,0.));
#5599 = ( GEOMETRIC_REPRESENTATION_CONTEXT(2) 
PARAMETRIC_REPRESENTATION_CONTEXT() REPRESENTATION_CONTEXT('2D SPACE',''
  ) );
#5600 = PCURVE('',#5139,#5601);
#5601 = DEFINITIONAL_REPRESENTATION('',(#5602),#5606);
#5602 = LINE('',#5603,#5604);
#5603 = CARTESIAN_POINT('',(0.,30.));
#5604 = VECTOR('',#5605,1.);
#5605 = DIRECTION('',(1.,0.));
#5606 = ( GEOMETRIC_REPRESENTATION_CONTEXT(2) 
PARAMETRIC_REPRESENTATION_CONTEXT() REPRESENTATION_CONTEXT('2D SPACE',''
  ) );
#5607 = ORIENTED_EDGE('',*,*,#5234,.F.);
#5608 = ORIENTED_EDGE('',*,*,#4730,.F.);
#5609 = ADVANCED_FACE('',(#5610),#5139,.T.);
#5610 = FACE_BOUND('',#5611,.T.);
#5611 = EDGE_LOOP('',(#5612,#5613,#5634,#5635));
#5612 = ORIENTED_EDGE('',*,*,#5587,.F.);
#5613 = ORIENTED_EDGE('',*,*,#5614,.F.);
#5614 = EDGE_CURVE('',#5438,#5565,#5615,.T.);
#5615 = SURFACE_CURVE('',#5616,(#5620,#5627),.PCURVE_S1.);
#5616 = LINE('',#5617,#5618);
#5617 = CARTESIAN_POINT('',(16.,0.6,-3.));
#5618 = VECTOR('',#5619,1.);
#5619 = DIRECTION('',(1.,0.,-0.));
#5620 = PCURVE('',#5139,#5621);
#5621 = DEFINITIONAL_REPRESENTATION('',(#5622),#5626);
#5622 = LINE('',#5623,#5624);
#5623 = CARTESIAN_POINT('',(0.,0.));
#5624 = VECTOR('',#5625,1.);
#5625 = DIRECTION('',(0.,1.));
#5626 = ( GEOMETRIC_REPRESENTATION_CONTEXT(2) 
PARAMETRIC_REPRESENTATION_CONTEXT() REPRESENTATION_CONTEXT('2D SPACE',''
  ) );
#5627 = PCURVE('',#5453,#5628);
#5628 = DEFINITIONAL_REPRESENTATION('',(#5629),#5633);
#5629 = LINE('',#5630,#5631);
#5630 = CARTESIAN_POINT('',(0.,16.6));
#5631 = VECTOR('',#5632,1.);
#5632 = DIRECTION('',(1.,0.));
#5633 = ( GEOMETRIC_REPRESENTATION_CONTEXT(2) 
PARAMETRIC_REPRESENTATION_CONTEXT() REPRESENTATION_CONTEXT('2D SPACE',''
  ) );
#5634 = ORIENTED_EDGE('',*,*,#5465,.T.);
#5635 = ORIENTED_EDGE('',*,*,#4957,.F.);
#5636 = ADVANCED_FACE('',(#5637),#5453,.F.);
#5637 = FACE_BOUND('',#5638,.F.);
#5638 = EDGE_LOOP('',(#5639,#5640,#5661,#5662));
#5639 = ORIENTED_EDGE('',*,*,#5437,.F.);
#5640 = ORIENTED_EDGE('',*,*,#5641,.T.);
#5641 = EDGE_CURVE('',#5410,#5542,#5642,.T.);
#5642 = SURFACE_CURVE('',#5643,(#5647,#5654),.PCURVE_S1.);
#5643 = LINE('',#5644,#5645);
#5644 = CARTESIAN_POINT('',(16.,-16.,-3.));
#5645 = VECTOR('',#5646,1.);
#5646 = DIRECTION('',(1.,0.,-0.));
#5647 = PCURVE('',#5453,#5648);
#5648 = DEFINITIONAL_REPRESENTATION('',(#5649),#5653);
#5649 = LINE('',#5650,#5651);
#5650 = CARTESIAN_POINT('',(0.,0.));
#5651 = VECTOR('',#5652,1.);
#5652 = DIRECTION('',(1.,0.));
#5653 = ( GEOMETRIC_REPRESENTATION_CONTEXT(2) 
PARAMETRIC_REPRESENTATION_CONTEXT() REPRESENTATION_CONTEXT('2D SPACE',''
  ) );
#5654 = PCURVE('',#5425,#5655);
#5655 = DEFINITIONAL_REPRESENTATION('',(#5656),#5660);
#5656 = LINE('',#5657,#5658);
#5657 = CARTESIAN_POINT('',(0.,0.));
#5658 = VECTOR('',#5659,1.);
#5659 = DIRECTION('',(0.,1.));
#5660 = ( GEOMETRIC_REPRESENTATION_CONTEXT(2) 
PARAMETRIC_REPRESENTATION_CONTEXT() REPRESENTATION_CONTEXT('2D SPACE',''
  ) );
#5661 = ORIENTED_EDGE('',*,*,#5564,.T.);
#5662 = ORIENTED_EDGE('',*,*,#5614,.F.);
#5663 = ADVANCED_FACE('',(#5664),#5425,.F.);
#5664 = FACE_BOUND('',#5665,.F.);
#5665 = EDGE_LOOP('',(#5666,#5667,#5668,#5669));
#5666 = ORIENTED_EDGE('',*,*,#5641,.F.);
#5667 = ORIENTED_EDGE('',*,*,#5409,.T.);
#5668 = ORIENTED_EDGE('',*,*,#5492,.T.);
#5669 = ORIENTED_EDGE('',*,*,#5541,.F.);
#5670 = ( GEOMETRIC_REPRESENTATION_CONTEXT(3) 
GLOBAL_UNCERTAINTY_ASSIGNED_CONTEXT((#5674)) 
GLOBAL_UNIT_ASSIGNED_CONTEXT((#5671,#5672,#5673)) REPRESENTATION_CONTEXT
('Context #1','3D Context with UNIT and UNCERTAINTY') );
#5671 = ( LENGTH_UNIT() NAMED_UNIT(*) SI_UNIT(.MILLI.,.METRE.) );
#5672 = ( NAMED_UNIT(*) PLANE_ANGLE_UNIT() SI_UNIT($,.RADIAN.) );
#5673 = ( NAMED_UNIT(*) SI_UNIT($,.STERADIAN.) SOLID_ANGLE_UNIT() );
#5674 = UNCERTAINTY_MEASURE_WITH_UNIT(LENGTH_MEASURE(1.E-06),#5671,
  'distance_accuracy_value','confusion accuracy');
#5675 = PRODUCT_RELATED_PRODUCT_CATEGORY('part',$,(#7));
ENDSEC;
END-ISO-10303-21;
